[LOG 17:59:24.197] ******* Log Initiated for Kerbal Space Program - 1.12.5.3190 (WindowsPlayer x64) fr-fr *******
Kerbal Space Program - 1.12.5.3190 (WindowsPlayer x64) fr-fr


OS: Windows 10  (10.0.0) 64bit
CPU: Intel(R) Core(TM) i7-4790K CPU @ 4.00GHz (8)
RAM: 32687
GPU: NVIDIA GeForce GTX 1060 6GB (6029MB)
SM: 50 (Direct3D 11.0 [level 11.1])
RT Formats: ARGB32, Depth, ARGBHalf, Shadowmap, RGB565, ARGB4444, ARGB1555, Default, ARGB2101010, DefaultHDR, ARGB64, ARGBFloat, RGFloat, RGHalf, RFloat, RHalf, R8, ARGBInt, RGInt, RInt, BGRA32, RGB111110Float, RG32, RGBAUShort, RG16, BGRA10101010_XR, BGR101010_XR, R16


Log started: Fri, Sep 25, 2026 17:59:24


[LOG 17:59:24.217] ActionCanvas MASK: 3458764513820540928
[LOG 17:59:24.218] AppCanvas MASK: 3458764513820540928
[LOG 17:59:24.221] MainCanvas MASK: 3458764513820540928
[LOG 17:59:25.567] Load(Assembly): /ModuleManager.4.2.3
[LOG 17:59:25.568] AssemblyLoader: Loading assembly at D:\KSP-RSS-Dev\GameData\ModuleManager.4.2.3.dll
[LOG 17:59:25.591] AssemblyLoader: KSPAssembly 'ModuleManager' V2.5.0
[LOG 17:59:25.591] Load(Assembly): 000_Harmony/0Harmony
[LOG 17:59:25.591] AssemblyLoader: Loading assembly at D:\KSP-RSS-Dev\GameData\000_Harmony\0Harmony.dll
[LOG 17:59:25.595] Load(Assembly): 000_Harmony/HarmonyInstallChecker
[LOG 17:59:25.595] AssemblyLoader: Loading assembly at D:\KSP-RSS-Dev\GameData\000_Harmony\HarmonyInstallChecker.dll
[LOG 17:59:25.596] AssemblyLoader: KSPAssembly 'HarmonyKSP' V1.0.0
[LOG 17:59:25.597] Load(Assembly): Kopernicus/Plugins/Kopernicus
[LOG 17:59:25.597] AssemblyLoader: Loading assembly at D:\KSP-RSS-Dev\GameData\Kopernicus\Plugins\Kopernicus.dll
[LOG 17:59:25.608] AssemblyLoader: KSPAssembly 'Kopernicus' V1.0.248
[LOG 17:59:25.608] AssemblyLoader: KSPAssemblyDependency 'Kopernicus.Parser' V1.0.0
[LOG 17:59:25.608] AssemblyLoader: KSPAssemblyDependency 'ModularFlightIntegrator' V1.0.0
[LOG 17:59:25.608] AssemblyLoader: KSPAssemblyDependency '0Harmony' V0.0.0
[LOG 17:59:25.608] AssemblyLoader: KSPAssemblyDependency 'KSPTextureLoader' V1.0.26
[LOG 17:59:25.608] Load(Assembly): Kopernicus/Plugins/Kopernicus.Parser
[LOG 17:59:25.608] AssemblyLoader: Loading assembly at D:\KSP-RSS-Dev\GameData\Kopernicus\Plugins\Kopernicus.Parser.dll
[LOG 17:59:25.609] AssemblyLoader: KSPAssembly 'Kopernicus.Parser' V1.0.0
[LOG 17:59:25.609] Load(Assembly): KSPCommunityFixes/Plugins/0_MultipleModuleInPartAPI
[LOG 17:59:25.609] AssemblyLoader: Loading assembly at D:\KSP-RSS-Dev\GameData\KSPCommunityFixes\Plugins\0_MultipleModuleInPartAPI.dll
[LOG 17:59:25.610] AssemblyLoader: KSPAssembly 'MultipleModulePartAPI' V1.0.0
[LOG 17:59:25.610] Load(Assembly): KSPCommunityFixes/Plugins/KSPCommunityFixes
[LOG 17:59:25.610] AssemblyLoader: Loading assembly at D:\KSP-RSS-Dev\GameData\KSPCommunityFixes\Plugins\KSPCommunityFixes.dll
[LOG 17:59:25.613] AssemblyLoader: KSPAssembly 'KSPCommunityFixes' V1.41.1
[LOG 17:59:25.613] AssemblyLoader: KSPAssemblyDependency 'HarmonyKSP' V1.0.0
[LOG 17:59:25.613] AssemblyLoader: KSPAssemblyDependency 'ModuleManager' V1.0.0
[LOG 17:59:25.613] AssemblyLoader: KSPAssemblyDependency 'MultipleModulePartAPI' V1.0.0
[LOG 17:59:25.613] Load(Assembly): KSPTextureLoader/Plugins/KSPTextureLoader.Burst
[LOG 17:59:25.613] AssemblyLoader: Loading assembly at D:\KSP-RSS-Dev\GameData\KSPTextureLoader\Plugins\KSPTextureLoader.Burst.dll
[LOG 17:59:25.620] Load(Assembly): KSPTextureLoader/Plugins/KSPTextureLoader
[LOG 17:59:25.620] AssemblyLoader: Loading assembly at D:\KSP-RSS-Dev\GameData\KSPTextureLoader\Plugins\KSPTextureLoader.dll
[LOG 17:59:25.624] AssemblyLoader: KSPAssemblyDependency 'SharpDX' V0.0.0
[LOG 17:59:25.624] AssemblyLoader: KSPAssemblyDependency 'SharpDX.DXGI' V0.0.0
[LOG 17:59:25.624] AssemblyLoader: KSPAssemblyDependency 'SharpDX.Direct3D11' V0.0.0
[LOG 17:59:25.624] AssemblyLoader: KSPAssembly 'KSPTextureLoader' V1.0.36
[LOG 17:59:25.624] Load(Assembly): KSPTextureLoader/Plugins/SharpDX.Direct3D11
[LOG 17:59:25.625] AssemblyLoader: Loading assembly at D:\KSP-RSS-Dev\GameData\KSPTextureLoader\Plugins\SharpDX.Direct3D11.dll
[LOG 17:59:25.628] Load(Assembly): KSPTextureLoader/Plugins/SharpDX
[LOG 17:59:25.628] AssemblyLoader: Loading assembly at D:\KSP-RSS-Dev\GameData\KSPTextureLoader\Plugins\SharpDX.dll
[LOG 17:59:25.631] Load(Assembly): KSPTextureLoader/Plugins/SharpDX.DXGI
[LOG 17:59:25.631] AssemblyLoader: Loading assembly at D:\KSP-RSS-Dev\GameData\KSPTextureLoader\Plugins\SharpDX.DXGI.dll
[LOG 17:59:25.634] Load(Assembly): ModularFlightIntegrator/ModularFlightIntegrator
[LOG 17:59:25.634] AssemblyLoader: Loading assembly at D:\KSP-RSS-Dev\GameData\ModularFlightIntegrator\ModularFlightIntegrator.dll
[LOG 17:59:25.635] AssemblyLoader: KSPAssembly 'ModularFlightIntegrator' V1.0.0
[LOG 17:59:25.635] Load(Assembly): RealSolarSystem/Plugins/RealSolarSystem
[LOG 17:59:25.635] AssemblyLoader: Loading assembly at D:\KSP-RSS-Dev\GameData\RealSolarSystem\Plugins\RealSolarSystem.dll
[LOG 17:59:25.637] AssemblyLoader: KSPAssemblyDependency 'Kopernicus' V1.0.0
[LOG 17:59:25.637] AssemblyLoader: KSPAssemblyDependency 'Kopernicus.Parser' V1.0.0
[LOG 17:59:25.638] Load(Assembly): TerrainPrecisionFixDiag2Mod/TerrainPrecisionFixDiag2Mod
[LOG 17:59:25.638] AssemblyLoader: Loading assembly at D:\KSP-RSS-Dev\GameData\TerrainPrecisionFixDiag2Mod\TerrainPrecisionFixDiag2Mod.dll
[LOG 17:59:25.639] Load(Assembly): TerrainPrecisionFixDiagMod/TerrainPrecisionFixDiagMod
[LOG 17:59:25.639] AssemblyLoader: Loading assembly at D:\KSP-RSS-Dev\GameData\TerrainPrecisionFixDiagMod\TerrainPrecisionFixDiagMod.dll
[LOG 17:59:25.641] AssemblyLoader: Loading assemblies
[LOG 17:59:25.766] VesselModules: Found VesselModule of type AxisGroupsModule with order 999
[LOG 17:59:25.811] VesselModules: Found VesselModule of type CometVessel with order 999
[LOG 17:59:25.813] VesselModules: Found VesselModule of type SuspensionLoadBalancer with order 999
[LOG 17:59:25.814] VesselModules: Found VesselModule of type FlightIntegrator with order 0
[LOG 17:59:25.817] VesselModules: Found VesselModule of type CommNetVessel with order 999
[LOG 17:59:25.823] VesselModules: Found VesselModule of type ModularFlightIntegrator with order 0
[LOG 17:59:25.826] VesselModules: Found 6 VesselModule types
[LOG 17:59:25.837] 
************************************************************************

Environment Info
Win32NT 7FFFFFFFFFFFFFFF  Args: KSP_x64.exe 

Mod DLLs found:
Stock assembly: Assembly-CSharp v0.0.0.0
ModuleManager v4.2.3.0
0Harmony v2.2.1.0
HarmonyInstallChecker v2.2.1.0
Kopernicus.Parser v1.0.0.0 / v1.0.0.0+7b0dc7978641bd95510e13ea62c1f2d3fd3fe047
ModularFlightIntegrator v1.0.0.0 / v1.2.10.0
SharpDX v4.2.0.0 / v4.2.0+8e5df9f17b1d328c595a9df5851dbb2537b55621 / v4.2.0
SharpDX.DXGI v4.2.0.0 / v4.2.0+8e5df9f17b1d328c595a9df5851dbb2537b55621 / v4.2.0
SharpDX.Direct3D11 v4.2.0.0 / v4.2.0+8e5df9f17b1d328c595a9df5851dbb2537b55621 / v4.2.0
KSPTextureLoader v1.0.36.0 / v1.0.36+cda0e0fea05c372369b8464c01035616501d8d28
Kopernicus v1.0.248.0 / v1.0.248+7b0dc7978641bd95510e13ea62c1f2d3fd3fe047 / v1.12.248.0
0_MultipleModuleInPartAPI v1.0.0.0 / v1.0.0+7969fdc50bf4e350193abe5ba2e89533b12ca02f
KSPCommunityFixes v1.41.0.0 / v1.41.1+7969fdc50bf4e350193abe5ba2e89533b12ca02f / v1.41.1.0
KSPTextureLoader.Burst v0.0.0.0
RealSolarSystem v20.1.3.0
TerrainPrecisionFixDiag2Mod v1.0.9764.27375
TerrainPrecisionFixDiagMod v1.0.9764.24952

Folders and files in GameData:
000_Harmony
Kopernicus
KSPCommunityFixes
KSPTextureLoader
ModularFlightIntegrator
RealSolarSystem
RSS-Textures
Stock folder: Squad

Stock folder: SquadExpansion

TerrainPrecisionFixDiag2Mod
TerrainPrecisionFixDiagMod
ModuleManager.4.2.3.dll
ModuleManager.ConfigCache
ModuleManager.ConfigSHA
ModuleManager.Physics
ModuleManager.TechTree

************************************************************************

[LOG 17:59:25.855] [AddonLoader]: Instantiating addon 'ModuleManager' from assembly 'ModuleManager'
[LOG 17:59:25.868] [ModuleManager] Adding post patch to the loading screen 4
[LOG 17:59:25.870] [ModuleManager] Patching started on a new thread, all output will be directed to D:\KSP-RSS-Dev\Logs\ModuleManager\ModuleManager.log
[LOG 17:59:25.873] [AddonLoader]: Instantiating addon 'HarmonyInstallChecker' from assembly 'HarmonyKSP'
[LOG 17:59:25.874] [AddonLoader]: Instantiating addon 'MFIManager' from assembly 'ModularFlightIntegrator'
[LOG 17:59:25.876] [AddonLoader]: Instantiating addon 'TextureLoader' from assembly 'KSPTextureLoader'
[LOG 17:59:25.881] [AddonLoader]: Instantiating addon 'Events' from assembly 'Kopernicus'
[LOG 17:59:25.895] [AddonLoader]: Instantiating addon 'ToolbarButton' from assembly 'Kopernicus'
[LOG 17:59:25.896] [AddonLoader]: Instantiating addon 'ShadowMan' from assembly 'Kopernicus'
[LOG 17:59:25.898] [AddonLoader]: Instantiating addon 'RenderTypeFixer' from assembly 'Kopernicus'
[LOG 17:59:25.898] [AddonLoader]: Instantiating addon 'ShaderProperties' from assembly 'Kopernicus'
[LOG 17:59:25.899] [AddonLoader]: Instantiating addon 'AtmosphereFixer' from assembly 'Kopernicus'
[LOG 17:59:25.900] [AddonLoader]: Instantiating addon 'LogAggregatorWorker' from assembly 'Kopernicus'
[LOG 17:59:25.971] [AddonLoader]: Instantiating addon 'MeshPreloaderInjector' from assembly 'Kopernicus'
[LOG 17:59:25.971] [AddonLoader]: Instantiating addon 'SinkingBugFix' from assembly 'Kopernicus'
[LOG 17:59:25.972] [AddonLoader]: Instantiating addon 'TerrainQualitySetter' from assembly 'Kopernicus'
[LOG 17:59:25.973] [AddonLoader]: Instantiating addon 'CompatibilityChecker' from assembly 'Kopernicus'
[LOG 17:59:25.974] [AddonLoader]: Instantiating addon 'KSPCommunityFixes' from assembly 'KSPCommunityFixes'
[LOG 17:59:25.976] [AddonLoader]: Instantiating addon 'NoIVA' from assembly 'KSPCommunityFixes'
[LOG 17:59:25.976] [AddonLoader]: Instantiating addon 'ConfigNodePerf' from assembly 'KSPCommunityFixes'
[LOG 17:59:26.231] [AddonLoader]: Instantiating addon 'KSPCFFastLoader' from assembly 'KSPCommunityFixes'
[LOG 17:59:26.232] [KSPCF] Injecting FastLoader...
[LOG 17:59:26.261] [KSPCommunityFixes] Patch GameDatabasePerf applied.
[LOG 17:59:26.345] [AddonLoader]: Instantiating addon 'ReflectionTypeLoadExceptionHandler' from assembly 'KSPCommunityFixes'
[LOG 17:59:26.348] [AddonLoader]: Instantiating addon 'HarmonyPatcher' from assembly 'RealSolarSystem'
[LOG 17:59:26.348] [AddonLoader]: Instantiating addon 'RSSInstallationCheck' from assembly 'RealSolarSystem'
[LOG 17:59:26.348] [AddonLoader]: Instantiating addon 'TimeWarpFixer' from assembly 'RealSolarSystem'
[LOG 17:59:27.701] [KSPCF] Taking over stock loader. An exception will follow, this is intended.
[EXC 17:59:27.705] Exception: Terminating stock loader coroutine, this is intended and not an error
	KSPCommunityFixes.Performance.KSPCFFastLoader.GameDatabase_SetupMainLoaders_Prefix () (at <62bb7f5420994f409a34377c091e8538>:0)
	(wrapper dynamic-method) GameDatabase.GameDatabase.SetupMainLoaders_Patch1(GameDatabase)
	GameDatabase+<LoadObjects>d__90.MoveNext () (at <4b449f2841f84227adfaad3149c8fdba>:0)
	UnityEngine.SetupCoroutine.InvokeMoveNext (System.Collections.IEnumerator enumerator, System.IntPtr returnValueAddress) (at <12e76cd50cc64cf19e759e981cb725af>:0)
	UnityEngine.DebugLogHandler:LogException(Exception, Object)
	ModuleManager.UnityLogHandle.InterceptLogHandler:LogException(Exception, Object)
	UnityEngine.MonoBehaviour:StartCoroutine(IEnumerator)
	<CreateDatabase>d__71:MoveNext()
	UnityEngine.MonoBehaviour:StartCoroutine(IEnumerator)
	GameDatabase:StartLoad()
	<LoadSystems>d__11:MoveNext()
	UnityEngine.MonoBehaviour:StartCoroutine(IEnumerator)
	LoadingScreen:Start()
[LOG 17:59:27.757] [MFIManager] FlightIntegrator is active. Deactivating it
[LOG 17:59:27.757] [MFIManager] Current active VesselModule : 
[MFIManager]  AxisGroupsModule active=True order=999
[MFIManager]  CometVessel active=True order=999
[MFIManager]  SuspensionLoadBalancer active=True order=999
[MFIManager]  FlightIntegrator active=False order=0
[MFIManager]  CommNet.CommNetVessel active=True order=999
[MFIManager]  ModularFI.ModularFlightIntegrator active=True order=0

[LOG 17:59:27.765] [CompatibilityChecker] Running checker version 4 from 'Kopernicus'
[LOG 17:59:27.786] [RealSolarSystem] EarthColor.dds size: 2.7MB
[LOG 17:59:27.921] Preloading Asset Bundle Definitions
[LOG 17:59:28.483] Load Audio: Squad/Alarms/Sounds/Chirps
[LOG 17:59:28.520] Load Audio: Squad/Alarms/Sounds/Classic
[LOG 17:59:28.520] Load Audio: Squad/Alarms/Sounds/ClockTower
[LOG 17:59:28.521] Load Audio: Squad/Alarms/Sounds/ComputerGlass1
[LOG 17:59:28.521] Load Audio: Squad/Alarms/Sounds/ComputerGlass2
[LOG 17:59:28.521] Load Audio: Squad/Alarms/Sounds/ComputerShort
[LOG 17:59:28.521] Load Audio: Squad/Alarms/Sounds/ComputerTriad
[LOG 17:59:28.521] Load Audio: Squad/Alarms/Sounds/DoorBell
[LOG 17:59:28.521] Load Audio: Squad/Alarms/Sounds/Glass
[LOG 17:59:28.521] Load Audio: Squad/Alarms/Sounds/Klaxon
[LOG 17:59:28.522] Load Audio: Squad/Alarms/Sounds/Mobile
[LOG 17:59:28.522] Load Audio: Squad/Alarms/Sounds/Morning
[LOG 17:59:28.522] Load Audio: Squad/Alarms/Sounds/OldClock
[LOG 17:59:28.522] Load Audio: Squad/Alarms/Sounds/OldHorn
[LOG 17:59:28.522] Load Audio: Squad/Alarms/Sounds/Ripple
[LOG 17:59:28.522] Load Audio: Squad/Sounds/editorLoop01
[LOG 17:59:28.522] Load Audio: Squad/Sounds/elev_loop
[LOG 17:59:28.522] Load Audio: Squad/Sounds/elev_start
[LOG 17:59:28.523] Load Audio: Squad/Sounds/elev_stop
[LOG 17:59:28.523] Load Audio: Squad/Sounds/fireworks_explosion_2
[LOG 17:59:28.523] Load Audio: Squad/Sounds/fireworks_explosion_3
[LOG 17:59:28.523] Load Audio: Squad/Sounds/fireworks_explosion_4
[LOG 17:59:28.523] Load Audio: Squad/Sounds/fireworks_launch_boom
[LOG 17:59:28.523] Load Audio: Squad/Sounds/fireworks_only_crackle_crackle_1
[LOG 17:59:28.523] Load Audio: Squad/Sounds/fireworks_only_crackle_dragon_1
[LOG 17:59:28.797] Load Audio: Squad/Sounds/fireworks_only_crackle_palm_1
[LOG 17:59:28.797] Load Audio: Squad/Sounds/fireworks_whistle
[LOG 17:59:28.797] Load Audio: Squad/Sounds/ksp1_banana_V2_01
[LOG 17:59:28.797] Load Audio: Squad/Sounds/ksp1_banana_V2_04
[LOG 17:59:28.797] Load Audio: Squad/Sounds/ksp1_banana_V2_05
[LOG 17:59:28.798] Load Audio: Squad/Sounds/ksp1_golf_swing_normal
[LOG 17:59:28.798] Load Audio: Squad/Sounds/ksp1_ground_anchor_v2_1
[LOG 17:59:28.798] Load Audio: Squad/Sounds/ksp1_strunts_disconnect_v3_pitched2
[LOG 17:59:28.798] Load Audio: Squad/Sounds/repairKit_repair1
[LOG 17:59:28.798] Load Audio: Squad/Sounds/repairKit_repair2
[LOG 17:59:28.798] Load Audio: Squad/Sounds/sound_ambience_nature
[LOG 17:59:28.798] Load Audio: Squad/Sounds/sound_click_flick
[LOG 17:59:28.799] Load Audio: Squad/Sounds/sound_click_latch
[LOG 17:59:28.799] Load Audio: Squad/Sounds/sound_click_sharp
[LOG 17:59:28.799] Load Audio: Squad/Sounds/sound_click_tick
[LOG 17:59:28.799] Load Audio: Squad/Sounds/sound_click_tock
[LOG 17:59:28.799] Load Audio: Squad/Sounds/sound_decoupler_fire
[LOG 17:59:28.800] Load Audio: Squad/Sounds/sound_delete_bin
[LOG 17:59:28.800] Load Audio: Squad/Sounds/sound_explosion_debris1
[LOG 17:59:28.800] Load Audio: Squad/Sounds/sound_explosion_debris2
[LOG 17:59:28.800] Load Audio: Squad/Sounds/sound_explosion_large
[LOG 17:59:28.800] Load Audio: Squad/Sounds/sound_rocket_mini
[LOG 17:59:28.800] Load Audio: Squad/Sounds/sound_rocket_spurts
[LOG 17:59:28.800] Load Audio: Squad/Sounds/sound_servomotor
[LOG 17:59:28.801] Load Audio: Squad/Sounds/sound_tab_extend
[LOG 17:59:28.813] Load Audio: Squad/Sounds/sound_tab_retreat
[LOG 17:59:28.813] Load Audio: SquadExpansion/Serenity/Sounds/robo_arm_large_end
[LOG 17:59:28.813] Load Audio: SquadExpansion/Serenity/Sounds/robo_arm_large_motor_00
[LOG 17:59:28.814] Load Audio: SquadExpansion/Serenity/Sounds/robo_arm_large_scan
[LOG 17:59:28.814] Load Audio: SquadExpansion/Serenity/Sounds/robo_arm_large_start
[LOG 17:59:28.814] Load Audio: SquadExpansion/Serenity/Sounds/robo_arm_medium_end
[LOG 17:59:28.814] Load Audio: SquadExpansion/Serenity/Sounds/robo_arm_medium_motor_00
[LOG 17:59:28.814] Load Audio: SquadExpansion/Serenity/Sounds/robo_arm_medium_scan
[LOG 17:59:28.814] Load Audio: SquadExpansion/Serenity/Sounds/robo_arm_medium_start
[LOG 17:59:28.815] Load Audio: SquadExpansion/Serenity/Sounds/robo_arm_small_end
[LOG 17:59:28.815] Load Audio: SquadExpansion/Serenity/Sounds/robo_arm_small_motor_00
[LOG 17:59:28.815] Load Audio: SquadExpansion/Serenity/Sounds/robo_arm_small_scan
[LOG 17:59:28.815] Load Audio: SquadExpansion/Serenity/Sounds/robo_arm_small_start
[LOG 17:59:28.815] Load Audio: SquadExpansion/Serenity/Sounds/sfx_cryoVolcano_burst
[LOG 17:59:28.815] Load Audio: SquadExpansion/Serenity/Sounds/sfx_cryoVolcano_idle
[LOG 17:59:28.816] Load Audio: SquadExpansion/Serenity/Sounds/sfx_deployable_booster_antena_end
[LOG 17:59:28.816] Load Audio: SquadExpansion/Serenity/Sounds/sfx_deployable_booster_antena_start
[LOG 17:59:28.816] Load Audio: SquadExpansion/Serenity/Sounds/sfx_deployable_central_station_end
[LOG 17:59:28.816] Load Audio: SquadExpansion/Serenity/Sounds/sfx_deployable_central_station_loop
[LOG 17:59:28.816] Load Audio: SquadExpansion/Serenity/Sounds/sfx_deployable_central_station_start
[LOG 17:59:28.816] Load Audio: SquadExpansion/Serenity/Sounds/sfx_deployable_detector_end
[LOG 17:59:28.817] Load Audio: SquadExpansion/Serenity/Sounds/sfx_deployable_detector_start
[LOG 17:59:28.817] Load Audio: SquadExpansion/Serenity/Sounds/sfx_deployable_GoObEd_end
[LOG 17:59:28.817] Load Audio: SquadExpansion/Serenity/Sounds/sfx_deployable_GoObEd_loop
[LOG 17:59:28.817] Load Audio: SquadExpansion/Serenity/Sounds/sfx_deployable_GoObEd_start
[LOG 17:59:28.855] Load Audio: SquadExpansion/Serenity/Sounds/sfx_deployable_rtg_end
[LOG 17:59:28.855] Load Audio: SquadExpansion/Serenity/Sounds/sfx_deployable_rtg_start
[LOG 17:59:28.855] Load Audio: SquadExpansion/Serenity/Sounds/sfx_deployable_seismometer_end
[LOG 17:59:28.855] Load Audio: SquadExpansion/Serenity/Sounds/sfx_deployable_seismometer_start
[LOG 17:59:28.856] Load Audio: SquadExpansion/Serenity/Sounds/sfx_deployable_solar_panel_end
[LOG 17:59:28.856] Load Audio: SquadExpansion/Serenity/Sounds/sfx_deployable_solar_panel_start
[LOG 17:59:28.856] Load Audio: SquadExpansion/Serenity/Sounds/sfx_deployable_weather_station_end
[LOG 17:59:28.856] Load Audio: SquadExpansion/Serenity/Sounds/sfx_deployable_weather_station_loop
[LOG 17:59:28.856] Load Audio: SquadExpansion/Serenity/Sounds/sfx_deployable_weather_station_start
[LOG 17:59:28.856] Load Audio: SquadExpansion/Serenity/Sounds/sfx_geyser_burst
[LOG 17:59:28.857] Load Audio: SquadExpansion/Serenity/Sounds/sfx_geyser_idle
[LOG 17:59:28.914] Load Cached PNG Texture: Kopernicus/Graphics/KopernicusIcon
[LOG 17:59:28.918] Load DDS texture: KSPCommunityFixes/MMPatches/StockTweaks/Icons/Clamp-O-Tron
[LOG 17:59:28.922] Load TRUECOLOR texture: KSPCommunityFixes/MMPatches/StockTweaks/Icons/Clamp-O-Tron_scaled
[LOG 17:59:28.922] Load DDS texture: KSPCommunityFixes/MMPatches/StockTweaks/Icons/FreeFallParachutes
[LOG 17:59:28.923] Load TRUECOLOR texture: KSPCommunityFixes/MMPatches/StockTweaks/Icons/FreeFallParachutes_scaled
[LOG 17:59:28.923] Load DDS texture: KSPCommunityFixes/MMPatches/StockTweaks/Icons/LightYearTireCompany
[LOG 17:59:28.923] Load TRUECOLOR texture: KSPCommunityFixes/MMPatches/StockTweaks/Icons/LightYearTireCompany_scaled
[LOG 17:59:28.924] Load DDS texture: KSPCommunityFixes/MMPatches/StockTweaks/Icons/StratusCorporation
[LOG 17:59:28.924] Load TRUECOLOR texture: KSPCommunityFixes/MMPatches/StockTweaks/Icons/StratusCorporation_scaled
[LOG 17:59:28.925] Load DDS texture: RealSolarSystem/Compatibility/Parallax/zero_influence
[WRN 17:59:28.926] LOAD FAILED : UnityEngine.UnityException: LoadRawTextureData: not enough data provided (will result in overread).
  at UnityEngine.Texture2D.LoadRawTextureData (System.IntPtr data, System.Int32 size) [0x00056] in <12e76cd50cc64cf19e759e981cb725af>:0 
  at KSPCommunityFixes.Performance.KSPCFFastLoader+RawAsset.LoadDDS () [0x004e7] in <62bb7f5420994f409a34377c091e8538>:0 
  at KSPCommunityFixes.Performance.KSPCFFastLoader+RawAsset.LoadAndDisposeMainThread () [0x0004a] in <62bb7f5420994f409a34377c091e8538>:0 
[LOG 17:59:28.926] Load Cached PNG Texture: RealSolarSystem/Ribbons/Ariel/EvaGround
[LOG 17:59:28.926] Load Cached PNG Texture: RealSolarSystem/Ribbons/Ariel/EvaOrbit
[LOG 17:59:28.926] Load Cached PNG Texture: RealSolarSystem/Ribbons/Ariel/EvaSpace
[LOG 17:59:28.926] Load Cached PNG Texture: RealSolarSystem/Ribbons/Ariel/FirstEvaGround
[LOG 17:59:28.926] Load Cached PNG Texture: RealSolarSystem/Ribbons/Ariel/FirstEvaOrbit
[LOG 17:59:28.927] Load Cached PNG Texture: RealSolarSystem/Ribbons/Ariel/FirstEvaSpace
[LOG 17:59:28.927] Load Cached PNG Texture: RealSolarSystem/Ribbons/Ariel/FirstLanding
[LOG 17:59:28.927] Load Cached PNG Texture: RealSolarSystem/Ribbons/Ariel/FirstOrbitCapsule
[LOG 17:59:28.927] Load Cached PNG Texture: RealSolarSystem/Ribbons/Ariel/FirstOrbitCapsuleDocked
[LOG 17:59:28.927] Load Cached PNG Texture: RealSolarSystem/Ribbons/Ariel/FirstPlantFlag
[LOG 17:59:28.927] Load Cached PNG Texture: RealSolarSystem/Ribbons/Ariel/FirstRover
[LOG 17:59:28.927] Load Cached PNG Texture: RealSolarSystem/Ribbons/Ariel/Landing
[LOG 17:59:28.927] Load Cached PNG Texture: RealSolarSystem/Ribbons/Ariel/OrbitCapsule
[LOG 17:59:28.927] Load Cached PNG Texture: RealSolarSystem/Ribbons/Ariel/OrbitCapsuleDocked
[LOG 17:59:28.927] Load Cached PNG Texture: RealSolarSystem/Ribbons/Ariel/PlantFlag
[LOG 17:59:28.928] Load Cached PNG Texture: RealSolarSystem/Ribbons/Ariel/Rover
[LOG 17:59:28.928] Load Cached PNG Texture: RealSolarSystem/Ribbons/Ariel/SphereOfInfluence
[LOG 17:59:28.928] Load Cached PNG Texture: RealSolarSystem/Ribbons/Callisto/EvaGround
[LOG 17:59:28.928] Load Cached PNG Texture: RealSolarSystem/Ribbons/Callisto/EvaOrbit
[LOG 17:59:28.928] Load Cached PNG Texture: RealSolarSystem/Ribbons/Callisto/EvaSpace
[LOG 17:59:28.928] Load Cached PNG Texture: RealSolarSystem/Ribbons/Callisto/FirstEvaGround
[LOG 17:59:28.928] Load Cached PNG Texture: RealSolarSystem/Ribbons/Callisto/FirstEvaOrbit
[LOG 17:59:28.928] Load Cached PNG Texture: RealSolarSystem/Ribbons/Callisto/FirstEvaSpace
[LOG 17:59:28.928] Load Cached PNG Texture: RealSolarSystem/Ribbons/Callisto/FirstLanding
[LOG 17:59:28.928] Load Cached PNG Texture: RealSolarSystem/Ribbons/Callisto/FirstOrbitCapsule
[LOG 17:59:28.928] Load Cached PNG Texture: RealSolarSystem/Ribbons/Callisto/FirstOrbitCapsuleDocked
[LOG 17:59:28.929] Load Cached PNG Texture: RealSolarSystem/Ribbons/Callisto/FirstPlantFlag
[LOG 17:59:28.929] Load Cached PNG Texture: RealSolarSystem/Ribbons/Callisto/FirstRover
[LOG 17:59:28.929] Load Cached PNG Texture: RealSolarSystem/Ribbons/Callisto/Landing
[LOG 17:59:28.929] Load Cached PNG Texture: RealSolarSystem/Ribbons/Callisto/OrbitCapsule
[LOG 17:59:28.929] Load Cached PNG Texture: RealSolarSystem/Ribbons/Callisto/OrbitCapsuleDocked
[LOG 17:59:28.929] Load Cached PNG Texture: RealSolarSystem/Ribbons/Callisto/PlantFlag
[LOG 17:59:28.929] Load Cached PNG Texture: RealSolarSystem/Ribbons/Callisto/Rover
[LOG 17:59:28.929] Load Cached PNG Texture: RealSolarSystem/Ribbons/Callisto/SphereOfInfluence
[LOG 17:59:28.929] Load Cached PNG Texture: RealSolarSystem/Ribbons/Ceres/EvaGround
[LOG 17:59:28.929] Load Cached PNG Texture: RealSolarSystem/Ribbons/Ceres/EvaOrbit
[LOG 17:59:28.929] Load Cached PNG Texture: RealSolarSystem/Ribbons/Ceres/EvaSpace
[LOG 17:59:28.929] Load Cached PNG Texture: RealSolarSystem/Ribbons/Ceres/FirstEvaGround
[LOG 17:59:28.929] Load Cached PNG Texture: RealSolarSystem/Ribbons/Ceres/FirstEvaOrbit
[LOG 17:59:28.929] Load Cached PNG Texture: RealSolarSystem/Ribbons/Ceres/FirstEvaSpace
[LOG 17:59:28.930] Load Cached PNG Texture: RealSolarSystem/Ribbons/Ceres/FirstLanding
[LOG 17:59:28.930] Load Cached PNG Texture: RealSolarSystem/Ribbons/Ceres/FirstOrbitCapsule
[LOG 17:59:28.930] Load Cached PNG Texture: RealSolarSystem/Ribbons/Ceres/FirstOrbitCapsuleDocked
[LOG 17:59:28.930] Load Cached PNG Texture: RealSolarSystem/Ribbons/Ceres/FirstPlantFlag
[LOG 17:59:28.930] Load Cached PNG Texture: RealSolarSystem/Ribbons/Ceres/FirstRover
[LOG 17:59:28.934] Load Cached PNG Texture: RealSolarSystem/Ribbons/Ceres/Landing
[LOG 17:59:28.937] Load Cached PNG Texture: RealSolarSystem/Ribbons/Ceres/OrbitCapsule
[LOG 17:59:28.938] Load Cached PNG Texture: RealSolarSystem/Ribbons/Ceres/OrbitCapsuleDocked
[LOG 17:59:28.938] Load Cached PNG Texture: RealSolarSystem/Ribbons/Ceres/PlantFlag
[LOG 17:59:28.939] Load Cached PNG Texture: RealSolarSystem/Ribbons/Ceres/Rover
[LOG 17:59:28.939] Load Cached PNG Texture: RealSolarSystem/Ribbons/Ceres/SphereOfInfluence
[LOG 17:59:28.939] Load Cached PNG Texture: RealSolarSystem/Ribbons/Charon/EvaGround
[LOG 17:59:28.939] Load Cached PNG Texture: RealSolarSystem/Ribbons/Charon/EvaOrbit
[LOG 17:59:28.939] Load Cached PNG Texture: RealSolarSystem/Ribbons/Charon/EvaSpace
[LOG 17:59:28.940] Load Cached PNG Texture: RealSolarSystem/Ribbons/Charon/FirstEvaGround
[LOG 17:59:28.940] Load Cached PNG Texture: RealSolarSystem/Ribbons/Charon/FirstEvaOrbit
[LOG 17:59:28.940] Load Cached PNG Texture: RealSolarSystem/Ribbons/Charon/FirstEvaSpace
[LOG 17:59:28.940] Load Cached PNG Texture: RealSolarSystem/Ribbons/Charon/FirstLanding
[LOG 17:59:28.941] Load Cached PNG Texture: RealSolarSystem/Ribbons/Charon/FirstOrbitCapsule
[LOG 17:59:28.941] Load Cached PNG Texture: RealSolarSystem/Ribbons/Charon/FirstOrbitCapsuleDocked
[LOG 17:59:28.941] Load Cached PNG Texture: RealSolarSystem/Ribbons/Charon/FirstPlantFlag
[LOG 17:59:28.941] Load Cached PNG Texture: RealSolarSystem/Ribbons/Charon/FirstRover
[LOG 17:59:28.941] Load Cached PNG Texture: RealSolarSystem/Ribbons/Charon/Landing
[LOG 17:59:28.941] Load Cached PNG Texture: RealSolarSystem/Ribbons/Charon/OrbitCapsule
[LOG 17:59:28.942] Load Cached PNG Texture: RealSolarSystem/Ribbons/Charon/OrbitCapsuleDocked
[LOG 17:59:28.943] Load Cached PNG Texture: RealSolarSystem/Ribbons/Charon/PlantFlag
[LOG 17:59:28.943] Load Cached PNG Texture: RealSolarSystem/Ribbons/Charon/Rover
[LOG 17:59:28.943] Load Cached PNG Texture: RealSolarSystem/Ribbons/Charon/SphereOfInfluence
[LOG 17:59:28.943] Load Cached PNG Texture: RealSolarSystem/Ribbons/Deimos/EvaGround
[LOG 17:59:28.943] Load Cached PNG Texture: RealSolarSystem/Ribbons/Deimos/EvaOrbit
[LOG 17:59:28.943] Load Cached PNG Texture: RealSolarSystem/Ribbons/Deimos/EvaSpace
[LOG 17:59:28.944] Load Cached PNG Texture: RealSolarSystem/Ribbons/Deimos/FirstEvaGround
[LOG 17:59:28.944] Load Cached PNG Texture: RealSolarSystem/Ribbons/Deimos/FirstEvaOrbit
[LOG 17:59:28.945] Load Cached PNG Texture: RealSolarSystem/Ribbons/Deimos/FirstEvaSpace
[LOG 17:59:28.949] Load Cached PNG Texture: RealSolarSystem/Ribbons/Deimos/FirstLanding
[LOG 17:59:28.954] Load Cached PNG Texture: RealSolarSystem/Ribbons/Deimos/FirstOrbitCapsule
[LOG 17:59:28.955] Load Cached PNG Texture: RealSolarSystem/Ribbons/Deimos/FirstOrbitCapsuleDocked
[LOG 17:59:28.955] Load Cached PNG Texture: RealSolarSystem/Ribbons/Deimos/FirstPlantFlag
[LOG 17:59:28.955] Load Cached PNG Texture: RealSolarSystem/Ribbons/Deimos/FirstRover
[LOG 17:59:28.955] Load Cached PNG Texture: RealSolarSystem/Ribbons/Deimos/Landing
[LOG 17:59:28.955] Load Cached PNG Texture: RealSolarSystem/Ribbons/Deimos/OrbitCapsule
[LOG 17:59:28.955] Load Cached PNG Texture: RealSolarSystem/Ribbons/Deimos/OrbitCapsuleDocked
[LOG 17:59:28.955] Load Cached PNG Texture: RealSolarSystem/Ribbons/Deimos/PlantFlag
[LOG 17:59:28.955] Load Cached PNG Texture: RealSolarSystem/Ribbons/Deimos/Rover
[LOG 17:59:28.955] Load Cached PNG Texture: RealSolarSystem/Ribbons/Deimos/SphereOfInfluence
[LOG 17:59:28.955] Load Cached PNG Texture: RealSolarSystem/Ribbons/Dione/EvaGround
[LOG 17:59:28.955] Load Cached PNG Texture: RealSolarSystem/Ribbons/Dione/EvaOrbit
[LOG 17:59:28.955] Load Cached PNG Texture: RealSolarSystem/Ribbons/Dione/EvaSpace
[LOG 17:59:28.955] Load Cached PNG Texture: RealSolarSystem/Ribbons/Dione/FirstEvaGround
[LOG 17:59:28.955] Load Cached PNG Texture: RealSolarSystem/Ribbons/Dione/FirstEvaOrbit
[LOG 17:59:28.955] Load Cached PNG Texture: RealSolarSystem/Ribbons/Dione/FirstEvaSpace
[LOG 17:59:28.955] Load Cached PNG Texture: RealSolarSystem/Ribbons/Dione/FirstLanding
[LOG 17:59:28.956] Load Cached PNG Texture: RealSolarSystem/Ribbons/Dione/FirstOrbitCapsule
[LOG 17:59:28.956] Load Cached PNG Texture: RealSolarSystem/Ribbons/Dione/FirstOrbitCapsuleDocked
[LOG 17:59:28.956] Load Cached PNG Texture: RealSolarSystem/Ribbons/Dione/FirstPlantFlag
[LOG 17:59:28.956] Load Cached PNG Texture: RealSolarSystem/Ribbons/Dione/FirstRover
[LOG 17:59:28.956] Load Cached PNG Texture: RealSolarSystem/Ribbons/Dione/Landing
[LOG 17:59:28.956] Load Cached PNG Texture: RealSolarSystem/Ribbons/Dione/OrbitCapsule
[LOG 17:59:28.956] Load Cached PNG Texture: RealSolarSystem/Ribbons/Dione/OrbitCapsuleDocked
[LOG 17:59:28.956] Load Cached PNG Texture: RealSolarSystem/Ribbons/Dione/PlantFlag
[LOG 17:59:28.956] Load Cached PNG Texture: RealSolarSystem/Ribbons/Dione/Rover
[LOG 17:59:28.956] Load Cached PNG Texture: RealSolarSystem/Ribbons/Dione/SphereOfInfluence
[LOG 17:59:28.956] Load Cached PNG Texture: RealSolarSystem/Ribbons/Earth/Atmosphere
[LOG 17:59:28.956] Load Cached PNG Texture: RealSolarSystem/Ribbons/Earth/DeepAtmosphere
[LOG 17:59:28.957] Load Cached PNG Texture: RealSolarSystem/Ribbons/Earth/EvaGround
[LOG 17:59:28.957] Load Cached PNG Texture: RealSolarSystem/Ribbons/Earth/EvaOrbit
[LOG 17:59:28.957] Load Cached PNG Texture: RealSolarSystem/Ribbons/Earth/EvaSpace
[LOG 17:59:28.957] Load Cached PNG Texture: RealSolarSystem/Ribbons/Earth/FirstAtmosphere
[LOG 17:59:28.957] Load Cached PNG Texture: RealSolarSystem/Ribbons/Earth/FirstEvaGround
[LOG 17:59:28.957] Load Cached PNG Texture: RealSolarSystem/Ribbons/Earth/FirstEvaOrbit
[LOG 17:59:28.957] Load Cached PNG Texture: RealSolarSystem/Ribbons/Earth/FirstEvaSpace
[LOG 17:59:28.957] Load Cached PNG Texture: RealSolarSystem/Ribbons/Earth/FirstLanding
[LOG 17:59:28.957] Load Cached PNG Texture: RealSolarSystem/Ribbons/Earth/FirstOrbitCapsule
[LOG 17:59:28.957] Load Cached PNG Texture: RealSolarSystem/Ribbons/Earth/FirstOrbitCapsuleDocked
[LOG 17:59:28.957] Load Cached PNG Texture: RealSolarSystem/Ribbons/Earth/FirstPlantFlag
[LOG 17:59:28.957] Load Cached PNG Texture: RealSolarSystem/Ribbons/Earth/FirstRover
[LOG 17:59:28.957] Load Cached PNG Texture: RealSolarSystem/Ribbons/Earth/Landing
[LOG 17:59:28.958] Load Cached PNG Texture: RealSolarSystem/Ribbons/Earth/OrbitCapsule
[LOG 17:59:28.958] Load Cached PNG Texture: RealSolarSystem/Ribbons/Earth/OrbitCapsuleDocked
[LOG 17:59:28.958] Load Cached PNG Texture: RealSolarSystem/Ribbons/Earth/PlantFlag
[LOG 17:59:28.958] Load Cached PNG Texture: RealSolarSystem/Ribbons/Earth/Rover
[LOG 17:59:28.959] Load Cached PNG Texture: RealSolarSystem/Ribbons/Earth/SphereOfInfluence
[LOG 17:59:28.959] Load Cached PNG Texture: RealSolarSystem/Ribbons/Enceladus/EvaGround
[LOG 17:59:28.959] Load Cached PNG Texture: RealSolarSystem/Ribbons/Enceladus/EvaOrbit
[LOG 17:59:28.959] Load Cached PNG Texture: RealSolarSystem/Ribbons/Enceladus/EvaSpace
[LOG 17:59:28.959] Load Cached PNG Texture: RealSolarSystem/Ribbons/Enceladus/FirstEvaGround
[LOG 17:59:28.960] Load Cached PNG Texture: RealSolarSystem/Ribbons/Enceladus/FirstEvaOrbit
[LOG 17:59:28.960] Load Cached PNG Texture: RealSolarSystem/Ribbons/Enceladus/FirstEvaSpace
[LOG 17:59:28.960] Load Cached PNG Texture: RealSolarSystem/Ribbons/Enceladus/FirstLanding
[LOG 17:59:28.960] Load Cached PNG Texture: RealSolarSystem/Ribbons/Enceladus/FirstOrbitCapsule
[LOG 17:59:28.960] Load Cached PNG Texture: RealSolarSystem/Ribbons/Enceladus/FirstOrbitCapsuleDocked
[LOG 17:59:28.961] Load Cached PNG Texture: RealSolarSystem/Ribbons/Enceladus/FirstPlantFlag
[LOG 17:59:28.961] Load Cached PNG Texture: RealSolarSystem/Ribbons/Enceladus/FirstRover
[LOG 17:59:28.961] Load Cached PNG Texture: RealSolarSystem/Ribbons/Enceladus/Landing
[LOG 17:59:28.961] Load Cached PNG Texture: RealSolarSystem/Ribbons/Enceladus/OrbitCapsule
[LOG 17:59:28.961] Load Cached PNG Texture: RealSolarSystem/Ribbons/Enceladus/OrbitCapsuleDocked
[LOG 17:59:28.962] Load Cached PNG Texture: RealSolarSystem/Ribbons/Enceladus/PlantFlag
[LOG 17:59:28.963] Load Cached PNG Texture: RealSolarSystem/Ribbons/Enceladus/Rover
[LOG 17:59:28.963] Load Cached PNG Texture: RealSolarSystem/Ribbons/Enceladus/SphereOfInfluence
[LOG 17:59:28.963] Load Cached PNG Texture: RealSolarSystem/Ribbons/Europa/EvaGround
[LOG 17:59:28.963] Load Cached PNG Texture: RealSolarSystem/Ribbons/Europa/EvaOrbit
[LOG 17:59:28.963] Load Cached PNG Texture: RealSolarSystem/Ribbons/Europa/EvaSpace
[LOG 17:59:28.963] Load Cached PNG Texture: RealSolarSystem/Ribbons/Europa/FirstEvaGround
[LOG 17:59:28.964] Load Cached PNG Texture: RealSolarSystem/Ribbons/Europa/FirstEvaOrbit
[LOG 17:59:28.965] Load Cached PNG Texture: RealSolarSystem/Ribbons/Europa/FirstEvaSpace
[LOG 17:59:28.965] Load Cached PNG Texture: RealSolarSystem/Ribbons/Europa/FirstLanding
[LOG 17:59:28.965] Load Cached PNG Texture: RealSolarSystem/Ribbons/Europa/FirstOrbitCapsule
[LOG 17:59:28.969] Load Cached PNG Texture: RealSolarSystem/Ribbons/Europa/FirstOrbitCapsuleDocked
[LOG 17:59:28.969] Load Cached PNG Texture: RealSolarSystem/Ribbons/Europa/FirstPlantFlag
[LOG 17:59:28.969] Load Cached PNG Texture: RealSolarSystem/Ribbons/Europa/FirstRover
[LOG 17:59:28.969] Load Cached PNG Texture: RealSolarSystem/Ribbons/Europa/Landing
[LOG 17:59:28.969] Load Cached PNG Texture: RealSolarSystem/Ribbons/Europa/OrbitCapsule
[LOG 17:59:28.970] Load Cached PNG Texture: RealSolarSystem/Ribbons/Europa/OrbitCapsuleDocked
[LOG 17:59:28.970] Load Cached PNG Texture: RealSolarSystem/Ribbons/Europa/PlantFlag
[LOG 17:59:28.970] Load Cached PNG Texture: RealSolarSystem/Ribbons/Europa/Rover
[LOG 17:59:28.970] Load Cached PNG Texture: RealSolarSystem/Ribbons/Europa/SphereOfInfluence
[LOG 17:59:28.970] Load Cached PNG Texture: RealSolarSystem/Ribbons/Ganymede/EvaGround
[LOG 17:59:28.970] Load Cached PNG Texture: RealSolarSystem/Ribbons/Ganymede/EvaOrbit
[LOG 17:59:28.971] Load Cached PNG Texture: RealSolarSystem/Ribbons/Ganymede/EvaSpace
[LOG 17:59:28.971] Load Cached PNG Texture: RealSolarSystem/Ribbons/Ganymede/FirstEvaGround
[LOG 17:59:28.971] Load Cached PNG Texture: RealSolarSystem/Ribbons/Ganymede/FirstEvaOrbit
[LOG 17:59:28.974] Load Cached PNG Texture: RealSolarSystem/Ribbons/Ganymede/FirstEvaSpace
[LOG 17:59:28.974] Load Cached PNG Texture: RealSolarSystem/Ribbons/Ganymede/FirstLanding
[LOG 17:59:28.974] Load Cached PNG Texture: RealSolarSystem/Ribbons/Ganymede/FirstOrbitCapsule
[LOG 17:59:28.974] Load Cached PNG Texture: RealSolarSystem/Ribbons/Ganymede/FirstOrbitCapsuleDocked
[LOG 17:59:28.974] Load Cached PNG Texture: RealSolarSystem/Ribbons/Ganymede/FirstPlantFlag
[LOG 17:59:28.978] Load Cached PNG Texture: RealSolarSystem/Ribbons/Ganymede/FirstRover
[LOG 17:59:28.978] Load Cached PNG Texture: RealSolarSystem/Ribbons/Ganymede/Landing
[LOG 17:59:28.978] Load Cached PNG Texture: RealSolarSystem/Ribbons/Ganymede/OrbitCapsule
[LOG 17:59:28.978] Load Cached PNG Texture: RealSolarSystem/Ribbons/Ganymede/OrbitCapsuleDocked
[LOG 17:59:28.978] Load Cached PNG Texture: RealSolarSystem/Ribbons/Ganymede/PlantFlag
[LOG 17:59:28.979] Load Cached PNG Texture: RealSolarSystem/Ribbons/Ganymede/Rover
[LOG 17:59:28.979] Load Cached PNG Texture: RealSolarSystem/Ribbons/Ganymede/SphereOfInfluence
[LOG 17:59:28.979] Load Cached PNG Texture: RealSolarSystem/Ribbons/Iapetus/EvaGround
[LOG 17:59:28.979] Load Cached PNG Texture: RealSolarSystem/Ribbons/Iapetus/EvaOrbit
[LOG 17:59:28.979] Load Cached PNG Texture: RealSolarSystem/Ribbons/Iapetus/EvaSpace
[LOG 17:59:28.979] Load Cached PNG Texture: RealSolarSystem/Ribbons/Iapetus/FirstEvaGround
[LOG 17:59:28.980] Load Cached PNG Texture: RealSolarSystem/Ribbons/Iapetus/FirstEvaOrbit
[LOG 17:59:28.980] Load Cached PNG Texture: RealSolarSystem/Ribbons/Iapetus/FirstEvaSpace
[LOG 17:59:28.980] Load Cached PNG Texture: RealSolarSystem/Ribbons/Iapetus/FirstLanding
[LOG 17:59:28.980] Load Cached PNG Texture: RealSolarSystem/Ribbons/Iapetus/FirstOrbitCapsule
[LOG 17:59:28.980] Load Cached PNG Texture: RealSolarSystem/Ribbons/Iapetus/FirstOrbitCapsuleDocked
[LOG 17:59:28.981] Load Cached PNG Texture: RealSolarSystem/Ribbons/Iapetus/FirstPlantFlag
[LOG 17:59:28.981] Load Cached PNG Texture: RealSolarSystem/Ribbons/Iapetus/FirstRover
[LOG 17:59:28.981] Load Cached PNG Texture: RealSolarSystem/Ribbons/Iapetus/Landing
[LOG 17:59:28.981] Load Cached PNG Texture: RealSolarSystem/Ribbons/Iapetus/OrbitCapsule
[LOG 17:59:28.981] Load Cached PNG Texture: RealSolarSystem/Ribbons/Iapetus/OrbitCapsuleDocked
[LOG 17:59:28.982] Load Cached PNG Texture: RealSolarSystem/Ribbons/Iapetus/PlantFlag
[LOG 17:59:28.982] Load Cached PNG Texture: RealSolarSystem/Ribbons/Iapetus/Rover
[LOG 17:59:28.982] Load Cached PNG Texture: RealSolarSystem/Ribbons/Iapetus/SphereOfInfluence
[LOG 17:59:28.982] Load Cached PNG Texture: RealSolarSystem/Ribbons/Io/EvaGround
[LOG 17:59:28.984] Load Cached PNG Texture: RealSolarSystem/Ribbons/Io/EvaOrbit
[LOG 17:59:28.984] Load Cached PNG Texture: RealSolarSystem/Ribbons/Io/EvaSpace
[LOG 17:59:28.984] Load Cached PNG Texture: RealSolarSystem/Ribbons/Io/FirstEvaGround
[LOG 17:59:28.984] Load Cached PNG Texture: RealSolarSystem/Ribbons/Io/FirstEvaOrbit
[LOG 17:59:28.984] Load Cached PNG Texture: RealSolarSystem/Ribbons/Io/FirstEvaSpace
[LOG 17:59:28.984] Load Cached PNG Texture: RealSolarSystem/Ribbons/Io/FirstLanding
[LOG 17:59:28.984] Load Cached PNG Texture: RealSolarSystem/Ribbons/Io/FirstOrbitCapsule
[LOG 17:59:28.984] Load Cached PNG Texture: RealSolarSystem/Ribbons/Io/FirstOrbitCapsuleDocked
[LOG 17:59:28.985] Load Cached PNG Texture: RealSolarSystem/Ribbons/Io/FirstPlantFlag
[LOG 17:59:28.985] Load Cached PNG Texture: RealSolarSystem/Ribbons/Io/FirstRover
[LOG 17:59:28.985] Load Cached PNG Texture: RealSolarSystem/Ribbons/Io/Landing
[LOG 17:59:28.985] Load Cached PNG Texture: RealSolarSystem/Ribbons/Io/OrbitCapsule
[LOG 17:59:28.985] Load Cached PNG Texture: RealSolarSystem/Ribbons/Io/OrbitCapsuleDocked
[LOG 17:59:28.985] Load Cached PNG Texture: RealSolarSystem/Ribbons/Io/PlantFlag
[LOG 17:59:28.985] Load Cached PNG Texture: RealSolarSystem/Ribbons/Io/Rover
[LOG 17:59:28.986] Load Cached PNG Texture: RealSolarSystem/Ribbons/Io/SphereOfInfluence
[LOG 17:59:28.986] Load Cached PNG Texture: RealSolarSystem/Ribbons/Jupiter/Atmosphere
[LOG 17:59:28.986] Load Cached PNG Texture: RealSolarSystem/Ribbons/Jupiter/DeepAtmosphere
[LOG 17:59:28.986] Load Cached PNG Texture: RealSolarSystem/Ribbons/Jupiter/EvaOrbit
[LOG 17:59:28.986] Load Cached PNG Texture: RealSolarSystem/Ribbons/Jupiter/EvaSpace
[LOG 17:59:28.986] Load Cached PNG Texture: RealSolarSystem/Ribbons/Jupiter/FirstAtmosphere
[LOG 17:59:28.987] Load Cached PNG Texture: RealSolarSystem/Ribbons/Jupiter/FirstEvaOrbit
[LOG 17:59:28.987] Load Cached PNG Texture: RealSolarSystem/Ribbons/Jupiter/FirstEvaSpace
[LOG 17:59:28.987] Load Cached PNG Texture: RealSolarSystem/Ribbons/Jupiter/FirstOrbitCapsule
[LOG 17:59:28.987] Load Cached PNG Texture: RealSolarSystem/Ribbons/Jupiter/FirstOrbitCapsuleDocked
[LOG 17:59:28.987] Load Cached PNG Texture: RealSolarSystem/Ribbons/Jupiter/OrbitCapsule
[LOG 17:59:28.987] Load Cached PNG Texture: RealSolarSystem/Ribbons/Jupiter/OrbitCapsuleDocked
[LOG 17:59:28.988] Load Cached PNG Texture: RealSolarSystem/Ribbons/Jupiter/SphereOfInfluence
[LOG 17:59:28.988] Load Cached PNG Texture: RealSolarSystem/Ribbons/Mars/Atmosphere
[LOG 17:59:28.988] Load Cached PNG Texture: RealSolarSystem/Ribbons/Mars/DeepAtmosphere
[LOG 17:59:28.988] Load Cached PNG Texture: RealSolarSystem/Ribbons/Mars/EvaGround
[LOG 17:59:28.988] Load Cached PNG Texture: RealSolarSystem/Ribbons/Mars/EvaOrbit
[LOG 17:59:28.988] Load Cached PNG Texture: RealSolarSystem/Ribbons/Mars/EvaSpace
[LOG 17:59:28.988] Load Cached PNG Texture: RealSolarSystem/Ribbons/Mars/FirstAtmosphere
[LOG 17:59:28.989] Load Cached PNG Texture: RealSolarSystem/Ribbons/Mars/FirstEvaGround
[LOG 17:59:28.989] Load Cached PNG Texture: RealSolarSystem/Ribbons/Mars/FirstEvaOrbit
[LOG 17:59:28.989] Load Cached PNG Texture: RealSolarSystem/Ribbons/Mars/FirstEvaSpace
[LOG 17:59:28.989] Load Cached PNG Texture: RealSolarSystem/Ribbons/Mars/FirstLanding
[LOG 17:59:28.989] Load Cached PNG Texture: RealSolarSystem/Ribbons/Mars/FirstOrbitCapsule
[LOG 17:59:28.989] Load Cached PNG Texture: RealSolarSystem/Ribbons/Mars/FirstOrbitCapsuleDocked
[LOG 17:59:28.990] Load Cached PNG Texture: RealSolarSystem/Ribbons/Mars/FirstPlantFlag
[LOG 17:59:28.990] Load Cached PNG Texture: RealSolarSystem/Ribbons/Mars/FirstRover
[LOG 17:59:28.990] Load Cached PNG Texture: RealSolarSystem/Ribbons/Mars/Landing
[LOG 17:59:28.990] Load Cached PNG Texture: RealSolarSystem/Ribbons/Mars/OrbitCapsule
[LOG 17:59:28.990] Load Cached PNG Texture: RealSolarSystem/Ribbons/Mars/OrbitCapsuleDocked
[LOG 17:59:28.990] Load Cached PNG Texture: RealSolarSystem/Ribbons/Mars/PlantFlag
[LOG 17:59:28.990] Load Cached PNG Texture: RealSolarSystem/Ribbons/Mars/Rover
[LOG 17:59:28.994] Load Cached PNG Texture: RealSolarSystem/Ribbons/Mars/SphereOfInfluence
[LOG 17:59:28.994] Load Cached PNG Texture: RealSolarSystem/Ribbons/Mercury/EvaGround
[LOG 17:59:28.994] Load Cached PNG Texture: RealSolarSystem/Ribbons/Mercury/EvaOrbit
[LOG 17:59:28.995] Load Cached PNG Texture: RealSolarSystem/Ribbons/Mercury/EvaSpace
[LOG 17:59:28.995] Load Cached PNG Texture: RealSolarSystem/Ribbons/Mercury/FirstEvaGround
[LOG 17:59:28.995] Load Cached PNG Texture: RealSolarSystem/Ribbons/Mercury/FirstEvaOrbit
[LOG 17:59:28.995] Load Cached PNG Texture: RealSolarSystem/Ribbons/Mercury/FirstEvaSpace
[LOG 17:59:28.996] Load Cached PNG Texture: RealSolarSystem/Ribbons/Mercury/FirstLanding
[LOG 17:59:28.996] Load Cached PNG Texture: RealSolarSystem/Ribbons/Mercury/FirstOrbitCapsule
[LOG 17:59:28.996] Load Cached PNG Texture: RealSolarSystem/Ribbons/Mercury/FirstOrbitCapsuleDocked
[LOG 17:59:28.996] Load Cached PNG Texture: RealSolarSystem/Ribbons/Mercury/FirstPlantFlag
[LOG 17:59:28.997] Load Cached PNG Texture: RealSolarSystem/Ribbons/Mercury/FirstRover
[LOG 17:59:28.997] Load Cached PNG Texture: RealSolarSystem/Ribbons/Mercury/Landing
[LOG 17:59:28.997] Load Cached PNG Texture: RealSolarSystem/Ribbons/Mercury/OrbitCapsule
[LOG 17:59:28.997] Load Cached PNG Texture: RealSolarSystem/Ribbons/Mercury/OrbitCapsuleDocked
[LOG 17:59:28.997] Load Cached PNG Texture: RealSolarSystem/Ribbons/Mercury/PlantFlag
[LOG 17:59:28.998] Load Cached PNG Texture: RealSolarSystem/Ribbons/Mercury/Rover
[LOG 17:59:28.998] Load Cached PNG Texture: RealSolarSystem/Ribbons/Mercury/SphereOfInfluence
[LOG 17:59:28.998] Load Cached PNG Texture: RealSolarSystem/Ribbons/Mimas/EvaGround
[LOG 17:59:28.998] Load Cached PNG Texture: RealSolarSystem/Ribbons/Mimas/EvaOrbit
[LOG 17:59:28.999] Load Cached PNG Texture: RealSolarSystem/Ribbons/Mimas/EvaSpace
[LOG 17:59:28.999] Load Cached PNG Texture: RealSolarSystem/Ribbons/Mimas/FirstEvaGround
[LOG 17:59:28.999] Load Cached PNG Texture: RealSolarSystem/Ribbons/Mimas/FirstEvaOrbit
[LOG 17:59:28.999] Load Cached PNG Texture: RealSolarSystem/Ribbons/Mimas/FirstEvaSpace
[LOG 17:59:28.999] Load Cached PNG Texture: RealSolarSystem/Ribbons/Mimas/FirstLanding
[LOG 17:59:29.000] Load Cached PNG Texture: RealSolarSystem/Ribbons/Mimas/FirstOrbitCapsule
[LOG 17:59:29.000] Load Cached PNG Texture: RealSolarSystem/Ribbons/Mimas/FirstOrbitCapsuleDocked
[LOG 17:59:29.000] Load Cached PNG Texture: RealSolarSystem/Ribbons/Mimas/FirstPlantFlag
[LOG 17:59:29.000] Load Cached PNG Texture: RealSolarSystem/Ribbons/Mimas/FirstRover
[LOG 17:59:29.001] Load Cached PNG Texture: RealSolarSystem/Ribbons/Mimas/Landing
[LOG 17:59:29.001] Load Cached PNG Texture: RealSolarSystem/Ribbons/Mimas/OrbitCapsule
[LOG 17:59:29.001] Load Cached PNG Texture: RealSolarSystem/Ribbons/Mimas/OrbitCapsuleDocked
[LOG 17:59:29.001] Load Cached PNG Texture: RealSolarSystem/Ribbons/Mimas/PlantFlag
[LOG 17:59:29.001] Load Cached PNG Texture: RealSolarSystem/Ribbons/Mimas/Rover
[LOG 17:59:29.002] Load Cached PNG Texture: RealSolarSystem/Ribbons/Mimas/SphereOfInfluence
[LOG 17:59:29.002] Load Cached PNG Texture: RealSolarSystem/Ribbons/Miranda/EvaGround
[LOG 17:59:29.002] Load Cached PNG Texture: RealSolarSystem/Ribbons/Miranda/EvaOrbit
[LOG 17:59:29.002] Load Cached PNG Texture: RealSolarSystem/Ribbons/Miranda/EvaSpace
[LOG 17:59:29.003] Load Cached PNG Texture: RealSolarSystem/Ribbons/Miranda/FirstEvaGround
[LOG 17:59:29.003] Load Cached PNG Texture: RealSolarSystem/Ribbons/Miranda/FirstEvaOrbit
[LOG 17:59:29.003] Load Cached PNG Texture: RealSolarSystem/Ribbons/Miranda/FirstEvaSpace
[LOG 17:59:29.003] Load Cached PNG Texture: RealSolarSystem/Ribbons/Miranda/FirstLanding
[LOG 17:59:29.004] Load Cached PNG Texture: RealSolarSystem/Ribbons/Miranda/FirstOrbitCapsule
[LOG 17:59:29.004] Load Cached PNG Texture: RealSolarSystem/Ribbons/Miranda/FirstOrbitCapsuleDocked
[LOG 17:59:29.004] Load Cached PNG Texture: RealSolarSystem/Ribbons/Miranda/FirstPlantFlag
[LOG 17:59:29.004] Load Cached PNG Texture: RealSolarSystem/Ribbons/Miranda/FirstRover
[LOG 17:59:29.005] Load Cached PNG Texture: RealSolarSystem/Ribbons/Miranda/Landing
[LOG 17:59:29.005] Load Cached PNG Texture: RealSolarSystem/Ribbons/Miranda/OrbitCapsule
[LOG 17:59:29.005] Load Cached PNG Texture: RealSolarSystem/Ribbons/Miranda/OrbitCapsuleDocked
[LOG 17:59:29.005] Load Cached PNG Texture: RealSolarSystem/Ribbons/Miranda/PlantFlag
[LOG 17:59:29.007] Load Cached PNG Texture: RealSolarSystem/Ribbons/Miranda/Rover
[LOG 17:59:29.007] Load Cached PNG Texture: RealSolarSystem/Ribbons/Miranda/SphereOfInfluence
[LOG 17:59:29.007] Load Cached PNG Texture: RealSolarSystem/Ribbons/Moon/EvaGround
[LOG 17:59:29.007] Load Cached PNG Texture: RealSolarSystem/Ribbons/Moon/EvaOrbit
[LOG 17:59:29.007] Load Cached PNG Texture: RealSolarSystem/Ribbons/Moon/EvaSpace
[LOG 17:59:29.007] Load Cached PNG Texture: RealSolarSystem/Ribbons/Moon/FirstEvaGround
[LOG 17:59:29.007] Load Cached PNG Texture: RealSolarSystem/Ribbons/Moon/FirstEvaOrbit
[LOG 17:59:29.007] Load Cached PNG Texture: RealSolarSystem/Ribbons/Moon/FirstEvaSpace
[LOG 17:59:29.007] Load Cached PNG Texture: RealSolarSystem/Ribbons/Moon/FirstLanding
[LOG 17:59:29.008] Load Cached PNG Texture: RealSolarSystem/Ribbons/Moon/FirstOrbitCapsule
[LOG 17:59:29.008] Load Cached PNG Texture: RealSolarSystem/Ribbons/Moon/FirstOrbitCapsuleDocked
[LOG 17:59:29.008] Load Cached PNG Texture: RealSolarSystem/Ribbons/Moon/FirstPlantFlag
[LOG 17:59:29.008] Load Cached PNG Texture: RealSolarSystem/Ribbons/Moon/FirstRover
[LOG 17:59:29.008] Load Cached PNG Texture: RealSolarSystem/Ribbons/Moon/Landing
[LOG 17:59:29.009] Load Cached PNG Texture: RealSolarSystem/Ribbons/Moon/OrbitCapsule
[LOG 17:59:29.009] Load Cached PNG Texture: RealSolarSystem/Ribbons/Moon/OrbitCapsuleDocked
[LOG 17:59:29.009] Load Cached PNG Texture: RealSolarSystem/Ribbons/Moon/PlantFlag
[LOG 17:59:29.009] Load Cached PNG Texture: RealSolarSystem/Ribbons/Moon/Rover
[LOG 17:59:29.010] Load Cached PNG Texture: RealSolarSystem/Ribbons/Moon/SphereOfInfluence
[LOG 17:59:29.010] Load Cached PNG Texture: RealSolarSystem/Ribbons/Neptune/Atmosphere
[LOG 17:59:29.010] Load Cached PNG Texture: RealSolarSystem/Ribbons/Neptune/DeepAtmosphere
[LOG 17:59:29.010] Load Cached PNG Texture: RealSolarSystem/Ribbons/Neptune/EvaOrbit
[LOG 17:59:29.010] Load Cached PNG Texture: RealSolarSystem/Ribbons/Neptune/EvaSpace
[LOG 17:59:29.011] Load Cached PNG Texture: RealSolarSystem/Ribbons/Neptune/FirstAtmosphere
[LOG 17:59:29.011] Load Cached PNG Texture: RealSolarSystem/Ribbons/Neptune/FirstEvaOrbit
[LOG 17:59:29.011] Load Cached PNG Texture: RealSolarSystem/Ribbons/Neptune/FirstEvaSpace
[LOG 17:59:29.011] Load Cached PNG Texture: RealSolarSystem/Ribbons/Neptune/FirstOrbitCapsule
[LOG 17:59:29.012] Load Cached PNG Texture: RealSolarSystem/Ribbons/Neptune/FirstOrbitCapsuleDocked
[LOG 17:59:29.012] Load Cached PNG Texture: RealSolarSystem/Ribbons/Neptune/OrbitCapsule
[LOG 17:59:29.012] Load Cached PNG Texture: RealSolarSystem/Ribbons/Neptune/OrbitCapsuleDocked
[LOG 17:59:29.012] Load Cached PNG Texture: RealSolarSystem/Ribbons/Neptune/SphereOfInfluence
[LOG 17:59:29.012] Load Cached PNG Texture: RealSolarSystem/Ribbons/Oberon/EvaGround
[LOG 17:59:29.013] Load Cached PNG Texture: RealSolarSystem/Ribbons/Oberon/EvaOrbit
[LOG 17:59:29.013] Load Cached PNG Texture: RealSolarSystem/Ribbons/Oberon/EvaSpace
[LOG 17:59:29.013] Load Cached PNG Texture: RealSolarSystem/Ribbons/Oberon/FirstEvaGround
[LOG 17:59:29.013] Load Cached PNG Texture: RealSolarSystem/Ribbons/Oberon/FirstEvaOrbit
[LOG 17:59:29.014] Load Cached PNG Texture: RealSolarSystem/Ribbons/Oberon/FirstEvaSpace
[LOG 17:59:29.014] Load Cached PNG Texture: RealSolarSystem/Ribbons/Oberon/FirstLanding
[LOG 17:59:29.014] Load Cached PNG Texture: RealSolarSystem/Ribbons/Oberon/FirstOrbitCapsule
[LOG 17:59:29.014] Load Cached PNG Texture: RealSolarSystem/Ribbons/Oberon/FirstOrbitCapsuleDocked
[LOG 17:59:29.014] Load Cached PNG Texture: RealSolarSystem/Ribbons/Oberon/FirstPlantFlag
[LOG 17:59:29.015] Load Cached PNG Texture: RealSolarSystem/Ribbons/Oberon/FirstRover
[LOG 17:59:29.015] Load Cached PNG Texture: RealSolarSystem/Ribbons/Oberon/Landing
[LOG 17:59:29.015] Load Cached PNG Texture: RealSolarSystem/Ribbons/Oberon/OrbitCapsule
[LOG 17:59:29.015] Load Cached PNG Texture: RealSolarSystem/Ribbons/Oberon/OrbitCapsuleDocked
[LOG 17:59:29.018] Load Cached PNG Texture: RealSolarSystem/Ribbons/Oberon/PlantFlag
[LOG 17:59:29.018] Load Cached PNG Texture: RealSolarSystem/Ribbons/Oberon/Rover
[LOG 17:59:29.018] Load Cached PNG Texture: RealSolarSystem/Ribbons/Oberon/SphereOfInfluence
[LOG 17:59:29.018] Load Cached PNG Texture: RealSolarSystem/Ribbons/Phobos/EvaGround
[LOG 17:59:29.018] Load Cached PNG Texture: RealSolarSystem/Ribbons/Phobos/EvaOrbit
[LOG 17:59:29.018] Load Cached PNG Texture: RealSolarSystem/Ribbons/Phobos/EvaSpace
[LOG 17:59:29.018] Load Cached PNG Texture: RealSolarSystem/Ribbons/Phobos/FirstEvaGround
[LOG 17:59:29.018] Load Cached PNG Texture: RealSolarSystem/Ribbons/Phobos/FirstEvaOrbit
[LOG 17:59:29.019] Load Cached PNG Texture: RealSolarSystem/Ribbons/Phobos/FirstEvaSpace
[LOG 17:59:29.019] Load Cached PNG Texture: RealSolarSystem/Ribbons/Phobos/FirstLanding
[LOG 17:59:29.019] Load Cached PNG Texture: RealSolarSystem/Ribbons/Phobos/FirstOrbitCapsule
[LOG 17:59:29.019] Load Cached PNG Texture: RealSolarSystem/Ribbons/Phobos/FirstOrbitCapsuleDocked
[LOG 17:59:29.019] Load Cached PNG Texture: RealSolarSystem/Ribbons/Phobos/FirstPlantFlag
[LOG 17:59:29.019] Load Cached PNG Texture: RealSolarSystem/Ribbons/Phobos/FirstRover
[LOG 17:59:29.019] Load Cached PNG Texture: RealSolarSystem/Ribbons/Phobos/Landing
[LOG 17:59:29.019] Load Cached PNG Texture: RealSolarSystem/Ribbons/Phobos/OrbitCapsule
[LOG 17:59:29.019] Load Cached PNG Texture: RealSolarSystem/Ribbons/Phobos/OrbitCapsuleDocked
[LOG 17:59:29.019] Load Cached PNG Texture: RealSolarSystem/Ribbons/Phobos/PlantFlag
[LOG 17:59:29.019] Load Cached PNG Texture: RealSolarSystem/Ribbons/Phobos/Rover
[LOG 17:59:29.020] Load Cached PNG Texture: RealSolarSystem/Ribbons/Phobos/SphereOfInfluence
[LOG 17:59:29.020] Load Cached PNG Texture: RealSolarSystem/Ribbons/Pluto/Atmosphere
[LOG 17:59:29.020] Load Cached PNG Texture: RealSolarSystem/Ribbons/Pluto/DeepAtmosphere
[LOG 17:59:29.020] Load Cached PNG Texture: RealSolarSystem/Ribbons/Pluto/EvaGround
[LOG 17:59:29.020] Load Cached PNG Texture: RealSolarSystem/Ribbons/Pluto/EvaOrbit
[LOG 17:59:29.020] Load Cached PNG Texture: RealSolarSystem/Ribbons/Pluto/EvaSpace
[LOG 17:59:29.020] Load Cached PNG Texture: RealSolarSystem/Ribbons/Pluto/FirstAtmosphere
[LOG 17:59:29.021] Load Cached PNG Texture: RealSolarSystem/Ribbons/Pluto/FirstEvaGround
[LOG 17:59:29.027] Load Cached PNG Texture: RealSolarSystem/Ribbons/Pluto/FirstEvaOrbit
[LOG 17:59:29.027] Load Cached PNG Texture: RealSolarSystem/Ribbons/Pluto/FirstEvaSpace
[LOG 17:59:29.027] Load Cached PNG Texture: RealSolarSystem/Ribbons/Pluto/FirstLanding
[LOG 17:59:29.027] Load Cached PNG Texture: RealSolarSystem/Ribbons/Pluto/FirstOrbitCapsule
[LOG 17:59:29.027] Load Cached PNG Texture: RealSolarSystem/Ribbons/Pluto/FirstOrbitCapsuleDocked
[LOG 17:59:29.027] Load Cached PNG Texture: RealSolarSystem/Ribbons/Pluto/FirstPlantFlag
[LOG 17:59:29.028] Load Cached PNG Texture: RealSolarSystem/Ribbons/Pluto/FirstRover
[LOG 17:59:29.028] Load Cached PNG Texture: RealSolarSystem/Ribbons/Pluto/Landing
[LOG 17:59:29.028] Load Cached PNG Texture: RealSolarSystem/Ribbons/Pluto/OrbitCapsule
[LOG 17:59:29.028] Load Cached PNG Texture: RealSolarSystem/Ribbons/Pluto/OrbitCapsuleDocked
[LOG 17:59:29.028] Load Cached PNG Texture: RealSolarSystem/Ribbons/Pluto/PlantFlag
[LOG 17:59:29.028] Load Cached PNG Texture: RealSolarSystem/Ribbons/Pluto/Rover
[LOG 17:59:29.029] Load Cached PNG Texture: RealSolarSystem/Ribbons/Pluto/SphereOfInfluence
[LOG 17:59:29.029] Load Cached PNG Texture: RealSolarSystem/Ribbons/Rhea/EvaGround
[LOG 17:59:29.029] Load Cached PNG Texture: RealSolarSystem/Ribbons/Rhea/EvaOrbit
[LOG 17:59:29.029] Load Cached PNG Texture: RealSolarSystem/Ribbons/Rhea/EvaSpace
[LOG 17:59:29.029] Load Cached PNG Texture: RealSolarSystem/Ribbons/Rhea/FirstEvaGround
[LOG 17:59:29.029] Load Cached PNG Texture: RealSolarSystem/Ribbons/Rhea/FirstEvaOrbit
[LOG 17:59:29.036] Load Cached PNG Texture: RealSolarSystem/Ribbons/Rhea/FirstEvaSpace
[LOG 17:59:29.036] Load Cached PNG Texture: RealSolarSystem/Ribbons/Rhea/FirstLanding
[LOG 17:59:29.036] Load Cached PNG Texture: RealSolarSystem/Ribbons/Rhea/FirstOrbitCapsule
[LOG 17:59:29.042] Load Cached PNG Texture: RealSolarSystem/Ribbons/Rhea/FirstOrbitCapsuleDocked
[LOG 17:59:29.042] Load Cached PNG Texture: RealSolarSystem/Ribbons/Rhea/FirstPlantFlag
[LOG 17:59:29.042] Load Cached PNG Texture: RealSolarSystem/Ribbons/Rhea/FirstRover
[LOG 17:59:29.042] Load Cached PNG Texture: RealSolarSystem/Ribbons/Rhea/Landing
[LOG 17:59:29.042] Load Cached PNG Texture: RealSolarSystem/Ribbons/Rhea/OrbitCapsule
[LOG 17:59:29.043] Load Cached PNG Texture: RealSolarSystem/Ribbons/Rhea/OrbitCapsuleDocked
[LOG 17:59:29.043] Load Cached PNG Texture: RealSolarSystem/Ribbons/Rhea/PlantFlag
[LOG 17:59:29.043] Load Cached PNG Texture: RealSolarSystem/Ribbons/Rhea/Rover
[LOG 17:59:29.043] Load Cached PNG Texture: RealSolarSystem/Ribbons/Rhea/SphereOfInfluence
[LOG 17:59:29.043] Load Cached PNG Texture: RealSolarSystem/Ribbons/Saturn/Atmosphere
[LOG 17:59:29.044] Load Cached PNG Texture: RealSolarSystem/Ribbons/Saturn/DeepAtmosphere
[LOG 17:59:29.044] Load Cached PNG Texture: RealSolarSystem/Ribbons/Saturn/EvaOrbit
[LOG 17:59:29.044] Load Cached PNG Texture: RealSolarSystem/Ribbons/Saturn/EvaSpace
[LOG 17:59:29.044] Load Cached PNG Texture: RealSolarSystem/Ribbons/Saturn/FirstAtmosphere
[LOG 17:59:29.044] Load Cached PNG Texture: RealSolarSystem/Ribbons/Saturn/FirstEvaOrbit
[LOG 17:59:29.044] Load Cached PNG Texture: RealSolarSystem/Ribbons/Saturn/FirstEvaSpace
[LOG 17:59:29.045] Load Cached PNG Texture: RealSolarSystem/Ribbons/Saturn/FirstOrbitCapsule
[LOG 17:59:29.045] Load Cached PNG Texture: RealSolarSystem/Ribbons/Saturn/FirstOrbitCapsuleDocked
[LOG 17:59:29.045] Load Cached PNG Texture: RealSolarSystem/Ribbons/Saturn/OrbitCapsule
[LOG 17:59:29.046] Load Cached PNG Texture: RealSolarSystem/Ribbons/Saturn/OrbitCapsuleDocked
[LOG 17:59:29.046] Load Cached PNG Texture: RealSolarSystem/Ribbons/Saturn/SphereOfInfluence
[LOG 17:59:29.046] Load Cached PNG Texture: RealSolarSystem/Ribbons/Sol/Atmosphere
[LOG 17:59:29.048] Load Cached PNG Texture: RealSolarSystem/Ribbons/Sol/CloserSolarOrbit
[LOG 17:59:29.048] Load Cached PNG Texture: RealSolarSystem/Ribbons/Sol/DeepAtmosphere
[LOG 17:59:29.048] Load Cached PNG Texture: RealSolarSystem/Ribbons/Sol/EvaOrbit
[LOG 17:59:29.048] Load Cached PNG Texture: RealSolarSystem/Ribbons/Sol/EvaSpace
[LOG 17:59:29.048] Load Cached PNG Texture: RealSolarSystem/Ribbons/Sol/FirstAtmosphere
[LOG 17:59:29.049] Load Cached PNG Texture: RealSolarSystem/Ribbons/Sol/FirstCloserSolarOrbit
[LOG 17:59:29.049] Load Cached PNG Texture: RealSolarSystem/Ribbons/Sol/FirstEvaOrbit
[LOG 17:59:29.049] Load Cached PNG Texture: RealSolarSystem/Ribbons/Sol/FirstEvaSpace
[LOG 17:59:29.049] Load Cached PNG Texture: RealSolarSystem/Ribbons/Sol/FirstOrbitCapsule
[LOG 17:59:29.049] Load Cached PNG Texture: RealSolarSystem/Ribbons/Sol/FirstOrbitCapsuleDocked
[LOG 17:59:29.052] Load Cached PNG Texture: RealSolarSystem/Ribbons/Sol/OrbitCapsule
[LOG 17:59:29.052] Load Cached PNG Texture: RealSolarSystem/Ribbons/Sol/OrbitCapsuleDocked
[LOG 17:59:29.052] Load Cached PNG Texture: RealSolarSystem/Ribbons/Sol/SphereOfInfluence
[LOG 17:59:29.052] Load Cached PNG Texture: RealSolarSystem/Ribbons/Tethys/EvaGround
[LOG 17:59:29.052] Load Cached PNG Texture: RealSolarSystem/Ribbons/Tethys/EvaOrbit
[LOG 17:59:29.052] Load Cached PNG Texture: RealSolarSystem/Ribbons/Tethys/EvaSpace
[LOG 17:59:29.052] Load Cached PNG Texture: RealSolarSystem/Ribbons/Tethys/FirstEvaGround
[LOG 17:59:29.052] Load Cached PNG Texture: RealSolarSystem/Ribbons/Tethys/FirstEvaOrbit
[LOG 17:59:29.052] Load Cached PNG Texture: RealSolarSystem/Ribbons/Tethys/FirstEvaSpace
[LOG 17:59:29.053] Load Cached PNG Texture: RealSolarSystem/Ribbons/Tethys/FirstLanding
[LOG 17:59:29.053] Load Cached PNG Texture: RealSolarSystem/Ribbons/Tethys/FirstOrbitCapsule
[LOG 17:59:29.053] Load Cached PNG Texture: RealSolarSystem/Ribbons/Tethys/FirstOrbitCapsuleDocked
[LOG 17:59:29.053] Load Cached PNG Texture: RealSolarSystem/Ribbons/Tethys/FirstPlantFlag
[LOG 17:59:29.053] Load Cached PNG Texture: RealSolarSystem/Ribbons/Tethys/FirstRover
[LOG 17:59:29.053] Load Cached PNG Texture: RealSolarSystem/Ribbons/Tethys/Landing
[LOG 17:59:29.053] Load Cached PNG Texture: RealSolarSystem/Ribbons/Tethys/OrbitCapsule
[LOG 17:59:29.054] Load Cached PNG Texture: RealSolarSystem/Ribbons/Tethys/OrbitCapsuleDocked
[LOG 17:59:29.054] Load Cached PNG Texture: RealSolarSystem/Ribbons/Tethys/PlantFlag
[LOG 17:59:29.054] Load Cached PNG Texture: RealSolarSystem/Ribbons/Tethys/Rover
[LOG 17:59:29.054] Load Cached PNG Texture: RealSolarSystem/Ribbons/Tethys/SphereOfInfluence
[LOG 17:59:29.054] Load Cached PNG Texture: RealSolarSystem/Ribbons/Titan/Atmosphere
[LOG 17:59:29.055] Load Cached PNG Texture: RealSolarSystem/Ribbons/Titan/DeepAtmosphere
[LOG 17:59:29.055] Load Cached PNG Texture: RealSolarSystem/Ribbons/Titan/EvaGround
[LOG 17:59:29.055] Load Cached PNG Texture: RealSolarSystem/Ribbons/Titan/EvaOrbit
[LOG 17:59:29.055] Load Cached PNG Texture: RealSolarSystem/Ribbons/Titan/EvaSpace
[LOG 17:59:29.055] Load Cached PNG Texture: RealSolarSystem/Ribbons/Titan/FirstAtmosphere
[LOG 17:59:29.056] Load Cached PNG Texture: RealSolarSystem/Ribbons/Titan/FirstEvaGround
[LOG 17:59:29.056] Load Cached PNG Texture: RealSolarSystem/Ribbons/Titan/FirstEvaOrbit
[LOG 17:59:29.056] Load Cached PNG Texture: RealSolarSystem/Ribbons/Titan/FirstEvaSpace
[LOG 17:59:29.056] Load Cached PNG Texture: RealSolarSystem/Ribbons/Titan/FirstLanding
[LOG 17:59:29.058] Load Cached PNG Texture: RealSolarSystem/Ribbons/Titan/FirstOrbitCapsule
[LOG 17:59:29.058] Load Cached PNG Texture: RealSolarSystem/Ribbons/Titan/FirstOrbitCapsuleDocked
[LOG 17:59:29.058] Load Cached PNG Texture: RealSolarSystem/Ribbons/Titan/FirstPlantFlag
[LOG 17:59:29.058] Load Cached PNG Texture: RealSolarSystem/Ribbons/Titan/FirstRover
[LOG 17:59:29.058] Load Cached PNG Texture: RealSolarSystem/Ribbons/Titan/Landing
[LOG 17:59:29.058] Load Cached PNG Texture: RealSolarSystem/Ribbons/Titan/OrbitCapsule
[LOG 17:59:29.059] Load Cached PNG Texture: RealSolarSystem/Ribbons/Titan/OrbitCapsuleDocked
[LOG 17:59:29.059] Load Cached PNG Texture: RealSolarSystem/Ribbons/Titan/PlantFlag
[LOG 17:59:29.059] Load Cached PNG Texture: RealSolarSystem/Ribbons/Titan/Rover
[LOG 17:59:29.059] Load Cached PNG Texture: RealSolarSystem/Ribbons/Titan/SphereOfInfluence
[LOG 17:59:29.059] Load Cached PNG Texture: RealSolarSystem/Ribbons/Titania/EvaGround
[LOG 17:59:29.059] Load Cached PNG Texture: RealSolarSystem/Ribbons/Titania/EvaOrbit
[LOG 17:59:29.060] Load Cached PNG Texture: RealSolarSystem/Ribbons/Titania/EvaSpace
[LOG 17:59:29.060] Load Cached PNG Texture: RealSolarSystem/Ribbons/Titania/FirstEvaGround
[LOG 17:59:29.060] Load Cached PNG Texture: RealSolarSystem/Ribbons/Titania/FirstEvaOrbit
[LOG 17:59:29.060] Load Cached PNG Texture: RealSolarSystem/Ribbons/Titania/FirstEvaSpace
[LOG 17:59:29.060] Load Cached PNG Texture: RealSolarSystem/Ribbons/Titania/FirstLanding
[LOG 17:59:29.060] Load Cached PNG Texture: RealSolarSystem/Ribbons/Titania/FirstOrbitCapsule
[LOG 17:59:29.061] Load Cached PNG Texture: RealSolarSystem/Ribbons/Titania/FirstOrbitCapsuleDocked
[LOG 17:59:29.061] Load Cached PNG Texture: RealSolarSystem/Ribbons/Titania/FirstPlantFlag
[LOG 17:59:29.061] Load Cached PNG Texture: RealSolarSystem/Ribbons/Titania/FirstRover
[LOG 17:59:29.061] Load Cached PNG Texture: RealSolarSystem/Ribbons/Titania/Landing
[LOG 17:59:29.061] Load Cached PNG Texture: RealSolarSystem/Ribbons/Titania/OrbitCapsule
[LOG 17:59:29.062] Load Cached PNG Texture: RealSolarSystem/Ribbons/Titania/OrbitCapsuleDocked
[LOG 17:59:29.062] Load Cached PNG Texture: RealSolarSystem/Ribbons/Titania/PlantFlag
[LOG 17:59:29.062] Load Cached PNG Texture: RealSolarSystem/Ribbons/Titania/Rover
[LOG 17:59:29.062] Load Cached PNG Texture: RealSolarSystem/Ribbons/Titania/SphereOfInfluence
[LOG 17:59:29.062] Load Cached PNG Texture: RealSolarSystem/Ribbons/Triton/Atmosphere
[LOG 17:59:29.062] Load Cached PNG Texture: RealSolarSystem/Ribbons/Triton/DeepAtmosphere
[LOG 17:59:29.063] Load Cached PNG Texture: RealSolarSystem/Ribbons/Triton/EvaGround
[LOG 17:59:29.063] Load Cached PNG Texture: RealSolarSystem/Ribbons/Triton/EvaOrbit
[LOG 17:59:29.063] Load Cached PNG Texture: RealSolarSystem/Ribbons/Triton/EvaSpace
[LOG 17:59:29.063] Load Cached PNG Texture: RealSolarSystem/Ribbons/Triton/FirstAtmosphere
[LOG 17:59:29.063] Load Cached PNG Texture: RealSolarSystem/Ribbons/Triton/FirstEvaGround
[LOG 17:59:29.063] Load Cached PNG Texture: RealSolarSystem/Ribbons/Triton/FirstEvaOrbit
[LOG 17:59:29.064] Load Cached PNG Texture: RealSolarSystem/Ribbons/Triton/FirstEvaSpace
[LOG 17:59:29.064] Load Cached PNG Texture: RealSolarSystem/Ribbons/Triton/FirstLanding
[LOG 17:59:29.064] Load Cached PNG Texture: RealSolarSystem/Ribbons/Triton/FirstOrbitCapsule
[LOG 17:59:29.064] Load Cached PNG Texture: RealSolarSystem/Ribbons/Triton/FirstOrbitCapsuleDocked
[LOG 17:59:29.064] Load Cached PNG Texture: RealSolarSystem/Ribbons/Triton/FirstPlantFlag
[LOG 17:59:29.064] Load Cached PNG Texture: RealSolarSystem/Ribbons/Triton/FirstRover
[LOG 17:59:29.065] Load Cached PNG Texture: RealSolarSystem/Ribbons/Triton/Landing
[LOG 17:59:29.065] Load Cached PNG Texture: RealSolarSystem/Ribbons/Triton/OrbitCapsule
[LOG 17:59:29.065] Load Cached PNG Texture: RealSolarSystem/Ribbons/Triton/OrbitCapsuleDocked
[LOG 17:59:29.065] Load Cached PNG Texture: RealSolarSystem/Ribbons/Triton/PlantFlag
[LOG 17:59:29.065] Load Cached PNG Texture: RealSolarSystem/Ribbons/Triton/Rover
[LOG 17:59:29.065] Load Cached PNG Texture: RealSolarSystem/Ribbons/Triton/SphereOfInfluence
[LOG 17:59:29.066] Load Cached PNG Texture: RealSolarSystem/Ribbons/Umbriel/EvaGround
[LOG 17:59:29.066] Load Cached PNG Texture: RealSolarSystem/Ribbons/Umbriel/EvaOrbit
[LOG 17:59:29.066] Load Cached PNG Texture: RealSolarSystem/Ribbons/Umbriel/EvaSpace
[LOG 17:59:29.069] Load Cached PNG Texture: RealSolarSystem/Ribbons/Umbriel/FirstEvaGround
[LOG 17:59:29.069] Load Cached PNG Texture: RealSolarSystem/Ribbons/Umbriel/FirstEvaOrbit
[LOG 17:59:29.069] Load Cached PNG Texture: RealSolarSystem/Ribbons/Umbriel/FirstEvaSpace
[LOG 17:59:29.069] Load Cached PNG Texture: RealSolarSystem/Ribbons/Umbriel/FirstLanding
[LOG 17:59:29.069] Load Cached PNG Texture: RealSolarSystem/Ribbons/Umbriel/FirstOrbitCapsule
[LOG 17:59:29.069] Load Cached PNG Texture: RealSolarSystem/Ribbons/Umbriel/FirstOrbitCapsuleDocked
[LOG 17:59:29.070] Load Cached PNG Texture: RealSolarSystem/Ribbons/Umbriel/FirstPlantFlag
[LOG 17:59:29.070] Load Cached PNG Texture: RealSolarSystem/Ribbons/Umbriel/FirstRover
[LOG 17:59:29.070] Load Cached PNG Texture: RealSolarSystem/Ribbons/Umbriel/Landing
[LOG 17:59:29.070] Load Cached PNG Texture: RealSolarSystem/Ribbons/Umbriel/OrbitCapsule
[LOG 17:59:29.072] Load Cached PNG Texture: RealSolarSystem/Ribbons/Umbriel/OrbitCapsuleDocked
[LOG 17:59:29.072] Load Cached PNG Texture: RealSolarSystem/Ribbons/Umbriel/PlantFlag
[LOG 17:59:29.072] Load Cached PNG Texture: RealSolarSystem/Ribbons/Umbriel/Rover
[LOG 17:59:29.072] Load Cached PNG Texture: RealSolarSystem/Ribbons/Umbriel/SphereOfInfluence
[LOG 17:59:29.072] Load Cached PNG Texture: RealSolarSystem/Ribbons/Uranus/Atmosphere
[LOG 17:59:29.072] Load Cached PNG Texture: RealSolarSystem/Ribbons/Uranus/DeepAtmosphere
[LOG 17:59:29.073] Load Cached PNG Texture: RealSolarSystem/Ribbons/Uranus/EvaOrbit
[LOG 17:59:29.073] Load Cached PNG Texture: RealSolarSystem/Ribbons/Uranus/EvaSpace
[LOG 17:59:29.073] Load Cached PNG Texture: RealSolarSystem/Ribbons/Uranus/FirstAtmosphere
[LOG 17:59:29.073] Load Cached PNG Texture: RealSolarSystem/Ribbons/Uranus/FirstEvaOrbit
[LOG 17:59:29.073] Load Cached PNG Texture: RealSolarSystem/Ribbons/Uranus/FirstEvaSpace
[LOG 17:59:29.073] Load Cached PNG Texture: RealSolarSystem/Ribbons/Uranus/FirstOrbitCapsule
[LOG 17:59:29.074] Load Cached PNG Texture: RealSolarSystem/Ribbons/Uranus/FirstOrbitCapsuleDocked
[LOG 17:59:29.076] Load Cached PNG Texture: RealSolarSystem/Ribbons/Uranus/OrbitCapsule
[LOG 17:59:29.076] Load Cached PNG Texture: RealSolarSystem/Ribbons/Uranus/OrbitCapsuleDocked
[LOG 17:59:29.080] Load Cached PNG Texture: RealSolarSystem/Ribbons/Uranus/SphereOfInfluence
[LOG 17:59:29.080] Load Cached PNG Texture: RealSolarSystem/Ribbons/Venus/Atmosphere
[LOG 17:59:29.080] Load Cached PNG Texture: RealSolarSystem/Ribbons/Venus/DeepAtmosphere
[LOG 17:59:29.080] Load Cached PNG Texture: RealSolarSystem/Ribbons/Venus/EvaGround
[LOG 17:59:29.080] Load Cached PNG Texture: RealSolarSystem/Ribbons/Venus/EvaOrbit
[LOG 17:59:29.080] Load Cached PNG Texture: RealSolarSystem/Ribbons/Venus/EvaSpace
[LOG 17:59:29.081] Load Cached PNG Texture: RealSolarSystem/Ribbons/Venus/FirstAtmosphere
[LOG 17:59:29.081] Load Cached PNG Texture: RealSolarSystem/Ribbons/Venus/FirstEvaGround
[LOG 17:59:29.081] Load Cached PNG Texture: RealSolarSystem/Ribbons/Venus/FirstEvaOrbit
[LOG 17:59:29.081] Load Cached PNG Texture: RealSolarSystem/Ribbons/Venus/FirstEvaSpace
[LOG 17:59:29.081] Load Cached PNG Texture: RealSolarSystem/Ribbons/Venus/FirstLanding
[LOG 17:59:29.082] Load Cached PNG Texture: RealSolarSystem/Ribbons/Venus/FirstOrbitCapsule
[LOG 17:59:29.082] Load Cached PNG Texture: RealSolarSystem/Ribbons/Venus/FirstOrbitCapsuleDocked
[LOG 17:59:29.085] Load Cached PNG Texture: RealSolarSystem/Ribbons/Venus/FirstPlantFlag
[LOG 17:59:29.087] Load Cached PNG Texture: RealSolarSystem/Ribbons/Venus/FirstRover
[LOG 17:59:29.087] Load Cached PNG Texture: RealSolarSystem/Ribbons/Venus/Landing
[LOG 17:59:29.087] Load Cached PNG Texture: RealSolarSystem/Ribbons/Venus/OrbitCapsule
[LOG 17:59:29.087] Load Cached PNG Texture: RealSolarSystem/Ribbons/Venus/OrbitCapsuleDocked
[LOG 17:59:29.087] Load Cached PNG Texture: RealSolarSystem/Ribbons/Venus/PlantFlag
[LOG 17:59:29.087] Load Cached PNG Texture: RealSolarSystem/Ribbons/Venus/Rover
[LOG 17:59:29.087] Load Cached PNG Texture: RealSolarSystem/Ribbons/Venus/SphereOfInfluence
[LOG 17:59:29.088] Load Cached PNG Texture: RealSolarSystem/Ribbons/Vesta/EvaGround
[LOG 17:59:29.088] Load Cached PNG Texture: RealSolarSystem/Ribbons/Vesta/EvaOrbit
[LOG 17:59:29.088] Load Cached PNG Texture: RealSolarSystem/Ribbons/Vesta/EvaSpace
[LOG 17:59:29.088] Load Cached PNG Texture: RealSolarSystem/Ribbons/Vesta/FirstEvaGround
[LOG 17:59:29.088] Load Cached PNG Texture: RealSolarSystem/Ribbons/Vesta/FirstEvaOrbit
[LOG 17:59:29.088] Load Cached PNG Texture: RealSolarSystem/Ribbons/Vesta/FirstEvaSpace
[LOG 17:59:29.088] Load Cached PNG Texture: RealSolarSystem/Ribbons/Vesta/FirstLanding
[LOG 17:59:29.088] Load Cached PNG Texture: RealSolarSystem/Ribbons/Vesta/FirstOrbitCapsule
[LOG 17:59:29.088] Load Cached PNG Texture: RealSolarSystem/Ribbons/Vesta/FirstOrbitCapsuleDocked
[LOG 17:59:29.088] Load Cached PNG Texture: RealSolarSystem/Ribbons/Vesta/FirstPlantFlag
[LOG 17:59:29.088] Load Cached PNG Texture: RealSolarSystem/Ribbons/Vesta/FirstRover
[LOG 17:59:29.089] Load Cached PNG Texture: RealSolarSystem/Ribbons/Vesta/Landing
[LOG 17:59:29.089] Load Cached PNG Texture: RealSolarSystem/Ribbons/Vesta/OrbitCapsule
[LOG 17:59:29.089] Load Cached PNG Texture: RealSolarSystem/Ribbons/Vesta/OrbitCapsuleDocked
[LOG 17:59:29.089] Load Cached PNG Texture: RealSolarSystem/Ribbons/Vesta/PlantFlag
[LOG 17:59:29.089] Load Cached PNG Texture: RealSolarSystem/Ribbons/Vesta/Rover
[LOG 17:59:29.089] Load Cached PNG Texture: RealSolarSystem/Ribbons/Vesta/SphereOfInfluence
[LOG 17:59:29.093] Load DDS texture: RSS-Textures/EarthColor
[LOG 17:59:29.097] Load DDS texture: RSS-Textures/Earth_NRM
[LOG 17:59:29.103] Load DDS texture: RSS-Textures/MoonColor
[LOG 17:59:29.105] Load DDS texture: RSS-Textures/Moon_NRM
[LOG 17:59:29.108] Load DDS texture: Squad/Agencies/C7AerospaceDivision
[LOG 17:59:29.108] Load TRUECOLOR texture: Squad/Agencies/C7AerospaceDivision_scaled
[LOG 17:59:29.108] Load DDS texture: Squad/Agencies/DinkelsteinKermansConstructionEmporium
[LOG 17:59:29.109] Load TRUECOLOR texture: Squad/Agencies/DinkelsteinKermansConstructionEmporium_scaled
[LOG 17:59:29.109] Load DDS texture: Squad/Agencies/ExperimentalEngineering
[LOG 17:59:29.109] Load TRUECOLOR texture: Squad/Agencies/ExperimentalEngineering_scaled
[LOG 17:59:29.109] Load DDS texture: Squad/Agencies/FlooydResearchLab
[LOG 17:59:29.110] Load TRUECOLOR texture: Squad/Agencies/FlooydResearchLab_scaled
[LOG 17:59:29.110] Load DDS texture: Squad/Agencies/GoliathNationalProducts
[LOG 17:59:29.110] Load TRUECOLOR texture: Squad/Agencies/GoliathNationalProducts_scaled
[LOG 17:59:29.111] Load DDS texture: Squad/Agencies/IntegratedIntegrals
[LOG 17:59:29.111] Load TRUECOLOR texture: Squad/Agencies/IntegratedIntegrals_scaled
[LOG 17:59:29.111] Load DDS texture: Squad/Agencies/IonicSymphonicProtonicElectronics
[LOG 17:59:29.111] Load TRUECOLOR texture: Squad/Agencies/IonicSymphonicProtonicElectronics_scaled
[LOG 17:59:29.112] Load DDS texture: Squad/Agencies/JebsJunkyard
[LOG 17:59:29.112] Load TRUECOLOR texture: Squad/Agencies/JebsJunkyard_scaled
[LOG 17:59:29.112] Load DDS texture: Squad/Agencies/KerbalMotion
[LOG 17:59:29.113] Load TRUECOLOR texture: Squad/Agencies/KerbalMotion_scaled
[LOG 17:59:29.113] Load DDS texture: Squad/Agencies/KerbinWorldFirstRecordKeepingSociety
[LOG 17:59:29.113] Load TRUECOLOR texture: Squad/Agencies/KerbinWorldFirstRecordKeepingSociety_scaled
[LOG 17:59:29.113] Load DDS texture: Squad/Agencies/Kerbodyne
[LOG 17:59:29.113] Load TRUECOLOR texture: Squad/Agencies/Kerbodyne_scaled
[LOG 17:59:29.114] Load DDS texture: Squad/Agencies/Kerlington
[LOG 17:59:29.114] Load TRUECOLOR texture: Squad/Agencies/Kerlington_scaled
[LOG 17:59:29.114] Load DDS texture: Squad/Agencies/MaxoConstructionToys
[LOG 17:59:29.114] Load TRUECOLOR texture: Squad/Agencies/MaxoConstructionToys_scaled
[LOG 17:59:29.114] Load DDS texture: Squad/Agencies/MovingPartsExpertsGroup
[LOG 17:59:29.115] Load TRUECOLOR texture: Squad/Agencies/MovingPartsExpertsGroup_scaled
[LOG 17:59:29.115] Load DDS texture: Squad/Agencies/OMBDemolition
[LOG 17:59:29.115] Load TRUECOLOR texture: Squad/Agencies/OMBDemolition_scaled
[LOG 17:59:29.116] Load DDS texture: Squad/Agencies/PeriapsisCo
[LOG 17:59:29.117] Load TRUECOLOR texture: Squad/Agencies/PeriapsisCo_scaled
[LOG 17:59:29.117] Load DDS texture: Squad/Agencies/Probodobodyne
[LOG 17:59:29.117] Load TRUECOLOR texture: Squad/Agencies/Probodobodyne_scaled
[LOG 17:59:29.117] Load DDS texture: Squad/Agencies/R&D
[LOG 17:59:29.117] Load TRUECOLOR texture: Squad/Agencies/R&D_scaled
[LOG 17:59:29.118] Load DDS texture: Squad/Agencies/ReactionSystemsLtd
[LOG 17:59:29.118] Load TRUECOLOR texture: Squad/Agencies/ReactionSystemsLtd_scaled
[LOG 17:59:29.121] Load DDS texture: Squad/Agencies/Rockomax
[LOG 17:59:29.121] Load TRUECOLOR texture: Squad/Agencies/Rockomax_scaled
[LOG 17:59:29.121] Load DDS texture: Squad/Agencies/Rokea
[LOG 17:59:29.121] Load TRUECOLOR texture: Squad/Agencies/Rokea_scaled
[LOG 17:59:29.121] Load DDS texture: Squad/Agencies/SeansCannery
[LOG 17:59:29.121] Load TRUECOLOR texture: Squad/Agencies/SeansCannery_scaled
[LOG 17:59:29.122] Load DDS texture: Squad/Agencies/SteadlerEngineeringCorps
[LOG 17:59:29.122] Load TRUECOLOR texture: Squad/Agencies/SteadlerEngineeringCorps_scaled
[LOG 17:59:29.122] Load DDS texture: Squad/Agencies/StrutCo
[LOG 17:59:29.122] Load TRUECOLOR texture: Squad/Agencies/StrutCo_scaled
[LOG 17:59:29.123] Load DDS texture: Squad/Agencies/Vac-Co
[LOG 17:59:29.123] Load TRUECOLOR texture: Squad/Agencies/Vac-Co_scaled
[LOG 17:59:29.123] Load DDS texture: Squad/Agencies/WinterOwl
[LOG 17:59:29.123] Load TRUECOLOR texture: Squad/Agencies/WinterOwl_scaled
[LOG 17:59:29.123] Load DDS texture: Squad/Agencies/ZaltonicElectronics
[LOG 17:59:29.124] Load TRUECOLOR texture: Squad/Agencies/ZaltonicElectronics_scaled
[LOG 17:59:29.124] Load Cached PNG Texture: Squad/Alarms/Icons/ap
[LOG 17:59:29.124] Load Cached PNG Texture: Squad/Alarms/Icons/default
[LOG 17:59:29.124] Load Cached PNG Texture: Squad/Alarms/Icons/maneuver
[LOG 17:59:29.124] Load Cached PNG Texture: Squad/Alarms/Icons/pe
[LOG 17:59:29.124] Load Cached PNG Texture: Squad/Alarms/Icons/raw
[LOG 17:59:29.125] Load Cached PNG Texture: Squad/Alarms/Icons/soi
[LOG 17:59:29.125] Load Cached PNG Texture: Squad/Alarms/Icons/xfer
[LOG 17:59:29.125] Load DDS texture: Squad/Contracts/Icons/balloon
[LOG 17:59:29.125] Load DDS texture: Squad/Contracts/Icons/custom
[LOG 17:59:29.125] Load DDS texture: Squad/Contracts/Icons/default
[LOG 17:59:29.125] Load DDS texture: Squad/Contracts/Icons/dish
[LOG 17:59:29.125] Load DDS texture: Squad/Contracts/Icons/eva
[LOG 17:59:29.125] Load DDS texture: Squad/Contracts/Icons/gravity
[LOG 17:59:29.125] Load Cached PNG Texture: Squad/Contracts/Icons/ksc
[LOG 17:59:29.125] Load DDS texture: Squad/Contracts/Icons/launchsite
[LOG 17:59:29.126] Load DDS texture: Squad/Contracts/Icons/marker
[LOG 17:59:29.126] Load DDS texture: Squad/Contracts/Icons/pressure
[LOG 17:59:29.126] Load DDS texture: Squad/Contracts/Icons/report
[LOG 17:59:29.126] Load DDS texture: Squad/Contracts/Icons/runway
[LOG 17:59:29.126] Load DDS texture: Squad/Contracts/Icons/sample
[LOG 17:59:29.126] Load DDS texture: Squad/Contracts/Icons/seismic
[LOG 17:59:29.126] Load DDS texture: Squad/Contracts/Icons/thermometer
[LOG 17:59:29.126] Load DDS texture: Squad/Contracts/Icons/vessel
[LOG 17:59:29.126] Load Cached PNG Texture: Squad/Flags/09
[LOG 17:59:29.126] Load Cached PNG Texture: Squad/Flags/blorbs
[LOG 17:59:29.127] Load Cached PNG Texture: Squad/Flags/bullseye
[LOG 17:59:29.127] Load Cached PNG Texture: Squad/Flags/capsule
[LOG 17:59:29.127] Load Cached PNG Texture: Squad/Flags/circles
[LOG 17:59:29.127] Load Cached PNG Texture: Squad/Flags/default
[LOG 17:59:29.127] Load Cached PNG Texture: Squad/Flags/hexagon
[LOG 17:59:29.128] Load Cached PNG Texture: Squad/Flags/hexagonCircles
[LOG 17:59:29.128] Load Cached PNG Texture: Squad/Flags/kerbal1
[LOG 17:59:29.128] Load Cached PNG Texture: Squad/Flags/kerbal2
[LOG 17:59:29.128] Load Cached PNG Texture: Squad/Flags/kerbin
[LOG 17:59:29.129] Load Cached PNG Texture: Squad/Flags/kerbinmunflag
[LOG 17:59:29.129] Load Cached PNG Texture: Squad/Flags/line
[LOG 17:59:29.129] Load Cached PNG Texture: Squad/Flags/minimalistic
[LOG 17:59:29.130] Load Cached PNG Texture: Squad/Flags/orbit
[LOG 17:59:29.130] Load Cached PNG Texture: Squad/Flags/orbs
[LOG 17:59:29.130] Load Cached PNG Texture: Squad/Flags/retro
[LOG 17:59:29.130] Load Cached PNG Texture: Squad/Flags/rings
[LOG 17:59:29.131] Load Cached PNG Texture: Squad/Flags/rocketScience
[LOG 17:59:29.131] Load Cached PNG Texture: Squad/Flags/satellite
[LOG 17:59:29.131] Load Cached PNG Texture: Squad/Flags/Sentinel_Flag
[LOG 17:59:29.131] Load Cached PNG Texture: Squad/Flags/spheres
[LOG 17:59:29.132] Load Cached PNG Texture: Squad/Flags/squadLogo
[LOG 17:59:29.132] Load Cached PNG Texture: Squad/Flags/squadLogo2
[LOG 17:59:29.132] Load Cached PNG Texture: Squad/Flags/stripes
[LOG 17:59:29.132] Load Cached PNG Texture: Squad/Flags/trees
[LOG 17:59:29.133] Load Cached PNG Texture: Squad/Flags/trippy
[LOG 17:59:29.133] Load Cached PNG Texture: Squad/FlagsAgency/esa_dark_blue
[LOG 17:59:29.133] Load Cached PNG Texture: Squad/FlagsAgency/NASA
[LOG 17:59:29.133] Load Cached PNG Texture: Squad/FlagsAgency/uk_space_agency
[LOG 17:59:29.134] Load Cached PNG Texture: Squad/FlagsOrganization/B612_Foundation_flag
[LOG 17:59:29.134] Load Cached PNG Texture: Squad/FlagsOrganization/electron
[LOG 17:59:29.134] Load Cached PNG Texture: Squad/FlagsOrganization/ESA_Arianespace
[LOG 17:59:29.138] Load Cached PNG Texture: Squad/FlagsOrganization/rocketlab
[LOG 17:59:29.138] Load DDS texture: Squad/FX/DiamondBlue
[LOG 17:59:29.138] Load DDS texture: Squad/FX/FlameBlueOrange
[LOG 17:59:29.139] Load DDS texture: Squad/FX/FlamePurple
[LOG 17:59:29.139] Load DDS texture: Squad/FX/FlameRed
[LOG 17:59:29.139] Load DDS texture: Squad/FX/FlameRedOrange
[LOG 17:59:29.139] Load DDS texture: Squad/FX/Monoprop
[LOG 17:59:29.139] Load DDS texture: Squad/FX/plasma2
[LOG 17:59:29.139] Load DDS texture: Squad/FX/rocketplume2
[LOG 17:59:29.140] Load DDS texture: Squad/FX/shockDiamond2
[LOG 17:59:29.141] Load DDS texture: Squad/FX/smokepuff1
[LOG 17:59:29.142] Load DDS texture: Squad/Interiors/Administration/AdminBuilding_Lvl1
[LOG 17:59:29.171] Load DDS texture: Squad/Interiors/Administration/AdminBuilding_Lvl2
[LOG 17:59:29.175] Load DDS texture: Squad/Interiors/Administration/AdminBuilding_Lvl3
[LOG 17:59:29.181] Load DDS texture: Squad/MenuProps/MunOrBust
[LOG 17:59:29.183] Load Cached PNG Texture: Squad/Missions/Banners/Fail/default
[LOG 17:59:29.183] Load PNG texture: Squad/Missions/Banners/Menu/default
[WRN 17:59:29.192] Texture isn't eligible for DXT compression, width and height must be multiples of 4
[LOG 17:59:29.192] Load Cached PNG Texture: Squad/Missions/Banners/Success/default
[LOG 17:59:29.193] Load PNG texture: Squad/Missions/ESA-BepiColombo/Banners/Fail/ESA_MB_Fail_01
[WRN 17:59:29.199] Texture isn't eligible for DXT compression, width and height must be multiples of 4
[LOG 17:59:29.199] Load PNG texture: Squad/Missions/ESA-BepiColombo/Banners/Menu/ESA_MB_Select_01
[WRN 17:59:29.208] Texture isn't eligible for DXT compression, width and height must be multiples of 4
[LOG 17:59:29.209] Load PNG texture: Squad/Missions/ESA-BepiColombo/Banners/Success/ESA_MB_Success_01
[WRN 17:59:29.216] Texture isn't eligible for DXT compression, width and height must be multiples of 4
[LOG 17:59:29.216] Load PNG texture: Squad/Missions/ESA-BepiColombo-Short/Banners/Fail/ESA_MB_Fail_01
[WRN 17:59:29.220] Texture isn't eligible for DXT compression, width and height must be multiples of 4
[LOG 17:59:29.220] Load PNG texture: Squad/Missions/ESA-BepiColombo-Short/Banners/Menu/ESA_MB_Select_01
[WRN 17:59:29.223] Texture isn't eligible for DXT compression, width and height must be multiples of 4
[LOG 17:59:29.224] Load PNG texture: Squad/Missions/ESA-BepiColombo-Short/Banners/Success/ESA_MB_Success_01
[WRN 17:59:29.228] Texture isn't eligible for DXT compression, width and height must be multiples of 4
[LOG 17:59:29.228] Load PNG texture: Squad/Missions/ESA-Rosetta/Banners/Fail/ESA_MB_Fail_02
[WRN 17:59:29.233] Texture isn't eligible for DXT compression, width and height must be multiples of 4
[LOG 17:59:29.233] Load PNG texture: Squad/Missions/ESA-Rosetta/Banners/Menu/ESA_MB_Select_02
[WRN 17:59:29.236] Texture isn't eligible for DXT compression, width and height must be multiples of 4
[LOG 17:59:29.236] Load PNG texture: Squad/Missions/ESA-Rosetta/Banners/Success/ESA_MB_Success_02
[WRN 17:59:29.241] Texture isn't eligible for DXT compression, width and height must be multiples of 4
[LOG 17:59:29.241] Load Cached PNG Texture: Squad/PartList/SimpleIcons/ablator
[LOG 17:59:29.241] Load Cached PNG Texture: Squad/PartList/SimpleIcons/active_radiator
[LOG 17:59:29.241] Load Cached PNG Texture: Squad/PartList/SimpleIcons/asteroid_drill
[LOG 17:59:29.242] Load Cached PNG Texture: Squad/PartList/SimpleIcons/cargo_part
[LOG 17:59:29.242] Load Cached PNG Texture: Squad/PartList/SimpleIcons/comet_drill
[LOG 17:59:29.242] Load Cached PNG Texture: Squad/PartList/SimpleIcons/core_heat
[LOG 17:59:29.242] Load Cached PNG Texture: Squad/PartList/SimpleIcons/cs_main
[LOG 17:59:29.242] Load Cached PNG Texture: Squad/PartList/SimpleIcons/cs_mk2
[LOG 17:59:29.242] Load Cached PNG Texture: Squad/PartList/SimpleIcons/cs_mk3
[LOG 17:59:29.242] Load Cached PNG Texture: Squad/PartList/SimpleIcons/cs_size0
[LOG 17:59:29.242] Load Cached PNG Texture: Squad/PartList/SimpleIcons/cs_size1
[LOG 17:59:29.243] Load Cached PNG Texture: Squad/PartList/SimpleIcons/cs_size1p5
[LOG 17:59:29.243] Load Cached PNG Texture: Squad/PartList/SimpleIcons/cs_size2
[LOG 17:59:29.243] Load Cached PNG Texture: Squad/PartList/SimpleIcons/cs_size3
[LOG 17:59:29.243] Load Cached PNG Texture: Squad/PartList/SimpleIcons/cs_size4
[LOG 17:59:29.243] Load Cached PNG Texture: Squad/PartList/SimpleIcons/cs_surface
[LOG 17:59:29.243] Load Cached PNG Texture: Squad/PartList/SimpleIcons/custom_built_fairing
[LOG 17:59:29.243] Load Cached PNG Texture: Squad/PartList/SimpleIcons/deployable_antenna
[LOG 17:59:29.243] Load Cached PNG Texture: Squad/PartList/SimpleIcons/deployable_comms_part
[LOG 17:59:29.243] Load Cached PNG Texture: Squad/PartList/SimpleIcons/deployable_ground_part
[LOG 17:59:29.243] Load Cached PNG Texture: Squad/PartList/SimpleIcons/deployable_part
[LOG 17:59:29.243] Load Cached PNG Texture: Squad/PartList/SimpleIcons/deployable_radiator
[LOG 17:59:29.243] Load Cached PNG Texture: Squad/PartList/SimpleIcons/deployed_science_control_unit
[LOG 17:59:29.244] Load Cached PNG Texture: Squad/PartList/SimpleIcons/deployed_science_experiment
[LOG 17:59:29.244] Load Cached PNG Texture: Squad/PartList/SimpleIcons/deployed_science_part
[LOG 17:59:29.244] Load Cached PNG Texture: Squad/PartList/SimpleIcons/enviro_sensor
[LOG 17:59:29.244] Load Cached PNG Texture: Squad/PartList/SimpleIcons/experience_management
[LOG 17:59:29.244] Load Cached PNG Texture: Squad/PartList/SimpleIcons/fuels_monopropellant
[LOG 17:59:29.244] Load Cached PNG Texture: Squad/PartList/SimpleIcons/fuels_ore
[LOG 17:59:29.244] Load Cached PNG Texture: Squad/PartList/SimpleIcons/fuels_oxidizer
[LOG 17:59:29.244] Load Cached PNG Texture: Squad/PartList/SimpleIcons/fuels_solidfuel
[LOG 17:59:29.247] Load Cached PNG Texture: Squad/PartList/SimpleIcons/fuels_xenongas
[LOG 17:59:29.247] Load Cached PNG Texture: Squad/PartList/SimpleIcons/inventory_part
[LOG 17:59:29.248] Load Cached PNG Texture: Squad/PartList/SimpleIcons/kerbnet_access
[LOG 17:59:29.248] Load Cached PNG Texture: Squad/PartList/SimpleIcons/number1
[LOG 17:59:29.248] Load Cached PNG Texture: Squad/PartList/SimpleIcons/number2
[LOG 17:59:29.248] Load Cached PNG Texture: Squad/PartList/SimpleIcons/number3
[LOG 17:59:29.248] Load Cached PNG Texture: Squad/PartList/SimpleIcons/number4
[LOG 17:59:29.248] Load Cached PNG Texture: Squad/PartList/SimpleIcons/number5
[LOG 17:59:29.248] Load Cached PNG Texture: Squad/PartList/SimpleIcons/number6
[LOG 17:59:29.248] Load Cached PNG Texture: Squad/PartList/SimpleIcons/number7
[LOG 17:59:29.248] Load Cached PNG Texture: Squad/PartList/SimpleIcons/number8
[LOG 17:59:29.248] Load Cached PNG Texture: Squad/PartList/SimpleIcons/number9
[LOG 17:59:29.248] Load Cached PNG Texture: Squad/PartList/SimpleIcons/probe_control_unit
[LOG 17:59:29.248] Load Cached PNG Texture: Squad/PartList/SimpleIcons/R&D_node_icon_advaerodynamics
[LOG 17:59:29.248] Load Cached PNG Texture: Squad/PartList/SimpleIcons/R&D_node_icon_advancedmotors
[LOG 17:59:29.248] Load Cached PNG Texture: Squad/PartList/SimpleIcons/R&D_node_icon_advconstruction
[LOG 17:59:29.249] Load Cached PNG Texture: Squad/PartList/SimpleIcons/R&D_node_icon_advelectrics
[LOG 17:59:29.249] Load Cached PNG Texture: Squad/PartList/SimpleIcons/R&D_node_icon_advexploration
[LOG 17:59:29.249] Load Cached PNG Texture: Squad/PartList/SimpleIcons/R&D_node_icon_advflightcontrol
[LOG 17:59:29.249] Load Cached PNG Texture: Squad/PartList/SimpleIcons/R&D_node_icon_advlanding
[LOG 17:59:29.249] Load Cached PNG Texture: Squad/PartList/SimpleIcons/R&D_node_icon_advmetalworks
[LOG 17:59:29.249] Load Cached PNG Texture: Squad/PartList/SimpleIcons/R&D_node_icon_advrocketry
[LOG 17:59:29.249] Load Cached PNG Texture: Squad/PartList/SimpleIcons/R&D_node_icon_advsciencetech
[LOG 17:59:29.249] Load Cached PNG Texture: Squad/PartList/SimpleIcons/R&D_node_icon_advunmanned
[LOG 17:59:29.249] Load Cached PNG Texture: Squad/PartList/SimpleIcons/R&D_node_icon_aerodynamicsystems
[LOG 17:59:29.249] Load Cached PNG Texture: Squad/PartList/SimpleIcons/R&D_node_icon_aerospacetech
[LOG 17:59:29.249] Load Cached PNG Texture: Squad/PartList/SimpleIcons/R&D_node_icon_automation
[LOG 17:59:29.249] Load Cached PNG Texture: Squad/PartList/SimpleIcons/R&D_node_icon_basicprobes
[LOG 17:59:29.249] Load Cached PNG Texture: Squad/PartList/SimpleIcons/R&D_node_icon_basicrocketry
[LOG 17:59:29.249] Load Cached PNG Texture: Squad/PartList/SimpleIcons/R&D_node_icon_composites
[LOG 17:59:29.250] Load Cached PNG Texture: Squad/PartList/SimpleIcons/R&D_node_icon_electrics
[LOG 17:59:29.250] Load Cached PNG Texture: Squad/PartList/SimpleIcons/R&D_node_icon_electronics
[LOG 17:59:29.250] Load Cached PNG Texture: Squad/PartList/SimpleIcons/R&D_node_icon_evatech
[LOG 17:59:29.250] Load Cached PNG Texture: Squad/PartList/SimpleIcons/R&D_node_icon_experimentalaerodynamics
[LOG 17:59:29.250] Load Cached PNG Texture: Squad/PartList/SimpleIcons/R&D_node_icon_experimentalelectrics
[LOG 17:59:29.250] Load Cached PNG Texture: Squad/PartList/SimpleIcons/R&D_node_icon_experimentalmotors
[LOG 17:59:29.250] Load Cached PNG Texture: Squad/PartList/SimpleIcons/R&D_node_icon_experimentalrocketry
[LOG 17:59:29.250] Load Cached PNG Texture: Squad/PartList/SimpleIcons/R&D_node_icon_experimentalscience
[LOG 17:59:29.250] Load Cached PNG Texture: Squad/PartList/SimpleIcons/R&D_node_icon_fieldscience
[LOG 17:59:29.250] Load Cached PNG Texture: Squad/PartList/SimpleIcons/R&D_node_icon_flightcontrol
[LOG 17:59:29.254] Load Cached PNG Texture: Squad/PartList/SimpleIcons/R&D_node_icon_fuelsystems
[LOG 17:59:29.254] Load Cached PNG Texture: Squad/PartList/SimpleIcons/R&D_node_icon_generalconstruction
[LOG 17:59:29.254] Load Cached PNG Texture: Squad/PartList/SimpleIcons/R&D_node_icon_generalrocketry
[LOG 17:59:29.254] Load Cached PNG Texture: Squad/PartList/SimpleIcons/R&D_node_icon_generic
[LOG 17:59:29.254] Load Cached PNG Texture: Squad/PartList/SimpleIcons/R&D_node_icon_heavierrocketry
[LOG 17:59:29.254] Load Cached PNG Texture: Squad/PartList/SimpleIcons/R&D_node_icon_heavyaerodynamics
[LOG 17:59:29.254] Load Cached PNG Texture: Squad/PartList/SimpleIcons/R&D_node_icon_heavyrocketry
[LOG 17:59:29.254] Load Cached PNG Texture: Squad/PartList/SimpleIcons/R&D_node_icon_highaltitudeflight
[LOG 17:59:29.254] Load Cached PNG Texture: Squad/PartList/SimpleIcons/R&D_node_icon_highaltitudepropulsion
[LOG 17:59:29.254] Load Cached PNG Texture: Squad/PartList/SimpleIcons/R&D_node_icon_hypersonicflight
[LOG 17:59:29.254] Load Cached PNG Texture: Squad/PartList/SimpleIcons/R&D_node_icon_ionpropulsion
[LOG 17:59:29.254] Load Cached PNG Texture: Squad/PartList/SimpleIcons/R&D_node_icon_landing
[LOG 17:59:29.254] Load Cached PNG Texture: Squad/PartList/SimpleIcons/R&D_node_icon_largecontrol
[LOG 17:59:29.255] Load Cached PNG Texture: Squad/PartList/SimpleIcons/R&D_node_icon_largeelectrics
[LOG 17:59:29.255] Load Cached PNG Texture: Squad/PartList/SimpleIcons/R&D_node_icon_largeprobes
[LOG 17:59:29.255] Load Cached PNG Texture: Squad/PartList/SimpleIcons/R&D_node_icon_metamaterials
[LOG 17:59:29.255] Load Cached PNG Texture: Squad/PartList/SimpleIcons/R&D_node_icon_nanolathing
[LOG 17:59:29.255] Load Cached PNG Texture: Squad/PartList/SimpleIcons/R&D_node_icon_nuclearpropulsion
[LOG 17:59:29.255] Load Cached PNG Texture: Squad/PartList/SimpleIcons/R&D_node_icon_precisionengineering
[LOG 17:59:29.255] Load Cached PNG Texture: Squad/PartList/SimpleIcons/R&D_node_icon_robotics
[LOG 17:59:29.255] Load Cached PNG Texture: Squad/PartList/SimpleIcons/R&D_node_icon_sciencetech
[LOG 17:59:29.255] Load Cached PNG Texture: Squad/PartList/SimpleIcons/R&D_node_icon_specializedconstruction
[LOG 17:59:29.255] Load Cached PNG Texture: Squad/PartList/SimpleIcons/R&D_node_icon_specializedcontrol
[LOG 17:59:29.255] Load Cached PNG Texture: Squad/PartList/SimpleIcons/R&D_node_icon_specializedelectrics
[LOG 17:59:29.255] Load Cached PNG Texture: Squad/PartList/SimpleIcons/R&D_node_icon_stability
[LOG 17:59:29.255] Load Cached PNG Texture: Squad/PartList/SimpleIcons/R&D_node_icon_start
[LOG 17:59:29.256] Load Cached PNG Texture: Squad/PartList/SimpleIcons/R&D_node_icon_supersonicflight
[LOG 17:59:29.256] Load Cached PNG Texture: Squad/PartList/SimpleIcons/R&D_node_icon_survivability
[LOG 17:59:29.256] Load Cached PNG Texture: Squad/PartList/SimpleIcons/R&D_node_icon_unmannedtech
[LOG 17:59:29.256] Load Cached PNG Texture: Squad/PartList/SimpleIcons/R&D_node_icon_veryheavyrocketry
[LOG 17:59:29.256] Load Cached PNG Texture: Squad/PartList/SimpleIcons/rcsfx
[LOG 17:59:29.256] Load Cached PNG Texture: Squad/PartList/SimpleIcons/RDicon_aerospaceTech2
[LOG 17:59:29.256] Load Cached PNG Texture: Squad/PartList/SimpleIcons/RDicon_commandmodules
[LOG 17:59:29.256] Load Cached PNG Texture: Squad/PartList/SimpleIcons/RDicon_fuelSystems-advanced
[LOG 17:59:29.256] Load Cached PNG Texture: Squad/PartList/SimpleIcons/RDicon_fuelSystems-highPerformance
[LOG 17:59:29.256] Load Cached PNG Texture: Squad/PartList/SimpleIcons/RDicon_largeVolumeContainment
[LOG 17:59:29.256] Load Cached PNG Texture: Squad/PartList/SimpleIcons/RDicon_miniaturization
[LOG 17:59:29.256] Load Cached PNG Texture: Squad/PartList/SimpleIcons/RDicon_propulsion-precision
[LOG 17:59:29.256] Load Cached PNG Texture: Squad/PartList/SimpleIcons/RDicon_propulsionSystems
[LOG 17:59:29.257] Load Cached PNG Texture: Squad/PartList/SimpleIcons/RDicon_telescope
[LOG 17:59:29.257] Load Cached PNG Texture: Squad/PartList/SimpleIcons/robotic_controller
[LOG 17:59:29.257] Load Cached PNG Texture: Squad/PartList/SimpleIcons/robotic_rotation_servo
[LOG 17:59:29.257] Load Cached PNG Texture: Squad/PartList/SimpleIcons/robotic_servo_hinge
[LOG 17:59:29.257] Load Cached PNG Texture: Squad/PartList/SimpleIcons/robotic_servo_piston
[LOG 17:59:29.257] Load Cached PNG Texture: Squad/PartList/SimpleIcons/robotic_servo_rotor
[LOG 17:59:29.257] Load Cached PNG Texture: Squad/PartList/SimpleIcons/scanner_arm
[LOG 17:59:29.257] Load Cached PNG Texture: Squad/PartList/SimpleIcons/variant
[LOG 17:59:29.257] Load Cached PNG Texture: Squad/Parts/@thumbs/adapterSmallMiniShort_icon0
[LOG 17:59:29.257] Load Cached PNG Texture: Squad/Parts/@thumbs/adapterSmallMiniShort_icon1
[LOG 17:59:29.257] Load Cached PNG Texture: Squad/Parts/@thumbs/adapterSmallMiniTall_icon0
[LOG 17:59:29.257] Load Cached PNG Texture: Squad/Parts/@thumbs/adapterSmallMiniTall_icon1
[LOG 17:59:29.258] Load Cached PNG Texture: Squad/Parts/@thumbs/AdvancedCanard_icon
[LOG 17:59:29.258] Load Cached PNG Texture: Squad/Parts/@thumbs/advSasModule_icon
[LOG 17:59:29.258] Load Cached PNG Texture: Squad/Parts/@thumbs/airbrake1_icon
[LOG 17:59:29.258] Load Cached PNG Texture: Squad/Parts/@thumbs/airScoop_icon
[LOG 17:59:29.258] Load Cached PNG Texture: Squad/Parts/@thumbs/avionicsNoseCone_icon
[LOG 17:59:29.258] Load Cached PNG Texture: Squad/Parts/@thumbs/basicFin_icon
[LOG 17:59:29.258] Load Cached PNG Texture: Squad/Parts/@thumbs/batteryBankMini_icon
[LOG 17:59:29.258] Load Cached PNG Texture: Squad/Parts/@thumbs/batteryBank_icon
[LOG 17:59:29.258] Load Cached PNG Texture: Squad/Parts/@thumbs/batteryPack_icon
[LOG 17:59:29.258] Load Cached PNG Texture: Squad/Parts/@thumbs/cargoContainer_icon
[LOG 17:59:29.259] Load Cached PNG Texture: Squad/Parts/@thumbs/CargoStorageUnit_icon
[LOG 17:59:29.259] Load Cached PNG Texture: Squad/Parts/@thumbs/CircularIntake_icon
[LOG 17:59:29.259] Load Cached PNG Texture: Squad/Parts/@thumbs/commDish_icon
[LOG 17:59:29.259] Load Cached PNG Texture: Squad/Parts/@thumbs/Decoupler.0_icon0
[LOG 17:59:29.259] Load Cached PNG Texture: Squad/Parts/@thumbs/Decoupler.0_icon1
[LOG 17:59:29.259] Load Cached PNG Texture: Squad/Parts/@thumbs/Decoupler.1_icon0
[LOG 17:59:29.259] Load Cached PNG Texture: Squad/Parts/@thumbs/Decoupler.1_icon1
[LOG 17:59:29.259] Load Cached PNG Texture: Squad/Parts/@thumbs/dockingPort1_icon
[LOG 17:59:29.259] Load Cached PNG Texture: Squad/Parts/@thumbs/dockingPort2_icon
[LOG 17:59:29.259] Load Cached PNG Texture: Squad/Parts/@thumbs/dockingPort3_icon
[LOG 17:59:29.260] Load Cached PNG Texture: Squad/Parts/@thumbs/domeLight1_icon0
[LOG 17:59:29.260] Load Cached PNG Texture: Squad/Parts/@thumbs/domeLight1_icon1
[LOG 17:59:29.260] Load Cached PNG Texture: Squad/Parts/@thumbs/elevon2_icon
[LOG 17:59:29.260] Load Cached PNG Texture: Squad/Parts/@thumbs/elevon3_icon
[LOG 17:59:29.260] Load Cached PNG Texture: Squad/Parts/@thumbs/elevon5_icon
[LOG 17:59:29.260] Load Cached PNG Texture: Squad/Parts/@thumbs/evaChute_icon
[LOG 17:59:29.260] Load Cached PNG Texture: Squad/Parts/@thumbs/evaCylinder_icon
[LOG 17:59:29.260] Load Cached PNG Texture: Squad/Parts/@thumbs/evaJetpack_icon
[LOG 17:59:29.260] Load Cached PNG Texture: Squad/Parts/@thumbs/evaRepairKit_icon
[LOG 17:59:29.260] Load Cached PNG Texture: Squad/Parts/@thumbs/evaScienceKit_icon
[LOG 17:59:29.260] Load Cached PNG Texture: Squad/Parts/@thumbs/externalTankCapsule_icon0
[LOG 17:59:29.261] Load Cached PNG Texture: Squad/Parts/@thumbs/externalTankCapsule_icon1
[LOG 17:59:29.261] Load Cached PNG Texture: Squad/Parts/@thumbs/externalTankRound_icon0
[LOG 17:59:29.261] Load Cached PNG Texture: Squad/Parts/@thumbs/externalTankRound_icon1
[LOG 17:59:29.261] Load Cached PNG Texture: Squad/Parts/@thumbs/externalTankToroid_icon0
[LOG 17:59:29.261] Load Cached PNG Texture: Squad/Parts/@thumbs/externalTankToroid_icon1
[LOG 17:59:29.261] Load Cached PNG Texture: Squad/Parts/@thumbs/fireworksLauncherBig_icon
[LOG 17:59:29.261] Load Cached PNG Texture: Squad/Parts/@thumbs/fireworksLauncherSmall_icon
[LOG 17:59:29.261] Load Cached PNG Texture: Squad/Parts/@thumbs/foldingRadMed_icon
[LOG 17:59:29.261] Load Cached PNG Texture: Squad/Parts/@thumbs/foldingRadSmall_icon
[LOG 17:59:29.261] Load Cached PNG Texture: Squad/Parts/@thumbs/FuelCellArray_icon
[LOG 17:59:29.261] Load Cached PNG Texture: Squad/Parts/@thumbs/FuelCell_icon
[LOG 17:59:29.261] Load Cached PNG Texture: Squad/Parts/@thumbs/fuelTank.long_icon0
[LOG 17:59:29.261] Load Cached PNG Texture: Squad/Parts/@thumbs/fuelTankSmallFlat_icon0
[LOG 17:59:29.262] Load Cached PNG Texture: Squad/Parts/@thumbs/fuelTankSmallFlat_icon1
[LOG 17:59:29.262] Load Cached PNG Texture: Squad/Parts/@thumbs/fuelTankSmallFlat_icon2
[LOG 17:59:29.262] Load Cached PNG Texture: Squad/Parts/@thumbs/fuelTankSmallFlat_icon3
[LOG 17:59:29.262] Load Cached PNG Texture: Squad/Parts/@thumbs/fuelTankSmall_icon0
[LOG 17:59:29.262] Load Cached PNG Texture: Squad/Parts/@thumbs/fuelTankSmall_icon1
[LOG 17:59:29.262] Load Cached PNG Texture: Squad/Parts/@thumbs/fuelTankSmall_icon2
[LOG 17:59:29.262] Load Cached PNG Texture: Squad/Parts/@thumbs/fuelTankSmall_icon3
[LOG 17:59:29.262] Load Cached PNG Texture: Squad/Parts/@thumbs/fuelTank_icon0
[LOG 17:59:29.262] Load Cached PNG Texture: Squad/Parts/@thumbs/GearFixed_icon
[LOG 17:59:29.262] Load Cached PNG Texture: Squad/Parts/@thumbs/GearFree_icon
[LOG 17:59:29.262] Load Cached PNG Texture: Squad/Parts/@thumbs/GearSmall_icon
[LOG 17:59:29.262] Load Cached PNG Texture: Squad/Parts/@thumbs/GooExperiment_icon
[LOG 17:59:29.263] Load Cached PNG Texture: Squad/Parts/@thumbs/groundAnchor_icon
[LOG 17:59:29.263] Load Cached PNG Texture: Squad/Parts/@thumbs/groundLight1_icon
[LOG 17:59:29.263] Load Cached PNG Texture: Squad/Parts/@thumbs/groundLight2_icon
[LOG 17:59:29.263] Load Cached PNG Texture: Squad/Parts/@thumbs/HeatShield0_icon
[LOG 17:59:29.263] Load Cached PNG Texture: Squad/Parts/@thumbs/HeatShield1_icon
[LOG 17:59:29.263] Load Cached PNG Texture: Squad/Parts/@thumbs/HECS2.ProbeCore_icon
[LOG 17:59:29.263] Load Cached PNG Texture: Squad/Parts/@thumbs/HighGainAntenna5.v2_icon
[LOG 17:59:29.263] Load Cached PNG Texture: Squad/Parts/@thumbs/HighGainAntenna5_icon
[LOG 17:59:29.263] Load Cached PNG Texture: Squad/Parts/@thumbs/HighGainAntenna_icon
[LOG 17:59:29.263] Load Cached PNG Texture: Squad/Parts/@thumbs/IntakeRadialLong_icon
[LOG 17:59:29.263] Load Cached PNG Texture: Squad/Parts/@thumbs/ionEngine_icon
[LOG 17:59:29.263] Load Cached PNG Texture: Squad/Parts/@thumbs/ksp.r.largeBatteryPack_icon
[LOG 17:59:29.264] Load Cached PNG Texture: Squad/Parts/@thumbs/ladder1_icon
[LOG 17:59:29.264] Load Cached PNG Texture: Squad/Parts/@thumbs/landingLeg1-2_icon
[LOG 17:59:29.264] Load Cached PNG Texture: Squad/Parts/@thumbs/landingLeg1_icon
[LOG 17:59:29.264] Load Cached PNG Texture: Squad/Parts/@thumbs/LgRadialSolarPanel_icon
[LOG 17:59:29.264] Load Cached PNG Texture: Squad/Parts/@thumbs/linearRcs_icon
[LOG 17:59:29.264] Load Cached PNG Texture: Squad/Parts/@thumbs/liquidEngine2.v2_icon0
[LOG 17:59:29.264] Load Cached PNG Texture: Squad/Parts/@thumbs/liquidEngine3.v2_icon0
[LOG 17:59:29.264] Load Cached PNG Texture: Squad/Parts/@thumbs/liquidEngine3.v2_icon1
[LOG 17:59:29.264] Load Cached PNG Texture: Squad/Parts/@thumbs/liquidEngine3.v2_icon2
[LOG 17:59:29.264] Load Cached PNG Texture: Squad/Parts/@thumbs/liquidEngineMini.v2_icon0
[LOG 17:59:29.264] Load Cached PNG Texture: Squad/Parts/@thumbs/liquidEngineMini.v2_icon1
[LOG 17:59:29.264] Load Cached PNG Texture: Squad/Parts/@thumbs/liquidEngineMini.v2_icon2
[LOG 17:59:29.264] Load Cached PNG Texture: Squad/Parts/@thumbs/longAntenna_icon
[LOG 17:59:29.265] Load Cached PNG Texture: Squad/Parts/@thumbs/Magnetometer_icon
[LOG 17:59:29.265] Load Cached PNG Texture: Squad/Parts/@thumbs/mediumDishAntenna_icon
[LOG 17:59:29.265] Load Cached PNG Texture: Squad/Parts/@thumbs/microEngine.v2_icon0
[LOG 17:59:29.265] Load Cached PNG Texture: Squad/Parts/@thumbs/microEngine.v2_icon1
[LOG 17:59:29.265] Load Cached PNG Texture: Squad/Parts/@thumbs/MiniDrill_icon
[LOG 17:59:29.265] Load Cached PNG Texture: Squad/Parts/@thumbs/miniFuelTank_icon
[LOG 17:59:29.265] Load Cached PNG Texture: Squad/Parts/@thumbs/miniFuselage_icon
[LOG 17:59:29.265] Load Cached PNG Texture: Squad/Parts/@thumbs/miniIntake_icon
[LOG 17:59:29.266] Load Cached PNG Texture: Squad/Parts/@thumbs/miniJetEngine_icon
[LOG 17:59:29.266] Load Cached PNG Texture: Squad/Parts/@thumbs/miniLandingLeg_icon
[LOG 17:59:29.266] Load Cached PNG Texture: Squad/Parts/@thumbs/Mite_icon
[LOG 17:59:29.266] Load Cached PNG Texture: Squad/Parts/@thumbs/mk1pod.v2_icon0
[LOG 17:59:29.266] Load Cached PNG Texture: Squad/Parts/@thumbs/mk2DroneCore_icon
[LOG 17:59:29.266] Load Cached PNG Texture: Squad/Parts/@thumbs/mk2LanderCabin.v2_icon1
[LOG 17:59:29.266] Load Cached PNG Texture: Squad/Parts/@thumbs/MpoProbe_icon
[LOG 17:59:29.266] Load Cached PNG Texture: Squad/Parts/@thumbs/navLight1_icon0
[LOG 17:59:29.266] Load Cached PNG Texture: Squad/Parts/@thumbs/navLight1_icon1
[LOG 17:59:29.266] Load Cached PNG Texture: Squad/Parts/@thumbs/noseCone_icon0
[LOG 17:59:29.266] Load Cached PNG Texture: Squad/Parts/@thumbs/noseCone_icon1
[LOG 17:59:29.266] Load Cached PNG Texture: Squad/Parts/@thumbs/noseCone_icon2
[LOG 17:59:29.267] Load Cached PNG Texture: Squad/Parts/@thumbs/omsEngine_icon
[LOG 17:59:29.267] Load Cached PNG Texture: Squad/Parts/@thumbs/OrbitalScanner_icon
[LOG 17:59:29.267] Load Cached PNG Texture: Squad/Parts/@thumbs/parachuteDrogue_icon
[LOG 17:59:29.267] Load Cached PNG Texture: Squad/Parts/@thumbs/parachuteLarge_icon
[LOG 17:59:29.267] Load Cached PNG Texture: Squad/Parts/@thumbs/parachuteRadial_icon
[LOG 17:59:29.267] Load Cached PNG Texture: Squad/Parts/@thumbs/parachuteSingle_icon
[LOG 17:59:29.267] Load Cached PNG Texture: Squad/Parts/@thumbs/probeCoreCube_icon
[LOG 17:59:29.267] Load Cached PNG Texture: Squad/Parts/@thumbs/probeCoreHex.v2_icon
[LOG 17:59:29.267] Load Cached PNG Texture: Squad/Parts/@thumbs/probeCoreOcto.v2_icon
[LOG 17:59:29.267] Load Cached PNG Texture: Squad/Parts/@thumbs/probeCoreOcto2.v2_icon
[LOG 17:59:29.267] Load Cached PNG Texture: Squad/Parts/@thumbs/probeCoreSphere.v2_icon
[LOG 17:59:29.267] Load Cached PNG Texture: Squad/Parts/@thumbs/probeStackLarge_icon
[LOG 17:59:29.267] Load Cached PNG Texture: Squad/Parts/@thumbs/probeStackSmall_icon
[LOG 17:59:29.268] Load Cached PNG Texture: Squad/Parts/@thumbs/R8winglet_icon
[LOG 17:59:29.268] Load Cached PNG Texture: Squad/Parts/@thumbs/radialDecoupler1-2_icon
[LOG 17:59:29.268] Load Cached PNG Texture: Squad/Parts/@thumbs/radialDecoupler2_icon
[LOG 17:59:29.268] Load Cached PNG Texture: Squad/Parts/@thumbs/radialDecoupler_icon
[LOG 17:59:29.268] Load Cached PNG Texture: Squad/Parts/@thumbs/radialDrogue_icon
[LOG 17:59:29.268] Load Cached PNG Texture: Squad/Parts/@thumbs/radialEngineMini.v2_icon0
[LOG 17:59:29.268] Load Cached PNG Texture: Squad/Parts/@thumbs/radialEngineMini.v2_icon1
[LOG 17:59:29.268] Load Cached PNG Texture: Squad/Parts/@thumbs/radialLiquidEngine1-2_icon
[LOG 17:59:29.268] Load Cached PNG Texture: Squad/Parts/@thumbs/RadialOreTank_icon
[LOG 17:59:29.268] Load Cached PNG Texture: Squad/Parts/@thumbs/radialRCSTank_icon
[LOG 17:59:29.268] Load Cached PNG Texture: Squad/Parts/@thumbs/radPanelEdge_icon
[LOG 17:59:29.268] Load Cached PNG Texture: Squad/Parts/@thumbs/radPanelLg_icon
[LOG 17:59:29.269] Load Cached PNG Texture: Squad/Parts/@thumbs/radPanelSm_icon
[LOG 17:59:29.269] Load Cached PNG Texture: Squad/Parts/@thumbs/RCSblock.01.small_icon0
[LOG 17:59:29.269] Load Cached PNG Texture: Squad/Parts/@thumbs/RCSblock.01.small_icon1
[LOG 17:59:29.269] Load Cached PNG Texture: Squad/Parts/@thumbs/RCSblock.01.small_icon2
[LOG 17:59:29.269] Load Cached PNG Texture: Squad/Parts/@thumbs/RCSblock.01.small_icon3
[LOG 17:59:29.269] Load Cached PNG Texture: Squad/Parts/@thumbs/RCSblock.01.small_icon4
[LOG 17:59:29.273] Load Cached PNG Texture: Squad/Parts/@thumbs/RCSBlock.v2_icon
[LOG 17:59:29.275] Load Cached PNG Texture: Squad/Parts/@thumbs/RCSBlock.v2_icon0
[LOG 17:59:29.275] Load Cached PNG Texture: Squad/Parts/@thumbs/RCSBlock.v2_icon1
[LOG 17:59:29.276] Load Cached PNG Texture: Squad/Parts/@thumbs/RCSBlock.v2_icon2
[LOG 17:59:29.276] Load Cached PNG Texture: Squad/Parts/@thumbs/RCSBlock.v2_icon3
[LOG 17:59:29.285] Load Cached PNG Texture: Squad/Parts/@thumbs/RCSBlock.v2_icon4
[LOG 17:59:29.285] Load Cached PNG Texture: Squad/Parts/@thumbs/RCSFuelTank_icon
[LOG 17:59:29.285] Load Cached PNG Texture: Squad/Parts/@thumbs/RCSLinearSmall_icon
[LOG 17:59:29.285] Load Cached PNG Texture: Squad/Parts/@thumbs/rcsTankMini_icon
[LOG 17:59:29.285] Load Cached PNG Texture: Squad/Parts/@thumbs/RelayAntenna5_icon
[LOG 17:59:29.285] Load Cached PNG Texture: Squad/Parts/@thumbs/ReleaseValve_icon
[LOG 17:59:29.285] Load Cached PNG Texture: Squad/Parts/@thumbs/roverBody.v2_icon0
[LOG 17:59:29.286] Load Cached PNG Texture: Squad/Parts/@thumbs/roverBody.v2_icon1
[LOG 17:59:29.286] Load Cached PNG Texture: Squad/Parts/@thumbs/roverBody.v2_icon2
[LOG 17:59:29.286] Load Cached PNG Texture: Squad/Parts/@thumbs/roverWheel1_icon
[LOG 17:59:29.286] Load Cached PNG Texture: Squad/Parts/@thumbs/roverWheel2_icon
[LOG 17:59:29.286] Load Cached PNG Texture: Squad/Parts/@thumbs/rtg_icon
[LOG 17:59:29.286] Load Cached PNG Texture: Squad/Parts/@thumbs/sasModule_icon
[LOG 17:59:29.286] Load Cached PNG Texture: Squad/Parts/@thumbs/science.module_icon
[LOG 17:59:29.286] Load Cached PNG Texture: Squad/Parts/@thumbs/ScienceBox_icon
[LOG 17:59:29.287] Load Cached PNG Texture: Squad/Parts/@thumbs/seatExternalCmd_icon
[LOG 17:59:29.287] Load Cached PNG Texture: Squad/Parts/@thumbs/sensorAccelerometer_icon
[LOG 17:59:29.287] Load Cached PNG Texture: Squad/Parts/@thumbs/sensorAtmosphere_icon
[LOG 17:59:29.287] Load Cached PNG Texture: Squad/Parts/@thumbs/sensorBarometer_icon
[LOG 17:59:29.287] Load Cached PNG Texture: Squad/Parts/@thumbs/sensorGravimeter_icon
[LOG 17:59:29.287] Load Cached PNG Texture: Squad/Parts/@thumbs/sensorThermometer_icon
[LOG 17:59:29.290] Load Cached PNG Texture: Squad/Parts/@thumbs/Separator.0_icon0
[LOG 17:59:29.290] Load Cached PNG Texture: Squad/Parts/@thumbs/Separator.0_icon1
[LOG 17:59:29.291] Load Cached PNG Texture: Squad/Parts/@thumbs/Separator.1_icon0
[LOG 17:59:29.291] Load Cached PNG Texture: Squad/Parts/@thumbs/Separator.1_icon1
[LOG 17:59:29.291] Load Cached PNG Texture: Squad/Parts/@thumbs/sepMotor1_icon
[LOG 17:59:29.291] Load Cached PNG Texture: Squad/Parts/@thumbs/ServiceBay.125.v2_icon
[LOG 17:59:29.291] Load Cached PNG Texture: Squad/Parts/@thumbs/shockConeIntake_icon
[LOG 17:59:29.296] Load Cached PNG Texture: Squad/Parts/@thumbs/Shrimp_icon
[LOG 17:59:29.296] Load Cached PNG Texture: Squad/Parts/@thumbs/smallCargoContainer_icon
[LOG 17:59:29.296] Load Cached PNG Texture: Squad/Parts/@thumbs/smallClaw_icon0
[LOG 17:59:29.296] Load Cached PNG Texture: Squad/Parts/@thumbs/smallClaw_icon1
[LOG 17:59:29.296] Load Cached PNG Texture: Squad/Parts/@thumbs/smallCtrlSrf_icon
[LOG 17:59:29.296] Load Cached PNG Texture: Squad/Parts/@thumbs/SmallGearBay_icon
[LOG 17:59:29.296] Load Cached PNG Texture: Squad/Parts/@thumbs/smallHardpoint_icon
[LOG 17:59:29.296] Load Cached PNG Texture: Squad/Parts/@thumbs/smallRadialEngine.v2_icon0
[LOG 17:59:29.297] Load Cached PNG Texture: Squad/Parts/@thumbs/smallRadialEngine.v2_icon1
[LOG 17:59:29.297] Load Cached PNG Texture: Squad/Parts/@thumbs/solarPanelOX10C_icon
[LOG 17:59:29.297] Load Cached PNG Texture: Squad/Parts/@thumbs/solarPanelOX10L_icon
[LOG 17:59:29.297] Load Cached PNG Texture: Squad/Parts/@thumbs/solarPanels1_icon
[LOG 17:59:29.297] Load Cached PNG Texture: Squad/Parts/@thumbs/solarPanels2_icon
[LOG 17:59:29.297] Load Cached PNG Texture: Squad/Parts/@thumbs/solarPanels3_icon
[LOG 17:59:29.297] Load Cached PNG Texture: Squad/Parts/@thumbs/solarPanels4_icon
[LOG 17:59:29.297] Load Cached PNG Texture: Squad/Parts/@thumbs/solarPanels5_icon
[LOG 17:59:29.297] Load Cached PNG Texture: Squad/Parts/@thumbs/solarPanelSP10C_icon
[LOG 17:59:29.298] Load Cached PNG Texture: Squad/Parts/@thumbs/solarPanelSP10L_icon
[LOG 17:59:29.298] Load Cached PNG Texture: Squad/Parts/@thumbs/solidBooster.sm.v2_icon0
[LOG 17:59:29.298] Load Cached PNG Texture: Squad/Parts/@thumbs/solidBooster.v2_icon0
[LOG 17:59:29.298] Load Cached PNG Texture: Squad/Parts/@thumbs/spotLight1_icon
[LOG 17:59:29.298] Load Cached PNG Texture: Squad/Parts/@thumbs/spotLight2_icon
[LOG 17:59:29.298] Load Cached PNG Texture: Squad/Parts/@thumbs/spotLight3_icon0
[LOG 17:59:29.298] Load Cached PNG Texture: Squad/Parts/@thumbs/spotLight3_icon1
[LOG 17:59:29.298] Load Cached PNG Texture: Squad/Parts/@thumbs/stackPoint1_icon
[LOG 17:59:29.298] Load Cached PNG Texture: Squad/Parts/@thumbs/StandardCtrlSrf_icon
[LOG 17:59:29.299] Load Cached PNG Texture: Squad/Parts/@thumbs/standardNoseCone_icon
[LOG 17:59:29.299] Load Cached PNG Texture: Squad/Parts/@thumbs/stripLight1_icon0
[LOG 17:59:29.299] Load Cached PNG Texture: Squad/Parts/@thumbs/stripLight1_icon1
[LOG 17:59:29.299] Load Cached PNG Texture: Squad/Parts/@thumbs/structuralIBeam1_icon
[LOG 17:59:29.299] Load Cached PNG Texture: Squad/Parts/@thumbs/structuralIBeam3_icon
[LOG 17:59:29.299] Load Cached PNG Texture: Squad/Parts/@thumbs/structuralMiniNode_icon
[LOG 17:59:29.299] Load Cached PNG Texture: Squad/Parts/@thumbs/structuralPanel1_icon
[LOG 17:59:29.299] Load Cached PNG Texture: Squad/Parts/@thumbs/structuralPanel2_icon
[LOG 17:59:29.299] Load Cached PNG Texture: Squad/Parts/@thumbs/structuralWing4_icon
[LOG 17:59:29.299] Load Cached PNG Texture: Squad/Parts/@thumbs/strutCube_icon
[LOG 17:59:29.300] Load Cached PNG Texture: Squad/Parts/@thumbs/strutOcto_icon
[LOG 17:59:29.300] Load Cached PNG Texture: Squad/Parts/@thumbs/SurfaceScanner_icon
[LOG 17:59:29.300] Load Cached PNG Texture: Squad/Parts/@thumbs/SurfAntenna_icon
[LOG 17:59:29.300] Load Cached PNG Texture: Squad/Parts/@thumbs/telescopicLadderBay_icon
[LOG 17:59:29.300] Load Cached PNG Texture: Squad/Parts/@thumbs/telescopicLadder_icon
[LOG 17:59:29.300] Load Cached PNG Texture: Squad/Parts/@thumbs/toroidalAerospike_icon
[LOG 17:59:29.300] Load Cached PNG Texture: Squad/Parts/@thumbs/trussAdapter_icon
[LOG 17:59:29.300] Load Cached PNG Texture: Squad/Parts/@thumbs/trussPiece1x_icon
[LOG 17:59:29.300] Load Cached PNG Texture: Squad/Parts/@thumbs/trussPiece3x_icon
[LOG 17:59:29.300] Load Cached PNG Texture: Squad/Parts/@thumbs/vernierEngine_icon
[LOG 17:59:29.300] Load Cached PNG Texture: Squad/Parts/@thumbs/wheelMed_icon
[LOG 17:59:29.301] Load Cached PNG Texture: Squad/Parts/@thumbs/wingConnector4_icon
[LOG 17:59:29.301] Load Cached PNG Texture: Squad/Parts/@thumbs/wingConnector5_icon
[LOG 17:59:29.301] Load Cached PNG Texture: Squad/Parts/@thumbs/winglet3_icon
[LOG 17:59:29.301] Load Cached PNG Texture: Squad/Parts/@thumbs/winglet_icon
[LOG 17:59:29.301] Load Cached PNG Texture: Squad/Parts/@thumbs/wingShuttleElevon1_icon
[LOG 17:59:29.301] Load Cached PNG Texture: Squad/Parts/@thumbs/xenonTankLarge_icon
[LOG 17:59:29.301] Load Cached PNG Texture: Squad/Parts/@thumbs/xenonTankRadial_icon
[LOG 17:59:29.301] Load Cached PNG Texture: Squad/Parts/@thumbs/xenonTank_icon
[LOG 17:59:29.301] Load DDS texture: Squad/Parts/Aero/aerodynamicNoseCone/Rockomax_Adapters_diffuse
[LOG 17:59:29.301] Load DDS texture: Squad/Parts/Aero/aerodynamicNoseCone/Rockomax_Adapters_normal
[LOG 17:59:29.301] Load DDS texture: Squad/Parts/Aero/airbrake/airbrake
[LOG 17:59:29.301] Load DDS texture: Squad/Parts/Aero/airIntakeRadialXM-G50/RadialIntake
[LOG 17:59:29.302] Load DDS texture: Squad/Parts/Aero/airlinerWings/AirlinerWings
[LOG 17:59:29.312] Load DDS texture: Squad/Parts/Aero/airplaneFins/AirplaneFins
[LOG 17:59:29.313] Load DDS texture: Squad/Parts/Aero/basicFin/BasicFin
[LOG 17:59:29.314] Load DDS texture: Squad/Parts/Aero/circularIntake/CircluarIntakes
[LOG 17:59:29.314] Load DDS texture: Squad/Parts/Aero/circularIntake/CircluarIntakes_Heat
[LOG 17:59:29.314] Load DDS texture: Squad/Parts/Aero/cones/Assets/Cones
[LOG 17:59:29.315] Load DDS texture: Squad/Parts/Aero/cones/Assets/ConesDiffuse
[LOG 17:59:29.315] Load DDS texture: Squad/Parts/Aero/cones/Assets/ConesDiffuse_Orange
[LOG 17:59:29.317] Load DDS texture: Squad/Parts/Aero/cones/Assets/ConesDiffuse_White
[LOG 17:59:29.318] Load DDS texture: Squad/Parts/Aero/cones/Assets/ConesHeat
[LOG 17:59:29.320] Load DDS texture: Squad/Parts/Aero/cones/Assets/ConesHeat_Orange
[LOG 17:59:29.322] Load DDS texture: Squad/Parts/Aero/cones/Assets/ConesHeat_White
[LOG 17:59:29.324] Load DDS texture: Squad/Parts/Aero/cones/Assets/Cones_Heat
[LOG 17:59:29.324] Load Cached PNG Texture: Squad/Parts/Aero/cones/Assets/rocketNoseCones_O
[LOG 17:59:29.333] Load Cached PNG Texture: Squad/Parts/Aero/cones/Assets/rocketNoseCones_O_Normal
[LOG 17:59:29.334] Load DDS texture: Squad/Parts/Aero/cones/Assets/rocketNoseCones_W
[LOG 17:59:29.340] Load DDS texture: Squad/Parts/Aero/cones/Assets/Rockomax_Adapters_diffuse
[LOG 17:59:29.340] Load DDS texture: Squad/Parts/Aero/cones/Assets/Rockomax_Adapters_normal
[LOG 17:59:29.341] Load DDS texture: Squad/Parts/Aero/fairings/AutoTruss
[LOG 17:59:29.341] Load DDS texture: Squad/Parts/Aero/fairings/FairingBase
[LOG 17:59:29.341] Load DDS texture: Squad/Parts/Aero/fairings/FairingBaseNormals
[LOG 17:59:29.341] Load DDS texture: Squad/Parts/Aero/fairings/FairingBaseNormals_bw
[LOG 17:59:29.342] Load DDS texture: Squad/Parts/Aero/fairings/FairingBaseNormals_goldSilver
[LOG 17:59:29.342] Load DDS texture: Squad/Parts/Aero/fairings/FairingBaseNormals_orange
[LOG 17:59:29.342] Load Cached PNG Texture: Squad/Parts/Aero/fairings/FairingBase_black
[LOG 17:59:29.343] Load DDS texture: Squad/Parts/Aero/fairings/FairingBase_bw
[LOG 17:59:29.355] Load DDS texture: Squad/Parts/Aero/fairings/FairingBase_goldDiffuse
[LOG 17:59:29.361] Load DDS texture: Squad/Parts/Aero/fairings/FairingBase_goldSpecular
[LOG 17:59:29.361] Load DDS texture: Squad/Parts/Aero/fairings/FairingBase_orange
[LOG 17:59:29.361] Load DDS texture: Squad/Parts/Aero/fairings/FairingBase_silverDiffuse
[LOG 17:59:29.361] Load DDS texture: Squad/Parts/Aero/fairings/FairingBase_silverSpecular
[LOG 17:59:29.362] Load DDS texture: Squad/Parts/Aero/fairings/fairingsCap
[LOG 17:59:29.369] Load DDS texture: Squad/Parts/Aero/fairings/FairingsMat_silverSpecular
[LOG 17:59:29.370] Load DDS texture: Squad/Parts/Aero/fairings/fairings_diff
[LOG 17:59:29.370] Load DDS texture: Squad/Parts/Aero/fairings/fairings_diff_grey
[LOG 17:59:29.371] Load DDS texture: Squad/Parts/Aero/fairings/fairings_diff_orange
[LOG 17:59:29.382] Load DDS texture: Squad/Parts/Aero/fairings/fairings_grey_normals
[LOG 17:59:29.400] Load DDS texture: Squad/Parts/Aero/fairings/fairings_normals
[LOG 17:59:29.401] Load DDS texture: Squad/Parts/Aero/fairings/fairings_normals_silver
[LOG 17:59:29.402] Load DDS texture: Squad/Parts/Aero/fairings/fairings_orange_normals
[LOG 17:59:29.403] Load DDS texture: Squad/Parts/Aero/fairings/fairings_silverDiffuse
[LOG 17:59:29.404] Load DDS texture: Squad/Parts/Aero/HeatShield/Fairing
[LOG 17:59:29.404] Load DDS texture: Squad/Parts/Aero/HeatShield/heatshield
[LOG 17:59:29.405] Load DDS texture: Squad/Parts/Aero/InflatableHeatShield/HeatShield
[LOG 17:59:29.405] Load DDS texture: Squad/Parts/Aero/InflatableHeatShield/HeatShieldFairing
[LOG 17:59:29.405] Load DDS texture: Squad/Parts/Aero/InflatableHeatShield/HeatShield_NRM
[LOG 17:59:29.407] Load DDS texture: Squad/Parts/Aero/intakeRadialLong/Radial_long
[LOG 17:59:29.407] Load DDS texture: Squad/Parts/Aero/miniIntake/SmallIntake
[LOG 17:59:29.407] Load DDS texture: Squad/Parts/Aero/ramAirIntake/RampIntake
[LOG 17:59:29.408] Load DDS texture: Squad/Parts/Aero/ramAirIntake/RampIntake_Heat
[LOG 17:59:29.408] Load DDS texture: Squad/Parts/Aero/shuttleWings/ShuttleWings
[LOG 17:59:29.414] Load DDS texture: Squad/Parts/Aero/wingletAV-R8/model000
[LOG 17:59:29.415] Load DDS texture: Squad/Parts/Aero/wingletAV-R8/model001
[LOG 17:59:29.416] Load DDS texture: Squad/Parts/Aero/wingletAV-T1/model000
[LOG 17:59:29.418] Load DDS texture: Squad/Parts/Aero/wingletAV-T1/model001
[LOG 17:59:29.419] Load DDS texture: Squad/Parts/Aero/wingletDeltaDeluxe/model000
[LOG 17:59:29.419] Load DDS texture: Squad/Parts/Aero/wings/Wings
[LOG 17:59:29.420] Load DDS texture: Squad/Parts/Cargo/CargoContainers/cargoContainer_diff
[LOG 17:59:29.420] Load DDS texture: Squad/Parts/Cargo/CargoContainers/smallCargoContainer_diffuse
[LOG 17:59:29.420] Load DDS texture: Squad/Parts/Cargo/CargoContainers/smallCargoContainer_nrm
[LOG 17:59:29.421] Load DDS texture: Squad/Parts/Cargo/CargoContainers/smallCargoContainer_specular
[LOG 17:59:29.421] Load DDS texture: Squad/Parts/Cargo/Cylinder/EVAcylinder_diffuse
[LOG 17:59:29.421] Load DDS texture: Squad/Parts/Cargo/Cylinder/EVAcylinder_nrm
[LOG 17:59:29.421] Load DDS texture: Squad/Parts/Cargo/GroundAnchor/groundAnchor_diffuse
[LOG 17:59:29.422] Load DDS texture: Squad/Parts/Cargo/GroundAnchor/groundAnchor_nrm
[LOG 17:59:29.422] Load DDS texture: Squad/Parts/Cargo/Jetpack/EVAjetpack
[LOG 17:59:29.423] Load DDS texture: Squad/Parts/Cargo/Jetpack/EVAjetpackEmmisive
[LOG 17:59:29.423] Load DDS texture: Squad/Parts/Cargo/Jetpack/EVAjetpackNRM
[LOG 17:59:29.425] Load DDS texture: Squad/Parts/Cargo/Parachute/backpack_Diff
[LOG 17:59:29.434] Load DDS texture: Squad/Parts/Cargo/Parachute/backpack_NM
[LOG 17:59:29.443] Load DDS texture: Squad/Parts/Cargo/RepairKit/RepairKit_Diffuse
[LOG 17:59:29.445] Load DDS texture: Squad/Parts/Cargo/RepairKit/RepairKit_Normal
[LOG 17:59:29.447] Load DDS texture: Squad/Parts/Cargo/ScienceKit/ExperimentKit_Material_Diffuse
[LOG 17:59:29.448] Load DDS texture: Squad/Parts/Cargo/ScienceKit/ExperimentKit_Material_Emissive
[LOG 17:59:29.449] Load DDS texture: Squad/Parts/Cargo/ScienceKit/ExperimentKit_Material_Normal
[LOG 17:59:29.456] Load DDS texture: Squad/Parts/Cargo/StorageUnits/Assets/Cargo_Material_Diffuse
[LOG 17:59:29.462] Load DDS texture: Squad/Parts/Cargo/StorageUnits/Assets/Cargo_Material_Normal
[LOG 17:59:29.468] Load DDS texture: Squad/Parts/Command/advancedSasModuleLarge/model000
[LOG 17:59:29.469] Load DDS texture: Squad/Parts/Command/advancedSasModuleLarge/model001
[LOG 17:59:29.469] Load DDS texture: Squad/Parts/Command/cupola/cupola_Emissive
[LOG 17:59:29.470] Load DDS texture: Squad/Parts/Command/cupola/ksp_l_cupola_diff
[LOG 17:59:29.470] Load DDS texture: Squad/Parts/Command/cupola/ksp_l_cupola_normal
[LOG 17:59:29.472] Load DDS texture: Squad/Parts/Command/cupola/window
[LOG 17:59:29.473] Load DDS texture: Squad/Parts/Command/externalCommandSeat/model000
[LOG 17:59:29.475] Load DDS texture: Squad/Parts/Command/hitchhikerStorageContainer/cabin
[LOG 17:59:29.477] Load DDS texture: Squad/Parts/Command/hitchhikerStorageContainer/cabin_Illum
[LOG 17:59:29.478] Load DDS texture: Squad/Parts/Command/hitchhikerStorageContainer/cabin_n
[LOG 17:59:29.480] Load DDS texture: Squad/Parts/Command/hitchhikerStorageContainer/window
[LOG 17:59:29.481] Load DDS texture: Squad/Parts/Command/inlineAdvancedStabilizer/model000
[LOG 17:59:29.481] Load DDS texture: Squad/Parts/Command/inlineAdvancedStabilizer/model001
[LOG 17:59:29.481] Load DDS texture: Squad/Parts/Command/inlineReactionWheel/model000
[LOG 17:59:29.481] Load DDS texture: Squad/Parts/Command/inlineReactionWheel/model001
[LOG 17:59:29.482] Load DDS texture: Squad/Parts/Command/inlineReactionWheel/model002
[LOG 17:59:29.482] Load DDS texture: Squad/Parts/Command/Mk1-2Pod/mk 1-2 external shell Variant-Hatch
[LOG 17:59:29.484] Load DDS texture: Squad/Parts/Command/Mk1-3Pod/M1-3 Pod
[LOG 17:59:29.487] Load DDS texture: Squad/Parts/Command/Mk1-3Pod/M1-3 Pod_GLOW
[LOG 17:59:29.487] Load DDS texture: Squad/Parts/Command/mk1Cockpits/GLOW
[LOG 17:59:29.488] Load DDS texture: Squad/Parts/Command/mk1Cockpits/Mk1Cockpit
[LOG 17:59:29.490] Load DDS texture: Squad/Parts/Command/mk1LanderCan/ksp_s_landerCan_diff
[LOG 17:59:29.491] Load DDS texture: Squad/Parts/Command/mk1LanderCan/ksp_s_landerCan_normal
[LOG 17:59:29.491] Load DDS texture: Squad/Parts/Command/mk1LanderCan/ksp_s_landerCan_psd_illum
[LOG 17:59:29.491] Load DDS texture: Squad/Parts/Command/mk1pod/outer shell
[LOG 17:59:29.492] Load DDS texture: Squad/Parts/Command/mk1pod_v2/Mk1_v2
[LOG 17:59:29.493] Load DDS texture: Squad/Parts/Command/mk1pod_v2/Mk1_v2_GLOW
[LOG 17:59:29.494] Load DDS texture: Squad/Parts/Command/mk1pod_v2/Mk1_v2_GW
[LOG 17:59:29.496] Load DDS texture: Squad/Parts/Command/mk1pod_v2/Mk1_v2_N
[LOG 17:59:29.497] Load DDS texture: Squad/Parts/Command/mk1pod_v2/Mk1_v2_W
[LOG 17:59:29.499] Load DDS texture: Squad/Parts/Command/mk1pod_v2/Mk1_v2_W_N
[LOG 17:59:29.500] Load DDS texture: Squad/Parts/Command/mk2CockpitInline/Cockpit_inline_A
[LOG 17:59:29.502] Load DDS texture: Squad/Parts/Command/mk2CockpitInline/Cockpit_inline_Emissive
[LOG 17:59:29.503] Load DDS texture: Squad/Parts/Command/mk2CockpitInline/Cockpit_inline_normal
[LOG 17:59:29.504] Load DDS texture: Squad/Parts/Command/mk2CockpitStandard/Cockpit
[LOG 17:59:29.506] Load DDS texture: Squad/Parts/Command/mk2CockpitStandard/Cockpit_Lum
[LOG 17:59:29.506] Load DDS texture: Squad/Parts/Command/mk2CockpitStandard/Cockpit_NRM
[LOG 17:59:29.509] Load DDS texture: Squad/Parts/Command/mk2DroneCore/mk2Dronecore
[LOG 17:59:29.511] Load DDS texture: Squad/Parts/Command/mk2LanderCan/Illum
[LOG 17:59:29.511] Load DDS texture: Squad/Parts/Command/mk2LanderCan/ladder
[LOG 17:59:29.511] Load DDS texture: Squad/Parts/Command/mk2LanderCan/outershell
[LOG 17:59:29.512] Load DDS texture: Squad/Parts/Command/mk2LanderCan/outershell_n
[LOG 17:59:29.512] Load DDS texture: Squad/Parts/Command/mk2LanderCan/window
[LOG 17:59:29.512] Load DDS texture: Squad/Parts/Command/mk2LanderCan_v2/Mk2Can
[LOG 17:59:29.532] Load DDS texture: Squad/Parts/Command/mk2LanderCan_v2/Mk2Can_glow
[LOG 17:59:29.537] Load DDS texture: Squad/Parts/Command/mk3CockpitShuttle/Mk3CockpitShuttle
[LOG 17:59:29.538] Load DDS texture: Squad/Parts/Command/mk3CockpitShuttle/Mk3CockpitShuttle_LUM
[LOG 17:59:29.539] Load DDS texture: Squad/Parts/Command/MpoProbe/MpoProbe_diffuse
[LOG 17:59:29.540] Load DDS texture: Squad/Parts/Command/MpoProbe/MpoProbe_nrm
[LOG 17:59:29.545] Load DDS texture: Squad/Parts/Command/MpoProbe/MpoProbe_specular
[LOG 17:59:29.546] Load DDS texture: Squad/Parts/Command/MtmStage/mtmStage_diffuse
[LOG 17:59:29.548] Load DDS texture: Squad/Parts/Command/MtmStage/mtmStage_nrm
[LOG 17:59:29.549] Load DDS texture: Squad/Parts/Command/MtmStage/mtmStage_specular
[LOG 17:59:29.550] Load DDS texture: Squad/Parts/Command/probeCoreCube/QBE_New_diffuse
[LOG 17:59:29.551] Load Cached PNG Texture: Squad/Parts/Command/probeCoreCube/QBE_New_NRM
[LOG 17:59:29.554] Load DDS texture: Squad/Parts/Command/probeCoreCube/QBE_New_specular
[LOG 17:59:29.554] Load DDS texture: Squad/Parts/Command/probeCoreHex/ksp_m_hexProbe_diff
[LOG 17:59:29.557] Load DDS texture: Squad/Parts/Command/probeCoreHex/ksp_m_hexProbe_normal
[LOG 17:59:29.557] Load DDS texture: Squad/Parts/Command/probeCoreHex_v2/hecsDiffuse
[LOG 17:59:29.558] Load DDS texture: Squad/Parts/Command/probeCoreHex_v2/hecsNormal
[LOG 17:59:29.558] Load DDS texture: Squad/Parts/Command/probeCoreOcto2_v2/octoDiffuse
[LOG 17:59:29.559] Load DDS texture: Squad/Parts/Command/probeCoreOcto2_v2/octoNormal
[LOG 17:59:29.559] Load DDS texture: Squad/Parts/Command/probeCoreOcto2_v2/octoSpecular
[LOG 17:59:29.559] Load DDS texture: Squad/Parts/Command/probeCoreOcto_v2/octoDiffuse
[LOG 17:59:29.559] Load DDS texture: Squad/Parts/Command/probeCoreOcto_v2/octoNormal
[LOG 17:59:29.565] Load DDS texture: Squad/Parts/Command/probeCoreOcto_v2/octoSpecular
[LOG 17:59:29.565] Load DDS texture: Squad/Parts/Command/probeRoverBody/model000
[LOG 17:59:29.566] Load DDS texture: Squad/Parts/Command/probeRoverBody/model001
[LOG 17:59:29.566] Load DDS texture: Squad/Parts/Command/probeRoverBody_v2/probeRoverBody_v2_gold_diffuse
[LOG 17:59:29.566] Load Cached PNG Texture: Squad/Parts/Command/probeRoverBody_v2/probeRoverBody_v2_gold_NRM
[LOG 17:59:29.568] Load DDS texture: Squad/Parts/Command/probeRoverBody_v2/probeRoverBody_v2_gold_specular
[LOG 17:59:29.570] Load DDS texture: Squad/Parts/Command/probeRoverBody_v2/probeRoverBody_v2_silver_diffuse
[LOG 17:59:29.572] Load Cached PNG Texture: Squad/Parts/Command/probeRoverBody_v2/probeRoverBody_v2_silver_NRM
[LOG 17:59:29.573] Load DDS texture: Squad/Parts/Command/probeRoverBody_v2/probeRoverBody_v2_silver_specular
[LOG 17:59:29.574] Load DDS texture: Squad/Parts/Command/probeRoverBody_v2/QBE_New_diffuse
[LOG 17:59:29.575] Load DDS texture: Squad/Parts/Command/probeRoverBody_v2/QBE_New_NRM
[LOG 17:59:29.575] Load DDS texture: Squad/Parts/Command/probeRoverBody_v2/QBE_New_specular
[LOG 17:59:29.575] Load DDS texture: Squad/Parts/Command/probeStackLarge/model000
[LOG 17:59:29.575] Load DDS texture: Squad/Parts/Command/probeStackLarge/model001
[LOG 17:59:29.577] Load DDS texture: Squad/Parts/Command/probeStackSmall/model000
[LOG 17:59:29.578] Load DDS texture: Squad/Parts/Command/probeStackSmall/model001
[LOG 17:59:29.579] Load DDS texture: Squad/Parts/Command/probeStackSphere_v2/probeStackSphere_diffuse
[LOG 17:59:29.580] Load DDS texture: Squad/Parts/Command/probeStackSphere_v2/probeStackSphere_normal
[LOG 17:59:29.581] Load DDS texture: Squad/Parts/Command/probeStackSphere_v2/probeStackSphere_specular
[LOG 17:59:29.582] Load Cached PNG Texture: Squad/Parts/CompoundParts/@thumbs/fuelLine_icon0
[LOG 17:59:29.583] Load Cached PNG Texture: Squad/Parts/CompoundParts/@thumbs/fuelLine_icon1
[LOG 17:59:29.583] Load Cached PNG Texture: Squad/Parts/CompoundParts/@thumbs/strutConnector_icon0
[LOG 17:59:29.583] Load Cached PNG Texture: Squad/Parts/CompoundParts/@thumbs/strutConnector_icon1
[LOG 17:59:29.583] Load DDS texture: Squad/Parts/CompoundParts/FuelLine/FTX-2 External Fuel Duct
[LOG 17:59:29.583] Load DDS texture: Squad/Parts/CompoundParts/FuelLine/FTX-2 External Fuel Duct_ESA
[LOG 17:59:29.583] Load DDS texture: Squad/Parts/CompoundParts/strutConnector/EAS-4 Strut Connector
[LOG 17:59:29.584] Load DDS texture: Squad/Parts/CompoundParts/strutConnector/EAS-4 Strut Connector_white
[LOG 17:59:29.584] Load DDS texture: Squad/Parts/Coupling/Assets/Decouplers
[LOG 17:59:29.589] Load DDS texture: Squad/Parts/Coupling/Assets/Decouplers_N
[LOG 17:59:29.592] Load DDS texture: Squad/Parts/Coupling/Assets/Decouplers_whiteYellow
[LOG 17:59:29.601] Load DDS texture: Squad/Parts/Coupling/Assets/Decouplers_whiteYellow_N
[LOG 17:59:29.604] Load DDS texture: Squad/Parts/Electrical/10CSolarPanels/assets/circularSolarPanel_diffuse
[LOG 17:59:29.605] Load DDS texture: Squad/Parts/Electrical/10CSolarPanels/assets/circularSolarPanel_nrm
[LOG 17:59:29.606] Load DDS texture: Squad/Parts/Electrical/10LSolarPanels/assets/retractableSolarPanel_diffuse
[LOG 17:59:29.607] Load DDS texture: Squad/Parts/Electrical/10LSolarPanels/assets/retractableSolarPanel_nrm
[LOG 17:59:29.609] Load DDS texture: Squad/Parts/Electrical/1x6ShroudSolarPanels/model000
[LOG 17:59:29.609] Load DDS texture: Squad/Parts/Electrical/1x6ShroudSolarPanels/model001
[LOG 17:59:29.609] Load DDS texture: Squad/Parts/Electrical/1x6ShroudSolarPanels/model002
[LOG 17:59:29.609] Load DDS texture: Squad/Parts/Electrical/1x6SolarPanels/model000
[LOG 17:59:29.609] Load DDS texture: Squad/Parts/Electrical/1x6SolarPanels/model001
[LOG 17:59:29.610] Load DDS texture: Squad/Parts/Electrical/1x6SolarPanels/model002
[LOG 17:59:29.610] Load DDS texture: Squad/Parts/Electrical/3x2ShroudSolarPanels/model000
[LOG 17:59:29.610] Load DDS texture: Squad/Parts/Electrical/3x2ShroudSolarPanels/model001
[LOG 17:59:29.610] Load DDS texture: Squad/Parts/Electrical/3x2ShroudSolarPanels/model002
[LOG 17:59:29.610] Load DDS texture: Squad/Parts/Electrical/3x2SolarPanels/model000
[LOG 17:59:29.610] Load DDS texture: Squad/Parts/Electrical/3x2SolarPanels/model001
[LOG 17:59:29.610] Load DDS texture: Squad/Parts/Electrical/3x2SolarPanels/model002
[LOG 17:59:29.610] Load DDS texture: Squad/Parts/Electrical/gigantorXlSolarArray/panel
[LOG 17:59:29.611] Load DDS texture: Squad/Parts/Electrical/radialFlatSolarPanel/model000
[LOG 17:59:29.611] Load DDS texture: Squad/Parts/Electrical/RTG/model000
[LOG 17:59:29.611] Load DDS texture: Squad/Parts/Electrical/z-100Battery/model000
[LOG 17:59:29.611] Load DDS texture: Squad/Parts/Electrical/z-1kBattery/model000
[LOG 17:59:29.611] Load DDS texture: Squad/Parts/Electrical/z-1kBattery/model001
[LOG 17:59:29.611] Load DDS texture: Squad/Parts/Electrical/z-200Battery/ksp_m_batteryPack_diff
[LOG 17:59:29.611] Load DDS texture: Squad/Parts/Electrical/z-400Battery/model000
[LOG 17:59:29.612] Load DDS texture: Squad/Parts/Electrical/z-4kBattery/ksp_l_batteryPack_diff
[LOG 17:59:29.612] Load DDS texture: Squad/Parts/Electrical/z-4kBattery/ksp_l_batteryPack_normal
[LOG 17:59:29.612] Load DDS texture: Squad/Parts/Engine/ionEngine/model000
[LOG 17:59:29.612] Load DDS texture: Squad/Parts/Engine/jetEngines/Jet Engines
[LOG 17:59:29.616] Load DDS texture: Squad/Parts/Engine/jetEngines/Jet_Heat
[LOG 17:59:29.617] Load DDS texture: Squad/Parts/Engine/liquidEngine24-77/engine
[LOG 17:59:29.617] Load DDS texture: Squad/Parts/Engine/liquidEngine24-77_v2/Twitch
[LOG 17:59:29.618] Load DDS texture: Squad/Parts/Engine/liquidEngine24-77_v2/Twitch_G
[LOG 17:59:29.619] Load DDS texture: Squad/Parts/Engine/liquidEngine24-77_v2/Twitch_GLOW
[LOG 17:59:29.619] Load DDS texture: Squad/Parts/Engine/liquidEngine48-7S/ksp_m_liquidEngine_diff
[LOG 17:59:29.619] Load DDS texture: Squad/Parts/Engine/liquidEngine48-7S_v2/Spark
[LOG 17:59:29.620] Load DDS texture: Squad/Parts/Engine/liquidEngine48-7S_v2/Spark_Glow
[LOG 17:59:29.620] Load DDS texture: Squad/Parts/Engine/liquidEngineAerospike/Aerospike
[LOG 17:59:29.624] Load DDS texture: Squad/Parts/Engine/liquidEngineAerospike/Aerospike_Heat
[LOG 17:59:29.624] Load DDS texture: Squad/Parts/Engine/liquidEngineLV-1_v2/Assets/Ant_and_Spider_diffuse
[LOG 17:59:29.624] Load DDS texture: Squad/Parts/Engine/liquidEngineLV-1_v2/Assets/Ant_and_Spider_emissive
[LOG 17:59:29.625] Load DDS texture: Squad/Parts/Engine/liquidEngineLV-1_v2/Assets/Ant_and_Spider_normal
[LOG 17:59:29.625] Load DDS texture: Squad/Parts/Engine/liquidEngineLV-1_v2/Assets/Ant_and_Spider_specular
[LOG 17:59:29.625] Load DDS texture: Squad/Parts/Engine/liquidEngineLV-909_v2/Terrier
[LOG 17:59:29.626] Load DDS texture: Squad/Parts/Engine/liquidEngineLV-909_v2/TerrierFairing
[LOG 17:59:29.626] Load DDS texture: Squad/Parts/Engine/liquidEngineLV-909_v2/Terrier_glow
[LOG 17:59:29.628] Load DDS texture: Squad/Parts/Engine/liquidEngineLV-N/model000
[LOG 17:59:29.628] Load DDS texture: Squad/Parts/Engine/liquidEngineLV-N/model001
[LOG 17:59:29.628] Load DDS texture: Squad/Parts/Engine/liquidEngineLV-N/model002
[LOG 17:59:29.628] Load DDS texture: Squad/Parts/Engine/liquidEngineLV-N/model003
[LOG 17:59:29.629] Load DDS texture: Squad/Parts/Engine/liquidEngineLV-T30/model000
[LOG 17:59:29.632] Load DDS texture: Squad/Parts/Engine/liquidEngineLV-T30/model001
[LOG 17:59:29.632] Load DDS texture: Squad/Parts/Engine/liquidEngineLV-T30/model002
[LOG 17:59:29.632] Load DDS texture: Squad/Parts/Engine/liquidEngineLV-T30_v2/Engine_Emissive
[LOG 17:59:29.638] Load DDS texture: Squad/Parts/Engine/liquidEngineLV-T30_v2/Engine_Normal
[LOG 17:59:29.644] Load DDS texture: Squad/Parts/Engine/liquidEngineLV-T30_v2/Fairing
[LOG 17:59:29.645] Load DDS texture: Squad/Parts/Engine/liquidEngineLV-T30_v2/Reliant_v2-shroud_Diffuse
[LOG 17:59:29.652] Load DDS texture: Squad/Parts/Engine/liquidEngineLV-T30_v2/Reliant_v2_Diffuse
[LOG 17:59:29.658] Load DDS texture: Squad/Parts/Engine/liquidEngineLV-T45/model000
[LOG 17:59:29.666] Load DDS texture: Squad/Parts/Engine/liquidEngineLV-T45/model001
[LOG 17:59:29.666] Load DDS texture: Squad/Parts/Engine/liquidEngineLV-T45/model002
[LOG 17:59:29.666] Load DDS texture: Squad/Parts/Engine/liquidEngineLV-T45/model003
[LOG 17:59:29.666] Load DDS texture: Squad/Parts/Engine/liquidEngineLV-T45_v2/Engine_Emissive
[LOG 17:59:29.671] Load DDS texture: Squad/Parts/Engine/liquidEngineLV-T45_v2/Fairing
[LOG 17:59:29.671] Load DDS texture: Squad/Parts/Engine/liquidEngineLV-T45_v2/Swivel_v2_Diffuse
[LOG 17:59:29.678] Load DDS texture: Squad/Parts/Engine/liquidEngineLV-T45_v2/Swivel_v2_Normal
[LOG 17:59:29.687] Load DDS texture: Squad/Parts/Engine/liquidEngineMainsail_v2/mainsail_diffuse
[LOG 17:59:29.695] Load DDS texture: Squad/Parts/Engine/liquidEngineMainsail_v2/mainsail_emissive
[LOG 17:59:29.702] Load DDS texture: Squad/Parts/Engine/liquidEngineMainsail_v2/mainsail_nrm
[LOG 17:59:29.709] Load DDS texture: Squad/Parts/Engine/liquidEngineMainsail_v2/mainsail_specular
[LOG 17:59:29.728] Load DDS texture: Squad/Parts/Engine/liquidEngineMainsail_v2/Shroud
[LOG 17:59:29.728] Load DDS texture: Squad/Parts/Engine/liquidEngineMk55/Thud
[LOG 17:59:29.729] Load DDS texture: Squad/Parts/Engine/liquidEngineMk55/Thud_Heat
[LOG 17:59:29.729] Load DDS texture: Squad/Parts/Engine/liquidEnginePoodle_v2/poodle
[LOG 17:59:29.730] Load DDS texture: Squad/Parts/Engine/liquidEnginePoodle_v2/PoodleShroud
[LOG 17:59:29.730] Load DDS texture: Squad/Parts/Engine/liquidEnginePoodle_v2/poodle_Glow
[LOG 17:59:29.734] Load DDS texture: Squad/Parts/Engine/liquidEnginePoodle_v2/Poodle_SingleBell_Poodle_Diffuse
[LOG 17:59:29.736] Load DDS texture: Squad/Parts/Engine/liquidEnginePoodle_v2/Poodle_SingleBell_Poodle_Emissive
[LOG 17:59:29.740] Load DDS texture: Squad/Parts/Engine/liquidEnginePoodle_v2/Poodle_SingleBell_Poodle_Normal
[LOG 17:59:29.741] Load DDS texture: Squad/Parts/Engine/liquidEngineSkipper_v2/Shroud
[LOG 17:59:29.741] Load DDS texture: Squad/Parts/Engine/liquidEngineSkipper_v2/skipper_v2_diffuse
[LOG 17:59:29.750] Load DDS texture: Squad/Parts/Engine/liquidEngineSkipper_v2/skipper_v2_emissive
[LOG 17:59:29.757] Load DDS texture: Squad/Parts/Engine/liquidEngineSkipper_v2/skipper_v2_normal
[LOG 17:59:29.770] Load DDS texture: Squad/Parts/Engine/liquidEngineSSME/SSME
[LOG 17:59:29.771] Load DDS texture: Squad/Parts/Engine/liquidEngineSSME/SSME_GLOW
[LOG 17:59:29.771] Load DDS texture: Squad/Parts/Engine/liquidEngineSSME/SSME_NRM
[LOG 17:59:29.771] Load DDS texture: Squad/Parts/Engine/MassiveSRB/solid_booster_cm
[LOG 17:59:29.772] Load DDS texture: Squad/Parts/Engine/MassiveSRB/solid_booster_cm_esa
[LOG 17:59:29.773] Load DDS texture: Squad/Parts/Engine/MassiveSRB/solid_booster_em
[LOG 17:59:29.774] Load DDS texture: Squad/Parts/Engine/MassiveSRB/solid_booster_nm
[LOG 17:59:29.776] Load DDS texture: Squad/Parts/Engine/miniJet/SmallJet
[LOG 17:59:29.776] Load DDS texture: Squad/Parts/Engine/OMSEngine/Puff_diffuse
[LOG 17:59:29.778] Load DDS texture: Squad/Parts/Engine/OMSEngine/Puff_emissive
[LOG 17:59:29.778] Load DDS texture: Squad/Parts/Engine/OMSEngine/Puff_normal
[LOG 17:59:29.778] Load DDS texture: Squad/Parts/Engine/OMSEngine/Puff_specular
[LOG 17:59:29.778] Load DDS texture: Squad/Parts/Engine/rapierEngine/rapierDiffuse
[LOG 17:59:29.800] Load DDS texture: Squad/Parts/Engine/rapierEngine/rapieremit
[LOG 17:59:29.801] Load DDS texture: Squad/Parts/Engine/Size1_SRBs/SRB_O
[LOG 17:59:29.801] Load DDS texture: Squad/Parts/Engine/Size1_SRBs/SRB_W
[LOG 17:59:29.802] Load DDS texture: Squad/Parts/Engine/Size1_SRBs/SRB_Y
[LOG 17:59:29.802] Load DDS texture: Squad/Parts/Engine/Size2LFB/Size2LFBEmissive
[LOG 17:59:29.802] Load DDS texture: Squad/Parts/Engine/Size2LFB/twin_nozzle_booster_cm
[LOG 17:59:29.804] Load DDS texture: Squad/Parts/Engine/Size2LFB/twin_nozzle_booster_nm
[LOG 17:59:29.805] Load DDS texture: Squad/Parts/Engine/Size2LFB_v2/Size2LFBEmissive
[LOG 17:59:29.806] Load DDS texture: Squad/Parts/Engine/Size2LFB_v2/twin_nozzle_booster_cm
[LOG 17:59:29.807] Load DDS texture: Squad/Parts/Engine/Size2LFB_v2/twin_nozzle_booster_nm
[LOG 17:59:29.808] Load DDS texture: Squad/Parts/Engine/Size3AdvancedEngine/decoupler_and_adaptor_cm
[LOG 17:59:29.810] Load DDS texture: Squad/Parts/Engine/Size3AdvancedEngine/Size3AdvancedEngineDiffuse
[LOG 17:59:29.812] Load DDS texture: Squad/Parts/Engine/Size3AdvancedEngine/Size3AdvancedEngineEmissive
[LOG 17:59:29.812] Load DDS texture: Squad/Parts/Engine/Size3AdvancedEngine/Size3AdvancedEngineNormal
[LOG 17:59:29.812] Load DDS texture: Squad/Parts/Engine/Size3EngineCluster/ClusterEngineEmit
[LOG 17:59:29.812] Load DDS texture: Squad/Parts/Engine/Size3EngineCluster/four_nozzle_engine_cm
[LOG 17:59:29.813] Load DDS texture: Squad/Parts/Engine/Size3EngineCluster/four_nozzle_engine_nm
[LOG 17:59:29.818] Load DDS texture: Squad/Parts/Engine/solidBoosterBACC/model000
[LOG 17:59:29.819] Load DDS texture: Squad/Parts/Engine/solidBoosterBACC/model001
[LOG 17:59:29.820] Load DDS texture: Squad/Parts/Engine/solidBoosterBACC/model002
[LOG 17:59:29.821] Load DDS texture: Squad/Parts/Engine/solidBoosterRT-5/RT5
[LOG 17:59:29.821] Load DDS texture: Squad/Parts/Engine/solidBoosterS2-17/solidBoosterS2-17_diffuse
[LOG 17:59:29.833] Load DDS texture: Squad/Parts/Engine/solidBoosterS2-17/solidBoosterS2-17_emissive
[LOG 17:59:29.852] Load DDS texture: Squad/Parts/Engine/solidBoosterS2-17/solidBoosterS2-17_normal
[LOG 17:59:29.867] Load DDS texture: Squad/Parts/Engine/solidBoosterS2-33/solidBoosterS2-33_diffuse
[LOG 17:59:29.903] Load DDS texture: Squad/Parts/Engine/solidBoosterS2-33/solidBoosterS2-33_emissive
[LOG 17:59:29.963] Load DDS texture: Squad/Parts/Engine/solidBoosterS2-33/solidBoosterS2-33_normal
[LOG 17:59:30.017] Load DDS texture: Squad/Parts/Engine/solidBoosterSep/model000
[LOG 17:59:30.017] Load DDS texture: Squad/Parts/Engine/solidBoosterSep/motor
[LOG 17:59:30.018] Load DDS texture: Squad/Parts/Engine/SolidBoostersF/Assets/SolidBoosterF3S0_diffuse
[LOG 17:59:30.018] Load DDS texture: Squad/Parts/Engine/SolidBoostersF/Assets/SolidBoosterF3S0_emissive
[LOG 17:59:30.018] Load DDS texture: Squad/Parts/Engine/SolidBoostersF/Assets/SolidBoosterF3S0_normal
[LOG 17:59:30.019] Load DDS texture: Squad/Parts/FuelTank/adapterTanks/Mk3Adapters
[LOG 17:59:30.022] Load DDS texture: Squad/Parts/FuelTank/drainTankFTE-1/fuelValve_diffuse
[LOG 17:59:30.023] Load DDS texture: Squad/Parts/FuelTank/drainTankFTE-1/fuelValve_nrm
[LOG 17:59:30.023] Load DDS texture: Squad/Parts/FuelTank/FoilTanks/RadialTanks
[LOG 17:59:30.026] Load DDS texture: Squad/Parts/FuelTank/FoilTanks/RadialTanksGold_specular
[LOG 17:59:30.039] Load DDS texture: Squad/Parts/FuelTank/FoilTanks/RadialTanksSilver_specular
[LOG 17:59:30.041] Load DDS texture: Squad/Parts/FuelTank/FoilTanks/RadialTanks_N
[LOG 17:59:30.043] Load DDS texture: Squad/Parts/FuelTank/FoilTanks/RadialTanks_silver
[LOG 17:59:30.046] Load DDS texture: Squad/Parts/FuelTank/fuelTankOscarB/model000
[LOG 17:59:30.049] Load DDS texture: Squad/Parts/FuelTank/fuelTankOscarB/model001
[LOG 17:59:30.049] Load DDS texture: Squad/Parts/FuelTank/fuelTankOscarB/tank
[LOG 17:59:30.052] Load DDS texture: Squad/Parts/FuelTank/fuelTankOscarB/tank_n
[LOG 17:59:30.052] Load DDS texture: Squad/Parts/FuelTank/miniFuselage/Fuselage
[LOG 17:59:30.055] Load DDS texture: Squad/Parts/FuelTank/mk2Adapters/mk2adapters1m
[LOG 17:59:30.067] Load DDS texture: Squad/Parts/FuelTank/mk2FuselageLong/mk2Fuselage
[LOG 17:59:30.067] Load DDS texture: Squad/Parts/FuelTank/mk2FuselageShort/mk2FuselageShort
[LOG 17:59:30.078] Load DDS texture: Squad/Parts/FuelTank/mk3Fuselage/Mk3Fuselage
[LOG 17:59:30.084] Load DDS texture: Squad/Parts/FuelTank/mk3Fuselage/Mk3Fuselage_LUM
[LOG 17:59:30.089] Load DDS texture: Squad/Parts/FuelTank/RCSFuelTankR1/RCSFuelTankR1_01
[LOG 17:59:30.089] Load DDS texture: Squad/Parts/FuelTank/RCSFuelTankR1/RCSFuelTankR1_02
[LOG 17:59:30.089] Load DDS texture: Squad/Parts/FuelTank/RCSFuelTankR1/RCSFuelTankR1_N
[LOG 17:59:30.090] Load DDS texture: Squad/Parts/FuelTank/RCSFuelTankR10/ksp_m_rcsTank_diff
[LOG 17:59:30.091] Load DDS texture: Squad/Parts/FuelTank/RCSFuelTankR10/ksp_m_rcsTank_normal
[LOG 17:59:30.091] Load DDS texture: Squad/Parts/FuelTank/RCSFuelTankR25/FL-R25 RCS Fuel Tank_D
[LOG 17:59:30.091] Load DDS texture: Squad/Parts/FuelTank/RCSFuelTankR25/FL-R25 RCS Fuel Tank_N
[LOG 17:59:30.091] Load DDS texture: Squad/Parts/FuelTank/RCSTankRadial/model000
[LOG 17:59:30.092] Load DDS texture: Squad/Parts/FuelTank/RCStankRadialLong/ksp_r_rcsCylTank_diff
[LOG 17:59:30.092] Load DDS texture: Squad/Parts/FuelTank/RockomaxTanks/Assets/rockomax_16 [AlbedoM] BW
[LOG 17:59:30.098] Load DDS texture: Squad/Parts/FuelTank/RockomaxTanks/Assets/rockomax_16 [AlbedoM] ESA
[LOG 17:59:30.106] Load DDS texture: Squad/Parts/FuelTank/RockomaxTanks/Assets/rockomax_16 [AlbedoM] O
[LOG 17:59:30.113] Load DDS texture: Squad/Parts/FuelTank/RockomaxTanks/Assets/rockomax_16 [Normal] BW
[LOG 17:59:30.120] Load DDS texture: Squad/Parts/FuelTank/RockomaxTanks/Assets/rockomax_16 [Normal]ESA
[LOG 17:59:30.129] Load DDS texture: Squad/Parts/FuelTank/RockomaxTanks/Assets/rockomax_16 [Normal]O
[LOG 17:59:30.135] Load DDS texture: Squad/Parts/FuelTank/RockomaxTanks/Assets/rockomax_32 [AlbedoM] ESA
[LOG 17:59:30.137] Load DDS texture: Squad/Parts/FuelTank/RockomaxTanks/Assets/rockomax_32 [Normal]ESA
[LOG 17:59:30.140] Load DDS texture: Squad/Parts/FuelTank/Size1_Tanks/125Tanks_BW
[LOG 17:59:30.144] Load DDS texture: Squad/Parts/FuelTank/Size1_Tanks/125Tanks_D
[LOG 17:59:30.147] Load DDS texture: Squad/Parts/FuelTank/Size1_Tanks/125Tanks_N
[LOG 17:59:30.152] Load DDS texture: Squad/Parts/FuelTank/Size1_Tanks/125Tanks_O
[LOG 17:59:30.156] Load DDS texture: Squad/Parts/FuelTank/Size1_Tanks/125Tanks_W
[LOG 17:59:30.160] Load DDS texture: Squad/Parts/FuelTank/Size3Tanks/fueltTanks_cm
[LOG 17:59:30.161] Load Cached PNG Texture: Squad/Parts/FuelTank/Size3Tanks/Size3Tanks
[LOG 17:59:30.162] Load Cached PNG Texture: Squad/Parts/FuelTank/Size3Tanks/Size3Tanks_Norm
[LOG 17:59:30.164] Load Cached PNG Texture: Squad/Parts/FuelTank/Size3Tanks/Size3Tanks_Orange
[LOG 17:59:30.165] Load Cached PNG Texture: Squad/Parts/FuelTank/Size3Tanks/Size3Tanks_Orange_Norm
[LOG 17:59:30.166] Load DDS texture: Squad/Parts/FuelTank/xenonTank/model000
[LOG 17:59:30.166] Load DDS texture: Squad/Parts/FuelTank/xenonTank/model001
[LOG 17:59:30.166] Load DDS texture: Squad/Parts/FuelTank/xenonTankLarge/tank
[LOG 17:59:30.167] Load DDS texture: Squad/Parts/FuelTank/xenonTankRadial/ksp_r_xenonTank_diff
[LOG 17:59:30.167] Load DDS texture: Squad/Parts/Misc/AsteroidDay/CamSat
[LOG 17:59:30.167] Load DDS texture: Squad/Parts/Misc/AsteroidDay/CamSat_glow
[LOG 17:59:30.167] Load DDS texture: Squad/Parts/Misc/AsteroidDay/CamSat_N_NRM
[LOG 17:59:30.169] Load DDS texture: Squad/Parts/Misc/AsteroidDay/default
[LOG 17:59:30.169] Load DDS texture: Squad/Parts/Misc/AsteroidDay/hecsDiffuse
[LOG 17:59:30.170] Load DDS texture: Squad/Parts/Misc/AsteroidDay/hecsNormal
[LOG 17:59:30.170] Load DDS texture: Squad/Parts/Misc/AsteroidDay/hecsSpecular
[LOG 17:59:30.170] Load DDS texture: Squad/Parts/Misc/AsteroidDay/JumboHexProbe
[LOG 17:59:30.171] Load DDS texture: Squad/Parts/Misc/AsteroidDay/JumboHexProbe_NORM_NRM
[LOG 17:59:30.175] Load DDS texture: Squad/Parts/Resources/FuelCell/FCLamp
[LOG 17:59:30.175] Load DDS texture: Squad/Parts/Resources/FuelCell/FuelCellRack
[LOG 17:59:30.175] Load DDS texture: Squad/Parts/Resources/FuelCell/fuellcell
[LOG 17:59:30.175] Load DDS texture: Squad/Parts/Resources/ISRU/Processor_Large
[LOG 17:59:30.175] Load DDS texture: Squad/Parts/Resources/LargeTank/ksp_l_resourceContainer_diff
[LOG 17:59:30.176] Load DDS texture: Squad/Parts/Resources/LargeTank/ksp_l_resourceContainer_norm
[LOG 17:59:30.179] Load DDS texture: Squad/Parts/Resources/MiniDrill/DustParticle
[LOG 17:59:30.179] Load DDS texture: Squad/Parts/Resources/MiniDrill/ksp_r_rockProbe_diff
[LOG 17:59:30.180] Load DDS texture: Squad/Parts/Resources/MiniDrill/RockParticle
[LOG 17:59:30.181] Load DDS texture: Squad/Parts/Resources/MiniISRU/ksp_s_processorSmall_diff
[LOG 17:59:30.181] Load DDS texture: Squad/Parts/Resources/OrbitalScanner/detector
[LOG 17:59:30.181] Load DDS texture: Squad/Parts/Resources/RadialDrill/DustParticle
[LOG 17:59:30.181] Load DDS texture: Squad/Parts/Resources/RadialDrill/RockParticle
[LOG 17:59:30.181] Load DDS texture: Squad/Parts/Resources/RadialDrill/TriBitDrill
[LOG 17:59:30.182] Load DDS texture: Squad/Parts/Resources/RadialTank/ksp_r_resourceContainer_psd_2
[LOG 17:59:30.182] Load DDS texture: Squad/Parts/Resources/SmallTank/ksp_s_resourceContainer_diff
[LOG 17:59:30.183] Load DDS texture: Squad/Parts/Resources/SmallTank/ksp_s_resourceContainer_normal
[LOG 17:59:30.185] Load DDS texture: Squad/Parts/Resources/SurfaceScanner/ksp_r_samplerAir_diff
[LOG 17:59:30.186] Load DDS texture: Squad/Parts/Resources/SurveyScanner/dish
[LOG 17:59:30.186] Load DDS texture: Squad/Parts/Resources/SurveyScanner/dish_n
[LOG 17:59:30.188] Load DDS texture: Squad/Parts/Science/AtmosphereSensor/ksp_r_hydroscoop_diff
[LOG 17:59:30.189] Load DDS texture: Squad/Parts/Science/GooExperiment/GooExperiment
[LOG 17:59:30.191] Load DDS texture: Squad/Parts/Science/LargeCrewedLab/Large_Crewed_Lab
[LOG 17:59:30.192] Load DDS texture: Squad/Parts/Science/LargeCrewedLab/Large_Crewed_Lab_glow
[LOG 17:59:30.196] Load DDS texture: Squad/Parts/Science/LargeCrewedLab/window
[LOG 17:59:30.197] Load DDS texture: Squad/Parts/Science/Magnetometer/Magnetometer_diffuse
[LOG 17:59:30.197] Load DDS texture: Squad/Parts/Science/Magnetometer/Magnetometer_nrm
[LOG 17:59:30.198] Load DDS texture: Squad/Parts/Science/MaterialBay/science_module_small
[LOG 17:59:30.199] Load DDS texture: Squad/Parts/Science/MaterialBay/science_module_small_emit
[LOG 17:59:30.199] Load DDS texture: Squad/Parts/Science/MaterialBay/science_module_small_nrm
[LOG 17:59:30.199] Load DDS texture: Squad/Parts/Science/MaterialBay/wires
[LOG 17:59:30.200] Load DDS texture: Squad/Parts/Science/ScienceBox/Container
[LOG 17:59:30.200] Load DDS texture: Squad/Parts/Science/sensorAccelerometer/model000
[LOG 17:59:30.200] Load DDS texture: Squad/Parts/Science/sensorBarometer/model000
[LOG 17:59:30.200] Load DDS texture: Squad/Parts/Science/sensorGravimeter/model000
[LOG 17:59:30.200] Load DDS texture: Squad/Parts/Science/sensorThermometer/model000
[LOG 17:59:30.200] Load DDS texture: Squad/Parts/Structural/FLAdapters/Assets/FLA-Adapters_diffuse
[LOG 17:59:30.202] Load DDS texture: Squad/Parts/Structural/FLAdapters/Assets/FLA-Adapters_diffuse_O
[LOG 17:59:30.204] Load DDS texture: Squad/Parts/Structural/FLAdapters/Assets/FLA-Adapters_normal
[LOG 17:59:30.208] Load DDS texture: Squad/Parts/Structural/FLAdapters/Assets/FLA-Adapters_normal_O
[LOG 17:59:30.209] Load DDS texture: Squad/Parts/Structural/mk1Parts/Mk1Structural
[LOG 17:59:30.210] Load DDS texture: Squad/Parts/Structural/mk1Parts/Mk1StructuralHeat
[LOG 17:59:30.211] Load Cached PNG Texture: Squad/Parts/Structural/mk1Parts/@thumbs/MK1Fuselage_icon
[LOG 17:59:30.212] Load DDS texture: Squad/Parts/Structural/Size3To2Adapter_v2/Size2to3_BW_Diffuse
[LOG 17:59:30.219] Load DDS texture: Squad/Parts/Structural/Size3To2Adapter_v2/Size2to3_DUMMY_NRM
[LOG 17:59:30.220] Load DDS texture: Squad/Parts/Structural/Size3To2Adapter_v2/Size2to3_O_Diffuse
[LOG 17:59:30.226] Load DDS texture: Squad/Parts/Structural/Size3To2Adapter_v2/Size2to3_W_Diffuse
[LOG 17:59:30.232] Load DDS texture: Squad/Parts/Structural/Size3To2Adapter_v2/Size2to3_W_NRM
[LOG 17:59:30.238] Load DDS texture: Squad/Parts/Structural/stackAdapters/Assets/stackAdapters_diffuse
[LOG 17:59:30.245] Load DDS texture: Squad/Parts/Structural/stackAdapters/Assets/stackAdapters_diffuse_Dark
[LOG 17:59:30.246] Load DDS texture: Squad/Parts/Structural/stackAdapters/Assets/stackAdapters_diffuse_Orange
[LOG 17:59:30.247] Load DDS texture: Squad/Parts/Structural/stackAdapters/Assets/stackAdapters_normal
[LOG 17:59:30.249] Load DDS texture: Squad/Parts/Structural/stackAdapters/Assets/stackAdapters_normal_Orange
[LOG 17:59:30.251] Load DDS texture: Squad/Parts/Structural/stationHub/model000
[LOG 17:59:30.251] Load DDS texture: Squad/Parts/Structural/stationHub/model001
[LOG 17:59:30.252] Load DDS texture: Squad/Parts/Structural/structuralIBeam200/model000
[LOG 17:59:30.252] Load DDS texture: Squad/Parts/Structural/structuralIBeam200Pocket/model000
[LOG 17:59:30.252] Load DDS texture: Squad/Parts/Structural/structuralIBeam650/model000
[LOG 17:59:30.252] Load DDS texture: Squad/Parts/Structural/structuralMicronode/model000
[LOG 17:59:30.252] Load DDS texture: Squad/Parts/Structural/structuralPanel1x1/model000
[LOG 17:59:30.252] Load DDS texture: Squad/Parts/Structural/structuralPanel1x1/model001
[LOG 17:59:30.252] Load DDS texture: Squad/Parts/Structural/structuralPanel2x2/model000
[LOG 17:59:30.252] Load DDS texture: Squad/Parts/Structural/structuralPanel2x2/model001
[LOG 17:59:30.253] Load DDS texture: Squad/Parts/Structural/structuralPylons/Pylons
[LOG 17:59:30.253] Load DDS texture: Squad/Parts/Structural/strutCubicOcto/cubestrut
[LOG 17:59:30.253] Load DDS texture: Squad/Parts/Structural/strutOcto/model000
[LOG 17:59:30.253] Load DDS texture: Squad/Parts/Structural/trussGirderAdapter/model000
[LOG 17:59:30.253] Load DDS texture: Squad/Parts/Structural/trussGirderAdapter/model001
[LOG 17:59:30.253] Load DDS texture: Squad/Parts/Structural/trussGirderL/model000
[LOG 17:59:30.254] Load DDS texture: Squad/Parts/Structural/trussGirderXL/model000
[LOG 17:59:30.254] Load DDS texture: Squad/Parts/Thermal/FoldingRadiators/radiator
[LOG 17:59:30.255] Load DDS texture: Squad/Parts/Thermal/FoldingRadiators/radiator_N_NRM
[LOG 17:59:30.257] Load DDS texture: Squad/Parts/Thermal/RadiatorPanels/radPanel
[LOG 17:59:30.260] Load DDS texture: Squad/Parts/Thermal/RadiatorPanels/radPanel_N_NRM
[LOG 17:59:30.261] Load DDS texture: Squad/Parts/Utility/commDish88-88/comm_dish_array
[LOG 17:59:30.262] Load DDS texture: Squad/Parts/Utility/commDish88-88/comm_dish_v2_diff
[LOG 17:59:30.262] Load DDS texture: Squad/Parts/Utility/commDish88-88/model000
[LOG 17:59:30.264] Load DDS texture: Squad/Parts/Utility/commsAntennaDTS-M1/mediumDishAntenna
[LOG 17:59:30.267] Load DDS texture: Squad/Parts/Utility/commsAntennaDTS-M1/mediumDishAntenna_Emit
[LOG 17:59:30.267] Load DDS texture: Squad/Parts/Utility/commsDish16/model000
[LOG 17:59:30.267] Load DDS texture: Squad/Parts/Utility/decouplerRadialHDM/model000
[LOG 17:59:30.267] Load DDS texture: Squad/Parts/Utility/decouplerRadialTT-38K/model000
[LOG 17:59:30.267] Load DDS texture: Squad/Parts/Utility/decouplerRadialTT-38K/model001
[LOG 17:59:30.268] Load DDS texture: Squad/Parts/Utility/decouplerRadialTT-70/model000
[LOG 17:59:30.268] Load DDS texture: Squad/Parts/Utility/DirectAntennas/MiniAntenna
[LOG 17:59:30.268] Load DDS texture: Squad/Parts/Utility/dockingPort/Arrow Pointer
[LOG 17:59:30.268] Load DDS texture: Squad/Parts/Utility/dockingPort/DockingPorts_Clampotron_Diffuse
[LOG 17:59:30.273] Load DDS texture: Squad/Parts/Utility/dockingPort/DockingPorts_Clampotron_Emissive
[LOG 17:59:30.282] Load DDS texture: Squad/Parts/Utility/dockingPort/DockingPorts_Clampotron_Normal
[LOG 17:59:30.288] Load DDS texture: Squad/Parts/Utility/dockingPortInline/Arrow Pointer
[LOG 17:59:30.288] Load DDS texture: Squad/Parts/Utility/dockingPortInline/ClampotronLinear_ClampotronLinear_Diffuse
[LOG 17:59:30.294] Load DDS texture: Squad/Parts/Utility/dockingPortInline/ClampotronLinear_ClampotronLinear_Emissive
[LOG 17:59:30.296] Load DDS texture: Squad/Parts/Utility/dockingPortInline/ClampotronLinear_ClampotronLinear_Normal
[LOG 17:59:30.302] Load DDS texture: Squad/Parts/Utility/dockingPortInline/DockingPorts_Clampotron_Diffuse
[LOG 17:59:30.310] Load DDS texture: Squad/Parts/Utility/dockingPortInline/DockingPorts_Clampotron_Emissive
[LOG 17:59:30.318] Load DDS texture: Squad/Parts/Utility/dockingPortInline/DockingPorts_Clampotron_Normal
[LOG 17:59:30.323] Load DDS texture: Squad/Parts/Utility/dockingPortJr/Arrow Pointer
[LOG 17:59:30.325] Load DDS texture: Squad/Parts/Utility/dockingPortJr/DockingPorts_ClampotronJR_Diffuse
[LOG 17:59:30.326] Load DDS texture: Squad/Parts/Utility/dockingPortJr/DockingPorts_ClampotronJR_Normal
[LOG 17:59:30.327] Load DDS texture: Squad/Parts/Utility/dockingPortJr/model000
[LOG 17:59:30.327] Load DDS texture: Squad/Parts/Utility/dockingPortShielded/Arrow Pointer
[LOG 17:59:30.330] Load DDS texture: Squad/Parts/Utility/dockingPortShielded/Clamp-O-Tron Shielded Docking Port_ClampotronShielded_Diffuse
[LOG 17:59:30.335] Load DDS texture: Squad/Parts/Utility/dockingPortShielded/Clamp-O-Tron Shielded Docking Port_ClampotronShielded_Normal
[LOG 17:59:30.341] Load DDS texture: Squad/Parts/Utility/dockingPortShielded/DockingPorts_Clampotron_Diffuse
[LOG 17:59:30.353] Load DDS texture: Squad/Parts/Utility/dockingPortShielded/DockingPorts_Clampotron_Emissive
[LOG 17:59:30.357] Load DDS texture: Squad/Parts/Utility/dockingPortShielded/DockingPorts_Clampotron_Normal
[LOG 17:59:30.362] Load DDS texture: Squad/Parts/Utility/dockingPortSr/Arrow Pointer
[LOG 17:59:30.364] Load DDS texture: Squad/Parts/Utility/dockingPortSr/ClampotronSr_ClampotronSr_Diffuse
[LOG 17:59:30.373] Load DDS texture: Squad/Parts/Utility/dockingPortSr/ClampotronSr_ClampotronSr_Diffuse_gray
[LOG 17:59:30.380] Load DDS texture: Squad/Parts/Utility/dockingPortSr/ClampotronSr_ClampotronSr_Emissive
[LOG 17:59:30.384] Load DDS texture: Squad/Parts/Utility/dockingPortSr/ClampotronSr_ClampotronSr_Normal
[LOG 17:59:30.391] Load Cached PNG Texture: Squad/Parts/Utility/Fireworks/Assets/fireworks_launcher_big 1
[LOG 17:59:30.398] Load Cached PNG Texture: Squad/Parts/Utility/Fireworks/Assets/fireworks_launcher_big
[LOG 17:59:30.404] Load Cached PNG Texture: Squad/Parts/Utility/flags/backgroundTextures/dark_background
[LOG 17:59:30.405] Load Cached PNG Texture: Squad/Parts/Utility/flags/backgroundTextures/orange_background
[LOG 17:59:30.405] Load Cached PNG Texture: Squad/Parts/Utility/flags/backgroundTextures/white_background
[LOG 17:59:30.405] Load DDS texture: Squad/Parts/Utility/GrapplingDevice/grabberDiffuse
[LOG 17:59:30.407] Load DDS texture: Squad/Parts/Utility/GrapplingDevice/grabberDiffuse_dark
[LOG 17:59:30.408] Load DDS texture: Squad/Parts/Utility/GrapplingDevice/grabberNRM
[LOG 17:59:30.409] Load DDS texture: Squad/Parts/Utility/GrapplingDevice/window
[LOG 17:59:30.410] Load DDS texture: Squad/Parts/Utility/ladderRadial/model000
[LOG 17:59:30.410] Load DDS texture: Squad/Parts/Utility/ladderTelescopic/model000
[LOG 17:59:30.410] Load DDS texture: Squad/Parts/Utility/ladderTelescopic/model001
[LOG 17:59:30.412] Load DDS texture: Squad/Parts/Utility/ladderTelescopic/model002
[LOG 17:59:30.412] Load DDS texture: Squad/Parts/Utility/ladderTelescopicBay/model000
[LOG 17:59:30.414] Load DDS texture: Squad/Parts/Utility/ladderTelescopicBay/model001
[LOG 17:59:30.414] Load DDS texture: Squad/Parts/Utility/landingLegLT-1/ksp_r_landingStrut_diff
[LOG 17:59:30.415] Load DDS texture: Squad/Parts/Utility/landingLegLT-2/landingLeg
[LOG 17:59:30.415] Load DDS texture: Squad/Parts/Utility/landingLegLT-5/leg
[LOG 17:59:30.415] Load DDS texture: Squad/Parts/Utility/landingLegLT-5/model000
[LOG 17:59:30.415] Load DDS texture: Squad/Parts/Utility/launchClamp1/model000
[LOG 17:59:30.415] Load DDS texture: Squad/Parts/Utility/launchClamp1/model001
[LOG 17:59:30.418] Load DDS texture: Squad/Parts/Utility/launchEscapeSystem/LES_Diffuse
[LOG 17:59:30.419] Load DDS texture: Squad/Parts/Utility/Lights/Assets/Lights_Attacheable_Lights_Diffuse
[LOG 17:59:30.420] Load DDS texture: Squad/Parts/Utility/Lights/Assets/Lights_Attacheable_Lights_Diffuse_white
[LOG 17:59:30.420] Load DDS texture: Squad/Parts/Utility/Lights/Assets/Lights_Attacheable_Lights_Emissive
[LOG 17:59:30.420] Load DDS texture: Squad/Parts/Utility/Lights/Assets/Lights_Attacheable_Lights_Normal
[LOG 17:59:30.421] Load DDS texture: Squad/Parts/Utility/Lights/Assets/Lights_Rectangle_Light_Diffuse
[LOG 17:59:30.427] Load DDS texture: Squad/Parts/Utility/Lights/Assets/Lights_Rectangle_Light_Diffuse_white
[LOG 17:59:30.433] Load DDS texture: Squad/Parts/Utility/Lights/Assets/Lights_Rectangle_Light_Emissive
[LOG 17:59:30.441] Load DDS texture: Squad/Parts/Utility/Lights/Assets/Lights_Rectangle_Light_Normal
[LOG 17:59:30.447] Load DDS texture: Squad/Parts/Utility/Lights/Assets/Lights_Worklights_Diffuse
[LOG 17:59:30.449] Load DDS texture: Squad/Parts/Utility/Lights/Assets/Lights_Worklights_Emissive
[LOG 17:59:30.452] Load DDS texture: Squad/Parts/Utility/Lights/Assets/Lights_Worklights_Normal
[LOG 17:59:30.454] Load DDS texture: Squad/Parts/Utility/Lights/Assets/Spotlight_Attacheable_Lights_Diffuse
[LOG 17:59:30.454] Load DDS texture: Squad/Parts/Utility/Lights/Assets/Spotlight_Attacheable_Lights_Diffuse_white
[LOG 17:59:30.454] Load DDS texture: Squad/Parts/Utility/Lights/Assets/Spotlight_Attacheable_Lights_Emissive
[LOG 17:59:30.455] Load DDS texture: Squad/Parts/Utility/Lights/Assets/Spotlight_Attacheable_Lights_Normal
[LOG 17:59:30.455] Load DDS texture: Squad/Parts/Utility/linearVernorRCS/Assets/linear_vernor_diffuse
[LOG 17:59:30.455] Load DDS texture: Squad/Parts/Utility/linearVernorRCS/Assets/linear_vernor_emissive
[LOG 17:59:30.455] Load DDS texture: Squad/Parts/Utility/linearVernorRCS/Assets/linear_vernor_normalDummy
[LOG 17:59:30.455] Load DDS texture: Squad/Parts/Utility/linearVernorRCS/Assets/linear_vernor_specular
[LOG 17:59:30.455] Load DDS texture: Squad/Parts/Utility/mk2CargoBay/mk2CargoBay
[LOG 17:59:30.458] Load DDS texture: Squad/Parts/Utility/mk2CrewCabin/mk2CrewCabin
[LOG 17:59:30.458] Load DDS texture: Squad/Parts/Utility/mk2CrewCabin/mk2CrewCabin_LUM
[LOG 17:59:30.458] Load DDS texture: Squad/Parts/Utility/mk2DockingPort/Arrow Pointer
[LOG 17:59:30.458] Load DDS texture: Squad/Parts/Utility/mk2DockingPort/Mk2Clampotron_Caps_Diffuse
[LOG 17:59:30.458] Load DDS texture: Squad/Parts/Utility/mk2DockingPort/Mk2Clampotron_Caps_Emmisive
[LOG 17:59:30.458] Load DDS texture: Squad/Parts/Utility/mk2DockingPort/Mk2Clampotron_Caps_Normal
[LOG 17:59:30.459] Load DDS texture: Squad/Parts/Utility/mk2DockingPort/Mk2Clampotron_Mk2Clampotron_Diffuse
[LOG 17:59:30.465] Load DDS texture: Squad/Parts/Utility/mk2DockingPort/Mk2Clampotron_Mk2Clampotron_Emissive
[LOG 17:59:30.466] Load DDS texture: Squad/Parts/Utility/mk2DockingPort/Mk2Clampotron_Mk2Clampotron_Normal
[LOG 17:59:30.472] Load DDS texture: Squad/Parts/Utility/mk2DockingPort/mk2DockingPort
[LOG 17:59:30.474] Load DDS texture: Squad/Parts/Utility/mk3CargoBay/Mk3CargoBay
[LOG 17:59:30.476] Load DDS texture: Squad/Parts/Utility/parachuteMk1/model000
[LOG 17:59:30.476] Load DDS texture: Squad/Parts/Utility/parachuteMk1/model001
[LOG 17:59:30.477] Load DDS texture: Squad/Parts/Utility/parachuteMk12-R/model000
[LOG 17:59:30.477] Load DDS texture: Squad/Parts/Utility/parachuteMk12-R/model001
[LOG 17:59:30.477] Load DDS texture: Squad/Parts/Utility/parachuteMk16-XL/model000
[LOG 17:59:30.477] Load DDS texture: Squad/Parts/Utility/parachuteMk16-XL/model001
[LOG 17:59:30.477] Load DDS texture: Squad/Parts/Utility/parachuteMk2-R/model000
[LOG 17:59:30.478] Load DDS texture: Squad/Parts/Utility/parachuteMk2-R/model001
[LOG 17:59:30.478] Load DDS texture: Squad/Parts/Utility/parachuteMk25/model000
[LOG 17:59:30.478] Load DDS texture: Squad/Parts/Utility/parachuteMk25/model001
[LOG 17:59:30.478] Load DDS texture: Squad/Parts/Utility/radialAttachmentPoint/model000
[LOG 17:59:30.478] Load DDS texture: Squad/Parts/Utility/radialAttachmentPoint/model001
[LOG 17:59:30.478] Load DDS texture: Squad/Parts/Utility/rcsBlockRV-105_v2/rcsBlock_diffuse
[LOG 17:59:30.479] Load DDS texture: Squad/Parts/Utility/rcsBlockRV-105_v2/rcsThrusterBlock_normal
[LOG 17:59:30.479] Load DDS texture: Squad/Parts/Utility/rcsBlockRV-105_v2/rcsThruster_emissive
[LOG 17:59:30.479] Load DDS texture: Squad/Parts/Utility/rcsBlockRV-105_v2/rcsThruster_specular
[LOG 17:59:30.479] Load DDS texture: Squad/Parts/Utility/rcsBlockRV-105_v2/RCS_Block_Diffuse
[LOG 17:59:30.479] Load DDS texture: Squad/Parts/Utility/rcsBlockRV-105_v2/RCS_Block_Emissive
[LOG 17:59:30.479] Load DDS texture: Squad/Parts/Utility/rcsBlockRV-105_v2/RCS_Block_Normal
[LOG 17:59:30.480] Load DDS texture: Squad/Parts/Utility/rcsBlockRV-105_v2/RCS_Block_Specular
[LOG 17:59:30.480] Load DDS texture: Squad/Parts/Utility/rcsSmallLinear/Assets/RCS_Linear_Base_Diffuse
[LOG 17:59:30.480] Load DDS texture: Squad/Parts/Utility/rcsSmallLinear/Assets/RCS_Linear_Diffuse
[LOG 17:59:30.480] Load DDS texture: Squad/Parts/Utility/rcsSmallLinear/Assets/RCS_Linear_Emissive
[LOG 17:59:30.480] Load DDS texture: Squad/Parts/Utility/rcsSmallLinear/Assets/RCS_Linear_Normal
[LOG 17:59:30.480] Load DDS texture: Squad/Parts/Utility/rcsSmallLinear/Assets/RCS_Linear_Specular
[LOG 17:59:30.480] Load DDS texture: Squad/Parts/Utility/RelayAntennas/DishAntenna
[LOG 17:59:30.481] Load DDS texture: Squad/Parts/Utility/RelayAntennas/MiniAntenna
[LOG 17:59:30.482] Load DDS texture: Squad/Parts/Utility/rockomaxAdapters/Assets/Rockomax_Adapters_diffuse
[LOG 17:59:30.486] Load DDS texture: Squad/Parts/Utility/rockomaxAdapters/Assets/Rockomax_Adapters_diffuse_O
[LOG 17:59:30.487] Load DDS texture: Squad/Parts/Utility/rockomaxAdapters/Assets/Rockomax_Adapters_diffuse_W
[LOG 17:59:30.489] Load DDS texture: Squad/Parts/Utility/rockomaxAdapters/Assets/Rockomax_Adapters_normal
[LOG 17:59:30.492] Load DDS texture: Squad/Parts/Utility/rockomaxAdapters/Assets/Rockomax_Adapters_normal_O
[LOG 17:59:30.493] Load DDS texture: Squad/Parts/Utility/ServiceBay/ServiceBay
[LOG 17:59:30.494] Load Cached PNG Texture: Squad/Parts/Utility/ServiceBay_v2/Assets/Scratch
[LOG 17:59:30.495] Load Cached PNG Texture: Squad/Parts/Utility/ServiceBay_v2/Assets/ServiceBay_bump
[LOG 17:59:30.496] Load Cached PNG Texture: Squad/Parts/Utility/ServiceBay_v2/Assets/ServiceBay_v2
[LOG 17:59:30.496] Load DDS texture: Squad/Parts/Utility/smallClaw/grabberSmallDiffuse
[LOG 17:59:30.496] Load DDS texture: Squad/Parts/Utility/smallClaw/grabberSmallDiffuseDark
[LOG 17:59:30.496] Load DDS texture: Squad/Parts/Utility/smallClaw/grabberSmallNRM
[LOG 17:59:30.497] Load DDS texture: Squad/Parts/Utility/smallClaw/window
[LOG 17:59:30.497] Load DDS texture: Squad/Parts/Utility/spotLightMk1/light1
[LOG 17:59:30.497] Load DDS texture: Squad/Parts/Utility/spotLightMk1/light1_em
[LOG 17:59:30.497] Load DDS texture: Squad/Parts/Utility/spotLightMk1_v2/spotLightMk1_Diffuse
[LOG 17:59:30.497] Load DDS texture: Squad/Parts/Utility/spotLightMk1_v2/spotLightMk1_Diffuse_white
[LOG 17:59:30.498] Load DDS texture: Squad/Parts/Utility/spotLightMk1_v2/spotLightMk1_Emissive
[LOG 17:59:30.498] Load DDS texture: Squad/Parts/Utility/spotLightMk1_v2/spotLightMk1_Normal
[LOG 17:59:30.498] Load DDS texture: Squad/Parts/Utility/spotLightMk2/light2
[LOG 17:59:30.498] Load DDS texture: Squad/Parts/Utility/spotLightMk2/light2_em
[LOG 17:59:30.498] Load DDS texture: Squad/Parts/Utility/spotLightMk2_v2/spotLightMk2_Diffuse
[LOG 17:59:30.498] Load DDS texture: Squad/Parts/Utility/spotLightMk2_v2/spotLightMk2_Diffuse_white
[LOG 17:59:30.499] Load DDS texture: Squad/Parts/Utility/spotLightMk2_v2/spotLightMk2_Emissive
[LOG 17:59:30.499] Load DDS texture: Squad/Parts/Utility/spotLightMk2_v2/spotLightMk2_Normal
[LOG 17:59:30.499] Load DDS texture: Squad/Parts/Utility/stackCouplers/Assets/stackCouplersDiffuse
[LOG 17:59:30.503] Load DDS texture: Squad/Parts/Utility/stackCouplers/Assets/stackCouplersDiffuse_Dark
[LOG 17:59:30.507] Load DDS texture: Squad/Parts/Utility/stackCouplers/Assets/stackCouplersDiffuse_Orange
[LOG 17:59:30.508] Load DDS texture: Squad/Parts/Utility/stackCouplers/Assets/stackCouplers_NRM
[LOG 17:59:30.509] Load DDS texture: Squad/Parts/Utility/stackCouplers/Assets/stackCouplers_Orange_NRM
[LOG 17:59:30.510] Load DDS texture: Squad/Parts/Wheel/LandingGear/Flare
[LOG 17:59:30.510] Load DDS texture: Squad/Parts/Wheel/LandingGear/LandingGear
[LOG 17:59:30.511] Load DDS texture: Squad/Parts/Wheel/LandingGear/LandingGear_Emissive
[LOG 17:59:30.511] Load DDS texture: Squad/Parts/Wheel/roverWheelM1/model000
[LOG 17:59:30.511] Load DDS texture: Squad/Parts/Wheel/roverWheelM1/roverwheel1
[LOG 17:59:30.511] Load DDS texture: Squad/Parts/Wheel/roverWheelS2/model000
[LOG 17:59:30.511] Load DDS texture: Squad/Parts/Wheel/roverWheelS2/model001
[LOG 17:59:30.512] Load DDS texture: Squad/Parts/Wheel/roverWheelS2/roverwheel2
[LOG 17:59:30.512] Load DDS texture: Squad/Parts/Wheel/roverWheelS2/roverwheel2_n
[LOG 17:59:30.512] Load DDS texture: Squad/Parts/Wheel/roverWheelTR-2L/ksp_r_medWheel_diff
[LOG 17:59:30.513] Load DDS texture: Squad/Parts/Wheel/roverWheelTR-2L/ksp_r_medWheel_normal
[LOG 17:59:30.513] Load DDS texture: Squad/Parts/Wheel/roverWheelTR-2L/ksp_r_medWheel_wheel_diff
[LOG 17:59:30.515] Load DDS texture: Squad/Parts/Wheel/roverWheelTR-2L/ksp_r_medWheel_wheel_normal
[LOG 17:59:30.517] Load DDS texture: Squad/Parts/Wheel/roverWheelXL3/mount
[LOG 17:59:30.520] Load DDS texture: Squad/Parts/Wheel/roverWheelXL3/mount_n
[LOG 17:59:30.524] Load DDS texture: Squad/Parts/Wheel/roverWheelXL3/wheel
[LOG 17:59:30.532] Load DDS texture: Squad/Parts/Wheel/roverWheelXL3/wheel_n
[LOG 17:59:30.536] Load DDS texture: Squad/Props/AltimeterThreeHands/model000
[LOG 17:59:30.536] Load DDS texture: Squad/Props/AltimeterThreeHands/model001
[LOG 17:59:30.536] Load DDS texture: Squad/Props/AtmosphereDepth/model000
[LOG 17:59:30.536] Load DDS texture: Squad/Props/AtmosphereDepth/model001
[LOG 17:59:30.536] Load DDS texture: Squad/Props/AxisIndicator/model000
[LOG 17:59:30.551] Load DDS texture: Squad/Props/buttonsGeneric/ButtonsAndSwitches
[LOG 17:59:30.554] Load DDS texture: Squad/Props/ButtonSquare/model000
[LOG 17:59:30.562] Load DDS texture: Squad/Props/circularButton/model000
[LOG 17:59:30.562] Load DDS texture: Squad/Props/Compass/model000
[LOG 17:59:30.562] Load DDS texture: Squad/Props/directionalKnob/model000
[LOG 17:59:30.562] Load DDS texture: Squad/Props/directionalKnob2/model000
[LOG 17:59:30.562] Load DDS texture: Squad/Props/IndicatorPanel/model000
[LOG 17:59:30.562] Load DDS texture: Squad/Props/IndicatorPanel/model001
[LOG 17:59:30.563] Load DDS texture: Squad/Props/IVANavBall/Arrows8dir
[LOG 17:59:30.563] Load DDS texture: Squad/Props/IVANavBall/IVANavBall
[LOG 17:59:30.563] Load DDS texture: Squad/Props/IVANavBall/IVANavBall_Glow
[LOG 17:59:30.563] Load DDS texture: Squad/Props/IVANavBall/ManeuverNode_vectors
[LOG 17:59:30.563] Load DDS texture: Squad/Props/IVANavBall/navball2
[LOG 17:59:30.563] Load DDS texture: Squad/Props/IVANavBall/navBall_DV_IVA
[LOG 17:59:30.565] Load DDS texture: Squad/Props/IVANavBall/navBall_vectors_IVA
[LOG 17:59:30.565] Load Cached PNG Texture: Squad/Props/IVANavBallNoBase/Arrows8dir
[LOG 17:59:30.565] Load Cached PNG Texture: Squad/Props/IVANavBallNoBase/IVANavBall
[LOG 17:59:30.565] Load Cached PNG Texture: Squad/Props/IVANavBallNoBase/ManeuverNode_vectors
[LOG 17:59:30.568] Load Cached PNG Texture: Squad/Props/IVANavBallNoBase/navball2
[LOG 17:59:30.568] Load Cached PNG Texture: Squad/Props/IVANavBallNoBase/navBall_DV_IVA
[LOG 17:59:30.568] Load Cached PNG Texture: Squad/Props/IVANavBallNoBase/navBall_vectors_IVA
[LOG 17:59:30.568] Load DDS texture: Squad/Props/ledPanelSpeed/circularButton
[LOG 17:59:30.568] Load DDS texture: Squad/Props/ledPanelSpeed/ledPanel
[LOG 17:59:30.568] Load DDS texture: Squad/Props/Monitor/Emissives
[LOG 17:59:30.568] Load DDS texture: Squad/Props/Monitor/Emissives_glow
[LOG 17:59:30.568] Load DDS texture: Squad/Props/Monitor/Monitor
[LOG 17:59:30.568] Load DDS texture: Squad/Props/NavBall/GaugeGee
[LOG 17:59:30.569] Load DDS texture: Squad/Props/NavBall/GaugeThrottle
[LOG 17:59:30.569] Load DDS texture: Squad/Props/NavBall/model000
[LOG 17:59:30.569] Load DDS texture: Squad/Props/NavBall/model001
[LOG 17:59:30.569] Load DDS texture: Squad/Props/NavBall/model002
[LOG 17:59:30.569] Load DDS texture: Squad/Props/NavBall/model003
[LOG 17:59:30.569] Load DDS texture: Squad/Props/PropsGeneric/propsGeneric
[LOG 17:59:30.570] Load DDS texture: Squad/Props/pullSwitch/model000
[LOG 17:59:30.570] Load DDS texture: Squad/Props/pullSwitch/model001
[LOG 17:59:30.570] Load DDS texture: Squad/Props/radarAltitude/model000
[LOG 17:59:30.570] Load DDS texture: Squad/Props/squareButton/model000
[LOG 17:59:30.570] Load DDS texture: Squad/Props/standingSwitch/model000
[LOG 17:59:30.570] Load DDS texture: Squad/Props/standingSwitch/model001
[LOG 17:59:30.570] Load DDS texture: Squad/Props/switch/model000
[LOG 17:59:30.571] Load DDS texture: Squad/Props/switchGuard/model000
[LOG 17:59:30.571] Load DDS texture: Squad/Props/switchWithGuards/model000
[LOG 17:59:30.571] Load DDS texture: Squad/Props/switchWithGuards/model001
[LOG 17:59:30.571] Load DDS texture: Squad/Props/switchWithGuards/model002
[LOG 17:59:30.571] Load DDS texture: Squad/Props/throttle/model000
[LOG 17:59:30.571] Load DDS texture: Squad/Props/throttle/model001
[LOG 17:59:30.572] Load DDS texture: Squad/Props/VSI/model000
[LOG 17:59:30.572] Load DDS texture: Squad/Spaces/crewCabinInternals/model000
[LOG 17:59:30.573] Load DDS texture: Squad/Spaces/crewCabinInternals/model001
[LOG 17:59:30.578] Load DDS texture: Squad/Spaces/crewCabinInternals/model002
[LOG 17:59:30.580] Load DDS texture: Squad/Spaces/crewCabinInternals/model003
[LOG 17:59:30.580] Load DDS texture: Squad/Spaces/crewCabinInternals/model004
[LOG 17:59:30.581] Load DDS texture: Squad/Spaces/crewCabinInternals/model005
[LOG 17:59:30.585] Load DDS texture: Squad/Spaces/cupolaInternal/ksp_l_cupola_internal_diff
[LOG 17:59:30.592] Load DDS texture: Squad/Spaces/cupolaInternal/ksp_l_cupola_internal_normal
[LOG 17:59:30.598] Load DDS texture: Squad/Spaces/cupolaInternal/ksp_l_cupola_internal_windows_alpha
[LOG 17:59:30.599] Load DDS texture: Squad/Spaces/cupolaInternal/pilot Seat
[LOG 17:59:30.602] Load DDS texture: Squad/Spaces/GenericSpace1/model000
[LOG 17:59:30.602] Load DDS texture: Squad/Spaces/GenericSpace1/model001
[LOG 17:59:30.603] Load DDS texture: Squad/Spaces/GenericSpace1/model002
[LOG 17:59:30.604] Load DDS texture: Squad/Spaces/GenericSpace1/model003
[LOG 17:59:30.610] Load DDS texture: Squad/Spaces/GenericSpace1/model004
[LOG 17:59:30.610] Load DDS texture: Squad/Spaces/GenericSpace1/model005
[LOG 17:59:30.611] Load DDS texture: Squad/Spaces/GenericSpace3/model000
[LOG 17:59:30.611] Load DDS texture: Squad/Spaces/GenericSpace3/model001
[LOG 17:59:30.611] Load DDS texture: Squad/Spaces/GenericSpace3/model002
[LOG 17:59:30.613] Load DDS texture: Squad/Spaces/GenericSpace3/model003
[LOG 17:59:30.614] Load DDS texture: Squad/Spaces/GenericSpace3/model004
[LOG 17:59:30.614] Load DDS texture: Squad/Spaces/GenericSpace3/model005
[LOG 17:59:30.618] Load DDS texture: Squad/Spaces/GenericSpace3/model006
[LOG 17:59:30.621] Load DDS texture: Squad/Spaces/GenericSpace3/model007
[LOG 17:59:30.621] Load DDS texture: Squad/Spaces/landerCabinInternals/model000
[LOG 17:59:30.622] Load DDS texture: Squad/Spaces/landerCabinInternals/model001
[LOG 17:59:30.625] Load DDS texture: Squad/Spaces/landerCabinInternals/model002
[LOG 17:59:30.625] Load DDS texture: Squad/Spaces/landerCabinInternals/model003
[LOG 17:59:30.630] Load DDS texture: Squad/Spaces/landerCabinInternals/model004
[LOG 17:59:30.632] Load DDS texture: Squad/Spaces/landerCabinInternals/model005
[LOG 17:59:30.632] Load DDS texture: Squad/Spaces/landerCabinInternals/model006
[LOG 17:59:30.633] Load DDS texture: Squad/Spaces/landerCabinInternals/model007
[LOG 17:59:30.633] Load DDS texture: Squad/Spaces/landerCabinSmallInternal/ksp_s_landerCan_internal_diff
[LOG 17:59:30.637] Load DDS texture: Squad/Spaces/landerCabinSmallInternal/ksp_s_landerCan_internal_normal
[LOG 17:59:30.643] Load DDS texture: Squad/Spaces/landerCabinSmallInternal/ksp_s_landerCan_internal_window_alpha
[LOG 17:59:30.644] Load DDS texture: Squad/Spaces/landerCabinSmallInternal/pilot Seat
[LOG 17:59:30.645] Load DDS texture: Squad/Spaces/LargeCrewedLabInternals/Glass
[LOG 17:59:30.646] Load DDS texture: Squad/Spaces/LargeCrewedLabInternals/MPL_Int
[LOG 17:59:30.650] Load DDS texture: Squad/Spaces/LargeCrewedLabInternals/MPL_Int_n_NRM
[LOG 17:59:30.650] Load DDS texture: Squad/Spaces/Mk1-3/Mk1_3_IvaProps_Diffuse
[LOG 17:59:30.655] Load DDS texture: Squad/Spaces/Mk1-3/Mk1_3_IvaProps_Normal
[LOG 17:59:30.661] Load DDS texture: Squad/Spaces/Mk1-3/Mk1_3_IvaShell_Diffuse
[LOG 17:59:30.665] Load DDS texture: Squad/Spaces/Mk1-3/Mk1_3_IvaShell_Emissive
[LOG 17:59:30.670] Load DDS texture: Squad/Spaces/Mk1-3/Mk1_3_IvaShell_Normal
[LOG 17:59:30.676] Load DDS texture: Squad/Spaces/Mk1-3/pilot Seat
[LOG 17:59:30.678] Load DDS texture: Squad/Spaces/mk1CabinInternal/Cabin_Lightmap
[LOG 17:59:30.678] Load DDS texture: Squad/Spaces/mk1CabinInternal/CockpitGeneric
[LOG 17:59:30.678] Load DDS texture: Squad/Spaces/mk1CabinInternal/CockpitGeneric_NRM
[LOG 17:59:30.678] Load DDS texture: Squad/Spaces/mk1CockpitInternal/CockpitGeneric
[LOG 17:59:30.678] Load DDS texture: Squad/Spaces/mk1CockpitInternal/CockpitGeneric_NRM
[LOG 17:59:30.678] Load DDS texture: Squad/Spaces/mk1CockpitInternal/IVAMAP
[LOG 17:59:30.679] Load DDS texture: Squad/Spaces/mk1CockpitInternal/Windows
[LOG 17:59:30.679] Load DDS texture: Squad/Spaces/mk1InlineInternal/Canopy
[LOG 17:59:30.679] Load DDS texture: Squad/Spaces/mk1InlineInternal/CockpitGeneric
[LOG 17:59:30.680] Load DDS texture: Squad/Spaces/mk1InlineInternal/CockpitGeneric_NRM
[LOG 17:59:30.680] Load DDS texture: Squad/Spaces/mk1InlineInternal/Mk1Inline_Lightmap
[LOG 17:59:30.680] Load DDS texture: Squad/Spaces/mk1PodCockpit/model000
[LOG 17:59:30.681] Load DDS texture: Squad/Spaces/mk1PodCockpit/model001
[LOG 17:59:30.683] Load DDS texture: Squad/Spaces/mk1PodCockpit/model002
[LOG 17:59:30.685] Load DDS texture: Squad/Spaces/mk1PodCockpit/model003
[LOG 17:59:30.688] Load DDS texture: Squad/Spaces/mk1PodCockpit/model004
[LOG 17:59:30.691] Load DDS texture: Squad/Spaces/mk1PodCockpit/model005
[LOG 17:59:30.693] Load DDS texture: Squad/Spaces/mk1PodCockpit/model006
[LOG 17:59:30.694] Load DDS texture: Squad/Spaces/mk1PodCockpit/model007
[LOG 17:59:30.695] Load DDS texture: Squad/Spaces/mk1pod_IVA/mk1pod_iva_props_diffuse
[LOG 17:59:30.700] Load DDS texture: Squad/Spaces/mk1pod_IVA/mk1pod_iva_props_emissive
[LOG 17:59:30.702] Load DDS texture: Squad/Spaces/mk1pod_IVA/mk1pod_iva_props_normal
[LOG 17:59:30.709] Load DDS texture: Squad/Spaces/mk1pod_IVA/mk1pod_iva_shell_diffuse
[LOG 17:59:30.716] Load DDS texture: Squad/Spaces/mk1pod_IVA/mk1pod_iva_shell_normal
[LOG 17:59:30.724] Load MBM texture: Squad/Spaces/mk1pod_IVA/pilot Seat
[LOG 17:59:30.785] Load DDS texture: Squad/Spaces/mk2CockpitStandardInternal/CargoBagA
[LOG 17:59:30.786] Load DDS texture: Squad/Spaces/mk2CockpitStandardInternal/Mk2StandardIVA
[LOG 17:59:30.786] Load DDS texture: Squad/Spaces/mk2CockpitStandardInternal/Pilotseat
[LOG 17:59:30.787] Load DDS texture: Squad/Spaces/mk2CockpitStandardInternal/Windows
[LOG 17:59:30.787] Load DDS texture: Squad/Spaces/Mk2CrewCabinInternal/CargoBagA
[LOG 17:59:30.787] Load DDS texture: Squad/Spaces/Mk2CrewCabinInternal/Glass
[LOG 17:59:30.787] Load DDS texture: Squad/Spaces/Mk2CrewCabinInternal/Mk2StandardIVA
[LOG 17:59:30.788] Load DDS texture: Squad/Spaces/Mk2CrewCabinInternal/Pilotseat
[LOG 17:59:30.788] Load DDS texture: Squad/Spaces/mk2InlineInternal/CockpitGeneric
[LOG 17:59:30.789] Load DDS texture: Squad/Spaces/mk2InlineInternal/CockpitGeneric_NRM
[LOG 17:59:30.789] Load DDS texture: Squad/Spaces/mk2InlineInternal/Mk2InlineLightmap
[LOG 17:59:30.791] Load DDS texture: Squad/Spaces/mk2InlineInternal/propsGeneric
[LOG 17:59:30.793] Load DDS texture: Squad/Spaces/mk2LanderCanInternal/mk2LanderCan_props_diffuse
[LOG 17:59:30.799] Load DDS texture: Squad/Spaces/mk2LanderCanInternal/mk2LanderCan_props_normal
[LOG 17:59:30.806] Load DDS texture: Squad/Spaces/mk2LanderCanInternal/mk2LanderCan_shell_diffuse
[LOG 17:59:30.812] Load DDS texture: Squad/Spaces/mk2LanderCanInternal/mk2LanderCan_shell_normal
[LOG 17:59:30.824] Load MBM texture: Squad/Spaces/mk2LanderCanInternal/pilot Seat
[LOG 17:59:30.873] Load DDS texture: Squad/Spaces/MK3CockpitInternal/Glass
[LOG 17:59:30.873] Load DDS texture: Squad/Spaces/MK3CockpitInternal/Mk2StandardIVA
[LOG 17:59:30.873] Load DDS texture: Squad/Spaces/MK3_CrewCab_Int/Glass
[LOG 17:59:30.873] Load DDS texture: Squad/Spaces/MK3_CrewCab_Int/GlassMK3CC
[LOG 17:59:30.874] Load DDS texture: Squad/Spaces/MK3_CrewCab_Int/Mk2StandardIVA
[LOG 17:59:30.874] Load DDS texture: Squad/Spaces/MK3_CrewCab_Int/MK3_CrewCab_Int
[LOG 17:59:30.874] Load DDS texture: Squad/Spaces/MK3_CrewCab_Int/MK3_CrewCab_Int_n
[LOG 17:59:30.874] Load DDS texture: Squad/Spaces/MK3_CrewCab_Int/Pilotseat
[LOG 17:59:30.874] Load DDS texture: Squad/Spaces/Placeholder/PlaceholderIVA
[LOG 17:59:30.874] Load DDS texture: Squad/Spaces/PodCockpit/model000
[LOG 17:59:30.875] Load DDS texture: Squad/Spaces/PodCockpit/model001
[LOG 17:59:30.877] Load DDS texture: Squad/Spaces/PodCockpit/model002
[LOG 17:59:30.878] Load DDS texture: Squad/Spaces/PodCockpit/model003
[LOG 17:59:30.879] Load DDS texture: Squad/Spaces/PodCockpit/model004
[LOG 17:59:30.881] Load DDS texture: Squad/Spaces/PodCockpit/model005
[LOG 17:59:30.883] Load DDS texture: Squad/Spaces/PodCockpit/model006
[LOG 17:59:30.883] Load DDS texture: Squad/Spaces/PodCockpit/model007
[LOG 17:59:30.883] Load DDS texture: Squad/Spaces/sharedAssets/CockpitGeneric
[LOG 17:59:30.885] Load DDS texture: Squad/Spaces/sharedAssets/CockpitGeneric_NRM
[LOG 17:59:30.887] Load Cached PNG Texture: Squad/Strategies/Icons/AggressiveNegotiations
[LOG 17:59:30.887] Load Cached PNG Texture: Squad/Strategies/Icons/AppreciationCampaign
[LOG 17:59:30.887] Load Cached PNG Texture: Squad/Strategies/Icons/BailOutGrant
[LOG 17:59:30.887] Load Cached PNG Texture: Squad/Strategies/Icons/FundraisingCampaign
[LOG 17:59:30.888] Load Cached PNG Texture: Squad/Strategies/Icons/LeadershipInitiative
[LOG 17:59:30.888] Load Cached PNG Texture: Squad/Strategies/Icons/OpenSourceTechProgram
[LOG 17:59:30.888] Load Cached PNG Texture: Squad/Strategies/Icons/OutsourcedResearch
[LOG 17:59:30.888] Load Cached PNG Texture: Squad/Strategies/Icons/PatentsLicensing
[LOG 17:59:30.888] Load Cached PNG Texture: Squad/Strategies/Icons/RecoveryTransponderFitting
[LOG 17:59:30.888] Load Cached PNG Texture: Squad/Strategies/Icons/ResearchRightsSellOut
[LOG 17:59:30.888] Load Cached PNG Texture: Squad/Strategies/Icons/UnpaidResearchProgram
[LOG 17:59:30.888] Load Cached PNG Texture: Squad/Tutorials/ChuteColors
[LOG 17:59:30.888] Load DDS texture: Squad/Tutorials/EditorCoM
[LOG 17:59:30.888] Load Cached PNG Texture: Squad/Tutorials/EditorSnap
[LOG 17:59:30.888] Load Cached PNG Texture: Squad/Tutorials/EditorSnap4x
[LOG 17:59:30.888] Load Cached PNG Texture: Squad/Tutorials/EditorSymm
[LOG 17:59:30.888] Load Cached PNG Texture: Squad/Tutorials/StagingStack
[LOG 17:59:30.889] Load PNG texture: Squad/Tutorials/YPRDiagram
[WRN 17:59:30.890] Texture isn't eligible for DXT compression, width and height must be multiples of 4
[LOG 17:59:30.890] Load Cached PNG Texture: SquadExpansion/MakingHistory/Banners/Fail/default
[LOG 17:59:30.890] Load Cached PNG Texture: SquadExpansion/MakingHistory/Banners/Fail/fail01
[LOG 17:59:30.890] Load Cached PNG Texture: SquadExpansion/MakingHistory/Banners/Fail/fail02
[LOG 17:59:30.890] Load PNG texture: SquadExpansion/MakingHistory/Banners/Menu/default
[WRN 17:59:30.894] Texture isn't eligible for DXT compression, width and height must be multiples of 4
[LOG 17:59:30.894] Load PNG texture: SquadExpansion/MakingHistory/Banners/Menu/MBanner_01
[WRN 17:59:30.898] Texture isn't eligible for DXT compression, width and height must be multiples of 4
[LOG 17:59:30.898] Load PNG texture: SquadExpansion/MakingHistory/Banners/Menu/MBanner_02
[WRN 17:59:30.905] Texture isn't eligible for DXT compression, width and height must be multiples of 4
[LOG 17:59:30.906] Load PNG texture: SquadExpansion/MakingHistory/Banners/Menu/MBanner_03
[WRN 17:59:30.910] Texture isn't eligible for DXT compression, width and height must be multiples of 4
[LOG 17:59:30.910] Load Cached PNG Texture: SquadExpansion/MakingHistory/Banners/Success/default
[LOG 17:59:30.911] Load Cached PNG Texture: SquadExpansion/MakingHistory/Banners/Success/success01
[LOG 17:59:30.911] Load Cached PNG Texture: SquadExpansion/MakingHistory/Banners/Success/success02
[LOG 17:59:30.911] Load Cached PNG Texture: SquadExpansion/MakingHistory/Missions/Acapello 13/Banners/Fail/fail01
[LOG 17:59:30.911] Load PNG texture: SquadExpansion/MakingHistory/Missions/Acapello 13/Banners/Menu/Mun
[WRN 17:59:30.914] Texture isn't eligible for DXT compression, width and height must be multiples of 4
[LOG 17:59:30.919] Load Cached PNG Texture: SquadExpansion/MakingHistory/Missions/Acapello 13/Banners/Success/success01
[LOG 17:59:30.922] Load Cached PNG Texture: SquadExpansion/MakingHistory/Missions/Acapello 15/Banners/Fail/default
[LOG 17:59:30.922] Load Cached PNG Texture: SquadExpansion/MakingHistory/Missions/Acapello 15/Banners/Fail/fail02
[LOG 17:59:30.922] Load PNG texture: SquadExpansion/MakingHistory/Missions/Acapello 15/Banners/Menu/default
[WRN 17:59:30.925] Texture isn't eligible for DXT compression, width and height must be multiples of 4
[LOG 17:59:30.925] Load Cached PNG Texture: SquadExpansion/MakingHistory/Missions/Acapello 15/Banners/Success/default
[LOG 17:59:30.925] Load Cached PNG Texture: SquadExpansion/MakingHistory/Missions/Blue Mun/Banners/Fail/fail01
[LOG 17:59:30.925] Load PNG texture: SquadExpansion/MakingHistory/Missions/Blue Mun/Banners/Menu/default
[WRN 17:59:30.928] Texture isn't eligible for DXT compression, width and height must be multiples of 4
[LOG 17:59:30.928] Load Cached PNG Texture: SquadExpansion/MakingHistory/Missions/Blue Mun/Banners/Success/success02
[LOG 17:59:30.928] Load Cached PNG Texture: SquadExpansion/MakingHistory/Missions/Dawn of the Space Age/Banners/Fail/default
[LOG 17:59:30.928] Load PNG texture: SquadExpansion/MakingHistory/Missions/Dawn of the Space Age/Banners/Menu/default
[WRN 17:59:30.931] Texture isn't eligible for DXT compression, width and height must be multiples of 4
[LOG 17:59:30.931] Load Cached PNG Texture: SquadExpansion/MakingHistory/Missions/Dawn of the Space Age/Banners/Success/default
[LOG 17:59:30.931] Load Cached PNG Texture: SquadExpansion/MakingHistory/Missions/Meet Me in Zero G/Banners/Fail/default
[LOG 17:59:30.931] Load Cached PNG Texture: SquadExpansion/MakingHistory/Missions/Meet Me in Zero G/Banners/Fail/fail01
[LOG 17:59:30.931] Load PNG texture: SquadExpansion/MakingHistory/Missions/Meet Me in Zero G/Banners/Menu/default
[WRN 17:59:30.933] Texture isn't eligible for DXT compression, width and height must be multiples of 4
[LOG 17:59:30.936] Load Cached PNG Texture: SquadExpansion/MakingHistory/Missions/Meet Me in Zero G/Banners/Success/default
[LOG 17:59:30.936] Load Cached PNG Texture: SquadExpansion/MakingHistory/Missions/Meet Me in Zero G/Banners/Success/success02
[LOG 17:59:30.936] Load Cached PNG Texture: SquadExpansion/MakingHistory/Missions/Munar 1/Banners/Fail/default
[LOG 17:59:30.936] Load Cached PNG Texture: SquadExpansion/MakingHistory/Missions/Munar 1/Banners/Fail/fail02
[LOG 17:59:30.936] Load PNG texture: SquadExpansion/MakingHistory/Missions/Munar 1/Banners/Menu/default
[WRN 17:59:30.940] Texture isn't eligible for DXT compression, width and height must be multiples of 4
[LOG 17:59:30.941] Load Cached PNG Texture: SquadExpansion/MakingHistory/Missions/Munar 1/Banners/Success/default
[LOG 17:59:30.942] Load Cached PNG Texture: SquadExpansion/MakingHistory/Missions/Munar 1/Banners/Success/success01
[LOG 17:59:30.942] Load Cached PNG Texture: SquadExpansion/MakingHistory/Missions/Sally-Hut 1/Banners/Fail/default
[LOG 17:59:30.942] Load Cached PNG Texture: SquadExpansion/MakingHistory/Missions/Sally-Hut 1/Banners/Fail/fail01
[LOG 17:59:30.944] Load Cached PNG Texture: SquadExpansion/MakingHistory/Missions/Sally-Hut 1/Banners/Menu/bannerSatellite
[LOG 17:59:30.944] Load Cached PNG Texture: SquadExpansion/MakingHistory/Missions/Sally-Hut 1/Banners/Success/default
[LOG 17:59:30.944] Load Cached PNG Texture: SquadExpansion/MakingHistory/Missions/Sally-Hut 1/Banners/Success/success02
[LOG 17:59:30.944] Load Cached PNG Texture: SquadExpansion/MakingHistory/Missions/To the Mun Via Minmus/Banners/Fail/fail02
[LOG 17:59:30.944] Load PNG texture: SquadExpansion/MakingHistory/Missions/To the Mun Via Minmus/Banners/Menu/MissionBannerKerbin
[WRN 17:59:30.947] Texture isn't eligible for DXT compression, width and height must be multiples of 4
[LOG 17:59:30.947] Load Cached PNG Texture: SquadExpansion/MakingHistory/Missions/To the Mun Via Minmus/Banners/Success/success01
[LOG 17:59:30.950] Load Cached PNG Texture: SquadExpansion/MakingHistory/Missions/Trouble in the Void/Banners/Fail/fail01
[LOG 17:59:30.950] Load PNG texture: SquadExpansion/MakingHistory/Missions/Trouble in the Void/Banners/Menu/default
[WRN 17:59:30.952] Texture isn't eligible for DXT compression, width and height must be multiples of 4
[LOG 17:59:30.954] Load Cached PNG Texture: SquadExpansion/MakingHistory/Missions/Trouble in the Void/Banners/Success/success02
[LOG 17:59:30.954] Load Cached PNG Texture: SquadExpansion/MakingHistory/Missions/Ziggy Kerman and the Spiders from Duna/Banners/Fail/fail02
[LOG 17:59:30.955] Load Cached PNG Texture: SquadExpansion/MakingHistory/Missions/Ziggy Kerman and the Spiders from Duna/Banners/Menu/bannerSatellite
[LOG 17:59:30.955] Load Cached PNG Texture: SquadExpansion/MakingHistory/Missions/Ziggy Kerman and the Spiders from Duna/Banners/Success/success01
[LOG 17:59:30.955] Load Cached PNG Texture: SquadExpansion/MakingHistory/Parts/@thumbs/Decoupler.1p5_icon0
[LOG 17:59:30.955] Load Cached PNG Texture: SquadExpansion/MakingHistory/Parts/@thumbs/Decoupler.1p5_icon1
[LOG 17:59:30.955] Load Cached PNG Texture: SquadExpansion/MakingHistory/Parts/@thumbs/EquiTriangle0_icon0
[LOG 17:59:30.955] Load Cached PNG Texture: SquadExpansion/MakingHistory/Parts/@thumbs/EquiTriangle0_icon1
[LOG 17:59:30.955] Load Cached PNG Texture: SquadExpansion/MakingHistory/Parts/@thumbs/EquiTriangle0_icon2
[LOG 17:59:30.955] Load Cached PNG Texture: SquadExpansion/MakingHistory/Parts/@thumbs/EquiTriangle0_icon3
[LOG 17:59:30.955] Load Cached PNG Texture: SquadExpansion/MakingHistory/Parts/@thumbs/EquiTriangle1p5_icon0
[LOG 17:59:30.956] Load Cached PNG Texture: SquadExpansion/MakingHistory/Parts/@thumbs/EquiTriangle1p5_icon1
[LOG 17:59:30.956] Load Cached PNG Texture: SquadExpansion/MakingHistory/Parts/@thumbs/EquiTriangle1p5_icon2
[LOG 17:59:30.956] Load Cached PNG Texture: SquadExpansion/MakingHistory/Parts/@thumbs/EquiTriangle1p5_icon3
[LOG 17:59:30.956] Load Cached PNG Texture: SquadExpansion/MakingHistory/Parts/@thumbs/EquiTriangle1_icon0
[LOG 17:59:30.956] Load Cached PNG Texture: SquadExpansion/MakingHistory/Parts/@thumbs/EquiTriangle1_icon1
[LOG 17:59:30.956] Load Cached PNG Texture: SquadExpansion/MakingHistory/Parts/@thumbs/EquiTriangle1_icon2
[LOG 17:59:30.956] Load Cached PNG Texture: SquadExpansion/MakingHistory/Parts/@thumbs/EquiTriangle1_icon3
[LOG 17:59:30.956] Load Cached PNG Texture: SquadExpansion/MakingHistory/Parts/@thumbs/EquiTriangle2_icon0
[LOG 17:59:30.956] Load Cached PNG Texture: SquadExpansion/MakingHistory/Parts/@thumbs/EquiTriangle2_icon1
[LOG 17:59:30.957] Load Cached PNG Texture: SquadExpansion/MakingHistory/Parts/@thumbs/EquiTriangle2_icon2
[LOG 17:59:30.957] Load Cached PNG Texture: SquadExpansion/MakingHistory/Parts/@thumbs/EquiTriangle2_icon3
[LOG 17:59:30.959] Load Cached PNG Texture: SquadExpansion/MakingHistory/Parts/@thumbs/HeatShield1p5_icon
[LOG 17:59:30.959] Load Cached PNG Texture: SquadExpansion/MakingHistory/Parts/@thumbs/InflatableAirlock_icon
[LOG 17:59:30.960] Load Cached PNG Texture: SquadExpansion/MakingHistory/Parts/@thumbs/LiquidEngineRV-1_icon
[LOG 17:59:30.960] Load Cached PNG Texture: SquadExpansion/MakingHistory/Parts/@thumbs/monopropMiniSphere_icon
[LOG 17:59:30.960] Load Cached PNG Texture: SquadExpansion/MakingHistory/Parts/@thumbs/Panel0_icon0
[LOG 17:59:30.960] Load Cached PNG Texture: SquadExpansion/MakingHistory/Parts/@thumbs/Panel0_icon1
[LOG 17:59:30.960] Load Cached PNG Texture: SquadExpansion/MakingHistory/Parts/@thumbs/Panel0_icon2
[LOG 17:59:30.960] Load Cached PNG Texture: SquadExpansion/MakingHistory/Parts/@thumbs/Panel0_icon3
[LOG 17:59:30.960] Load Cached PNG Texture: SquadExpansion/MakingHistory/Parts/@thumbs/Panel1p5_icon0
[LOG 17:59:30.960] Load Cached PNG Texture: SquadExpansion/MakingHistory/Parts/@thumbs/Panel1p5_icon1
[LOG 17:59:30.960] Load Cached PNG Texture: SquadExpansion/MakingHistory/Parts/@thumbs/Panel1p5_icon2
[LOG 17:59:30.960] Load Cached PNG Texture: SquadExpansion/MakingHistory/Parts/@thumbs/Panel1p5_icon3
[LOG 17:59:30.961] Load Cached PNG Texture: SquadExpansion/MakingHistory/Parts/@thumbs/Panel1_icon0
[LOG 17:59:30.961] Load Cached PNG Texture: SquadExpansion/MakingHistory/Parts/@thumbs/Panel1_icon1
[LOG 17:59:30.961] Load Cached PNG Texture: SquadExpansion/MakingHistory/Parts/@thumbs/Panel1_icon2
[LOG 17:59:30.961] Load Cached PNG Texture: SquadExpansion/MakingHistory/Parts/@thumbs/Panel1_icon3
[LOG 17:59:30.961] Load Cached PNG Texture: SquadExpansion/MakingHistory/Parts/@thumbs/roverWheelM1-F_icon0
[LOG 17:59:30.961] Load Cached PNG Texture: SquadExpansion/MakingHistory/Parts/@thumbs/roverWheelM1-F_icon1
[LOG 17:59:30.961] Load Cached PNG Texture: SquadExpansion/MakingHistory/Parts/@thumbs/Separator.1p5_icon0
[LOG 17:59:30.961] Load Cached PNG Texture: SquadExpansion/MakingHistory/Parts/@thumbs/Separator.1p5_icon1
[LOG 17:59:30.961] Load Cached PNG Texture: SquadExpansion/MakingHistory/Parts/@thumbs/Size1p5.Strut.Decoupler_icon0
[LOG 17:59:30.962] Load Cached PNG Texture: SquadExpansion/MakingHistory/Parts/@thumbs/Size1p5.Strut.Decoupler_icon1
[LOG 17:59:30.962] Load Cached PNG Texture: SquadExpansion/MakingHistory/Parts/@thumbs/Size1to0ServiceModule_icon
[LOG 17:59:30.962] Load Cached PNG Texture: SquadExpansion/MakingHistory/Parts/@thumbs/Triangle0_icon0
[LOG 17:59:30.962] Load Cached PNG Texture: SquadExpansion/MakingHistory/Parts/@thumbs/Triangle0_icon1
[LOG 17:59:30.962] Load Cached PNG Texture: SquadExpansion/MakingHistory/Parts/@thumbs/Triangle0_icon2
[LOG 17:59:30.962] Load Cached PNG Texture: SquadExpansion/MakingHistory/Parts/@thumbs/Triangle0_icon3
[LOG 17:59:30.962] Load Cached PNG Texture: SquadExpansion/MakingHistory/Parts/@thumbs/Triangle1p5_icon0
[LOG 17:59:30.962] Load Cached PNG Texture: SquadExpansion/MakingHistory/Parts/@thumbs/Triangle1p5_icon1
[LOG 17:59:30.962] Load Cached PNG Texture: SquadExpansion/MakingHistory/Parts/@thumbs/Triangle1p5_icon2
[LOG 17:59:30.962] Load Cached PNG Texture: SquadExpansion/MakingHistory/Parts/@thumbs/Triangle1p5_icon3
[LOG 17:59:30.963] Load Cached PNG Texture: SquadExpansion/MakingHistory/Parts/@thumbs/Triangle1_icon0
[LOG 17:59:30.963] Load Cached PNG Texture: SquadExpansion/MakingHistory/Parts/@thumbs/Triangle1_icon1
[LOG 17:59:30.963] Load Cached PNG Texture: SquadExpansion/MakingHistory/Parts/@thumbs/Triangle1_icon2
[LOG 17:59:30.963] Load Cached PNG Texture: SquadExpansion/MakingHistory/Parts/@thumbs/Triangle1_icon3
[LOG 17:59:30.963] Load Cached PNG Texture: SquadExpansion/MakingHistory/Parts/@thumbs/Triangle2_icon0
[LOG 17:59:30.963] Load Cached PNG Texture: SquadExpansion/MakingHistory/Parts/@thumbs/Triangle2_icon1
[LOG 17:59:30.963] Load Cached PNG Texture: SquadExpansion/MakingHistory/Parts/@thumbs/Triangle2_icon2
[LOG 17:59:30.963] Load Cached PNG Texture: SquadExpansion/MakingHistory/Parts/@thumbs/Triangle2_icon3
[LOG 17:59:30.963] Load Cached PNG Texture: SquadExpansion/MakingHistory/Parts/@thumbs/Tube1_icon0
[LOG 17:59:30.964] Load Cached PNG Texture: SquadExpansion/MakingHistory/Parts/@thumbs/Tube1_icon1
[LOG 17:59:30.964] Load Cached PNG Texture: SquadExpansion/MakingHistory/Parts/@thumbs/Tube1_icon2
[LOG 17:59:30.964] Load Cached PNG Texture: SquadExpansion/MakingHistory/Parts/@thumbs/Tube1_icon3
[LOG 17:59:30.964] Load Cached PNG Texture: SquadExpansion/MakingHistory/Parts/@thumbs/Tube1_icon4
[LOG 17:59:30.964] Load Cached PNG Texture: SquadExpansion/MakingHistory/Parts/Aero/protectiveRocketNoseMk5A/s1p5_cone
[LOG 17:59:30.965] Load Cached PNG Texture: SquadExpansion/MakingHistory/Parts/Aero/protectiveRocketNoseMk5A/s1p5_cone_Orange
[LOG 17:59:30.966] Load DDS texture: SquadExpansion/MakingHistory/Parts/Coupling/Assets/airlock
[LOG 17:59:30.966] Load DDS texture: SquadExpansion/MakingHistory/Parts/Coupling/Assets/airlock_N
[LOG 17:59:30.969] Load DDS texture: SquadExpansion/MakingHistory/Parts/Coupling/Assets/EnginePlate
[LOG 17:59:30.969] Load DDS texture: SquadExpansion/MakingHistory/Parts/Coupling/Assets/Size1_5_Decoupler_grey
[LOG 17:59:30.969] Load DDS texture: SquadExpansion/MakingHistory/Parts/Coupling/Assets/Size1_5_Decoupler_orange
[LOG 17:59:30.969] Load DDS texture: SquadExpansion/MakingHistory/Parts/Engine/Assets/KE-1
[LOG 17:59:30.970] Load DDS texture: SquadExpansion/MakingHistory/Parts/Engine/Assets/KE-1_BASE
[LOG 17:59:30.971] Load DDS texture: SquadExpansion/MakingHistory/Parts/Engine/Assets/LV-T87
[LOG 17:59:30.973] Load DDS texture: SquadExpansion/MakingHistory/Parts/Engine/Assets/LV-T91
[LOG 17:59:30.974] Load DDS texture: SquadExpansion/MakingHistory/Parts/Engine/Assets/RE-I2
[LOG 17:59:30.978] Load DDS texture: SquadExpansion/MakingHistory/Parts/Engine/Assets/RE-J10
[LOG 17:59:30.979] Load DDS texture: SquadExpansion/MakingHistory/Parts/Engine/Assets/RE-J10_N
[LOG 17:59:30.981] Load DDS texture: SquadExpansion/MakingHistory/Parts/Engine/Assets/RK-7
[LOG 17:59:30.984] Load DDS texture: SquadExpansion/MakingHistory/Parts/Engine/Assets/RK-7_N
[LOG 17:59:30.985] Load DDS texture: SquadExpansion/MakingHistory/Parts/Engine/solidBoosterTHK/SolidBoosterS2-17_emissive
[LOG 17:59:30.994] Load DDS texture: SquadExpansion/MakingHistory/Parts/Engine/solidBoosterTHK/solidBoosterTHK_diffuse
[LOG 17:59:31.001] Load DDS texture: SquadExpansion/MakingHistory/Parts/FuelTank/Assets/Size1p5_02
[LOG 17:59:31.003] Load DDS texture: SquadExpansion/MakingHistory/Parts/FuelTank/Assets/Size1p5_02_ALT01
[LOG 17:59:31.005] Load DDS texture: SquadExpansion/MakingHistory/Parts/FuelTank/Assets/Size1p5_02_ALT02
[LOG 17:59:31.007] Load DDS texture: SquadExpansion/MakingHistory/Parts/FuelTank/Assets/Size1p5_02_ALT02_normal
[LOG 17:59:31.008] Load DDS texture: SquadExpansion/MakingHistory/Parts/FuelTank/Assets/Size1p5_mono
[LOG 17:59:31.010] Load DDS texture: SquadExpansion/MakingHistory/Parts/FuelTank/Assets/Size1p5_mono_2
[LOG 17:59:31.012] Load DDS texture: SquadExpansion/MakingHistory/Parts/FuelTank/Assets/Size1p5_mono_N
[LOG 17:59:31.018] Load DDS texture: SquadExpansion/MakingHistory/Parts/FuelTank/Assets/Size1_5_TankAdapters
[LOG 17:59:31.019] Load DDS texture: SquadExpansion/MakingHistory/Parts/FuelTank/Assets/Size1_5_TankAdapters_ALT01
[LOG 17:59:31.021] Load DDS texture: SquadExpansion/MakingHistory/Parts/FuelTank/Assets/Size1_5_TankAdapters_ALT02
[LOG 17:59:31.022] Load DDS texture: SquadExpansion/MakingHistory/Parts/FuelTank/Assets/Size1_5_TankAdapters_ALT02nm
[LOG 17:59:31.024] Load DDS texture: SquadExpansion/MakingHistory/Parts/FuelTank/Assets/Size1_5_TankAdapters_N
[LOG 17:59:31.025] Load DDS texture: SquadExpansion/MakingHistory/Parts/FuelTank/Assets/Size1_5_Tanks
[LOG 17:59:31.027] Load DDS texture: SquadExpansion/MakingHistory/Parts/FuelTank/Assets/Size1_5_Tanks_ALT02
[LOG 17:59:31.029] Load DDS texture: SquadExpansion/MakingHistory/Parts/FuelTank/Assets/Size1_5_Tanks_ALT02_nm
[LOG 17:59:31.031] Load DDS texture: SquadExpansion/MakingHistory/Parts/FuelTank/Assets/Size1_5_Tanks_grey
[LOG 17:59:31.032] Load DDS texture: SquadExpansion/MakingHistory/Parts/FuelTank/Assets/Size4_Tanks
[LOG 17:59:31.041] Load DDS texture: SquadExpansion/MakingHistory/Parts/FuelTank/Assets/Size4_Tanks_N
[LOG 17:59:31.052] Load DDS texture: SquadExpansion/MakingHistory/Parts/Ground/Assets/RoverWheel
[LOG 17:59:31.052] Load DDS texture: SquadExpansion/MakingHistory/Parts/Ground/Assets/RoverWheelG
[LOG 17:59:31.053] Load DDS texture: SquadExpansion/MakingHistory/Parts/Payload/Assets/Size1to0ServiceBay
[LOG 17:59:31.054] Load DDS texture: SquadExpansion/MakingHistory/Parts/Payload/Assets/Size1to0ServiceBay_n
[LOG 17:59:31.056] Load DDS texture: SquadExpansion/MakingHistory/Parts/Payload/Assets/SM18_diffuse
[LOG 17:59:31.062] Load Cached PNG Texture: SquadExpansion/MakingHistory/Parts/Payload/Assets/SM18_NRM
[LOG 17:59:31.070] Load DDS texture: SquadExpansion/MakingHistory/Parts/Payload/Assets/SM18_specular
[LOG 17:59:31.077] Load DDS texture: SquadExpansion/MakingHistory/Parts/Payload/Assets/SM25_diffuse
[LOG 17:59:31.080] Load DDS texture: SquadExpansion/MakingHistory/Parts/Payload/Assets/SM25_normals
[LOG 17:59:31.086] Load DDS texture: SquadExpansion/MakingHistory/Parts/Pods/Assets/KV1
[LOG 17:59:31.087] Load DDS texture: SquadExpansion/MakingHistory/Parts/Pods/Assets/KV1_GLOW
[LOG 17:59:31.088] Load DDS texture: SquadExpansion/MakingHistory/Parts/Pods/Assets/KV2
[LOG 17:59:31.090] Load DDS texture: SquadExpansion/MakingHistory/Parts/Pods/Assets/KV3
[LOG 17:59:31.091] Load DDS texture: SquadExpansion/MakingHistory/Parts/Pods/Assets/Mk2Pod
[LOG 17:59:31.092] Load DDS texture: SquadExpansion/MakingHistory/Parts/Pods/Assets/Mk2Pod_GLOW
[LOG 17:59:31.094] Load DDS texture: SquadExpansion/MakingHistory/Parts/Pods/Assets/Mk2Pod_n
[LOG 17:59:31.097] Load DDS texture: SquadExpansion/MakingHistory/Parts/Pods/Assets/Size1_5_Lander
[LOG 17:59:31.101] Load DDS texture: SquadExpansion/MakingHistory/Parts/Pods/Assets/Size1_5_Lander_GLOW
[LOG 17:59:31.107] Load DDS texture: SquadExpansion/MakingHistory/Parts/SharedAssets/Shrouds
[LOG 17:59:31.110] Load DDS texture: SquadExpansion/MakingHistory/Parts/SharedAssets/Shrouds_N
[LOG 17:59:31.111] Load DDS texture: SquadExpansion/MakingHistory/Parts/Structural/Assets/NormalMap
[LOG 17:59:31.115] Load DDS texture: SquadExpansion/MakingHistory/Parts/Structural/Assets/Panels
[LOG 17:59:31.121] Load DDS texture: SquadExpansion/MakingHistory/Parts/Structural/Assets/Panels_Dark_D
[LOG 17:59:31.125] Load DDS texture: SquadExpansion/MakingHistory/Parts/Structural/Assets/Panels_Gold_D
[LOG 17:59:31.128] Load Cached PNG Texture: SquadExpansion/MakingHistory/Parts/Structural/Assets/Panels_Gold_NRM
[LOG 17:59:31.132] Load DDS texture: SquadExpansion/MakingHistory/Parts/Structural/Assets/Panels_Gold_S
[LOG 17:59:31.136] Load DDS texture: SquadExpansion/MakingHistory/Parts/Structural/Assets/Panels_Silver_D
[LOG 17:59:31.139] Load DDS texture: SquadExpansion/MakingHistory/Parts/Structural/Assets/Panels_Silver_S
[LOG 17:59:31.143] Load Cached PNG Texture: SquadExpansion/MakingHistory/Ships/@thumbs/VAB/Acapello
[LOG 17:59:31.143] Load Cached PNG Texture: SquadExpansion/MakingHistory/Ships/@thumbs/VAB/Beta Centaurus
[LOG 17:59:31.144] Load Cached PNG Texture: SquadExpansion/MakingHistory/Ships/@thumbs/VAB/Goliath II HLV
[LOG 17:59:31.144] Load Cached PNG Texture: SquadExpansion/MakingHistory/Ships/@thumbs/VAB/Muna 1
[LOG 17:59:31.144] Load Cached PNG Texture: SquadExpansion/MakingHistory/Ships/@thumbs/VAB/Sally-Hut 1
[LOG 17:59:31.146] Load Cached PNG Texture: SquadExpansion/MakingHistory/Ships/@thumbs/VAB/SWM-94 Communications Satellite
[LOG 17:59:31.146] Load Cached PNG Texture: SquadExpansion/MakingHistory/Ships/@thumbs/VAB/Valshkod 2
[LOG 17:59:31.146] Load DDS texture: SquadExpansion/MakingHistory/Spaces/KVPods/airlock
[LOG 17:59:31.150] Load DDS texture: SquadExpansion/MakingHistory/Spaces/KVPods/airlock_N
[LOG 17:59:31.152] Load DDS texture: SquadExpansion/MakingHistory/Spaces/KVPods/KV1_Props_Diffuse
[LOG 17:59:31.165] Load DDS texture: SquadExpansion/MakingHistory/Spaces/KVPods/KV1_Props_Normal
[LOG 17:59:31.170] Load DDS texture: SquadExpansion/MakingHistory/Spaces/KVPods/KV1_Shell_Diffuse
[LOG 17:59:31.176] Load DDS texture: SquadExpansion/MakingHistory/Spaces/KVPods/KV1_Shell_Emissive
[LOG 17:59:31.180] Load DDS texture: SquadExpansion/MakingHistory/Spaces/KVPods/KV1_Shell_Normal
[LOG 17:59:31.187] Load DDS texture: SquadExpansion/MakingHistory/Spaces/KVPods/KV1_Vzor_Diffuse
[LOG 17:59:31.193] Load DDS texture: SquadExpansion/MakingHistory/Spaces/KVPods/KV2_Props_Diffuse
[LOG 17:59:31.201] Load DDS texture: SquadExpansion/MakingHistory/Spaces/KVPods/KV2_Props_Emissive
[LOG 17:59:31.206] Load DDS texture: SquadExpansion/MakingHistory/Spaces/KVPods/KV2_Props_Normal
[LOG 17:59:31.214] Load DDS texture: SquadExpansion/MakingHistory/Spaces/KVPods/KV2_Shell_Diffuse
[LOG 17:59:31.220] Load DDS texture: SquadExpansion/MakingHistory/Spaces/KVPods/KV2_Shell_Normal
[LOG 17:59:31.225] Load DDS texture: SquadExpansion/MakingHistory/Spaces/KVPods/KV3_Props_Diffuse
[LOG 17:59:31.232] Load DDS texture: SquadExpansion/MakingHistory/Spaces/KVPods/KV3_Props_Normal
[LOG 17:59:31.243] Load DDS texture: SquadExpansion/MakingHistory/Spaces/KVPods/KV3_Shell_Diffuse
[LOG 17:59:31.247] Load DDS texture: SquadExpansion/MakingHistory/Spaces/KVPods/KV3_Shell_Normal
[LOG 17:59:31.251] Load DDS texture: SquadExpansion/MakingHistory/Spaces/KVPods/motor
[LOG 17:59:31.252] Load DDS texture: SquadExpansion/MakingHistory/Spaces/KVPods/pilot Seat
[LOG 17:59:31.254] Load DDS texture: SquadExpansion/MakingHistory/Spaces/MEM/PANELS_AO
[LOG 17:59:31.258] Load DDS texture: SquadExpansion/MakingHistory/Spaces/MEM/PANELS_EMISSIVE
[LOG 17:59:31.263] Load DDS texture: SquadExpansion/MakingHistory/Spaces/MEM/PANELS_NORMAL
[LOG 17:59:31.273] Load DDS texture: SquadExpansion/MakingHistory/Spaces/MEM/pilot Seat
[LOG 17:59:31.274] Load DDS texture: SquadExpansion/MakingHistory/Spaces/MEM/propsGeneric
[LOG 17:59:31.276] Load DDS texture: SquadExpansion/MakingHistory/Spaces/MEM/PROPS_AO
[LOG 17:59:31.283] Load DDS texture: SquadExpansion/MakingHistory/Spaces/MEM/PROPS_EMISSIVE
[LOG 17:59:31.283] Load DDS texture: SquadExpansion/MakingHistory/Spaces/MEM/PROPS_NORMAL
[LOG 17:59:31.287] Load DDS texture: SquadExpansion/MakingHistory/Spaces/Mk2Pod/DIfuse_controlboard
[LOG 17:59:31.294] Load DDS texture: SquadExpansion/MakingHistory/Spaces/Mk2Pod/Normal_controlbard
[LOG 17:59:31.300] Load DDS texture: SquadExpansion/MakingHistory/Spaces/Mk2Pod/Outershell_Base_Color
[LOG 17:59:31.316] Load DDS texture: SquadExpansion/MakingHistory/Spaces/Mk2Pod/Outershell_Normal
[LOG 17:59:31.322] Load DDS texture: SquadExpansion/MakingHistory/Spaces/Mk2Pod/pilot Seat
[LOG 17:59:31.324] Load Cached PNG Texture: SquadExpansion/Serenity/Parts/@thumbs/controller1000_icon
[LOG 17:59:31.325] Load Cached PNG Texture: SquadExpansion/Serenity/Parts/@thumbs/DeployedCentralStation_icon
[LOG 17:59:31.325] Load Cached PNG Texture: SquadExpansion/Serenity/Parts/@thumbs/DeployedGoExOb_icon
[LOG 17:59:31.326] Load Cached PNG Texture: SquadExpansion/Serenity/Parts/@thumbs/DeployedIONExp_icon
[LOG 17:59:31.326] Load Cached PNG Texture: SquadExpansion/Serenity/Parts/@thumbs/DeployedRTG_icon
[LOG 17:59:31.326] Load Cached PNG Texture: SquadExpansion/Serenity/Parts/@thumbs/DeployedSatDish_icon
[LOG 17:59:31.326] Load Cached PNG Texture: SquadExpansion/Serenity/Parts/@thumbs/DeployedSeismicSensor_icon
[LOG 17:59:31.326] Load Cached PNG Texture: SquadExpansion/Serenity/Parts/@thumbs/DeployedSolarPanel_icon
[LOG 17:59:31.326] Load Cached PNG Texture: SquadExpansion/Serenity/Parts/@thumbs/DeployedWeatherStn_icon
[LOG 17:59:31.326] Load Cached PNG Texture: SquadExpansion/Serenity/Parts/@thumbs/FanShroud.01_icon0
[LOG 17:59:31.326] Load Cached PNG Texture: SquadExpansion/Serenity/Parts/@thumbs/FanShroud.01_icon1
[LOG 17:59:31.327] Load Cached PNG Texture: SquadExpansion/Serenity/Parts/@thumbs/FanShroud.02_icon0
[LOG 17:59:31.327] Load Cached PNG Texture: SquadExpansion/Serenity/Parts/@thumbs/FanShroud.02_icon1
[LOG 17:59:31.327] Load Cached PNG Texture: SquadExpansion/Serenity/Parts/@thumbs/hinge.01.s_icon0
[LOG 17:59:31.327] Load Cached PNG Texture: SquadExpansion/Serenity/Parts/@thumbs/hinge.01.s_icon1
[LOG 17:59:31.327] Load Cached PNG Texture: SquadExpansion/Serenity/Parts/@thumbs/hinge.01_icon0
[LOG 17:59:31.327] Load Cached PNG Texture: SquadExpansion/Serenity/Parts/@thumbs/hinge.01_icon1
[LOG 17:59:31.327] Load Cached PNG Texture: SquadExpansion/Serenity/Parts/@thumbs/hinge.03.s_icon0
[LOG 17:59:31.327] Load Cached PNG Texture: SquadExpansion/Serenity/Parts/@thumbs/hinge.03.s_icon1
[LOG 17:59:31.327] Load Cached PNG Texture: SquadExpansion/Serenity/Parts/@thumbs/hinge.03_icon0
[LOG 17:59:31.328] Load Cached PNG Texture: SquadExpansion/Serenity/Parts/@thumbs/hinge.03_icon1
[LOG 17:59:31.328] Load Cached PNG Texture: SquadExpansion/Serenity/Parts/@thumbs/largeFanBlade_icon0
[LOG 17:59:31.328] Load Cached PNG Texture: SquadExpansion/Serenity/Parts/@thumbs/largeFanBlade_icon1
[LOG 17:59:31.328] Load Cached PNG Texture: SquadExpansion/Serenity/Parts/@thumbs/largePropeller_icon0
[LOG 17:59:31.328] Load Cached PNG Texture: SquadExpansion/Serenity/Parts/@thumbs/largePropeller_icon1
[LOG 17:59:31.328] Load Cached PNG Texture: SquadExpansion/Serenity/Parts/@thumbs/lGripPad_icon0
[LOG 17:59:31.328] Load Cached PNG Texture: SquadExpansion/Serenity/Parts/@thumbs/lGripPad_icon1
[LOG 17:59:31.328] Load Cached PNG Texture: SquadExpansion/Serenity/Parts/@thumbs/lGripStrip_icon
[LOG 17:59:31.328] Load Cached PNG Texture: SquadExpansion/Serenity/Parts/@thumbs/mediumFanBlade_icon0
[LOG 17:59:31.328] Load Cached PNG Texture: SquadExpansion/Serenity/Parts/@thumbs/mediumFanBlade_icon1
[LOG 17:59:31.328] Load Cached PNG Texture: SquadExpansion/Serenity/Parts/@thumbs/mediumPropeller_icon0
[LOG 17:59:31.329] Load Cached PNG Texture: SquadExpansion/Serenity/Parts/@thumbs/mediumPropeller_icon1
[LOG 17:59:31.329] Load Cached PNG Texture: SquadExpansion/Serenity/Parts/@thumbs/mGripPad_icon0
[LOG 17:59:31.329] Load Cached PNG Texture: SquadExpansion/Serenity/Parts/@thumbs/mGripPad_icon1
[LOG 17:59:31.329] Load Cached PNG Texture: SquadExpansion/Serenity/Parts/@thumbs/noseconeTiny_icon
[LOG 17:59:31.329] Load Cached PNG Texture: SquadExpansion/Serenity/Parts/@thumbs/noseconeVS_icon
[LOG 17:59:31.329] Load Cached PNG Texture: SquadExpansion/Serenity/Parts/@thumbs/piston.01_icon0
[LOG 17:59:31.329] Load Cached PNG Texture: SquadExpansion/Serenity/Parts/@thumbs/piston.01_icon1
[LOG 17:59:31.329] Load Cached PNG Texture: SquadExpansion/Serenity/Parts/@thumbs/piston.02_icon0
[LOG 17:59:31.329] Load Cached PNG Texture: SquadExpansion/Serenity/Parts/@thumbs/piston.02_icon1
[LOG 17:59:31.329] Load Cached PNG Texture: SquadExpansion/Serenity/Parts/@thumbs/piston.03_icon0
[LOG 17:59:31.329] Load Cached PNG Texture: SquadExpansion/Serenity/Parts/@thumbs/piston.03_icon1
[LOG 17:59:31.329] Load Cached PNG Texture: SquadExpansion/Serenity/Parts/@thumbs/piston.04_icon0
[LOG 17:59:31.330] Load Cached PNG Texture: SquadExpansion/Serenity/Parts/@thumbs/piston.04_icon1
[LOG 17:59:31.330] Load Cached PNG Texture: SquadExpansion/Serenity/Parts/@thumbs/RobotArmScanner.S1_icon
[LOG 17:59:31.330] Load Cached PNG Texture: SquadExpansion/Serenity/Parts/@thumbs/RobotArmScanner.S2_icon
[LOG 17:59:31.330] Load Cached PNG Texture: SquadExpansion/Serenity/Parts/@thumbs/RobotArmScanner.S3_icon
[LOG 17:59:31.330] Load Cached PNG Texture: SquadExpansion/Serenity/Parts/@thumbs/rotor.01s_icon0
[LOG 17:59:31.330] Load Cached PNG Texture: SquadExpansion/Serenity/Parts/@thumbs/rotor.01s_icon1
[LOG 17:59:31.330] Load Cached PNG Texture: SquadExpansion/Serenity/Parts/@thumbs/rotor.01_icon0
[LOG 17:59:31.330] Load Cached PNG Texture: SquadExpansion/Serenity/Parts/@thumbs/rotor.01_icon1
[LOG 17:59:31.330] Load Cached PNG Texture: SquadExpansion/Serenity/Parts/@thumbs/rotor.02s_icon0
[LOG 17:59:31.330] Load Cached PNG Texture: SquadExpansion/Serenity/Parts/@thumbs/rotor.02s_icon1
[LOG 17:59:31.330] Load Cached PNG Texture: SquadExpansion/Serenity/Parts/@thumbs/rotor.02_icon0
[LOG 17:59:31.330] Load Cached PNG Texture: SquadExpansion/Serenity/Parts/@thumbs/rotor.02_icon1
[LOG 17:59:31.330] Load Cached PNG Texture: SquadExpansion/Serenity/Parts/@thumbs/RotorEngine.02_icon
[LOG 17:59:31.331] Load Cached PNG Texture: SquadExpansion/Serenity/Parts/@thumbs/rotoServo.00_icon0
[LOG 17:59:31.331] Load Cached PNG Texture: SquadExpansion/Serenity/Parts/@thumbs/rotoServo.00_icon1
[LOG 17:59:31.331] Load Cached PNG Texture: SquadExpansion/Serenity/Parts/@thumbs/rotoServo.02_icon0
[LOG 17:59:31.331] Load Cached PNG Texture: SquadExpansion/Serenity/Parts/@thumbs/rotoServo.02_icon1
[LOG 17:59:31.331] Load Cached PNG Texture: SquadExpansion/Serenity/Parts/@thumbs/rotoServo.03_icon0
[LOG 17:59:31.331] Load Cached PNG Texture: SquadExpansion/Serenity/Parts/@thumbs/rotoServo.03_icon1
[LOG 17:59:31.331] Load Cached PNG Texture: SquadExpansion/Serenity/Parts/@thumbs/sGripPad_icon0
[LOG 17:59:31.331] Load Cached PNG Texture: SquadExpansion/Serenity/Parts/@thumbs/sGripPad_icon1
[LOG 17:59:31.331] Load Cached PNG Texture: SquadExpansion/Serenity/Parts/@thumbs/sGripStrip_icon
[LOG 17:59:31.331] Load Cached PNG Texture: SquadExpansion/Serenity/Parts/@thumbs/smallFanBlade_icon0
[LOG 17:59:31.331] Load Cached PNG Texture: SquadExpansion/Serenity/Parts/@thumbs/smallFanBlade_icon1
[LOG 17:59:31.331] Load Cached PNG Texture: SquadExpansion/Serenity/Parts/@thumbs/smallHeliBlade_icon0
[LOG 17:59:31.332] Load Cached PNG Texture: SquadExpansion/Serenity/Parts/@thumbs/smallHeliBlade_icon1
[LOG 17:59:31.332] Load Cached PNG Texture: SquadExpansion/Serenity/Parts/@thumbs/smallPropeller_icon0
[LOG 17:59:31.332] Load Cached PNG Texture: SquadExpansion/Serenity/Parts/@thumbs/smallPropeller_icon1
[LOG 17:59:31.332] Load DDS texture: SquadExpansion/Serenity/Parts/Aero/Assets/copterBlades_diffuse
[LOG 17:59:31.333] Load DDS texture: SquadExpansion/Serenity/Parts/Aero/Assets/shroudsDiffuse_color
[LOG 17:59:31.333] Load DDS texture: SquadExpansion/Serenity/Parts/Aero/Assets/shroudsDiffuse_plain
[LOG 17:59:31.333] Load Cached PNG Texture: SquadExpansion/Serenity/Parts/DeployedScience/MockupTexture
[LOG 17:59:31.334] Load DDS texture: SquadExpansion/Serenity/Parts/DeployedScience/Assets/centralStation_diffuse
[LOG 17:59:31.336] Load DDS texture: SquadExpansion/Serenity/Parts/DeployedScience/Assets/centralStation_emissive
[LOG 17:59:31.362] Load DDS texture: SquadExpansion/Serenity/Parts/DeployedScience/Assets/GenericParts_diffuse
[LOG 17:59:31.364] Load DDS texture: SquadExpansion/Serenity/Parts/DeployedScience/Assets/GenericParts_emissive
[LOG 17:59:31.365] Load DDS texture: SquadExpansion/Serenity/Parts/DeployedScience/Assets/GenericParts_normal
[LOG 17:59:31.366] Load DDS texture: SquadExpansion/Serenity/Parts/DeployedScience/Assets/goex_diffuse
[LOG 17:59:31.370] Load DDS texture: SquadExpansion/Serenity/Parts/DeployedScience/Assets/goex_specMapped
[LOG 17:59:31.373] Load DDS texture: SquadExpansion/Serenity/Parts/DeployedScience/Assets/Grid
[LOG 17:59:31.374] Load DDS texture: SquadExpansion/Serenity/Parts/DeployedScience/Assets/IonExperiment_diffuse
[LOG 17:59:31.382] Load DDS texture: SquadExpansion/Serenity/Parts/DeployedScience/Assets/RTGCask_diffuse
[LOG 17:59:31.385] Load DDS texture: SquadExpansion/Serenity/Parts/DeployedScience/Assets/satDish_diffuse
[LOG 17:59:31.386] Load Cached PNG Texture: SquadExpansion/Serenity/Parts/DeployedScience/Assets/Scratch
[LOG 17:59:31.387] Load DDS texture: SquadExpansion/Serenity/Parts/DeployedScience/Assets/Screen2
[LOG 17:59:31.387] Load DDS texture: SquadExpansion/Serenity/Parts/DeployedScience/Assets/Screen3
[LOG 17:59:31.387] Load DDS texture: SquadExpansion/Serenity/Parts/DeployedScience/Assets/ScreenReadout
[LOG 17:59:31.387] Load DDS texture: SquadExpansion/Serenity/Parts/DeployedScience/Assets/seismicSensor_diffuse
[LOG 17:59:31.388] Load DDS texture: SquadExpansion/Serenity/Parts/DeployedScience/Assets/seismicSensor_nrm
[LOG 17:59:31.391] Load DDS texture: SquadExpansion/Serenity/Parts/DeployedScience/Assets/seismicSensor_specularMapped
[LOG 17:59:31.392] Load DDS texture: SquadExpansion/Serenity/Parts/DeployedScience/Assets/SolarGraph
[LOG 17:59:31.392] Load DDS texture: SquadExpansion/Serenity/Parts/DeployedScience/Assets/solarPanel_diffuse
[LOG 17:59:31.393] Load DDS texture: SquadExpansion/Serenity/Parts/DeployedScience/Assets/Waveleght3
[LOG 17:59:31.393] Load DDS texture: SquadExpansion/Serenity/Parts/DeployedScience/Assets/Wavelenght
[LOG 17:59:31.393] Load DDS texture: SquadExpansion/Serenity/Parts/DeployedScience/Assets/Wavelenght2
[LOG 17:59:31.394] Load DDS texture: SquadExpansion/Serenity/Parts/DeployedScience/Assets/wavelenght4
[LOG 17:59:31.394] Load DDS texture: SquadExpansion/Serenity/Parts/DeployedScience/Assets/wavelenght5
[LOG 17:59:31.394] Load DDS texture: SquadExpansion/Serenity/Parts/DeployedScience/Assets/WeatherStation [Normal]
[LOG 17:59:31.417] Load DDS texture: SquadExpansion/Serenity/Parts/DeployedScience/Assets/Weather_Station_diffuse
[LOG 17:59:31.429] Load DDS texture: SquadExpansion/Serenity/Parts/DeployedScience/Assets/Weather_Station_normal
[LOG 17:59:31.435] Load DDS texture: SquadExpansion/Serenity/Parts/Propellers/Assets/blade_diffuse
[LOG 17:59:31.440] Load DDS texture: SquadExpansion/Serenity/Parts/Propellers/Assets/copterBlades_diffuse
[LOG 17:59:31.440] Load DDS texture: SquadExpansion/Serenity/Parts/Propellers/Assets/fan_diffuse
[LOG 17:59:31.441] Load DDS texture: SquadExpansion/Serenity/Parts/Robotics/Assets/hinges-03-s_diffuse_Color
[LOG 17:59:31.441] Load DDS texture: SquadExpansion/Serenity/Parts/Robotics/Assets/hinges-03_diffuse_color
[LOG 17:59:31.441] Load DDS texture: SquadExpansion/Serenity/Parts/Robotics/Assets/hinges-03_diffuse_plain
[LOG 17:59:31.443] Load DDS texture: SquadExpansion/Serenity/Parts/Robotics/Assets/hinges_diffuse
[LOG 17:59:31.443] Load DDS texture: SquadExpansion/Serenity/Parts/Robotics/Assets/Hinge_diffuse_G-00_Color
[LOG 17:59:31.443] Load DDS texture: SquadExpansion/Serenity/Parts/Robotics/Assets/Hinge_diffuse_G-11_Color
[LOG 17:59:31.444] Load DDS texture: SquadExpansion/Serenity/Parts/Robotics/Assets/Hinge_diffuse_G-11_plain
[LOG 17:59:31.444] Load DDS texture: SquadExpansion/Serenity/Parts/Robotics/Assets/Hinge_normal
[LOG 17:59:31.444] Load DDS texture: SquadExpansion/Serenity/Parts/Robotics/Assets/RotorEngine_02_diffuse
[LOG 17:59:31.445] Load DDS texture: SquadExpansion/Serenity/Parts/Robotics/Assets/RotorEngine_03_diffuse
[LOG 17:59:31.445] Load DDS texture: SquadExpansion/Serenity/Parts/Robotics/Assets/RotorEngine_03_normal
[LOG 17:59:31.446] Load DDS texture: SquadExpansion/Serenity/Parts/Robotics/Assets/Rotor_01_diffuse_color
[LOG 17:59:31.446] Load DDS texture: SquadExpansion/Serenity/Parts/Robotics/Assets/Rotor_01_diffuse_plain
[LOG 17:59:31.447] Load DDS texture: SquadExpansion/Serenity/Parts/Robotics/Assets/Rotor_01_normal
[LOG 17:59:31.447] Load DDS texture: SquadExpansion/Serenity/Parts/Robotics/Assets/Rotor_01_specular_D
[LOG 17:59:31.447] Load DDS texture: SquadExpansion/Serenity/Parts/Robotics/Assets/Rotor_02_diffuse_color
[LOG 17:59:31.448] Load DDS texture: SquadExpansion/Serenity/Parts/Robotics/Assets/Rotor_03_diffuse_color
[LOG 17:59:31.449] Load DDS texture: SquadExpansion/Serenity/Parts/Robotics/Assets/Rotor_03_diffuse_plain
[LOG 17:59:31.450] Load DDS texture: SquadExpansion/Serenity/Parts/Robotics/Assets/Rotor_03_normal
[LOG 17:59:31.451] Load DDS texture: SquadExpansion/Serenity/Parts/Robotics/Assets/rotoServos_diffuse_color
[LOG 17:59:31.452] Load DDS texture: SquadExpansion/Serenity/Parts/Robotics/Assets/rotoServos_diffuse_plain
[LOG 17:59:31.453] Load DDS texture: SquadExpansion/Serenity/Parts/Robotics/Assets/rotoServos_nrm
[LOG 17:59:31.454] Load DDS texture: SquadExpansion/Serenity/Parts/Robotics/Controllers/roboController_diffuse
[LOG 17:59:31.454] Load DDS texture: SquadExpansion/Serenity/Parts/Robotics/Controllers/roboController_emissive
[LOG 17:59:31.454] Load Cached PNG Texture: SquadExpansion/Serenity/Parts/Science/RobotArmScanner/Assets/DrillBits
[LOG 17:59:31.454] Load DDS texture: SquadExpansion/Serenity/Parts/Science/RobotArmScanner/Assets/DustParticle
[WRN 17:59:31.454] Duplicate PNG texture 'SquadExpansion/Serenity/Parts/Science/RobotArmScanner/Assets/DustParticle' with extension 'png' won't be loaded
[LOG 17:59:31.454] Load DDS texture: SquadExpansion/Serenity/Parts/Science/RobotArmScanner/Assets/GenericParts_diffuse
[LOG 17:59:31.465] Load DDS texture: SquadExpansion/Serenity/Parts/Science/RobotArmScanner/Assets/GenericParts_normal
[LOG 17:59:31.470] Load DDS texture: SquadExpansion/Serenity/Parts/Science/RobotArmScanner/Assets/ROCArm3_diffuse
[LOG 17:59:31.475] Load DDS texture: SquadExpansion/Serenity/Parts/Science/RobotArmScanner/Assets/ROCArm3_normal
[LOG 17:59:31.481] Load DDS texture: SquadExpansion/Serenity/Parts/Science/RobotArmScanner/Assets/ROCArm_2_diffuse
[LOG 17:59:31.484] Load DDS texture: SquadExpansion/Serenity/Parts/Science/RobotArmScanner/Assets/ROCArm_2_normal
[LOG 17:59:31.488] Load Cached PNG Texture: SquadExpansion/Serenity/Parts/Science/RobotArmScanner/Assets/Scratch
[LOG 17:59:31.488] Load DDS texture: SquadExpansion/Serenity/Parts/Science/RobotArmScanner/Assets/SmallArm_diffuse
[LOG 17:59:31.490] Load DDS texture: SquadExpansion/Serenity/Parts/Science/RobotArmScanner/Assets/SmallArm_normal
[LOG 17:59:31.491] Load DDS texture: SquadExpansion/Serenity/Parts/Structural/gripPads/Assets/gripPads_diffuse
[LOG 17:59:31.493] Load DDS texture: SquadExpansion/Serenity/Parts/Structural/gripPads/Assets/gripPads_nrm
[LOG 17:59:31.494] Load Cached PNG Texture: SquadExpansion/Serenity/Ships/@thumbs/SPH/Arrow-E
[LOG 17:59:31.496] Load Cached PNG Texture: SquadExpansion/Serenity/Ships/@thumbs/SPH/Butterfly Rover
[LOG 17:59:31.496] Load Cached PNG Texture: SquadExpansion/Serenity/Ships/@thumbs/SPH/Jeb_s Quadtaxi
[LOG 17:59:31.496] Load Cached PNG Texture: SquadExpansion/Serenity/Ships/@thumbs/SPH/Kerbodyne Rotodyne
[LOG 17:59:31.496] Load Cached PNG Texture: SquadExpansion/Serenity/Ships/@thumbs/SPH/Seahawk
[LOG 17:59:31.496] Load Cached PNG Texture: SquadExpansion/Serenity/Ships/@thumbs/SPH/Val-Thopter
[LOG 17:59:31.498] Load MU model: Squad/FX/afterburner_flame
[LOG 17:59:31.515] Load MU model: Squad/FX/afterburner_shock
[LOG 17:59:31.516] Load MU model: Squad/FX/diamondBlue
[LOG 17:59:31.517] Load MU model: Squad/FX/exhaustFlames_blue
[LOG 17:59:31.638] Load MU model: Squad/FX/hydroLOXFlame
[LOG 17:59:31.639] Load MU model: Squad/FX/IonPlume
[LOG 17:59:31.639] Load MU model: Squad/FX/ks1_Exhaust
[LOG 17:59:31.639] Load MU model: Squad/FX/ks25_Exhaust
[LOG 17:59:31.641] Load MU model: Squad/FX/ksX_Exhaust
[LOG 17:59:31.643] Load MU model: Squad/FX/LES_Thruster
[LOG 17:59:31.645] Load MU model: Squad/FX/Monoprop_big
[LOG 17:59:31.645] Load MU model: Squad/FX/Monoprop_medium
[LOG 17:59:31.645] Load MU model: Squad/FX/Monoprop_small
[LOG 17:59:31.648] Load MU model: Squad/FX/shockExhaust_blue
[LOG 17:59:31.649] Load MU model: Squad/FX/shockExhaust_blue_small
[LOG 17:59:31.649] Load MU model: Squad/FX/shockExhaust_red_small
[LOG 17:59:31.649] Load MU model: Squad/FX/SRB_Large
[LOG 17:59:31.650] Load MU model: Squad/FX/SRB_LargeSparks
[LOG 17:59:31.650] Load MU model: Squad/Parts/Aero/aerodynamicNoseCone/aerodynamicNoseCone
[LOG 17:59:31.655] Load MU model: Squad/Parts/Aero/airbrake/Airbrake
[LOG 17:59:31.655] Load MU model: Squad/Parts/Aero/airIntakeRadialXM-G50/RadialIntake
[LOG 17:59:31.655] Load MU model: Squad/Parts/Aero/airlinerWings/ControlSurface
[LOG 17:59:31.657] Load MU model: Squad/Parts/Aero/airlinerWings/MainWing
[LOG 17:59:31.658] Load MU model: Squad/Parts/Aero/airlinerWings/TailFin
[LOG 17:59:31.660] Load MU model: Squad/Parts/Aero/airplaneFins/AdvCanard
[LOG 17:59:31.660] Load MU model: Squad/Parts/Aero/airplaneFins/Canard
[LOG 17:59:31.661] Load MU model: Squad/Parts/Aero/airplaneFins/Swept
[LOG 17:59:31.661] Load MU model: Squad/Parts/Aero/airplaneFins/TailFin
[LOG 17:59:31.661] Load MU model: Squad/Parts/Aero/basicFin/basicFin
[LOG 17:59:31.661] Load MU model: Squad/Parts/Aero/circularIntake/CircularIntake
[LOG 17:59:31.663] Load MU model: Squad/Parts/Aero/circularIntake/ConeIntake
[LOG 17:59:31.663] Load MU model: Squad/Parts/Aero/cones/Assets/AvioCone
[LOG 17:59:31.664] Load MU model: Squad/Parts/Aero/cones/Assets/ConeA
[LOG 17:59:31.665] Load MU model: Squad/Parts/Aero/cones/Assets/ConeB
[LOG 17:59:31.667] Load MU model: Squad/Parts/Aero/cones/Assets/NCS
[LOG 17:59:31.667] Load MU model: Squad/Parts/Aero/cones/Assets/orangeNoseCone
[LOG 17:59:31.667] Load MU model: Squad/Parts/Aero/cones/Assets/rocketNoseCone
[LOG 17:59:31.671] Load MU model: Squad/Parts/Aero/cones/Assets/rocketNoseCone_v2
[LOG 17:59:31.672] Load MU model: Squad/Parts/Aero/cones/Assets/rocketNoseCone_v3
[LOG 17:59:31.673] Load MU model: Squad/Parts/Aero/cones/Assets/TailA
[LOG 17:59:31.673] Load MU model: Squad/Parts/Aero/cones/Assets/TailB
[LOG 17:59:31.674] Load MU model: Squad/Parts/Aero/cones/Assets/TinyCone
[LOG 17:59:31.674] Load MU model: Squad/Parts/Aero/fairings/AutoTruss
[LOG 17:59:31.676] Load MU model: Squad/Parts/Aero/fairings/fairingSize1
[LOG 17:59:31.676] Load MU model: Squad/Parts/Aero/fairings/fairingSize2
[LOG 17:59:31.678] Load MU model: Squad/Parts/Aero/fairings/fairingSize3
[LOG 17:59:31.678] Load MU model: Squad/Parts/Aero/HeatShield/HeatShield0
[LOG 17:59:31.678] Load MU model: Squad/Parts/Aero/HeatShield/HeatShield1
[LOG 17:59:31.681] Load MU model: Squad/Parts/Aero/HeatShield/HeatShield2
[LOG 17:59:31.683] Load MU model: Squad/Parts/Aero/HeatShield/HeatShield3
[LOG 17:59:31.683] Load MU model: Squad/Parts/Aero/InflatableHeatShield/HeatShield
[LOG 17:59:31.685] Load MU model: Squad/Parts/Aero/intakeRadialLong/IntakeRadial
[LOG 17:59:31.685] Load MU model: Squad/Parts/Aero/miniIntake/SmallIntake
[LOG 17:59:31.686] Load MU model: Squad/Parts/Aero/ramAirIntake/RampIntake
[LOG 17:59:31.687] Load MU model: Squad/Parts/Aero/shuttleWings/ShuttleDeltaWing
[LOG 17:59:31.687] Load MU model: Squad/Parts/Aero/shuttleWings/ShuttleElevonA
[LOG 17:59:31.687] Load MU model: Squad/Parts/Aero/shuttleWings/ShuttleElevonB
[LOG 17:59:31.687] Load MU model: Squad/Parts/Aero/shuttleWings/ShuttleRudder
[LOG 17:59:31.688] Load MU model: Squad/Parts/Aero/shuttleWings/ShuttleStrake
[LOG 17:59:31.688] Load MU model: Squad/Parts/Aero/wingletAV-R8/model
[LOG 17:59:31.688] Load MU model: Squad/Parts/Aero/wingletAV-T1/model
[LOG 17:59:31.688] Load MU model: Squad/Parts/Aero/wingletDeltaDeluxe/model
[LOG 17:59:31.689] Load MU model: Squad/Parts/Aero/wings/connector1
[LOG 17:59:31.689] Load MU model: Squad/Parts/Aero/wings/connector2
[LOG 17:59:31.689] Load MU model: Squad/Parts/Aero/wings/connector3
[LOG 17:59:31.689] Load MU model: Squad/Parts/Aero/wings/connector4
[LOG 17:59:31.689] Load MU model: Squad/Parts/Aero/wings/connector5
[LOG 17:59:31.689] Load MU model: Squad/Parts/Aero/wings/delta
[LOG 17:59:31.690] Load MU model: Squad/Parts/Aero/wings/delta_small
[LOG 17:59:31.690] Load MU model: Squad/Parts/Aero/wings/elevon1
[LOG 17:59:31.690] Load MU model: Squad/Parts/Aero/wings/elevon2
[LOG 17:59:31.692] Load MU model: Squad/Parts/Aero/wings/elevon3
[LOG 17:59:31.692] Load MU model: Squad/Parts/Aero/wings/elevon4
[LOG 17:59:31.692] Load MU model: Squad/Parts/Aero/wings/elevon5
[LOG 17:59:31.692] Load MU model: Squad/Parts/Aero/wings/strake
[LOG 17:59:31.692] Load MU model: Squad/Parts/Aero/wings/structural1
[LOG 17:59:31.692] Load MU model: Squad/Parts/Aero/wings/structural2
[LOG 17:59:31.693] Load MU model: Squad/Parts/Aero/wings/structural3
[LOG 17:59:31.693] Load MU model: Squad/Parts/Aero/wings/structural4
[LOG 17:59:31.699] Load MU model: Squad/Parts/Aero/wings/swept1
[LOG 17:59:31.699] Load MU model: Squad/Parts/Aero/wings/swept2
[LOG 17:59:31.699] Load MU model: Squad/Parts/Cargo/CargoContainers/cargoContainer
[LOG 17:59:31.699] Load MU model: Squad/Parts/Cargo/CargoContainers/smallCargoContainer
[LOG 17:59:31.699] Load MU model: Squad/Parts/Cargo/Cylinder/EVAcylinder
[LOG 17:59:31.700] Load MU model: Squad/Parts/Cargo/GroundAnchor/groundAnchor
[LOG 17:59:31.700] Load MU model: Squad/Parts/Cargo/Jetpack/Jetpack
[LOG 17:59:31.701] Load MU model: Squad/Parts/Cargo/Parachute/Parachute
[LOG 17:59:31.701] Load MU model: Squad/Parts/Cargo/RepairKit/RepairKit
[LOG 17:59:31.720] Load MU model: Squad/Parts/Cargo/ScienceKit/ExperimentKit
[LOG 17:59:31.723] Load MU model: Squad/Parts/Cargo/StorageUnits/Assets/CargoStorageUnit
[LOG 17:59:31.723] Load MU model: Squad/Parts/Cargo/StorageUnits/Assets/ConformalStorageUnit
[LOG 17:59:31.723] Load MU model: Squad/Parts/Command/advancedSasModuleLarge/model
[LOG 17:59:31.724] Load MU model: Squad/Parts/Command/cupola/model
[LOG 17:59:31.725] Load MU model: Squad/Parts/Command/externalCommandSeat/model
[LOG 17:59:31.725] Load MU model: Squad/Parts/Command/hitchhikerStorageContainer/model
[LOG 17:59:31.725] Load MU model: Squad/Parts/Command/inlineAdvancedStabilizer/model
[LOG 17:59:31.726] Load MU model: Squad/Parts/Command/inlineReactionWheel/model
[LOG 17:59:31.726] Load MU model: Squad/Parts/Command/Mk1-3Pod/Mk1-3
[LOG 17:59:31.726] Load MU model: Squad/Parts/Command/mk1Cockpits/Cabin
[LOG 17:59:31.727] Load MU model: Squad/Parts/Command/mk1Cockpits/CockpitInline
[LOG 17:59:31.729] Load MU model: Squad/Parts/Command/mk1Cockpits/CockpitStandard
[LOG 17:59:31.747] Load MU model: Squad/Parts/Command/mk1LanderCan/model
[LOG 17:59:31.747] Load MU model: Squad/Parts/Command/mk1pod_v2/Mk1Pod_v2
[LOG 17:59:31.748] Load MU model: Squad/Parts/Command/mk2CockpitInline/model
[LOG 17:59:31.749] Load MU model: Squad/Parts/Command/mk2CockpitStandard/model
[LOG 17:59:31.749] Load MU model: Squad/Parts/Command/mk2DroneCore/model
[LOG 17:59:31.749] Load MU model: Squad/Parts/Command/mk2LanderCan/model
[LOG 17:59:31.750] Load MU model: Squad/Parts/Command/mk2LanderCan_v2/mk2LanderCan
[LOG 17:59:31.751] Load MU model: Squad/Parts/Command/mk3CockpitShuttle/model
[LOG 17:59:31.751] Load MU model: Squad/Parts/Command/MpoProbe/MpoProbe
[LOG 17:59:31.757] Load MU model: Squad/Parts/Command/MtmStage/MTM_Stage
[LOG 17:59:31.758] Load MU model: Squad/Parts/Command/probeCoreCube/probeCoreCube
[LOG 17:59:31.758] Load MU model: Squad/Parts/Command/probeCoreHex/model
[LOG 17:59:31.761] Load MU model: Squad/Parts/Command/probeCoreHex_v2/model
[LOG 17:59:31.761] Load MU model: Squad/Parts/Command/probeCoreOcto2_v2/probeCoreOcto2_v2
[LOG 17:59:31.761] Load MU model: Squad/Parts/Command/probeCoreOcto_v2/probeCoreOcto_v2
[LOG 17:59:31.762] Load MU model: Squad/Parts/Command/probeRoverBody/model
[LOG 17:59:31.762] Load MU model: Squad/Parts/Command/probeRoverBody_v2/probeRoverBody_v2
[LOG 17:59:31.762] Load MU model: Squad/Parts/Command/probeStackLarge/model
[LOG 17:59:31.762] Load MU model: Squad/Parts/Command/probeStackSmall/model
[LOG 17:59:31.763] Load MU model: Squad/Parts/Command/probeStackSphere_v2/probeStackSphere_v2
[LOG 17:59:31.766] Load MU model: Squad/Parts/CompoundParts/FuelLine/model
[LOG 17:59:31.766] Load MU model: Squad/Parts/CompoundParts/strutConnector/model
[LOG 17:59:31.766] Load MU model: Squad/Parts/Coupling/Assets/Decoupler_0
[LOG 17:59:31.766] Load MU model: Squad/Parts/Coupling/Assets/Decoupler_1
[LOG 17:59:31.767] Load MU model: Squad/Parts/Coupling/Assets/Decoupler_1p5
[LOG 17:59:31.767] Load MU model: Squad/Parts/Coupling/Assets/Decoupler_2
[LOG 17:59:31.768] Load MU model: Squad/Parts/Coupling/Assets/Decoupler_3
[LOG 17:59:31.768] Load MU model: Squad/Parts/Coupling/Assets/Decoupler_4
[LOG 17:59:31.773] Load MU model: Squad/Parts/Coupling/Assets/Separator_0
[LOG 17:59:31.773] Load MU model: Squad/Parts/Coupling/Assets/Separator_1
[LOG 17:59:31.773] Load MU model: Squad/Parts/Coupling/Assets/Separator_1p5
[LOG 17:59:31.774] Load MU model: Squad/Parts/Coupling/Assets/Separator_2
[LOG 17:59:31.775] Load MU model: Squad/Parts/Coupling/Assets/Separator_3
[LOG 17:59:31.777] Load MU model: Squad/Parts/Coupling/Assets/Separator_4
[LOG 17:59:31.777] Load MU model: Squad/Parts/Electrical/10CSolarPanels/assets/OX-10C
[LOG 17:59:31.779] Load MU model: Squad/Parts/Electrical/10CSolarPanels/assets/SP-10C
[LOG 17:59:31.781] Load MU model: Squad/Parts/Electrical/10LSolarPanels/assets/OX-10L
[LOG 17:59:31.782] Load MU model: Squad/Parts/Electrical/10LSolarPanels/assets/SP-10L
[LOG 17:59:31.786] Load MU model: Squad/Parts/Electrical/1x6ShroudSolarPanels/model
[LOG 17:59:31.787] Load MU model: Squad/Parts/Electrical/1x6SolarPanels/model
[LOG 17:59:31.788] Load MU model: Squad/Parts/Electrical/3x2ShroudSolarPanels/model
[LOG 17:59:31.788] Load MU model: Squad/Parts/Electrical/3x2SolarPanels/model
[LOG 17:59:31.792] Load MU model: Squad/Parts/Electrical/gigantorXlSolarArray/model
[LOG 17:59:31.803] Load MU model: Squad/Parts/Electrical/radialFlatSolarPanel/model
[LOG 17:59:31.803] Load MU model: Squad/Parts/Electrical/RTG/model
[LOG 17:59:31.803] Load MU model: Squad/Parts/Electrical/z-100Battery/model
[LOG 17:59:31.804] Load MU model: Squad/Parts/Electrical/z-1kBattery/model
[LOG 17:59:31.806] Load MU model: Squad/Parts/Electrical/z-200Battery/model
[LOG 17:59:31.808] Load MU model: Squad/Parts/Electrical/z-400Battery/model
[LOG 17:59:31.808] Load MU model: Squad/Parts/Electrical/z-4kBattery/model
[LOG 17:59:31.808] Load MU model: Squad/Parts/Engine/ionEngine/model
[LOG 17:59:31.808] Load MU model: Squad/Parts/Engine/jetEngines/turbineInside
[LOG 17:59:31.808] Load MU model: Squad/Parts/Engine/jetEngines/turboFanSize1
[LOG 17:59:31.811] Load MU model: Squad/Parts/Engine/jetEngines/turboFanSize2
[LOG 17:59:31.811] Load MU model: Squad/Parts/Engine/jetEngines/turboJet
[LOG 17:59:31.814] Load MU model: Squad/Parts/Engine/jetEngines/turboRamJet
[LOG 17:59:31.815] Load MU model: Squad/Parts/Engine/liquidEngine24-77/model
[LOG 17:59:31.815] Load MU model: Squad/Parts/Engine/liquidEngine24-77_v2/Twitch_v2
[LOG 17:59:31.815] Load MU model: Squad/Parts/Engine/liquidEngine48-7S_v2/SparkV2
[LOG 17:59:31.816] Load MU model: Squad/Parts/Engine/liquidEngineAerospike/AeroSpike
[LOG 17:59:31.817] Load MU model: Squad/Parts/Engine/liquidEngineLV-1_v2/Assets/Ant
[LOG 17:59:31.817] Load MU model: Squad/Parts/Engine/liquidEngineLV-1_v2/Assets/Spider
[LOG 17:59:31.818] Load MU model: Squad/Parts/Engine/liquidEngineLV-909_v2/TerrierV2
[LOG 17:59:31.821] Load MU model: Squad/Parts/Engine/liquidEngineLV-N/model
[LOG 17:59:31.821] Load MU model: Squad/Parts/Engine/liquidEngineLV-T30/model
[LOG 17:59:31.822] Load MU model: Squad/Parts/Engine/liquidEngineLV-T30_v2/Reliant_v2
[LOG 17:59:31.825] Load MU model: Squad/Parts/Engine/liquidEngineLV-T45/model
[LOG 17:59:31.825] Load MU model: Squad/Parts/Engine/liquidEngineLV-T45_v2/Swivel_v2
[LOG 17:59:31.828] Load MU model: Squad/Parts/Engine/liquidEngineMainsail_v2/liquidEngineMainsail_v2
[LOG 17:59:31.829] Load MU model: Squad/Parts/Engine/liquidEngineMk55/Thud
[LOG 17:59:31.830] Load MU model: Squad/Parts/Engine/liquidEnginePoodle_v2/LqdEnginePoodle_v2
[LOG 17:59:31.833] Load MU model: Squad/Parts/Engine/liquidEngineSkipper_v2/skipper_v2
[LOG 17:59:31.834] Load MU model: Squad/Parts/Engine/liquidEngineSSME/SSME
[LOG 17:59:31.835] Load MU model: Squad/Parts/Engine/MassiveSRB/MassiveSRB
[LOG 17:59:31.835] Load MU model: Squad/Parts/Engine/miniJet/SmallJet
[LOG 17:59:31.835] Load MU model: Squad/Parts/Engine/OMSEngine/Puff_v2
[LOG 17:59:31.836] Load MU model: Squad/Parts/Engine/rapierEngine/rapier
[LOG 17:59:31.837] Load MU model: Squad/Parts/Engine/Size1_SRBs/SRB10
[LOG 17:59:31.837] Load MU model: Squad/Parts/Engine/Size1_SRBs/SRB5
[LOG 17:59:31.838] Load MU model: Squad/Parts/Engine/Size2LFB/Size2LFB
[LOG 17:59:31.839] Load MU model: Squad/Parts/Engine/Size2LFB_v2/Size2LFB_v2
[LOG 17:59:31.840] Load MU model: Squad/Parts/Engine/Size3AdvancedEngine/Size3AdvancedEngine
[LOG 17:59:31.841] Load MU model: Squad/Parts/Engine/Size3EngineCluster/Size3EngineCluster
[LOG 17:59:31.842] Load MU model: Squad/Parts/Engine/solidBoosterBACC/model
[LOG 17:59:31.842] Load MU model: Squad/Parts/Engine/solidBoosterS2-17/solidBoosterS2-17
[LOG 17:59:31.843] Load MU model: Squad/Parts/Engine/solidBoosterS2-33/solidBoosterS2-33
[LOG 17:59:31.844] Load MU model: Squad/Parts/Engine/solidBoosterSep/model
[LOG 17:59:31.844] Load MU model: Squad/Parts/Engine/SolidBoostersF/Assets/SolidBoosterF3S0
[LOG 17:59:31.844] Load MU model: Squad/Parts/Engine/SolidBoostersF/Assets/SolidBoosterFM1
[LOG 17:59:31.845] Load MU model: Squad/Parts/FuelTank/adapterTanks/Mk3-Mk2
[LOG 17:59:31.845] Load MU model: Squad/Parts/FuelTank/adapterTanks/Mk3-Size2
[LOG 17:59:31.845] Load MU model: Squad/Parts/FuelTank/adapterTanks/Mk3-Size2Slant
[LOG 17:59:31.846] Load MU model: Squad/Parts/FuelTank/adapterTanks/ShuttleAdapter
[LOG 17:59:31.846] Load MU model: Squad/Parts/FuelTank/adapterTanks/Size2-Mk2
[LOG 17:59:31.846] Load MU model: Squad/Parts/FuelTank/adapterTanks/Size2-Size1
[LOG 17:59:31.846] Load MU model: Squad/Parts/FuelTank/adapterTanks/Size2-Size1Slant
[LOG 17:59:31.847] Load MU model: Squad/Parts/FuelTank/adapterTanks/Size3-Mk3
[LOG 17:59:31.847] Load MU model: Squad/Parts/FuelTank/drainTankFTE-1/fuelValve
[LOG 17:59:31.847] Load MU model: Squad/Parts/FuelTank/FoilTanks/RadialTank_Capsule
[LOG 17:59:31.847] Load MU model: Squad/Parts/FuelTank/FoilTanks/RadialTank_Round
[LOG 17:59:31.847] Load MU model: Squad/Parts/FuelTank/FoilTanks/ToroidTank
[LOG 17:59:31.848] Load MU model: Squad/Parts/FuelTank/fuelTankOscarB/model
[LOG 17:59:31.848] Load MU model: Squad/Parts/FuelTank/miniFuselage/Fuselage
[LOG 17:59:31.848] Load MU model: Squad/Parts/FuelTank/mk2Adapters/bicoupler
[LOG 17:59:31.848] Load MU model: Squad/Parts/FuelTank/mk2Adapters/long
[LOG 17:59:31.849] Load MU model: Squad/Parts/FuelTank/mk2Adapters/standard
[LOG 17:59:31.849] Load MU model: Squad/Parts/FuelTank/mk2FuselageLong/FuselageLongLFO
[LOG 17:59:31.849] Load MU model: Squad/Parts/FuelTank/mk2FuselageLong/FuselageLongLiquid
[LOG 17:59:31.849] Load MU model: Squad/Parts/FuelTank/mk2FuselageShort/FuselageShortLFO
[LOG 17:59:31.849] Load MU model: Squad/Parts/FuelTank/mk2FuselageShort/FuselageShortLiquid
[LOG 17:59:31.850] Load MU model: Squad/Parts/FuelTank/mk2FuselageShort/FuselageShortMono
[LOG 17:59:31.850] Load MU model: Squad/Parts/FuelTank/mk3Fuselage/CREW
[LOG 17:59:31.850] Load MU model: Squad/Parts/FuelTank/mk3Fuselage/LFO_100
[LOG 17:59:31.850] Load MU model: Squad/Parts/FuelTank/mk3Fuselage/LFO_25
[LOG 17:59:31.851] Load MU model: Squad/Parts/FuelTank/mk3Fuselage/LFO_50
[LOG 17:59:31.851] Load MU model: Squad/Parts/FuelTank/mk3Fuselage/LF_100
[LOG 17:59:31.851] Load MU model: Squad/Parts/FuelTank/mk3Fuselage/LF_25
[LOG 17:59:31.851] Load MU model: Squad/Parts/FuelTank/mk3Fuselage/LF_50
[LOG 17:59:31.851] Load MU model: Squad/Parts/FuelTank/mk3Fuselage/MONO
[LOG 17:59:31.851] Load MU model: Squad/Parts/FuelTank/RCSFuelTankR1/RCSFuelTankR1_01
[LOG 17:59:31.852] Load MU model: Squad/Parts/FuelTank/RCSFuelTankR10/model
[LOG 17:59:31.852] Load MU model: Squad/Parts/FuelTank/RCSFuelTankR25/RCSFuelTankR25
[LOG 17:59:31.853] Load MU model: Squad/Parts/FuelTank/RCSTankRadial/model
[LOG 17:59:31.853] Load MU model: Squad/Parts/FuelTank/RCStankRadialLong/model
[LOG 17:59:31.853] Load MU model: Squad/Parts/FuelTank/RockomaxTanks/Assets/Rockomax16
[LOG 17:59:31.853] Load MU model: Squad/Parts/FuelTank/RockomaxTanks/Assets/Rockomax32
[LOG 17:59:31.853] Load MU model: Squad/Parts/FuelTank/RockomaxTanks/Assets/Rockomax64
[LOG 17:59:31.854] Load MU model: Squad/Parts/FuelTank/RockomaxTanks/Assets/Rockomax8
[LOG 17:59:31.854] Load MU model: Squad/Parts/FuelTank/Size1_Tanks/Size1Tank_01
[LOG 17:59:31.855] Load MU model: Squad/Parts/FuelTank/Size1_Tanks/Size1Tank_02
[LOG 17:59:31.855] Load MU model: Squad/Parts/FuelTank/Size1_Tanks/Size1Tank_03
[LOG 17:59:31.855] Load MU model: Squad/Parts/FuelTank/Size1_Tanks/Size1Tank_04
[LOG 17:59:31.855] Load MU model: Squad/Parts/FuelTank/Size3Tanks/Size3LargeTank
[LOG 17:59:31.856] Load MU model: Squad/Parts/FuelTank/Size3Tanks/Size3MediumTank
[LOG 17:59:31.856] Load MU model: Squad/Parts/FuelTank/Size3Tanks/Size3SmallTank
[LOG 17:59:31.856] Load MU model: Squad/Parts/FuelTank/xenonTank/model
[LOG 17:59:31.856] Load MU model: Squad/Parts/FuelTank/xenonTankLarge/model
[LOG 17:59:31.857] Load MU model: Squad/Parts/FuelTank/xenonTankRadial/model
[LOG 17:59:31.857] Load MU model: Squad/Parts/Misc/AsteroidDay/CamSat
[LOG 17:59:31.857] Load MU model: Squad/Parts/Misc/AsteroidDay/HECS2
[LOG 17:59:31.857] Load MU model: Squad/Parts/Misc/AsteroidDay/HighGainAntenna
[LOG 17:59:31.858] Load MU model: Squad/Parts/Misc/AsteroidDay/LgRadialSolar
[LOG 17:59:31.858] Load MU model: Squad/Parts/Misc/PotatoComet/Cube
[LOG 17:59:31.858] Load MU model: Squad/Parts/Misc/PotatoRoid/Cube
[LOG 17:59:31.858] Load MU model: Squad/Parts/Resources/FuelCell/FuelCell
[LOG 17:59:31.860] Load MU model: Squad/Parts/Resources/FuelCell/FuelCellArray
[LOG 17:59:31.861] Load MU model: Squad/Parts/Resources/ISRU/ISRU
[LOG 17:59:31.862] Load MU model: Squad/Parts/Resources/LargeTank/LargeTank
[LOG 17:59:31.863] Load MU model: Squad/Parts/Resources/MiniDrill/MiniDrill
[LOG 17:59:31.864] Load MU model: Squad/Parts/Resources/MiniISRU/MiniISRU
[LOG 17:59:31.864] Load MU model: Squad/Parts/Resources/OrbitalScanner/OrbitalScanner
[LOG 17:59:31.865] Load MU model: Squad/Parts/Resources/RadialDrill/TriBitDrill
[LOG 17:59:31.868] Load MU model: Squad/Parts/Resources/RadialTank/RadialOreTank
[LOG 17:59:31.868] Load MU model: Squad/Parts/Resources/SmallTank/SmallTank
[LOG 17:59:31.868] Load MU model: Squad/Parts/Resources/SurfaceScanner/SurfaceScanner
[LOG 17:59:31.868] Load MU model: Squad/Parts/Resources/SurveyScanner/SurveyScanner
[LOG 17:59:31.869] Load MU model: Squad/Parts/Science/AtmosphereSensor/model
[LOG 17:59:31.869] Load MU model: Squad/Parts/Science/GooExperiment/GooExperiment
[LOG 17:59:31.869] Load MU model: Squad/Parts/Science/LargeCrewedLab/large_crewed_lab
[LOG 17:59:31.870] Load MU model: Squad/Parts/Science/Magnetometer/Magnetometer
[LOG 17:59:31.875] Load MU model: Squad/Parts/Science/MaterialBay/science_module_small
[LOG 17:59:31.875] Load MU model: Squad/Parts/Science/ScienceBox/ScienceBox
[LOG 17:59:31.875] Load MU model: Squad/Parts/Science/sensorAccelerometer/model
[LOG 17:59:31.876] Load MU model: Squad/Parts/Science/sensorBarometer/model
[LOG 17:59:31.876] Load MU model: Squad/Parts/Science/sensorGravimeter/model
[LOG 17:59:31.876] Load MU model: Squad/Parts/Science/sensorThermometer/model
[LOG 17:59:31.876] Load MU model: Squad/Parts/Structural/FLAdapters/Assets/adapterSmallMiniShort_v2
[LOG 17:59:31.876] Load MU model: Squad/Parts/Structural/FLAdapters/Assets/adapterSmallMiniTall_v2
[LOG 17:59:31.877] Load MU model: Squad/Parts/Structural/mk1Parts/Fuselage
[LOG 17:59:31.877] Load MU model: Squad/Parts/Structural/mk1Parts/IntakeFuselage
[LOG 17:59:31.877] Load MU model: Squad/Parts/Structural/mk1Parts/Nacelle1
[LOG 17:59:31.877] Load MU model: Squad/Parts/Structural/mk1Parts/Nacelle2
[LOG 17:59:31.878] Load MU model: Squad/Parts/Structural/mk1Parts/Structural
[LOG 17:59:31.878] Load MU model: Squad/Parts/Structural/mk1Parts/StructuralHollow
[LOG 17:59:31.878] Load MU model: Squad/Parts/Structural/Size3To2Adapter_v2/Size2to3_v2
[LOG 17:59:31.879] Load MU model: Squad/Parts/Structural/stackAdapters/Assets/adapterLargeSmallBi
[LOG 17:59:31.879] Load MU model: Squad/Parts/Structural/stackAdapters/Assets/adapterLargeSmallQuad
[LOG 17:59:31.879] Load MU model: Squad/Parts/Structural/stackAdapters/Assets/adapterLargeSmallTri
[LOG 17:59:31.879] Load MU model: Squad/Parts/Structural/stationHub/model
[LOG 17:59:31.880] Load MU model: Squad/Parts/Structural/structuralIBeam200/model
[LOG 17:59:31.880] Load MU model: Squad/Parts/Structural/structuralIBeam200Pocket/model
[LOG 17:59:31.880] Load MU model: Squad/Parts/Structural/structuralIBeam650/model
[LOG 17:59:31.880] Load MU model: Squad/Parts/Structural/structuralMicronode/model
[LOG 17:59:31.880] Load MU model: Squad/Parts/Structural/structuralPanel1x1/model
[LOG 17:59:31.880] Load MU model: Squad/Parts/Structural/structuralPanel2x2/model
[LOG 17:59:31.881] Load MU model: Squad/Parts/Structural/structuralPylons/PylonBig
[LOG 17:59:31.881] Load MU model: Squad/Parts/Structural/structuralPylons/PylonSmall
[LOG 17:59:31.881] Load MU model: Squad/Parts/Structural/strutCubicOcto/model
[LOG 17:59:31.881] Load MU model: Squad/Parts/Structural/strutOcto/model
[LOG 17:59:31.881] Load MU model: Squad/Parts/Structural/trussGirderAdapter/model
[LOG 17:59:31.882] Load MU model: Squad/Parts/Structural/trussGirderL/model
[LOG 17:59:31.882] Load MU model: Squad/Parts/Structural/trussGirderXL/model
[LOG 17:59:31.882] Load MU model: Squad/Parts/Thermal/FoldingRadiators/foldingRadLarge
[LOG 17:59:31.887] Load MU model: Squad/Parts/Thermal/FoldingRadiators/foldingRadMed
[LOG 17:59:31.889] Load MU model: Squad/Parts/Thermal/FoldingRadiators/foldingRadSmall
[LOG 17:59:31.891] Load MU model: Squad/Parts/Thermal/RadiatorPanels/radPanelEdge
[LOG 17:59:31.891] Load MU model: Squad/Parts/Thermal/RadiatorPanels/radPanelLg
[LOG 17:59:31.891] Load MU model: Squad/Parts/Thermal/RadiatorPanels/radPanelSm
[LOG 17:59:31.892] Load MU model: Squad/Parts/Utility/commDish88-88/model
[LOG 17:59:31.898] Load MU model: Squad/Parts/Utility/commsAntennaDTS-M1/mediumDishAntenna
[LOG 17:59:31.900] Load MU model: Squad/Parts/Utility/commsDish16/model
[LOG 17:59:31.900] Load MU model: Squad/Parts/Utility/decouplerRadialHDM/model
[LOG 17:59:31.900] Load MU model: Squad/Parts/Utility/decouplerRadialTT-38K/model
[LOG 17:59:31.901] Load MU model: Squad/Parts/Utility/decouplerRadialTT-70/model
[LOG 17:59:31.901] Load MU model: Squad/Parts/Utility/DirectAntennas/HGAntenna
[LOG 17:59:31.902] Load MU model: Squad/Parts/Utility/DirectAntennas/HGAntenna_v2
[LOG 17:59:31.903] Load MU model: Squad/Parts/Utility/DirectAntennas/SurfAntenna
[LOG 17:59:31.903] Load MU model: Squad/Parts/Utility/dockingPort/dockingPort
[LOG 17:59:31.904] Load MU model: Squad/Parts/Utility/dockingPortInline/dockingPortInline
[LOG 17:59:31.904] Load MU model: Squad/Parts/Utility/dockingPortJr/dockingPortJr
[LOG 17:59:31.905] Load MU model: Squad/Parts/Utility/dockingPortShielded/dockingPortShielded
[LOG 17:59:31.906] Load MU model: Squad/Parts/Utility/dockingPortSr/dockingPortSr
[LOG 17:59:31.906] Load MU model: Squad/Parts/Utility/Fireworks/Assets/fireworksLauncherBig
[LOG 17:59:31.907] Load MU model: Squad/Parts/Utility/Fireworks/Assets/fireworksLauncherSmall
[LOG 17:59:31.907] Load MU model: Squad/Parts/Utility/flags/flagFlat/flagFlatMeshes
[LOG 17:59:31.910] Load MU model: Squad/Parts/Utility/flags/flagSize0/flagSize0Meshes
[LOG 17:59:31.912] Load MU model: Squad/Parts/Utility/flags/flagSize1/flagSize1Meshes
[LOG 17:59:31.913] Load MU model: Squad/Parts/Utility/flags/flagSize2/flagSize2Meshes
[LOG 17:59:31.914] Load MU model: Squad/Parts/Utility/flags/flagSize3/flagSize3Meshes
[LOG 17:59:31.916] Load MU model: Squad/Parts/Utility/GrapplingDevice/GrapplingArm
[LOG 17:59:31.920] Load MU model: Squad/Parts/Utility/ladderRadial/model
[LOG 17:59:31.920] Load MU model: Squad/Parts/Utility/ladderTelescopic/model
[LOG 17:59:31.921] Load MU model: Squad/Parts/Utility/ladderTelescopicBay/model
[LOG 17:59:31.923] Load MU model: Squad/Parts/Utility/landingLegLT-1/model
[LOG 17:59:31.924] Load MU model: Squad/Parts/Utility/landingLegLT-2/model
[LOG 17:59:31.924] Load MU model: Squad/Parts/Utility/landingLegLT-5/model
[WRN 17:59:31.926] WheelCollider requires an attached Rigidbody to function.
[WRN 17:59:31.926] WheelCollider requires an attached Rigidbody to function.
[LOG 17:59:31.926] Load MU model: Squad/Parts/Utility/launchClamp1/model
[LOG 17:59:31.927] Load MU model: Squad/Parts/Utility/launchEscapeSystem/LaunchEscapeSystem
[LOG 17:59:31.928] Load MU model: Squad/Parts/Utility/Lights/Assets/light_02
[LOG 17:59:31.928] Load MU model: Squad/Parts/Utility/Lights/Assets/light_03
[LOG 17:59:31.928] Load MU model: Squad/Parts/Utility/Lights/Assets/light_04
[LOG 17:59:31.929] Load MU model: Squad/Parts/Utility/Lights/Assets/light_07
[LOG 17:59:31.929] Load MU model: Squad/Parts/Utility/Lights/Assets/light_08
[LOG 17:59:31.930] Load MU model: Squad/Parts/Utility/Lights/Assets/light_12
[LOG 17:59:31.931] Load MU model: Squad/Parts/Utility/linearVernorRCS/Assets/linearRCS
[LOG 17:59:31.932] Load MU model: Squad/Parts/Utility/linearVernorRCS/Assets/vernorEngine
[LOG 17:59:31.933] Load MU model: Squad/Parts/Utility/mk2CargoBay/BayLarge
[LOG 17:59:31.933] Load MU model: Squad/Parts/Utility/mk2CargoBay/BaySmall
[LOG 17:59:31.934] Load MU model: Squad/Parts/Utility/mk2CrewCabin/model
[LOG 17:59:31.934] Load MU model: Squad/Parts/Utility/mk2DockingPort/mk2Dockingport
[LOG 17:59:31.935] Load MU model: Squad/Parts/Utility/mk3CargoBay/long
[LOG 17:59:31.936] Load MU model: Squad/Parts/Utility/mk3CargoBay/medium
[LOG 17:59:31.937] Load MU model: Squad/Parts/Utility/mk3CargoBay/ramp
[LOG 17:59:31.938] Load MU model: Squad/Parts/Utility/mk3CargoBay/short
[LOG 17:59:31.939] Load MU model: Squad/Parts/Utility/parachuteMk1/model
[LOG 17:59:31.939] Load MU model: Squad/Parts/Utility/parachuteMk12-R/model
[LOG 17:59:31.939] Load MU model: Squad/Parts/Utility/parachuteMk16-XL/model
[LOG 17:59:31.940] Load MU model: Squad/Parts/Utility/parachuteMk2-R/model
[LOG 17:59:31.940] Load MU model: Squad/Parts/Utility/parachuteMk25/model
[LOG 17:59:31.941] Load MU model: Squad/Parts/Utility/radialAttachmentPoint/model
[LOG 17:59:31.941] Load MU model: Squad/Parts/Utility/rcsBlockRV-105_v2/rcsBlock105
[LOG 17:59:31.942] Load MU model: Squad/Parts/Utility/rcsSmallLinear/Assets/RCSLinearSmall
[LOG 17:59:31.942] Load MU model: Squad/Parts/Utility/RelayAntennas/HGAntenna
[LOG 17:59:31.943] Load MU model: Squad/Parts/Utility/RelayAntennas/RA-100
[LOG 17:59:31.944] Load MU model: Squad/Parts/Utility/RelayAntennas/RA-5
[LOG 17:59:31.944] Load MU model: Squad/Parts/Utility/RelayAntennas/RA-50
[LOG 17:59:31.944] Load MU model: Squad/Parts/Utility/rockomaxAdapters/Assets/brandAdapter
[LOG 17:59:31.944] Load MU model: Squad/Parts/Utility/rockomaxAdapters/Assets/brandAdapter02
[LOG 17:59:31.945] Load MU model: Squad/Parts/Utility/ServiceBay_v2/Assets/ServiceBay_125_v2
[LOG 17:59:31.946] Load MU model: Squad/Parts/Utility/ServiceBay_v2/Assets/ServiceBay_250_v2
[LOG 17:59:31.948] Load MU model: Squad/Parts/Utility/smallClaw/smallClaw
[LOG 17:59:31.952] Load MU model: Squad/Parts/Utility/spotLightMk1/model
[LOG 17:59:31.952] Load MU model: Squad/Parts/Utility/spotLightMk1_v2/model
[LOG 17:59:31.952] Load MU model: Squad/Parts/Utility/spotLightMk2/model
[LOG 17:59:31.953] Load MU model: Squad/Parts/Utility/spotLightMk2_v2/model
[LOG 17:59:31.953] Load MU model: Squad/Parts/Utility/stackCouplers/Assets/stackBiCoupler_v2
[LOG 17:59:31.953] Load MU model: Squad/Parts/Utility/stackCouplers/Assets/stackQuadCoupler
[LOG 17:59:31.953] Load MU model: Squad/Parts/Utility/stackCouplers/Assets/stackTriCoupler_v2
[LOG 17:59:31.954] Load MU model: Squad/Parts/Wheel/LandingGear/GearExtraLarge
[WRN 17:59:31.955] WheelCollider requires an attached Rigidbody to function.
[WRN 17:59:31.955] WheelCollider requires an attached Rigidbody to function.
[LOG 17:59:31.956] Load MU model: Squad/Parts/Wheel/LandingGear/GearFixed
[WRN 17:59:31.956] WheelCollider requires an attached Rigidbody to function.
[WRN 17:59:31.956] WheelCollider requires an attached Rigidbody to function.
[LOG 17:59:31.956] Load MU model: Squad/Parts/Wheel/LandingGear/GearFree
[WRN 17:59:31.956] WheelCollider requires an attached Rigidbody to function.
[WRN 17:59:31.957] WheelCollider requires an attached Rigidbody to function.
[LOG 17:59:31.957] Load MU model: Squad/Parts/Wheel/LandingGear/GearLarge
[WRN 17:59:31.957] WheelCollider requires an attached Rigidbody to function.
[WRN 17:59:31.957] WheelCollider requires an attached Rigidbody to function.
[LOG 17:59:31.958] Load MU model: Squad/Parts/Wheel/LandingGear/GearMedium
[WRN 17:59:31.958] WheelCollider requires an attached Rigidbody to function.
[WRN 17:59:31.958] WheelCollider requires an attached Rigidbody to function.
[LOG 17:59:31.958] Load MU model: Squad/Parts/Wheel/LandingGear/GearSmall
[WRN 17:59:31.958] WheelCollider requires an attached Rigidbody to function.
[WRN 17:59:31.958] WheelCollider requires an attached Rigidbody to function.
[LOG 17:59:31.959] Load MU model: Squad/Parts/Wheel/roverWheelM1/model
[WRN 17:59:31.960] WheelCollider requires an attached Rigidbody to function.
[WRN 17:59:31.960] WheelCollider requires an attached Rigidbody to function.
[LOG 17:59:31.960] Load MU model: Squad/Parts/Wheel/roverWheelS2/model
[WRN 17:59:31.960] WheelCollider requires an attached Rigidbody to function.
[WRN 17:59:31.960] WheelCollider requires an attached Rigidbody to function.
[LOG 17:59:31.960] Load MU model: Squad/Parts/Wheel/roverWheelTR-2L/model
[WRN 17:59:31.961] WheelCollider requires an attached Rigidbody to function.
[WRN 17:59:31.961] WheelCollider requires an attached Rigidbody to function.
[LOG 17:59:31.961] Load MU model: Squad/Parts/Wheel/roverWheelXL3/model
[WRN 17:59:31.963] WheelCollider requires an attached Rigidbody to function.
[WRN 17:59:31.963] WheelCollider requires an attached Rigidbody to function.
[LOG 17:59:31.963] Load MU model: Squad/Props/AltimeterThreeHands/model
[LOG 17:59:31.963] Load MU model: Squad/Props/AtmosphereDepth/model
[LOG 17:59:31.963] Load MU model: Squad/Props/AxisIndicator/model
[LOG 17:59:31.963] Load MU model: Squad/Props/buttonsGeneric/circularButton
[LOG 17:59:31.963] Load MU model: Squad/Props/buttonsGeneric/clusterButtons
[LOG 17:59:31.963] Load MU model: Squad/Props/buttonsGeneric/clusterButtons2
[LOG 17:59:31.964] Load MU model: Squad/Props/buttonsGeneric/clusterKnob
[LOG 17:59:31.965] Load MU model: Squad/Props/buttonsGeneric/clusterKnob2
[LOG 17:59:31.965] Load MU model: Squad/Props/buttonsGeneric/clusterMixed
[LOG 17:59:31.965] Load MU model: Squad/Props/buttonsGeneric/clusterSwitches01
[LOG 17:59:31.966] Load MU model: Squad/Props/buttonsGeneric/clusterSwitches02
[LOG 17:59:31.967] Load MU model: Squad/Props/buttonsGeneric/clusterSwitches03
[LOG 17:59:31.967] Load MU model: Squad/Props/buttonsGeneric/clusterSwitches04
[LOG 17:59:31.967] Load MU model: Squad/Props/buttonsGeneric/clusterSwitches05
[LOG 17:59:31.967] Load MU model: Squad/Props/buttonsGeneric/clusterSwitches06
[LOG 17:59:31.967] Load MU model: Squad/Props/buttonsGeneric/clusterSwitches07
[LOG 17:59:31.968] Load MU model: Squad/Props/buttonsGeneric/directionalKnob
[LOG 17:59:31.968] Load MU model: Squad/Props/buttonsGeneric/directionalKnob2
[LOG 17:59:31.968] Load MU model: Squad/Props/buttonsGeneric/pullSwitch
[LOG 17:59:31.968] Load MU model: Squad/Props/buttonsGeneric/squareButton
[LOG 17:59:31.968] Load MU model: Squad/Props/buttonsGeneric/standingSwitch
[LOG 17:59:31.968] Load MU model: Squad/Props/buttonsGeneric/switch
[LOG 17:59:31.968] Load MU model: Squad/Props/buttonsGeneric/switchWithGuards
[LOG 17:59:31.968] Load MU model: Squad/Props/ButtonSquare/model
[LOG 17:59:31.969] Load MU model: Squad/Props/circularButton/model
[LOG 17:59:31.969] Load MU model: Squad/Props/Compass/model
[LOG 17:59:31.969] Load MU model: Squad/Props/directionalKnob/model
[LOG 17:59:31.969] Load MU model: Squad/Props/directionalKnob2/model
[LOG 17:59:31.969] Load MU model: Squad/Props/IndicatorPanel/model
[LOG 17:59:31.970] Load MU model: Squad/Props/IVANavBall/model
[LOG 17:59:31.970] Load MU model: Squad/Props/IVANavBallNoBase/model
[LOG 17:59:31.971] Load MU model: Squad/Props/ledPanelSpeed/model
[LOG 17:59:31.971] Load MU model: Squad/Props/Monitor/MonitorDockingMode
[LOG 17:59:31.971] Load MU model: Squad/Props/NavBall/model
[LOG 17:59:31.972] Load MU model: Squad/Props/PropsGeneric/Button_DockingMode
[LOG 17:59:31.972] Load MU model: Squad/Props/PropsGeneric/CargoBagA
[LOG 17:59:31.974] Load MU model: Squad/Props/PropsGeneric/CargoBagB
[LOG 17:59:31.974] Load MU model: Squad/Props/PropsGeneric/CargoBagC
[LOG 17:59:31.974] Load MU model: Squad/Props/PropsGeneric/Hatch_Plane
[LOG 17:59:31.974] Load MU model: Squad/Props/PropsGeneric/Hatch_Plane_Curve90
[LOG 17:59:31.975] Load MU model: Squad/Props/PropsGeneric/Hatch_Plane_Frame
[LOG 17:59:31.975] Load MU model: Squad/Props/PropsGeneric/Seat_Passenger
[LOG 17:59:31.975] Load MU model: Squad/Props/PropsGeneric/Seat_Pilot
[LOG 17:59:31.975] Load MU model: Squad/Props/PropsGeneric/Seat_Pilot_Helmet
[LOG 17:59:31.975] Load MU model: Squad/Props/PropsGeneric/SideStick
[LOG 17:59:31.975] Load MU model: Squad/Props/pullSwitch/model
[LOG 17:59:31.975] Load MU model: Squad/Props/radarAltitude/model
[LOG 17:59:31.976] Load MU model: Squad/Props/squareButton/model
[LOG 17:59:31.976] Load MU model: Squad/Props/standingSwitch/model
[LOG 17:59:31.976] Load MU model: Squad/Props/switch/model
[LOG 17:59:31.976] Load MU model: Squad/Props/switchGuard/model
[LOG 17:59:31.976] Load MU model: Squad/Props/switchWithGuards/model
[LOG 17:59:31.976] Load MU model: Squad/Props/throttle/model
[LOG 17:59:31.977] Load MU model: Squad/Props/VSI/model
[LOG 17:59:31.977] Load MU model: Squad/Spaces/crewCabinInternals/model
[LOG 17:59:31.978] Load MU model: Squad/Spaces/cupolaInternal/model
[LOG 17:59:31.980] Load MU model: Squad/Spaces/GenericSpace1/model
[LOG 17:59:31.981] Load MU model: Squad/Spaces/GenericSpace3/model
[LOG 17:59:31.983] Load MU model: Squad/Spaces/landerCabinInternals/model
[LOG 17:59:31.984] Load MU model: Squad/Spaces/landerCabinSmallInternal/model
[LOG 17:59:31.985] Load MU model: Squad/Spaces/LargeCrewedLabInternals/Large_Crewed_lab_Int
[LOG 17:59:31.987] Load MU model: Squad/Spaces/Mk1-3/model
[LOG 17:59:31.989] Load MU model: Squad/Spaces/mk1CabinInternal/mk1cabin
[LOG 17:59:31.992] Load MU model: Squad/Spaces/mk1CockpitInternal/Mk1StandardIVA
[LOG 17:59:31.994] Load MU model: Squad/Spaces/mk1InlineInternal/Mk1InlineIVA
[LOG 17:59:31.995] Load MU model: Squad/Spaces/mk1PodCockpit/model
[LOG 17:59:31.996] Load MU model: Squad/Spaces/mk1pod_IVA/mk1pod_IVA
[LOG 17:59:31.997] Load MU model: Squad/Spaces/mk2CockpitStandardInternal/model
[LOG 17:59:31.999] Load MU model: Squad/Spaces/Mk2CrewCabinInternal/MK2_CrewCab_Int
[LOG 17:59:32.001] Load MU model: Squad/Spaces/mk2InlineInternal/mk2InlineIVA
[LOG 17:59:32.003] Load MU model: Squad/Spaces/mk2LanderCanInternal/mk2LanderCanInternal
[LOG 17:59:32.004] Load MU model: Squad/Spaces/MK3CockpitInternal/MK3_Cockpit_Int
[LOG 17:59:32.005] Load MU model: Squad/Spaces/MK3_CrewCab_Int/MK3_CrewCab_Int
[LOG 17:59:32.009] Load MU model: Squad/Spaces/OverlayMasks/CupolaMask
[LOG 17:59:32.009] Load MU model: Squad/Spaces/OverlayMasks/HitchhikerBorder
[LOG 17:59:32.009] Load MU model: Squad/Spaces/OverlayMasks/HitchhikerMask
[LOG 17:59:32.009] Load MU model: Squad/Spaces/OverlayMasks/LargeLabBorder
[LOG 17:59:32.010] Load MU model: Squad/Spaces/OverlayMasks/LargeLabMask
[LOG 17:59:32.010] Load MU model: Squad/Spaces/OverlayMasks/Mk1CabinBorder
[LOG 17:59:32.010] Load MU model: Squad/Spaces/OverlayMasks/Mk1CabinMask
[LOG 17:59:32.010] Load MU model: Squad/Spaces/OverlayMasks/Mk1InlineMask
[LOG 17:59:32.010] Load MU model: Squad/Spaces/OverlayMasks/Mk1InlineMask2
[LOG 17:59:32.010] Load MU model: Squad/Spaces/OverlayMasks/Mk1StandardBorder2
[LOG 17:59:32.010] Load MU model: Squad/Spaces/OverlayMasks/Mk1StandardBorder3
[LOG 17:59:32.010] Load MU model: Squad/Spaces/OverlayMasks/Mk1StandardMask
[LOG 17:59:32.010] Load MU model: Squad/Spaces/OverlayMasks/Mk1StandardMask2
[LOG 17:59:32.011] Load MU model: Squad/Spaces/OverlayMasks/Mk1StandardMask3
[LOG 17:59:32.011] Load MU model: Squad/Spaces/OverlayMasks/Mk2CabinBorder
[LOG 17:59:32.011] Load MU model: Squad/Spaces/OverlayMasks/Mk2CabinMask
[LOG 17:59:32.011] Load MU model: Squad/Spaces/OverlayMasks/Mk2InlineBorder
[LOG 17:59:32.011] Load MU model: Squad/Spaces/OverlayMasks/Mk2InlineMask
[LOG 17:59:32.011] Load MU model: Squad/Spaces/OverlayMasks/Mk2StandardBorder
[LOG 17:59:32.011] Load MU model: Squad/Spaces/OverlayMasks/Mk2StandardMask
[LOG 17:59:32.011] Load MU model: Squad/Spaces/OverlayMasks/Mk3CabinBorder
[LOG 17:59:32.011] Load MU model: Squad/Spaces/OverlayMasks/Mk3CabinMask
[LOG 17:59:32.011] Load MU model: Squad/Spaces/OverlayMasks/Mk3CabinMask2
[LOG 17:59:32.012] Load MU model: Squad/Spaces/OverlayMasks/Mk3ShuttleBorder
[LOG 17:59:32.012] Load MU model: Squad/Spaces/OverlayMasks/Mk3ShuttleMask
[LOG 17:59:32.012] Load MU model: Squad/Spaces/OverlayMasks/Size1LanderBorder
[LOG 17:59:32.012] Load MU model: Squad/Spaces/OverlayMasks/Size1LanderMask
[LOG 17:59:32.012] Load MU model: Squad/Spaces/OverlayMasks/Size1PodBorder
[LOG 17:59:32.012] Load MU model: Squad/Spaces/OverlayMasks/Size1PodMask
[LOG 17:59:32.012] Load MU model: Squad/Spaces/OverlayMasks/Size2LanderBorder
[LOG 17:59:32.012] Load MU model: Squad/Spaces/OverlayMasks/Size2LanderMask
[LOG 17:59:32.013] Load MU model: Squad/Spaces/OverlayMasks/Size2PodBorder
[LOG 17:59:32.013] Load MU model: Squad/Spaces/OverlayMasks/Size2PodMask
[LOG 17:59:32.013] Load MU model: Squad/Spaces/Placeholder/PlaceholderIVA
[LOG 17:59:32.013] Load MU model: Squad/Spaces/PodCockpit/model
[LOG 17:59:32.016] Load MU model: SquadExpansion/MakingHistory/Parts/Aero/protectiveRocketNoseMk5A/Size_1_5_Cone
[LOG 17:59:32.016] Load MU model: SquadExpansion/MakingHistory/Parts/Coupling/Assets/EnginePlate
[LOG 17:59:32.017] Load MU model: SquadExpansion/MakingHistory/Parts/Coupling/Assets/InflatableAirlock
[LOG 17:59:32.017] Load MU model: SquadExpansion/MakingHistory/Parts/Coupling/Assets/Size1_5_Decoupler
[LOG 17:59:32.018] Load MU model: SquadExpansion/MakingHistory/Parts/Engine/Assets/KE-1
[LOG 17:59:32.022] Load MU model: SquadExpansion/MakingHistory/Parts/Engine/Assets/LV-T87
[LOG 17:59:32.023] Load MU model: SquadExpansion/MakingHistory/Parts/Engine/Assets/LV-T91
[LOG 17:59:32.024] Load MU model: SquadExpansion/MakingHistory/Parts/Engine/Assets/RE-I2
[LOG 17:59:32.026] Load MU model: SquadExpansion/MakingHistory/Parts/Engine/Assets/RE-J10
[LOG 17:59:32.026] Load MU model: SquadExpansion/MakingHistory/Parts/Engine/Assets/RK-7
[LOG 17:59:32.028] Load MU model: SquadExpansion/MakingHistory/Parts/Engine/Assets/RV-1
[LOG 17:59:32.029] Load MU model: SquadExpansion/MakingHistory/Parts/Engine/solidBoosterTHK/solidBoosterTHK
[LOG 17:59:32.029] Load MU model: SquadExpansion/MakingHistory/Parts/FuelTank/Assets/MiniMonoTank
[LOG 17:59:32.029] Load MU model: SquadExpansion/MakingHistory/Parts/FuelTank/Assets/Size1_5_Size0_Adapter_01
[LOG 17:59:32.029] Load MU model: SquadExpansion/MakingHistory/Parts/FuelTank/Assets/Size1_5_Size1_Adapter_01
[LOG 17:59:32.030] Load MU model: SquadExpansion/MakingHistory/Parts/FuelTank/Assets/Size1_5_Size1_Adapter_02
[LOG 17:59:32.030] Load MU model: SquadExpansion/MakingHistory/Parts/FuelTank/Assets/Size1_5_Size2_Adapter_01
[LOG 17:59:32.030] Load MU model: SquadExpansion/MakingHistory/Parts/FuelTank/Assets/Size1_5_Tank_01
[LOG 17:59:32.031] Load MU model: SquadExpansion/MakingHistory/Parts/FuelTank/Assets/Size1_5_Tank_02
[LOG 17:59:32.031] Load MU model: SquadExpansion/MakingHistory/Parts/FuelTank/Assets/Size1_5_Tank_03
[LOG 17:59:32.031] Load MU model: SquadExpansion/MakingHistory/Parts/FuelTank/Assets/Size1_5_Tank_04
[LOG 17:59:32.032] Load MU model: SquadExpansion/MakingHistory/Parts/FuelTank/Assets/Size1_5_Tank_05
[LOG 17:59:32.033] Load MU model: SquadExpansion/MakingHistory/Parts/FuelTank/Assets/Size3_Size4_Adapter_01
[LOG 17:59:32.033] Load MU model: SquadExpansion/MakingHistory/Parts/FuelTank/Assets/Size4_EngineAdapter_01
[LOG 17:59:32.034] Load MU model: SquadExpansion/MakingHistory/Parts/FuelTank/Assets/Size4_Tank_01
[LOG 17:59:32.034] Load MU model: SquadExpansion/MakingHistory/Parts/FuelTank/Assets/Size4_Tank_02
[LOG 17:59:32.034] Load MU model: SquadExpansion/MakingHistory/Parts/FuelTank/Assets/Size4_Tank_03
[LOG 17:59:32.035] Load MU model: SquadExpansion/MakingHistory/Parts/FuelTank/Assets/Size4_Tank_04
[LOG 17:59:32.035] Load MU model: SquadExpansion/MakingHistory/Parts/FuelTank/Assets/Size_1p5_Monoprop
[LOG 17:59:32.036] Load MU model: SquadExpansion/MakingHistory/Parts/Ground/Assets/RoverWheel
[WRN 17:59:32.036] WheelCollider requires an attached Rigidbody to function.
[WRN 17:59:32.036] WheelCollider requires an attached Rigidbody to function.
[LOG 17:59:32.037] Load MU model: SquadExpansion/MakingHistory/Parts/Payload/Assets/ServiceModule18
[LOG 17:59:32.037] Load MU model: SquadExpansion/MakingHistory/Parts/Payload/Assets/ServiceModule25
[LOG 17:59:32.038] Load MU model: SquadExpansion/MakingHistory/Parts/Payload/Assets/Size1to0ServiceModule
[LOG 17:59:32.039] Load MU model: SquadExpansion/MakingHistory/Parts/Pods/Assets/Mk2Pod
[LOG 17:59:32.039] Load MU model: SquadExpansion/MakingHistory/Parts/Pods/Assets/RoundPod
[LOG 17:59:32.040] Load MU model: SquadExpansion/MakingHistory/Parts/Pods/Assets/Size1_5_Lander
[LOG 17:59:32.041] Load MU model: SquadExpansion/MakingHistory/Parts/SharedAssets/Shroud1p5x0
[LOG 17:59:32.041] Load MU model: SquadExpansion/MakingHistory/Parts/SharedAssets/Shroud1p5x1
[LOG 17:59:32.041] Load MU model: SquadExpansion/MakingHistory/Parts/SharedAssets/Shroud1p5x2
[LOG 17:59:32.041] Load MU model: SquadExpansion/MakingHistory/Parts/SharedAssets/Shroud1p5x3
[LOG 17:59:32.041] Load MU model: SquadExpansion/MakingHistory/Parts/SharedAssets/Shroud1p5x4
[LOG 17:59:32.041] Load MU model: SquadExpansion/MakingHistory/Parts/SharedAssets/Shroud1x0
[LOG 17:59:32.041] Load MU model: SquadExpansion/MakingHistory/Parts/SharedAssets/Shroud1x1
[LOG 17:59:32.042] Load MU model: SquadExpansion/MakingHistory/Parts/SharedAssets/Shroud1x2
[LOG 17:59:32.042] Load MU model: SquadExpansion/MakingHistory/Parts/SharedAssets/Shroud1x3
[LOG 17:59:32.042] Load MU model: SquadExpansion/MakingHistory/Parts/SharedAssets/Shroud1x4
[LOG 17:59:32.042] Load MU model: SquadExpansion/MakingHistory/Parts/SharedAssets/Shroud2x0
[LOG 17:59:32.042] Load MU model: SquadExpansion/MakingHistory/Parts/SharedAssets/Shroud2x1
[LOG 17:59:32.042] Load MU model: SquadExpansion/MakingHistory/Parts/SharedAssets/Shroud2x2
[LOG 17:59:32.042] Load MU model: SquadExpansion/MakingHistory/Parts/SharedAssets/Shroud2x3
[LOG 17:59:32.042] Load MU model: SquadExpansion/MakingHistory/Parts/SharedAssets/Shroud2x4
[LOG 17:59:32.043] Load MU model: SquadExpansion/MakingHistory/Parts/SharedAssets/Shroud3x0
[LOG 17:59:32.043] Load MU model: SquadExpansion/MakingHistory/Parts/SharedAssets/Shroud3x1
[LOG 17:59:32.043] Load MU model: SquadExpansion/MakingHistory/Parts/SharedAssets/Shroud3x2
[LOG 17:59:32.043] Load MU model: SquadExpansion/MakingHistory/Parts/SharedAssets/Shroud3x3
[LOG 17:59:32.043] Load MU model: SquadExpansion/MakingHistory/Parts/SharedAssets/Shroud3x4
[LOG 17:59:32.043] Load MU model: SquadExpansion/MakingHistory/Parts/SharedAssets/Shroud4x0
[LOG 17:59:32.043] Load MU model: SquadExpansion/MakingHistory/Parts/SharedAssets/Shroud4x1
[LOG 17:59:32.043] Load MU model: SquadExpansion/MakingHistory/Parts/SharedAssets/Shroud4x2
[LOG 17:59:32.044] Load MU model: SquadExpansion/MakingHistory/Parts/SharedAssets/Shroud4x3
[LOG 17:59:32.044] Load MU model: SquadExpansion/MakingHistory/Parts/SharedAssets/Shroud4x4
[LOG 17:59:32.044] Load MU model: SquadExpansion/MakingHistory/Parts/SharedAssets/ShroudCollider0
[LOG 17:59:32.044] Load MU model: SquadExpansion/MakingHistory/Parts/SharedAssets/ShroudCollider1
[LOG 17:59:32.045] Load MU model: SquadExpansion/MakingHistory/Parts/SharedAssets/ShroudCollider1p5
[LOG 17:59:32.045] Load MU model: SquadExpansion/MakingHistory/Parts/SharedAssets/ShroudCollider2
[LOG 17:59:32.045] Load MU model: SquadExpansion/MakingHistory/Parts/SharedAssets/ShroudCollider3
[LOG 17:59:32.045] Load MU model: SquadExpansion/MakingHistory/Parts/SharedAssets/ShroudCollider4
[LOG 17:59:32.046] Load MU model: SquadExpansion/MakingHistory/Parts/Structural/Assets/EquiTriangle0
[LOG 17:59:32.046] Load MU model: SquadExpansion/MakingHistory/Parts/Structural/Assets/EquiTriangle1
[LOG 17:59:32.046] Load MU model: SquadExpansion/MakingHistory/Parts/Structural/Assets/EquiTriangle1p5
[LOG 17:59:32.046] Load MU model: SquadExpansion/MakingHistory/Parts/Structural/Assets/EquiTriangle2
[LOG 17:59:32.046] Load MU model: SquadExpansion/MakingHistory/Parts/Structural/Assets/Panel0
[LOG 17:59:32.046] Load MU model: SquadExpansion/MakingHistory/Parts/Structural/Assets/Panel1
[LOG 17:59:32.047] Load MU model: SquadExpansion/MakingHistory/Parts/Structural/Assets/Panel1p5
[LOG 17:59:32.047] Load MU model: SquadExpansion/MakingHistory/Parts/Structural/Assets/Panel2
[LOG 17:59:32.047] Load MU model: SquadExpansion/MakingHistory/Parts/Structural/Assets/Triangle0
[LOG 17:59:32.047] Load MU model: SquadExpansion/MakingHistory/Parts/Structural/Assets/Triangle1
[LOG 17:59:32.047] Load MU model: SquadExpansion/MakingHistory/Parts/Structural/Assets/Triangle1p5
[LOG 17:59:32.047] Load MU model: SquadExpansion/MakingHistory/Parts/Structural/Assets/Triangle2
[LOG 17:59:32.047] Load MU model: SquadExpansion/MakingHistory/Parts/Utility/flags/flagSize1p5/flagSize1p5Meshes
[LOG 17:59:32.049] Load MU model: SquadExpansion/MakingHistory/Parts/Utility/flags/flagSize4/flagSize4Meshes
[LOG 17:59:32.050] Load MU model: SquadExpansion/MakingHistory/Spaces/KVPods/Airlock_IVA
[LOG 17:59:32.050] Load MU model: SquadExpansion/MakingHistory/Spaces/KVPods/KV1_IVA
[LOG 17:59:32.052] Load MU model: SquadExpansion/MakingHistory/Spaces/KVPods/KV2_IVA
[LOG 17:59:32.054] Load MU model: SquadExpansion/MakingHistory/Spaces/KVPods/KV3_IVA
[LOG 17:59:32.056] Load MU model: SquadExpansion/MakingHistory/Spaces/MEM/MEM_IVA
[LOG 17:59:32.058] Load MU model: SquadExpansion/MakingHistory/Spaces/Mk2Pod/MK2POD_IVA
[LOG 17:59:32.059] Load MU model: SquadExpansion/Serenity/Parts/Aero/Assets/FanShroud_01
[LOG 17:59:32.060] Load MU model: SquadExpansion/Serenity/Parts/Aero/Assets/FanShroud_02
[LOG 17:59:32.060] Load MU model: SquadExpansion/Serenity/Parts/Aero/Assets/FanShroud_03
[LOG 17:59:32.061] Load MU model: SquadExpansion/Serenity/Parts/Aero/Assets/noseconeTiny
[LOG 17:59:32.061] Load MU model: SquadExpansion/Serenity/Parts/Aero/Assets/noseconeVS
[LOG 17:59:32.061] Load MU model: SquadExpansion/Serenity/Parts/DeployedScience/Assets/CentralStation
[LOG 17:59:32.063] Load MU model: SquadExpansion/Serenity/Parts/DeployedScience/Assets/GoExOb
[LOG 17:59:32.067] Load MU model: SquadExpansion/Serenity/Parts/DeployedScience/Assets/IonExperiment
[LOG 17:59:32.068] Load MU model: SquadExpansion/Serenity/Parts/DeployedScience/Assets/RTGCask
[LOG 17:59:32.069] Load MU model: SquadExpansion/Serenity/Parts/DeployedScience/Assets/satDish
[LOG 17:59:32.072] Load MU model: SquadExpansion/Serenity/Parts/DeployedScience/Assets/seismicSensor
[LOG 17:59:32.075] Load MU model: SquadExpansion/Serenity/Parts/DeployedScience/Assets/solarPanel
[LOG 17:59:32.078] Load MU model: SquadExpansion/Serenity/Parts/DeployedScience/Assets/WeatherStation
[LOG 17:59:32.081] Load MU model: SquadExpansion/Serenity/Parts/Propellers/Assets/largeFanBlade
[LOG 17:59:32.081] Load MU model: SquadExpansion/Serenity/Parts/Propellers/Assets/largeHeliBlade
[LOG 17:59:32.081] Load MU model: SquadExpansion/Serenity/Parts/Propellers/Assets/largePropeller
[LOG 17:59:32.082] Load MU model: SquadExpansion/Serenity/Parts/Propellers/Assets/mediumFanBlade
[LOG 17:59:32.082] Load MU model: SquadExpansion/Serenity/Parts/Propellers/Assets/mediumHeliBlade
[LOG 17:59:32.082] Load MU model: SquadExpansion/Serenity/Parts/Propellers/Assets/mediumPropeller
[LOG 17:59:32.082] Load MU model: SquadExpansion/Serenity/Parts/Propellers/Assets/smallFanBlade
[LOG 17:59:32.082] Load MU model: SquadExpansion/Serenity/Parts/Propellers/Assets/smallHeliBlade
[LOG 17:59:32.083] Load MU model: SquadExpansion/Serenity/Parts/Propellers/Assets/smallPropeller
[LOG 17:59:32.083] Load MU model: SquadExpansion/Serenity/Parts/Robotics/Assets/hinge_01
[LOG 17:59:32.083] Load MU model: SquadExpansion/Serenity/Parts/Robotics/Assets/hinge_01_s
[LOG 17:59:32.084] Load MU model: SquadExpansion/Serenity/Parts/Robotics/Assets/hinge_03
[LOG 17:59:32.084] Load MU model: SquadExpansion/Serenity/Parts/Robotics/Assets/hinge_03_s
[LOG 17:59:32.084] Load MU model: SquadExpansion/Serenity/Parts/Robotics/Assets/hinge_04
[LOG 17:59:32.085] Load MU model: SquadExpansion/Serenity/Parts/Robotics/Assets/piston_01
[LOG 17:59:32.085] Load MU model: SquadExpansion/Serenity/Parts/Robotics/Assets/piston_02
[LOG 17:59:32.085] Load MU model: SquadExpansion/Serenity/Parts/Robotics/Assets/piston_03
[LOG 17:59:32.085] Load MU model: SquadExpansion/Serenity/Parts/Robotics/Assets/piston_04
[LOG 17:59:32.086] Load MU model: SquadExpansion/Serenity/Parts/Robotics/Assets/RotorEngine_02
[LOG 17:59:32.087] Load MU model: SquadExpansion/Serenity/Parts/Robotics/Assets/RotorEngine_03
[LOG 17:59:32.087] Load MU model: SquadExpansion/Serenity/Parts/Robotics/Assets/rotor_01
[LOG 17:59:32.088] Load MU model: SquadExpansion/Serenity/Parts/Robotics/Assets/rotor_01s
[LOG 17:59:32.089] Load MU model: SquadExpansion/Serenity/Parts/Robotics/Assets/rotor_02
[LOG 17:59:32.089] Load MU model: SquadExpansion/Serenity/Parts/Robotics/Assets/rotor_02s
[LOG 17:59:32.090] Load MU model: SquadExpansion/Serenity/Parts/Robotics/Assets/rotor_03
[LOG 17:59:32.091] Load MU model: SquadExpansion/Serenity/Parts/Robotics/Assets/rotor_03s
[LOG 17:59:32.091] Load MU model: SquadExpansion/Serenity/Parts/Robotics/Assets/RotoServo_00
[LOG 17:59:32.092] Load MU model: SquadExpansion/Serenity/Parts/Robotics/Assets/RotoServo_02
[LOG 17:59:32.092] Load MU model: SquadExpansion/Serenity/Parts/Robotics/Assets/RotoServo_03
[LOG 17:59:32.092] Load MU model: SquadExpansion/Serenity/Parts/Robotics/Assets/RotoServo_04
[LOG 17:59:32.093] Load MU model: SquadExpansion/Serenity/Parts/Robotics/Controllers/controller1000
[LOG 17:59:32.093] Load MU model: SquadExpansion/Serenity/Parts/Science/RobotArmScanner/Assets/ROCArm_01
[LOG 17:59:32.094] Load MU model: SquadExpansion/Serenity/Parts/Science/RobotArmScanner/Assets/ROCArm_02
[LOG 17:59:32.095] Load MU model: SquadExpansion/Serenity/Parts/Science/RobotArmScanner/Assets/ROCArm_03
[LOG 17:59:32.098] Load MU model: SquadExpansion/Serenity/Parts/Structural/gripPads/Assets/lGripPad
[LOG 17:59:32.098] Load MU model: SquadExpansion/Serenity/Parts/Structural/gripPads/Assets/lGripStrip
[LOG 17:59:32.098] Load MU model: SquadExpansion/Serenity/Parts/Structural/gripPads/Assets/mGripPad
[LOG 17:59:32.099] Load MU model: SquadExpansion/Serenity/Parts/Structural/gripPads/Assets/sGripPad
[LOG 17:59:32.099] Load MU model: SquadExpansion/Serenity/Parts/Structural/gripPads/Assets/sGripStrip
[LOG 17:59:32.101] Loading Asset Bundle Definitions
[LOG 17:59:32.102] AssetLoader: Loading bundle definitions
[LOG 17:59:32.235] AssetLoader: Loaded bundle 'squadcore'
[LOG 17:59:32.236] AssetLoader: Loaded bundle 'squadcorefx'
[LOG 17:59:32.236] AssetLoader: Loaded mod bundle 'kspedia'
[LOG 17:59:32.237] AssetLoader: Loaded mod bundle 'kspedia_actionsets'
[LOG 17:59:32.237] AssetLoader: Loaded mod bundle 'kspedia_aircraft'
[LOG 17:59:32.237] AssetLoader: Loaded mod bundle 'kspedia_aircraftbasics'
[LOG 17:59:32.238] AssetLoader: Loaded mod bundle 'kspedia_aircraftbasicsbalance'
[LOG 17:59:32.238] AssetLoader: Loaded mod bundle 'kspedia_aircraftbasicsbalance2'
[LOG 17:59:32.238] AssetLoader: Loaded mod bundle 'kspedia_aircraftbasicscol'
[LOG 17:59:32.239] AssetLoader: Loaded mod bundle 'kspedia_aircraftbasicscontrol'
[LOG 17:59:32.239] AssetLoader: Loaded mod bundle 'kspedia_aircraftbasicscontrolsurfaces'
[LOG 17:59:32.239] AssetLoader: Loaded mod bundle 'kspedia_aircraftbasicsdrag'
[LOG 17:59:32.239] AssetLoader: Loaded mod bundle 'kspedia_aircraftbasicsengines'
[LOG 17:59:32.240] AssetLoader: Loaded mod bundle 'kspedia_aircraftbasicsforces'
[LOG 17:59:32.240] AssetLoader: Loaded mod bundle 'kspedia_aircraftbasicsintakes'
[LOG 17:59:32.240] AssetLoader: Loaded mod bundle 'kspedia_aircraftbasicslandinggear'
[LOG 17:59:32.240] AssetLoader: Loaded mod bundle 'kspedia_aircraftbasicslift'
[LOG 17:59:32.241] AssetLoader: Loaded mod bundle 'kspedia_axisgroups'
[LOG 17:59:32.241] AssetLoader: Loaded mod bundle 'kspedia_career'
[LOG 17:59:32.241] AssetLoader: Loaded mod bundle 'kspedia_careerbasicscontracts'
[LOG 17:59:32.242] AssetLoader: Loaded mod bundle 'kspedia_careerbasicscrew'
[LOG 17:59:32.242] AssetLoader: Loaded mod bundle 'kspedia_careerbasicscurrencies'
[LOG 17:59:32.242] AssetLoader: Loaded mod bundle 'kspedia_careerbasicsexperience'
[LOG 17:59:32.242] AssetLoader: Loaded mod bundle 'kspedia_careerbasicsfacilities'
[LOG 17:59:32.243] AssetLoader: Loaded mod bundle 'kspedia_careerbasicsstrategies'
[LOG 17:59:32.243] AssetLoader: Loaded mod bundle 'kspedia_careerbasicstechnology'
[LOG 17:59:32.243] AssetLoader: Loaded mod bundle 'kspedia_careerui-ac'
[LOG 17:59:32.243] AssetLoader: Loaded mod bundle 'kspedia_careerui-admin'
[LOG 17:59:32.244] AssetLoader: Loaded mod bundle 'kspedia_careerui-ksc'
[LOG 17:59:32.244] AssetLoader: Loaded mod bundle 'kspedia_careerui-mc'
[LOG 17:59:32.244] AssetLoader: Loaded mod bundle 'kspedia_careerui-sciencearchives'
[LOG 17:59:32.245] AssetLoader: Loaded mod bundle 'kspedia_careerui-techtree'
[LOG 17:59:32.245] AssetLoader: Loaded mod bundle 'kspedia_careerui-ts'
[LOG 17:59:32.245] AssetLoader: Loaded mod bundle 'kspedia_careerui'
[LOG 17:59:32.245] AssetLoader: Loaded mod bundle 'kspedia_cargoapp'
[LOG 17:59:32.246] AssetLoader: Loaded mod bundle 'kspedia_cargomode'
[LOG 17:59:32.246] AssetLoader: Loaded mod bundle 'kspedia_cargosystem-placeableparts'
[LOG 17:59:32.246] AssetLoader: Loaded mod bundle 'kspedia_cargosystem'
[LOG 17:59:32.247] AssetLoader: Loaded mod bundle 'kspedia_chute'
[LOG 17:59:32.247] AssetLoader: Loaded mod bundle 'kspedia_commnet'
[LOG 17:59:32.247] AssetLoader: Loaded mod bundle 'kspedia_commnetbasics'
[LOG 17:59:32.247] AssetLoader: Loaded mod bundle 'kspedia_commnetbuildingeffectivenetworks'
[LOG 17:59:32.248] AssetLoader: Loaded mod bundle 'kspedia_commnetcalculatingrange'
[LOG 17:59:32.248] AssetLoader: Loaded mod bundle 'kspedia_commnetcontrollevels'
[LOG 17:59:32.248] AssetLoader: Loaded mod bundle 'kspedia_commnetcontrollinks'
[LOG 17:59:32.248] AssetLoader: Loaded mod bundle 'kspedia_commnetcontrolpoints'
[LOG 17:59:32.249] AssetLoader: Loaded mod bundle 'kspedia_commnetgui'
[LOG 17:59:32.249] AssetLoader: Loaded mod bundle 'kspedia_commnetgui01'
[LOG 17:59:32.249] AssetLoader: Loaded mod bundle 'kspedia_commnetgui02'
[LOG 17:59:32.249] AssetLoader: Loaded mod bundle 'kspedia_commnetrange'
[LOG 17:59:32.249] AssetLoader: Loaded mod bundle 'kspedia_commnetrelays'
[LOG 17:59:32.250] AssetLoader: Loaded mod bundle 'kspedia_commnetsciencetransmission'
[LOG 17:59:32.250] AssetLoader: Loaded mod bundle 'kspedia_commnetsignalstrength'
[LOG 17:59:32.250] AssetLoader: Loaded mod bundle 'kspedia_commnettransmission'
[LOG 17:59:32.250] AssetLoader: Loaded mod bundle 'kspedia_constructionui-actiongroups'
[LOG 17:59:32.251] AssetLoader: Loaded mod bundle 'kspedia_constructionui-applauncher'
[LOG 17:59:32.251] AssetLoader: Loaded mod bundle 'kspedia_constructionui-crew'
[LOG 17:59:32.251] AssetLoader: Loaded mod bundle 'kspedia_constructionui-engineersreport'
[LOG 17:59:32.252] AssetLoader: Loaded mod bundle 'kspedia_constructionui-gizmos'
[LOG 17:59:32.252] AssetLoader: Loaded mod bundle 'kspedia_constructionui-infos'
[LOG 17:59:32.252] AssetLoader: Loaded mod bundle 'kspedia_constructionui-partdetails'
[LOG 17:59:32.252] AssetLoader: Loaded mod bundle 'kspedia_constructionui-parts'
[LOG 17:59:32.253] AssetLoader: Loaded mod bundle 'kspedia_constructionui-symmetry'
[LOG 17:59:32.253] AssetLoader: Loaded mod bundle 'kspedia_constructionui-vesseldetails'
[LOG 17:59:32.253] AssetLoader: Loaded mod bundle 'kspedia_constructionui'
[LOG 17:59:32.254] AssetLoader: Loaded mod bundle 'kspedia_controls-dockingmode'
[LOG 17:59:32.254] AssetLoader: Loaded mod bundle 'kspedia_controls-editor'
[LOG 17:59:32.254] AssetLoader: Loaded mod bundle 'kspedia_controls-editorgizmos'
[LOG 17:59:32.254] AssetLoader: Loaded mod bundle 'kspedia_controls-eva'
[LOG 17:59:32.255] AssetLoader: Loaded mod bundle 'kspedia_controls-flight'
[LOG 17:59:32.255] AssetLoader: Loaded mod bundle 'kspedia_controls-flightactivities'
[LOG 17:59:32.255] AssetLoader: Loaded mod bundle 'kspedia_controls-flightdirections'
[LOG 17:59:32.256] AssetLoader: Loaded mod bundle 'kspedia_controls-general'
[LOG 17:59:32.256] AssetLoader: Loaded mod bundle 'kspedia_controls-mapandtime'
[LOG 17:59:32.256] AssetLoader: Loaded mod bundle 'kspedia_controls-mouseconstruction'
[LOG 17:59:32.256] AssetLoader: Loaded mod bundle 'kspedia_controls-mouseflight'
[LOG 17:59:32.257] AssetLoader: Loaded mod bundle 'kspedia_controls-rcs'
[LOG 17:59:32.257] AssetLoader: Loaded mod bundle 'kspedia_controls'
[LOG 17:59:32.257] AssetLoader: Loaded mod bundle 'kspedia_eastereggs'
[LOG 17:59:32.258] AssetLoader: Loaded mod bundle 'kspedia_evaconstructionmode'
[LOG 17:59:32.258] AssetLoader: Loaded mod bundle 'kspedia_facilities-ac'
[LOG 17:59:32.258] AssetLoader: Loaded mod bundle 'kspedia_facilities-admin'
[LOG 17:59:32.258] AssetLoader: Loaded mod bundle 'kspedia_facilities-context'
[LOG 17:59:32.259] AssetLoader: Loaded mod bundle 'kspedia_facilities-ksc'
[LOG 17:59:32.259] AssetLoader: Loaded mod bundle 'kspedia_facilities-launchpad'
[LOG 17:59:32.259] AssetLoader: Loaded mod bundle 'kspedia_facilities-mc'
[LOG 17:59:32.259] AssetLoader: Loaded mod bundle 'kspedia_facilities-randd'
[LOG 17:59:32.260] AssetLoader: Loaded mod bundle 'kspedia_facilities-runway'
[LOG 17:59:32.260] AssetLoader: Loaded mod bundle 'kspedia_facilities-sph'
[LOG 17:59:32.260] AssetLoader: Loaded mod bundle 'kspedia_facilities-ts'
[LOG 17:59:32.261] AssetLoader: Loaded mod bundle 'kspedia_facilities-vab'
[LOG 17:59:32.261] AssetLoader: Loaded mod bundle 'kspedia_flightui-altimeter'
[LOG 17:59:32.261] AssetLoader: Loaded mod bundle 'kspedia_flightui-applauncher'
[LOG 17:59:32.261] AssetLoader: Loaded mod bundle 'kspedia_flightui-evaactivities'
[LOG 17:59:32.262] AssetLoader: Loaded mod bundle 'kspedia_flightui-maneuvermodeeditor'
[LOG 17:59:32.262] AssetLoader: Loaded mod bundle 'kspedia_flightui-maneuvermodeeditorcont'
[LOG 17:59:32.262] AssetLoader: Loaded mod bundle 'kspedia_flightui-maneuvermodeorbit'
[LOG 17:59:32.263] AssetLoader: Loaded mod bundle 'kspedia_flightui-maneuvertoolinfo'
[LOG 17:59:32.263] AssetLoader: Loaded mod bundle 'kspedia_flightui-maneuvertoolmain'
[LOG 17:59:32.263] AssetLoader: Loaded mod bundle 'kspedia_flightui-modecontrol'
[LOG 17:59:32.263] AssetLoader: Loaded mod bundle 'kspedia_flightui-navball'
[LOG 17:59:32.264] AssetLoader: Loaded mod bundle 'kspedia_flightui-partrepairs'
[LOG 17:59:32.264] AssetLoader: Loaded mod bundle 'kspedia_flightui-portraits'
[LOG 17:59:32.264] AssetLoader: Loaded mod bundle 'kspedia_flightui-staging'
[LOG 17:59:32.265] AssetLoader: Loaded mod bundle 'kspedia_flightui-timeandaction'
[LOG 17:59:32.265] AssetLoader: Loaded mod bundle 'kspedia_flightui'
[LOG 17:59:32.265] AssetLoader: Loaded mod bundle 'kspedia_heat'
[LOG 17:59:32.265] AssetLoader: Loaded mod bundle 'kspedia_heatactiveradiators'
[LOG 17:59:32.266] AssetLoader: Loaded mod bundle 'kspedia_heatengines'
[LOG 17:59:32.266] AssetLoader: Loaded mod bundle 'kspedia_heatflow'
[LOG 17:59:32.266] AssetLoader: Loaded mod bundle 'kspedia_heatpart'
[LOG 17:59:32.267] AssetLoader: Loaded mod bundle 'kspedia_heatpassiveradiators'
[LOG 17:59:32.267] AssetLoader: Loaded mod bundle 'kspedia_heatshields'
[LOG 17:59:32.267] AssetLoader: Loaded mod bundle 'kspedia_kerbnet'
[LOG 17:59:32.268] AssetLoader: Loaded mod bundle 'kspedia_kerbnetinterface'
[LOG 17:59:32.268] AssetLoader: Loaded mod bundle 'kspedia_kerbnetmodes'
[LOG 17:59:32.268] AssetLoader: Loaded mod bundle 'kspedia_kerbnetwaypoints'
[LOG 17:59:32.268] AssetLoader: Loaded mod bundle 'kspedia_locations'
[LOG 17:59:32.269] AssetLoader: Loaded mod bundle 'kspedia_manual'
[LOG 17:59:32.269] AssetLoader: Loaded mod bundle 'kspedia_mapui-alarmclockcreation'
[LOG 17:59:32.269] AssetLoader: Loaded mod bundle 'kspedia_mapui-alarmclockmain'
[LOG 17:59:32.270] AssetLoader: Loaded mod bundle 'kspedia_mapui-burnindicator'
[LOG 17:59:32.270] AssetLoader: Loaded mod bundle 'kspedia_mapui-dvtoolsflight'
[LOG 17:59:32.270] AssetLoader: Loaded mod bundle 'kspedia_mapui-dvtoolsvab'
[LOG 17:59:32.270] AssetLoader: Loaded mod bundle 'kspedia_mapui-mannodes'
[LOG 17:59:32.271] AssetLoader: Loaded mod bundle 'kspedia_mapui-orbitnodes'
[LOG 17:59:32.271] AssetLoader: Loaded mod bundle 'kspedia_mapui-orbitnodes2'
[LOG 17:59:32.272] AssetLoader: Loaded mod bundle 'kspedia_mapui'
[LOG 17:59:32.272] AssetLoader: Loaded mod bundle 'kspedia_orbitalbasics-atmosphere'
[LOG 17:59:32.272] AssetLoader: Loaded mod bundle 'kspedia_orbitalbasics-gettingbackdown'
[LOG 17:59:32.272] AssetLoader: Loaded mod bundle 'kspedia_orbitalbasics-gettingupthere'
[LOG 17:59:32.273] AssetLoader: Loaded mod bundle 'kspedia_orbitalbasics-gravityturn'
[LOG 17:59:32.273] AssetLoader: Loaded mod bundle 'kspedia_orbitalbasics-orbits'
[LOG 17:59:32.273] AssetLoader: Loaded mod bundle 'kspedia_orbitalbasics-stayingupthere'
[LOG 17:59:32.273] AssetLoader: Loaded mod bundle 'kspedia_orbitalbasics'
[LOG 17:59:32.274] AssetLoader: Loaded mod bundle 'kspedia_orbitaldefinitions-appe'
[LOG 17:59:32.274] AssetLoader: Loaded mod bundle 'kspedia_orbitaldefinitions-dirandinc'
[LOG 17:59:32.274] AssetLoader: Loaded mod bundle 'kspedia_orbitaldefinitions-directions'
[LOG 17:59:32.274] AssetLoader: Loaded mod bundle 'kspedia_orbitaldefinitions-eccentricity'
[LOG 17:59:32.275] AssetLoader: Loaded mod bundle 'kspedia_orbitaldefinitions'
[LOG 17:59:32.275] AssetLoader: Loaded mod bundle 'kspedia_orbitalmaneuvers-adjustinginclination'
[LOG 17:59:32.275] AssetLoader: Loaded mod bundle 'kspedia_orbitalmaneuvers-deltav'
[LOG 17:59:32.275] AssetLoader: Loaded mod bundle 'kspedia_orbitalmaneuvers-efficiency'
[LOG 17:59:32.275] AssetLoader: Loaded mod bundle 'kspedia_orbitalmaneuvers-hohmanntransfer'
[LOG 17:59:32.276] AssetLoader: Loaded mod bundle 'kspedia_orbitalmaneuvers-hohmanntransfer2'
[LOG 17:59:32.276] AssetLoader: Loaded mod bundle 'kspedia_orbitalmaneuvers-orbittypes'
[LOG 17:59:32.276] AssetLoader: Loaded mod bundle 'kspedia_orbitalmaneuvers-radandantirad'
[LOG 17:59:32.277] AssetLoader: Loaded mod bundle 'kspedia_orbitalmaneuvers-shapingup'
[LOG 17:59:32.277] AssetLoader: Loaded mod bundle 'kspedia_orbitalmaneuvers'
[LOG 17:59:32.277] AssetLoader: Loaded mod bundle 'kspedia_planets-dres'
[LOG 17:59:32.277] AssetLoader: Loaded mod bundle 'kspedia_planets-duna'
[LOG 17:59:32.278] AssetLoader: Loaded mod bundle 'kspedia_planets-eeloo'
[LOG 17:59:32.278] AssetLoader: Loaded mod bundle 'kspedia_planets-eve'
[LOG 17:59:32.278] AssetLoader: Loaded mod bundle 'kspedia_planets-jool'
[LOG 17:59:32.278] AssetLoader: Loaded mod bundle 'kspedia_planets-kerbin'
[LOG 17:59:32.279] AssetLoader: Loaded mod bundle 'kspedia_planets-moho'
[LOG 17:59:32.279] AssetLoader: Loaded mod bundle 'kspedia_planets-sun'
[LOG 17:59:32.279] AssetLoader: Loaded mod bundle 'kspedia_planets-system'
[LOG 17:59:32.279] AssetLoader: Loaded mod bundle 'kspedia_resources-asteroidmining'
[LOG 17:59:32.279] AssetLoader: Loaded mod bundle 'kspedia_resources-conversionmanagement'
[LOG 17:59:32.280] AssetLoader: Loaded mod bundle 'kspedia_resources-drilling'
[LOG 17:59:32.280] AssetLoader: Loaded mod bundle 'kspedia_resources-findingit'
[LOG 17:59:32.280] AssetLoader: Loaded mod bundle 'kspedia_resources-findingit2'
[LOG 17:59:32.280] AssetLoader: Loaded mod bundle 'kspedia_resources-storageandconversion'
[LOG 17:59:32.281] AssetLoader: Loaded mod bundle 'kspedia_resources'
[LOG 17:59:32.281] AssetLoader: Loaded mod bundle 'kspedia_rocketry'
[LOG 17:59:32.281] AssetLoader: Loaded mod bundle 'kspedia_rocketryadvanced-fairings'
[LOG 17:59:32.281] AssetLoader: Loaded mod bundle 'kspedia_rocketryadvanced-girders'
[LOG 17:59:32.282] AssetLoader: Loaded mod bundle 'kspedia_rocketryadvanced'
[LOG 17:59:32.282] AssetLoader: Loaded mod bundle 'kspedia_rocketrybasics'
[LOG 17:59:32.282] AssetLoader: Loaded mod bundle 'kspedia_rocketrybasicsaero'
[LOG 17:59:32.282] AssetLoader: Loaded mod bundle 'kspedia_rocketrybasicscentered'
[LOG 17:59:32.283] AssetLoader: Loaded mod bundle 'kspedia_rocketrybasicschutes'
[LOG 17:59:32.283] AssetLoader: Loaded mod bundle 'kspedia_rocketrybasicscontrol'
[LOG 17:59:32.283] AssetLoader: Loaded mod bundle 'kspedia_rocketrybasicsecrecharging'
[LOG 17:59:32.283] AssetLoader: Loaded mod bundle 'kspedia_rocketrybasicsengines'
[LOG 17:59:32.284] AssetLoader: Loaded mod bundle 'kspedia_rocketrybasicsforces'
[LOG 17:59:32.284] AssetLoader: Loaded mod bundle 'kspedia_rocketrybasicshatchesandladders'
[LOG 17:59:32.284] AssetLoader: Loaded mod bundle 'kspedia_rocketrybasicshibernation'
[LOG 17:59:32.284] AssetLoader: Loaded mod bundle 'kspedia_rocketrybasicsresources'
[LOG 17:59:32.284] AssetLoader: Loaded mod bundle 'kspedia_rocketrybasicsservicecontainers'
[LOG 17:59:32.285] AssetLoader: Loaded mod bundle 'kspedia_rocketrybasicsstability'
[LOG 17:59:32.285] AssetLoader: Loaded mod bundle 'kspedia_rocketrybasicsstabilityassist'
[LOG 17:59:32.285] AssetLoader: Loaded mod bundle 'kspedia_rocketrybasicsstaging'
[LOG 17:59:32.285] AssetLoader: Loaded mod bundle 'kspedia_rocketrybasicssymmetry'
[LOG 17:59:32.286] AssetLoader: Loaded mod bundle 'kspedia_science'
[LOG 17:59:32.286] AssetLoader: Loaded mod bundle 'kspedia_sciencedata'
[LOG 17:59:32.286] AssetLoader: Loaded mod bundle 'kspedia_scienceexperiments'
[LOG 17:59:32.286] AssetLoader: Loaded mod bundle 'kspedia_sciencelab'
[LOG 17:59:32.287] AssetLoader: Loaded mod bundle 'kspedia_sciencetransmitted'
[LOG 17:59:32.287] AssetLoader: Loaded mod bundle 'kspedia_spacetravel'
[LOG 17:59:32.287] AssetLoader: Loaded mod bundle 'kspedia_variantswitcher'
[LOG 17:59:32.287] AssetLoader: Loaded mod bundle 'kspfonts'
[LOG 17:59:32.447] AssetLoader: Loaded bundle 'squadcore'
[LOG 17:59:32.447] AssetLoader: Loaded bundle 'squadcorefx'
[LOG 17:59:32.447] AssetLoader: Loaded mod bundle 'kspedia_builder'
[LOG 17:59:32.448] AssetLoader: Loaded mod bundle 'kspedia_buildertoolbar'
[LOG 17:59:32.448] AssetLoader: Loaded mod bundle 'kspedia_canvas'
[LOG 17:59:32.448] AssetLoader: Loaded mod bundle 'kspedia_exportingvalidation'
[LOG 17:59:32.448] AssetLoader: Loaded mod bundle 'kspedia_flight'
[LOG 17:59:32.449] AssetLoader: Loaded mod bundle 'kspedia_flightapp'
[LOG 17:59:32.449] AssetLoader: Loaded mod bundle 'kspedia_gap'
[LOG 17:59:32.449] AssetLoader: Loaded mod bundle 'kspedia_gaptools'
[LOG 17:59:32.450] AssetLoader: Loaded mod bundle 'kspedia_makinghistory'
[LOG 17:59:32.450] AssetLoader: Loaded mod bundle 'kspedia_missionbriefing'
[LOG 17:59:32.450] AssetLoader: Loaded mod bundle 'kspedia_nodedocking'
[LOG 17:59:32.450] AssetLoader: Loaded mod bundle 'kspedia_nodesconnectors'
[LOG 17:59:32.451] AssetLoader: Loaded mod bundle 'kspedia_sap'
[LOG 17:59:32.451] AssetLoader: Loaded mod bundle 'kspedia_sidebar'
[LOG 17:59:32.451] AssetLoader: Loaded mod bundle 'kspedia_testingcheckpoints'
[LOG 17:59:32.451] AssetLoader: Loaded bundle 'makinghistory'
[LOG 17:59:32.452] AssetLoader: Loaded mod bundle 'kspedia_bladecyclic-collective-behaviour'
[LOG 17:59:32.452] AssetLoader: Loaded mod bundle 'kspedia_bladecyclic-collective-controls'
[LOG 17:59:32.452] AssetLoader: Loaded mod bundle 'kspedia_deployedscience-experiments'
[LOG 17:59:32.453] AssetLoader: Loaded mod bundle 'kspedia_deployedscience'
[LOG 17:59:32.453] AssetLoader: Loaded mod bundle 'kspedia_grippads'
[LOG 17:59:32.453] AssetLoader: Loaded mod bundle 'kspedia_layindtracks'
[LOG 17:59:32.453] AssetLoader: Loaded mod bundle 'kspedia_propellers'
[LOG 17:59:32.454] AssetLoader: Loaded mod bundle 'kspedia_propellersaerodynamics'
[LOG 17:59:32.454] AssetLoader: Loaded mod bundle 'kspedia_roboticcontroller'
[LOG 17:59:32.454] AssetLoader: Loaded mod bundle 'kspedia_roboticparts'
[LOG 17:59:32.455] AssetLoader: Loaded mod bundle 'kspedia_surface features-overview'
[LOG 17:59:32.455] AssetLoader: Loaded mod bundle 'kspedia_surface features-roverarmdetails'
[LOG 17:59:32.455] AssetLoader: Loaded mod bundle 'kspedia_trackeditor'
[LOG 17:59:32.456] AssetLoader: Loaded mod bundle 'kspedia_trackeditortoolbar'
[LOG 17:59:32.456] AssetLoader: Loaded mod bundle 'serenity'
[LOG 17:59:32.457] AssetLoader: Finished loading. 226 bundle definitions loaded.
[LOG 17:59:32.457] Compiling Configs:
[LOG 17:59:32.458] Config(PHYSICSGLOBALS) /Physics/PHYSICSGLOBALS
[LOG 17:59:32.458] Config(KOP_VERSION) Kopernicus/Config/00Version/Kopernicus_Version
[LOG 17:59:32.458] Config(@KOP_VERSION:FOR[Kopernicus_Version]) Kopernicus/Config/00Version/@KOP_VERSION:FOR[Kopernicus_Version]
[LOG 17:59:32.458] Config(Kopernicus_config) Kopernicus/Config/01_DefaultConfig/Kopernicus_config
[LOG 17:59:32.458] Config(Kopernicus_config_backup) Kopernicus/Config/02_ConfigCompat/Kopernicus_config_backup
[LOG 17:59:32.458] Config(@Kopernicus_config_backup:LAST[zKopernicus]) Kopernicus/Config/02_ConfigCompat/@Kopernicus_config_backup:LAST[zKopernicus]
[LOG 17:59:32.458] Config(@Kopernicus_config:LAST[zKopernicus]) Kopernicus/Config/02_ConfigCompat/@Kopernicus_config:LAST[zKopernicus]
[LOG 17:59:32.458] Config(@Kopernicus_config:HAS[#__kopConfigIndex[>0]]:LAST[zKopernicus]) Kopernicus/Config/02_ConfigCompat/@Kopernicus_config:HAS[#__kopConfigIndex[>0]]:LAST[zKopernicus]
[LOG 17:59:32.458] Config(@Kopernicus_config:HAS[#__kopHasDuplicates[true]]:LAST[zKopernicus]) Kopernicus/Config/02_ConfigCompat/@Kopernicus_config:HAS[#__kopHasDuplicates[true]]:LAST[zKopernicus]
[LOG 17:59:32.458] Config(@Kopernicus_config:HAS[#__kopHasDuplicates[true]]:LAST[zKopernicus]) Kopernicus/Config/02_ConfigCompat/@Kopernicus_config:HAS[#__kopHasDuplicates[true]]:LAST[zKopernicus]
[LOG 17:59:32.458] Config(!Kopernicus_config:HAS[#__kopConfigIndex[>0]]:LAST[zKopernicus]) Kopernicus/Config/02_ConfigCompat/!Kopernicus_config:HAS[#__kopConfigIndex[>0]]:LAST[zKopernicus]
[LOG 17:59:32.459] Config(@Kopernicus_config:LAST[zKopernicus]) Kopernicus/Config/02_ConfigCompat/@Kopernicus_config:LAST[zKopernicus]
[LOG 17:59:32.459] Config(@Kopernicus_config_backup:LAST[zKopernicus]) Kopernicus/Config/02_ConfigCompat/@Kopernicus_config_backup:LAST[zKopernicus]
[LOG 17:59:32.459] Config(@Kopernicus:FOR[Kopernicus]) Kopernicus/Config/BodyPQSFix/@Kopernicus:FOR[Kopernicus]
[LOG 17:59:32.459] Config(@Kopernicus_config:LAST[zKopernicus]) Kopernicus/Config/Kopernicus_Config/@Kopernicus_config:LAST[zKopernicus]
[LOG 17:59:32.459] Config(@KSP_COMMUNITY_FIXES:FINAL) Kopernicus/Config/KSPCF_DisableMapSOPatches/@KSP_COMMUNITY_FIXES:FINAL
[LOG 17:59:32.459] Config(@PART:HAS[@MODULE:HAS[#useKopernicusSolarPanels[?alse]]]:LAST[KOP_MULTI_STAR]) Kopernicus/Config/SolarPanels/@PART:HAS[@MODULE:HAS[#useKopernicusSolarPanels[?alse]]]:LAST[KOP_MULTI_STAR]
[LOG 17:59:32.459] Config(@PART:HAS[#useKopernicusSolarPanels[*]]:LAST[KOP_MULTI_STAR]) Kopernicus/Config/SolarPanels/@PART:HAS[#useKopernicusSolarPanels[*]]:LAST[KOP_MULTI_STAR]
[LOG 17:59:32.459] Config(@PART:HAS[@MODULE[ModuleDeployableSolarPanel]]:LAST[KOP_MULTI_STAR]) Kopernicus/Config/SolarPanels/@PART:HAS[@MODULE[ModuleDeployableSolarPanel]]:LAST[KOP_MULTI_STAR]
[LOG 17:59:32.459] Config(@Kopernicus_config:LAST[KOP_MULTI_STAR]) Kopernicus/Config/SolarPanels/@Kopernicus_config:LAST[KOP_MULTI_STAR]
[LOG 17:59:32.459] Config(@Kopernicus:LAST[KOP_MULTI_STAR]) Kopernicus/Config/SolarPanels/@Kopernicus:LAST[KOP_MULTI_STAR]
[LOG 17:59:32.459] Config(@PART:HAS[@MODULE[ModuleDeployableSolarPanel],~useKopernicusSolarPanels[false]]) Kopernicus/Config/SolarPanels/@PART:HAS[@MODULE[ModuleDeployableSolarPanel],~useKopernicusSolarPanels[false]]
[LOG 17:59:32.459] Config(@PART:HAS[@MODULE[ModuleCurvedSolarPanel],~useKopernicusSolarPanels[false]]) Kopernicus/Config/SolarPanels/@PART:HAS[@MODULE[ModuleCurvedSolarPanel],~useKopernicusSolarPanels[false]]
[LOG 17:59:32.459] Config(@PART:HAS[@MODULE[SSTUSolarPanelStatic],~useKopernicusSolarPanels[false]]) Kopernicus/Config/SolarPanels/@PART:HAS[@MODULE[SSTUSolarPanelStatic],~useKopernicusSolarPanels[false]]
[LOG 17:59:32.459] Config(@PART:HAS[@MODULE[SSTUSolarPanelDeployable],~useKopernicusSolarPanels[false]]) Kopernicus/Config/SolarPanels/@PART:HAS[@MODULE[SSTUSolarPanelDeployable],~useKopernicusSolarPanels[false]]
[LOG 17:59:32.459] Config(@PART:HAS[@MODULE[SSTUModularPart],~useKopernicusSolarPanels[false]]) Kopernicus/Config/SolarPanels/@PART:HAS[@MODULE[SSTUModularPart],~useKopernicusSolarPanels[false]]
[LOG 17:59:32.459] Config(@PART:HAS[@MODULE[ModuleROSolar],~useKopernicusSolarPanels[false]]) Kopernicus/Config/SolarPanels/@PART:HAS[@MODULE[ModuleROSolar],~useKopernicusSolarPanels[false]]
[LOG 17:59:32.459] Config(@PART:HAS[@MODULE[USSolarSwitch],~useKopernicusSolarPanels[false]]) Kopernicus/Config/SolarPanels/@PART:HAS[@MODULE[USSolarSwitch],~useKopernicusSolarPanels[false]]
[LOG 17:59:32.459] Config(@PART:HAS[@MODULE[ModuleDeployableSolarPanel],~useKopernicusSolarPanels[false]]:LAST[KOP_MULTI_STAR]) Kopernicus/Config/SolarPanels/@PART:HAS[@MODULE[ModuleDeployableSolarPanel],~useKopernicusSolarPanels[false]]:LAST[KOP_MULTI_STAR]
[LOG 17:59:32.459] Config(@PART:HAS[@MODULE[ModuleCurvedSolarPanel],~useKopernicusSolarPanels[false]]:LAST[KOP_MULTI_STAR]) Kopernicus/Config/SolarPanels/@PART:HAS[@MODULE[ModuleCurvedSolarPanel],~useKopernicusSolarPanels[false]]:LAST[KOP_MULTI_STAR]
[LOG 17:59:32.459] Config(@PART:HAS[@MODULE[SSTUSolarPanelStatic],~useKopernicusSolarPanels[false]]:LAST[KOP_MULTI_STAR]) Kopernicus/Config/SolarPanels/@PART:HAS[@MODULE[SSTUSolarPanelStatic],~useKopernicusSolarPanels[false]]:LAST[KOP_MULTI_STAR]
[LOG 17:59:32.459] Config(@PART:HAS[@MODULE[SSTUSolarPanelDeployable],~useKopernicusSolarPanels[false]]:LAST[KOP_MULTI_STAR]) Kopernicus/Config/SolarPanels/@PART:HAS[@MODULE[SSTUSolarPanelDeployable],~useKopernicusSolarPanels[false]]:LAST[KOP_MULTI_STAR]
[LOG 17:59:32.459] Config(@PART:HAS[@MODULE[SSTUModularPart],~useKopernicusSolarPanels[false]]:LAST[KOP_MULTI_STAR]) Kopernicus/Config/SolarPanels/@PART:HAS[@MODULE[SSTUModularPart],~useKopernicusSolarPanels[false]]:LAST[KOP_MULTI_STAR]
[LOG 17:59:32.460] Config(@PART:HAS[@MODULE[ModuleROSolar],~useKopernicusSolarPanels[false]]:LAST[KOP_MULTI_STAR]) Kopernicus/Config/SolarPanels/@PART:HAS[@MODULE[ModuleROSolar],~useKopernicusSolarPanels[false]]:LAST[KOP_MULTI_STAR]
[LOG 17:59:32.460] Config(@PART:HAS[@MODULE[USSolarSwitch],~useKopernicusSolarPanels[false]]:LAST[KOP_MULTI_STAR]) Kopernicus/Config/SolarPanels/@PART:HAS[@MODULE[USSolarSwitch],~useKopernicusSolarPanels[false]]:LAST[KOP_MULTI_STAR]
[LOG 17:59:32.460] Config(@PART:HAS[@MODULE[ModuleDeployableSolarPanel]:HAS[#chargeRate[>0],~resourceName[ThermalPower]],#__kop_star_count[>1]]:NEEDS[!Kerbalism,!RealismOverhaul]:LAST[KOP_MULTI_STAR]) Kopernicus/Config/SolarPanels/@PART:HAS[@MODULE[ModuleDeployableSolarPanel]:HAS[#chargeRate[>0],~resourceName[ThermalPower]],#__kop_star_count[>1]]:NEEDS[!Kerbalism,!RealismOverhaul]:LAST[KOP_MULTI_STAR]
[LOG 17:59:32.460] Config(@PART:HAS[@MODULE[ModuleDeployableSolarPanel]:HAS[#resourceName[ThermalPower]],#__kop_star_count[>1]]:NEEDS[!Kerbalism,!RealismOverhaul]:LAST[KOP_MULTI_STAR]) Kopernicus/Config/SolarPanels/@PART:HAS[@MODULE[ModuleDeployableSolarPanel]:HAS[#resourceName[ThermalPower]],#__kop_star_count[>1]]:NEEDS[!Kerbalism,!RealismOverhaul]:LAST[KOP_MULTI_STAR]
[LOG 17:59:32.460] Config(@PART:HAS[@MODULE[ModuleCurvedSolarPanel],#__kop_star_count[>1]]:NEEDS[!RealismOverhaul,!Kerbalism,NearFutureSolar]:LAST[KOP_MULTI_STAR]) Kopernicus/Config/SolarPanels/@PART:HAS[@MODULE[ModuleCurvedSolarPanel],#__kop_star_count[>1]]:NEEDS[!RealismOverhaul,!Kerbalism,NearFutureSolar]:LAST[KOP_MULTI_STAR]
[LOG 17:59:32.460] Config(@PART:HAS[@MODULE[SSTUSolarPanelStatic],#__kop_star_count[>1]]:NEEDS[!RealismOverhaul,!Kerbalism,SSTU]:LAST[KOP_MULTI_STAR]) Kopernicus/Config/SolarPanels/@PART:HAS[@MODULE[SSTUSolarPanelStatic],#__kop_star_count[>1]]:NEEDS[!RealismOverhaul,!Kerbalism,SSTU]:LAST[KOP_MULTI_STAR]
[LOG 17:59:32.460] Config(@PART:HAS[@MODULE[SSTUSolarPanelDeployable],#__kop_star_count[>1]]:NEEDS[!RealismOverhaul,!Kerbalism,SSTU]:LAST[KOP_MULTI_STAR]) Kopernicus/Config/SolarPanels/@PART:HAS[@MODULE[SSTUSolarPanelDeployable],#__kop_star_count[>1]]:NEEDS[!RealismOverhaul,!Kerbalism,SSTU]:LAST[KOP_MULTI_STAR]
[LOG 17:59:32.460] Config(@PART:HAS[@MODULE:[SSTUModularPart],!#currentSolar[Solar-None],#__kop_star_count[>1]]:NEEDS[!RealismOverhaul,!Kerbalism,SSTU]:LAST[KOP_MULTI_STAR]) Kopernicus/Config/SolarPanels/@PART:HAS[@MODULE:[SSTUModularPart],!#currentSolar[Solar-None],#__kop_star_count[>1]]:NEEDS[!RealismOverhaul,!Kerbalism,SSTU]:LAST[KOP_MULTI_STAR]
[LOG 17:59:32.460] Config(@PART:HAS[@MODULE[ModuleROSolar],#__kop_star_count[>1]]:NEEDS[!Kerbalism,RealismOverhaul]:LAST[KOP_MULTI_STAR]) Kopernicus/Config/SolarPanels/@PART:HAS[@MODULE[ModuleROSolar],#__kop_star_count[>1]]:NEEDS[!Kerbalism,RealismOverhaul]:LAST[KOP_MULTI_STAR]
[LOG 17:59:32.460] Config(@PART:HAS[@MODULE[USSolarSwitch],#__kop_star_count[>1]]:NEEDS[!Kerbalism,UniversalStorage2]:LAST[KOP_MULTI_STAR]) Kopernicus/Config/SolarPanels/@PART:HAS[@MODULE[USSolarSwitch],#__kop_star_count[>1]]:NEEDS[!Kerbalism,UniversalStorage2]:LAST[KOP_MULTI_STAR]
[LOG 17:59:32.460] Config(@PART:HAS[#useKopernicusSolarPanels[*]]:LAST[KOP_MULTI_STAR]) Kopernicus/Config/SolarPanels/@PART:HAS[#useKopernicusSolarPanels[*]]:LAST[KOP_MULTI_STAR]
[LOG 17:59:32.460] Config(@PART:HAS[@MODULE:HAS[#useKopernicusSolarPanels[*]]]:LAST[KOP_MULTI_STAR]) Kopernicus/Config/SolarPanels/@PART:HAS[@MODULE:HAS[#useKopernicusSolarPanels[*]]]:LAST[KOP_MULTI_STAR]
[LOG 17:59:32.460] Config(@PART:HAS[#__kop_star_count]:LAST[KOP_MULTI_STAR]) Kopernicus/Config/SolarPanels/@PART:HAS[#__kop_star_count]:LAST[KOP_MULTI_STAR]
[LOG 17:59:32.460] Config(@Kopernicus_config:LAST[KOP_MULTI_STAR]) Kopernicus/Config/SolarPanels/@Kopernicus_config:LAST[KOP_MULTI_STAR]
[LOG 17:59:32.460] Config(Kopernicus) Kopernicus/Config/System/Kerbol System
[LOG 17:59:32.460] Config(Localization) Kopernicus/Localization/de-de/Localization
[LOG 17:59:32.460] Config(Localization) Kopernicus/Localization/en-us/Localization
[LOG 17:59:32.460] Config(Localization) Kopernicus/Localization/es-es/Localization
[LOG 17:59:32.460] Config(Localization) Kopernicus/Localization/fr-fr/Localization
[LOG 17:59:32.460] Config(Localization) Kopernicus/Localization/it-it/Localization
[LOG 17:59:32.460] Config(Localization) Kopernicus/Localization/ru/Localization
[LOG 17:59:32.460] Config(Localization) Kopernicus/Localization/zh-cn/Localization
[LOG 17:59:32.460] Config(KSP_COMMUNITY_FIXES) KSPCommunityFixes/Settings/KSP_COMMUNITY_FIXES
[LOG 17:59:32.460] Config(Localization) KSPCommunityFixes/Localization/en-us/Localization
[LOG 17:59:32.460] Config(Localization) KSPCommunityFixes/Localization/fr-fr/Localization
[LOG 17:59:32.461] Config(Localization) KSPCommunityFixes/Localization/ru/Localization
[LOG 17:59:32.461] Config(Localization) KSPCommunityFixes/Localization/zh-cn/Localization
[LOG 17:59:32.461] Config(@PART[*]:HAS[@MODULE[ModuleDockingNodeFixed]]:NEEDS[FixDockingNodes]:FINAL) KSPCommunityFixes/MMPatches/ModSupport/FixDockingNodes/@PART[*]:HAS[@MODULE[ModuleDockingNodeFixed]]:NEEDS[FixDockingNodes]:FINAL
[LOG 17:59:32.461] Config(@PART[*]:HAS[@MODULE[Refunding]]:LAST[999_KSP-Recall]) KSPCommunityFixes/MMPatches/ModSupport/KSPRecall/@PART[*]:HAS[@MODULE[Refunding]]:LAST[999_KSP-Recall]
[LOG 17:59:32.461] Config(@PART[*]:HAS[#hasRefundingOnRecovery[?rue]]:LAST[999_KSP-Recall]) KSPCommunityFixes/MMPatches/ModSupport/KSPRecall/@PART[*]:HAS[#hasRefundingOnRecovery[?rue]]:LAST[999_KSP-Recall]
[LOG 17:59:32.461] Config(@PART[*]:HAS[#hasRefundingOnRecovery]:LAST[999_KSP-Recall]) KSPCommunityFixes/MMPatches/ModSupport/KSPRecall/@PART[*]:HAS[#hasRefundingOnRecovery]:LAST[999_KSP-Recall]
[LOG 17:59:32.461] Config(@KSP-Recall:LAST[999_KSP-Recall]) KSPCommunityFixes/MMPatches/ModSupport/KSPRecall/@KSP-Recall:LAST[999_KSP-Recall]
[LOG 17:59:32.461] Config(@KSP-Recall:HAS[#hasRefundingOnRecovery[?rue]]:LAST[999_KSP-Recall]) KSPCommunityFixes/MMPatches/ModSupport/KSPRecall/@KSP-Recall:HAS[#hasRefundingOnRecovery[?rue]]:LAST[999_KSP-Recall]
[LOG 17:59:32.461] Config(@KSP-Recall:HAS[#hasRefundingOnRecovery]:LAST[999_KSP-Recall]) KSPCommunityFixes/MMPatches/ModSupport/KSPRecall/@KSP-Recall:HAS[#hasRefundingOnRecovery]:LAST[999_KSP-Recall]
[LOG 17:59:32.461] Config(@KSP_COMMUNITY_FIXES:NEEDS[AttachedOnEditor]) KSPCommunityFixes/MMPatches/ModSupport/KSPRecall/@KSP_COMMUNITY_FIXES:NEEDS[AttachedOnEditor]
[LOG 17:59:32.461] Config(@KSP_COMMUNITY_FIXES:NEEDS[UniversalStorage2]) KSPCommunityFixes/MMPatches/ModSupport/UniversalStorage/@KSP_COMMUNITY_FIXES:NEEDS[UniversalStorage2]
[LOG 17:59:32.461] Config(@PART[telescopicLadderBay]:FIRST) KSPCommunityFixes/MMPatches/StockTweaks/LadderToggleableLight/@PART[telescopicLadderBay]:FIRST
[LOG 17:59:32.461] Config(@PART[telescopicLadderBay]:HAS[#LadderToggleableLight[?rue]]:FIRST) KSPCommunityFixes/MMPatches/StockTweaks/LadderToggleableLight/@PART[telescopicLadderBay]:HAS[#LadderToggleableLight[?rue]]:FIRST
[LOG 17:59:32.461] Config(@PART[telescopicLadderBay]:HAS[#LadderToggleableLight]:FIRST) KSPCommunityFixes/MMPatches/StockTweaks/LadderToggleableLight/@PART[telescopicLadderBay]:HAS[#LadderToggleableLight]:FIRST
[LOG 17:59:32.461] Config(@PART[GearSmall]:FIRST) KSPCommunityFixes/MMPatches/StockTweaks/LandingGearLights/@PART[GearSmall]:FIRST
[LOG 17:59:32.461] Config(@PART[SmallGearBay]:FIRST) KSPCommunityFixes/MMPatches/StockTweaks/LandingGearLights/@PART[SmallGearBay]:FIRST
[LOG 17:59:32.461] Config(@PART[sasModule]:FOR[KSPCommunityFixes]) KSPCommunityFixes/MMPatches/StockTweaks/ManufacturerFixes/@PART[sasModule]:FOR[KSPCommunityFixes]
[LOG 17:59:32.461] Config(@PART[xenonTankRadial]:FOR[KSPCommunityFixes]) KSPCommunityFixes/MMPatches/StockTweaks/ManufacturerFixes/@PART[xenonTankRadial]:FOR[KSPCommunityFixes]
[LOG 17:59:32.461] Config(@PART[winglet|fireworksLauncherSmall|fireworksLauncherBig]:FOR[KSPCommunityFixes]) KSPCommunityFixes/MMPatches/StockTweaks/ManufacturerFixes/@PART[winglet|fireworksLauncherSmall|fireworksLauncherBig]:FOR[KSPCommunityFixes]
[LOG 17:59:32.461] Config(@PART[solidBooster_sm_v2|solidBooster_v2]:FOR[KSPCommunityFixes]) KSPCommunityFixes/MMPatches/StockTweaks/ManufacturerFixes/@PART[solidBooster_sm_v2|solidBooster_v2]:FOR[KSPCommunityFixes]
[LOG 17:59:32.461] Config(@PART[ServiceBay_125_v2|ServiceBay_250_v2]:FOR[KSPCommunityFixes]) KSPCommunityFixes/MMPatches/StockTweaks/ManufacturerFixes/@PART[ServiceBay_125_v2|ServiceBay_250_v2]:FOR[KSPCommunityFixes]
[LOG 17:59:32.461] Config(@PART[externalTankCapsule]:FOR[KSPCommunityFixes]) KSPCommunityFixes/MMPatches/StockTweaks/ManufacturerFixes/@PART[externalTankCapsule]:FOR[KSPCommunityFixes]
[LOG 17:59:32.461] Config(@PART[RCSFuelTank|rcsTankMini|RCSTank1-2]:FOR[KSPCommunityFixes]) KSPCommunityFixes/MMPatches/StockTweaks/ManufacturerFixes/@PART[RCSFuelTank|rcsTankMini|RCSTank1-2]:FOR[KSPCommunityFixes]
[LOG 17:59:32.461] Config(@PART[landerCabinSmall]:FOR[KSPCommunityFixes]) KSPCommunityFixes/MMPatches/StockTweaks/ManufacturerFixes/@PART[landerCabinSmall]:FOR[KSPCommunityFixes]
[LOG 17:59:32.461] Config(@PART[dockingPortLateral]:FOR[KSPCommunityFixes]) KSPCommunityFixes/MMPatches/StockTweaks/ManufacturerFixes/@PART[dockingPortLateral]:FOR[KSPCommunityFixes]
[LOG 17:59:32.461] Config(@PART[EnginePlate4]:FOR[KSPCommunityFixes]:NEEDS[SquadExpansion/MakingHistory]) KSPCommunityFixes/MMPatches/StockTweaks/ManufacturerFixes/@PART[EnginePlate4]:FOR[KSPCommunityFixes]:NEEDS[SquadExpansion/MakingHistory]
[LOG 17:59:32.461] Config(@PART[Mk2Pod]:FOR[KSPCommunityFixes]:NEEDS[SquadExpansion/MakingHistory]) KSPCommunityFixes/MMPatches/StockTweaks/ManufacturerFixes/@PART[Mk2Pod]:FOR[KSPCommunityFixes]:NEEDS[SquadExpansion/MakingHistory]
[LOG 17:59:32.461] Config(@PART[evaChute|parachuteSingle|parachuteRadial|radialDrogue|parachuteLarge|parachuteDrogue]:FOR[KSPCommunityFixes]) KSPCommunityFixes/MMPatches/StockTweaks/ManufacturerFixes/@PART[evaChute|parachuteSingle|parachuteRadial|radialDrogue|parachuteLarge|parachuteDrogue]:FOR[KSPCommunityFixes]
[LOG 17:59:32.461] Config(@PART[stackPoint1|dockingPort1|dockingPort2|dockingPort3|dockingPortLarge]:FOR[KSPCommunityFixes]) KSPCommunityFixes/MMPatches/StockTweaks/ManufacturerFixes/@PART[stackPoint1|dockingPort1|dockingPort2|dockingPort3|dockingPortLarge]:FOR[KSPCommunityFixes]
[LOG 17:59:32.462] Config(AGENT) KSPCommunityFixes/MMPatches/StockTweaks/ManufacturerFixes/Clamp-O-Tron
[LOG 17:59:32.462] Config(AGENT) KSPCommunityFixes/MMPatches/StockTweaks/ManufacturerFixes/FreeFall Parachutes
[LOG 17:59:32.462] Config(AGENT) KSPCommunityFixes/MMPatches/StockTweaks/ManufacturerFixes/LightYear Tire Company
[LOG 17:59:32.462] Config(AGENT) KSPCommunityFixes/MMPatches/StockTweaks/ManufacturerFixes/Stratus Corporation
[LOG 17:59:32.462] Config(Localization) KSPCommunityFixes/MMPatches/StockTweaks/ManufacturerFixes/Localization
[LOG 17:59:32.462] Config(KSPTextureLoader) KSPTextureLoader/KSPTextureLoader/KSPTextureLoader
[LOG 17:59:32.462] Config(COMET_ORBIT_TYPE) RealSolarSystem/CometDefs/centaur
[LOG 17:59:32.462] Config(COMET_ORBIT_TYPE) RealSolarSystem/CometDefs/sungrazer
[LOG 17:59:32.462] Config(@Contracts:FOR[RealSolarSystem]) RealSolarSystem/ContractModifier/@Contracts:FOR[RealSolarSystem]
[LOG 17:59:32.462] Config(@PART[*]:HAS[@MODULE[ModuleDataTransmitter]]) RealSolarSystem/DSN_Ranges/@PART[*]:HAS[@MODULE[ModuleDataTransmitter]]
[LOG 17:59:32.462] Config(@CUSTOMBARNKIT) RealSolarSystem/DSN_Ranges/@CUSTOMBARNKIT
[LOG 17:59:32.462] Config(@KERBAL_WIND:FOR[RealSolarSystem]:NEEDS[KerbalWind]) RealSolarSystem/KerbalWind/@KERBAL_WIND:FOR[RealSolarSystem]:NEEDS[KerbalWind]
[LOG 17:59:32.462] Config(@KSCSWITCHER:FOR[RealSolarSystem]) RealSolarSystem/LaunchSites/@KSCSWITCHER:FOR[RealSolarSystem]
[LOG 17:59:32.462] Config(@KSCSWITCHER:LAST[RealSolarSystem]) RealSolarSystem/LaunchSites/@KSCSWITCHER:LAST[RealSolarSystem]
[LOG 17:59:32.462] Config(@PHYSICSGLOBALS:FIRST) RealSolarSystem/PhysicsModifier/@PHYSICSGLOBALS:FIRST
[LOG 17:59:32.462] Config(REALSOLARSYSTEM) RealSolarSystem/RealSolarSystem/REALSOLARSYSTEM
[LOG 17:59:32.462] Config(RSSRUNWAYFIX) RealSolarSystem/RealSolarSystem/RSSRUNWAYFIX
[LOG 17:59:32.462] Config(@NIMBY:FOR[RealSolarSystem]) RealSolarSystem/RecoveryBeacons/@NIMBY:FOR[RealSolarSystem]
[LOG 17:59:32.462] Config(@RemoteTechSettings:FOR[RealSolarSystem]) RealSolarSystem/RemoteTech_Settings/@RemoteTechSettings:FOR[RealSolarSystem]
[LOG 17:59:32.462] Config(!ROC_DEFINITION:HAS[@CELESTIALBODY:HAS[#Name[Moho]]]:FOR[RealSolarSystem]) RealSolarSystem/ROCDefinitions/!ROC_DEFINITION:HAS[@CELESTIALBODY:HAS[#Name[Moho]]]:FOR[RealSolarSystem]
[LOG 17:59:32.462] Config(!ROC_DEFINITION:HAS[@CELESTIALBODY:HAS[#Name[Eve]]]:FOR[RealSolarSystem]) RealSolarSystem/ROCDefinitions/!ROC_DEFINITION:HAS[@CELESTIALBODY:HAS[#Name[Eve]]]:FOR[RealSolarSystem]
[LOG 17:59:32.462] Config(!ROC_DEFINITION:HAS[@CELESTIALBODY:HAS[#Name[Gilly]]]:FOR[RealSolarSystem]) RealSolarSystem/ROCDefinitions/!ROC_DEFINITION:HAS[@CELESTIALBODY:HAS[#Name[Gilly]]]:FOR[RealSolarSystem]
[LOG 17:59:32.462] Config(!ROC_DEFINITION:HAS[@CELESTIALBODY:HAS[#Name[Kerbin]]]:FOR[RealSolarSystem]) RealSolarSystem/ROCDefinitions/!ROC_DEFINITION:HAS[@CELESTIALBODY:HAS[#Name[Kerbin]]]:FOR[RealSolarSystem]
[LOG 17:59:32.462] Config(!ROC_DEFINITION:HAS[@CELESTIALBODY:HAS[#Name[Mun]]]:FOR[RealSolarSystem]) RealSolarSystem/ROCDefinitions/!ROC_DEFINITION:HAS[@CELESTIALBODY:HAS[#Name[Mun]]]:FOR[RealSolarSystem]
[LOG 17:59:32.462] Config(!ROC_DEFINITION:HAS[@CELESTIALBODY:HAS[#Name[Minmus]]]:FOR[RealSolarSystem]) RealSolarSystem/ROCDefinitions/!ROC_DEFINITION:HAS[@CELESTIALBODY:HAS[#Name[Minmus]]]:FOR[RealSolarSystem]
[LOG 17:59:32.462] Config(!ROC_DEFINITION:HAS[@CELESTIALBODY:HAS[#Name[Duna]]]:FOR[RealSolarSystem]) RealSolarSystem/ROCDefinitions/!ROC_DEFINITION:HAS[@CELESTIALBODY:HAS[#Name[Duna]]]:FOR[RealSolarSystem]
[LOG 17:59:32.462] Config(!ROC_DEFINITION:HAS[@CELESTIALBODY:HAS[#Name[Ike]]]:FOR[RealSolarSystem]) RealSolarSystem/ROCDefinitions/!ROC_DEFINITION:HAS[@CELESTIALBODY:HAS[#Name[Ike]]]:FOR[RealSolarSystem]
[LOG 17:59:32.463] Config(!ROC_DEFINITION:HAS[@CELESTIALBODY:HAS[#Name[Dres]]]:FOR[RealSolarSystem]) RealSolarSystem/ROCDefinitions/!ROC_DEFINITION:HAS[@CELESTIALBODY:HAS[#Name[Dres]]]:FOR[RealSolarSystem]
[LOG 17:59:32.463] Config(!ROC_DEFINITION:HAS[@CELESTIALBODY:HAS[#Name[Laythe]]]:FOR[RealSolarSystem]) RealSolarSystem/ROCDefinitions/!ROC_DEFINITION:HAS[@CELESTIALBODY:HAS[#Name[Laythe]]]:FOR[RealSolarSystem]
[LOG 17:59:32.463] Config(!ROC_DEFINITION:HAS[@CELESTIALBODY:HAS[#Name[Vall]]]:FOR[RealSolarSystem]) RealSolarSystem/ROCDefinitions/!ROC_DEFINITION:HAS[@CELESTIALBODY:HAS[#Name[Vall]]]:FOR[RealSolarSystem]
[LOG 17:59:32.463] Config(!ROC_DEFINITION:HAS[@CELESTIALBODY:HAS[#Name[Tylo]]]:FOR[RealSolarSystem]) RealSolarSystem/ROCDefinitions/!ROC_DEFINITION:HAS[@CELESTIALBODY:HAS[#Name[Tylo]]]:FOR[RealSolarSystem]
[LOG 17:59:32.463] Config(!ROC_DEFINITION:HAS[@CELESTIALBODY:HAS[#Name[Bop]]]:FOR[RealSolarSystem]) RealSolarSystem/ROCDefinitions/!ROC_DEFINITION:HAS[@CELESTIALBODY:HAS[#Name[Bop]]]:FOR[RealSolarSystem]
[LOG 17:59:32.463] Config(!ROC_DEFINITION:HAS[@CELESTIALBODY:HAS[#Name[Pol]]]:FOR[RealSolarSystem]) RealSolarSystem/ROCDefinitions/!ROC_DEFINITION:HAS[@CELESTIALBODY:HAS[#Name[Pol]]]:FOR[RealSolarSystem]
[LOG 17:59:32.463] Config(!ROC_DEFINITION:HAS[@CELESTIALBODY:HAS[#Name[Eeloo]]]:FOR[RealSolarSystem]) RealSolarSystem/ROCDefinitions/!ROC_DEFINITION:HAS[@CELESTIALBODY:HAS[#Name[Eeloo]]]:FOR[RealSolarSystem]
[LOG 17:59:32.463] Config(@Kopernicus_config:FOR[RealSolarSystem]) RealSolarSystem/RSSKopernicusSettings/@Kopernicus_config:FOR[RealSolarSystem]
[LOG 17:59:32.463] Config(@Kopernicus:FOR[RealSolarSystem]) RealSolarSystem/RSSKopernicusSettings/@Kopernicus:FOR[RealSolarSystem]
[LOG 17:59:32.463] Config(@Kopernicus:AFTER[RealSolarSystem]) RealSolarSystem/RSS_CommNet_Stations/@Kopernicus:AFTER[RealSolarSystem]
[LOG 17:59:32.463] Config(@Kopernicus:FOR[RealSolarSystem]) RealSolarSystem/RSS_TerrainDetailPresets/@Kopernicus:FOR[RealSolarSystem]
[LOG 17:59:32.463] Config(@EXPERIMENT_DEFINITION[*]:HAS[#id[crewReport]]) RealSolarSystem/ScienceDefs/@EXPERIMENT_DEFINITION[*]:HAS[#id[crewReport]]
[LOG 17:59:32.463] Config(@EXPERIMENT_DEFINITION[*]:HAS[#id[evaReport]]) RealSolarSystem/ScienceDefs/@EXPERIMENT_DEFINITION[*]:HAS[#id[evaReport]]
[LOG 17:59:32.463] Config(@EXPERIMENT_DEFINITION[*]:HAS[#id[surfaceSample]]) RealSolarSystem/ScienceDefs/@EXPERIMENT_DEFINITION[*]:HAS[#id[surfaceSample]]
[LOG 17:59:32.463] Config(@EXPERIMENT_DEFINITION[*]:HAS[#id[temperatureScan]]) RealSolarSystem/ScienceDefs/@EXPERIMENT_DEFINITION[*]:HAS[#id[temperatureScan]]
[LOG 17:59:32.463] Config(@EXPERIMENT_DEFINITION[*]:HAS[#id[seismicScan]]) RealSolarSystem/ScienceDefs/@EXPERIMENT_DEFINITION[*]:HAS[#id[seismicScan]]
[LOG 17:59:32.463] Config(@EXPERIMENT_DEFINITION[*]:HAS[#id[gravityScan]]) RealSolarSystem/ScienceDefs/@EXPERIMENT_DEFINITION[*]:HAS[#id[gravityScan]]
[LOG 17:59:32.463] Config(@EXPERIMENT_DEFINITION[*]:HAS[#id[atmosphereAnalysis]]) RealSolarSystem/ScienceDefs/@EXPERIMENT_DEFINITION[*]:HAS[#id[atmosphereAnalysis]]
[LOG 17:59:32.463] Config(@EXPERIMENT_DEFINITION[*]:HAS[#id[mysteryGoo]]) RealSolarSystem/ScienceDefs/@EXPERIMENT_DEFINITION[*]:HAS[#id[mysteryGoo]]
[LOG 17:59:32.463] Config(@EXPERIMENT_DEFINITION[*]:HAS[#id[mobileMaterialsLab]]) RealSolarSystem/ScienceDefs/@EXPERIMENT_DEFINITION[*]:HAS[#id[mobileMaterialsLab]]
[LOG 17:59:32.463] Config(EXPERIMENT_DEFINITION) RealSolarSystem/ScienceDefs/EXPERIMENT_DEFINITION
[LOG 17:59:32.463] Config(EXPERIMENT_DEFINITION) RealSolarSystem/ScienceDefs/EXPERIMENT_DEFINITION
[LOG 17:59:32.463] Config(@DEPLOYEDSCIENCE:AFTER[RealSolarSystem]) RealSolarSystem/Compatibility/BreakingGround/@DEPLOYEDSCIENCE:AFTER[RealSolarSystem]
[LOG 17:59:32.463] Config(@DEPLOYEDSCIENCE:AFTER[RealSolarSystem]) RealSolarSystem/Compatibility/BreakingGround/@DEPLOYEDSCIENCE:AFTER[RealSolarSystem]
[LOG 17:59:32.463] Config(!AsteroidSets[CustomAsteroids_*]:FOR[RealSolarSystem]) RealSolarSystem/Compatibility/CustomAsteroids/!AsteroidSets[CustomAsteroids_*]:FOR[RealSolarSystem]
[LOG 17:59:32.463] Config(@Kopernicus:AFTER[RealSolarSystem]:NEEDS[CustomAsteroids]) RealSolarSystem/Compatibility/CustomAsteroids/@Kopernicus:AFTER[RealSolarSystem]:NEEDS[CustomAsteroids]
[LOG 17:59:32.463] Config(CustomAsteroidPlanes) RealSolarSystem/Compatibility/CustomAsteroids/CustomAsteroidPlanes
[LOG 17:59:32.463] Config(@CustomAsteroidPlanes:FOR[RealSolarSystem]) RealSolarSystem/Compatibility/CustomAsteroids/@CustomAsteroidPlanes:FOR[RealSolarSystem]
[LOG 17:59:32.463] Config(AsteroidSets) RealSolarSystem/Compatibility/CustomAsteroids/RealSolarSystem_asteroids
[LOG 17:59:32.463] Config(@FARAeroData[default]:FOR[RealSolarSystem]) RealSolarSystem/Compatibility/FARAtmospheres/@FARAeroData[default]:FOR[RealSolarSystem]
[LOG 17:59:32.463] Config(PlanetshineCelestialBody) RealSolarSystem/Compatibility/PlanetShineColors/Callisto
[LOG 17:59:32.463] Config(PlanetshineCelestialBody) RealSolarSystem/Compatibility/PlanetShineColors/Deimos
[LOG 17:59:32.463] Config(PlanetshineCelestialBody) RealSolarSystem/Compatibility/PlanetShineColors/Dione
[LOG 17:59:32.463] Config(PlanetshineCelestialBody) RealSolarSystem/Compatibility/PlanetShineColors/Earth
[LOG 17:59:32.463] Config(PlanetshineCelestialBody) RealSolarSystem/Compatibility/PlanetShineColors/Enceladus
[LOG 17:59:32.463] Config(PlanetshineCelestialBody) RealSolarSystem/Compatibility/PlanetShineColors/Europa
[LOG 17:59:32.463] Config(PlanetshineCelestialBody) RealSolarSystem/Compatibility/PlanetShineColors/Ganymede
[LOG 17:59:32.463] Config(PlanetshineCelestialBody) RealSolarSystem/Compatibility/PlanetShineColors/Iapetus
[LOG 17:59:32.463] Config(PlanetshineCelestialBody) RealSolarSystem/Compatibility/PlanetShineColors/Io
[LOG 17:59:32.463] Config(PlanetshineCelestialBody) RealSolarSystem/Compatibility/PlanetShineColors/Jupiter
[LOG 17:59:32.463] Config(PlanetshineCelestialBody) RealSolarSystem/Compatibility/PlanetShineColors/Mars
[LOG 17:59:32.464] Config(PlanetshineCelestialBody) RealSolarSystem/Compatibility/PlanetShineColors/Mercury
[LOG 17:59:32.464] Config(PlanetshineCelestialBody) RealSolarSystem/Compatibility/PlanetShineColors/Mimas
[LOG 17:59:32.464] Config(PlanetshineCelestialBody) RealSolarSystem/Compatibility/PlanetShineColors/Moon
[LOG 17:59:32.464] Config(PlanetshineCelestialBody) RealSolarSystem/Compatibility/PlanetShineColors/Neptune
[LOG 17:59:32.464] Config(PlanetshineCelestialBody) RealSolarSystem/Compatibility/PlanetShineColors/Phobos
[LOG 17:59:32.464] Config(PlanetshineCelestialBody) RealSolarSystem/Compatibility/PlanetShineColors/Pluto
[LOG 17:59:32.464] Config(PlanetshineCelestialBody) RealSolarSystem/Compatibility/PlanetShineColors/Rhea
[LOG 17:59:32.464] Config(PlanetshineCelestialBody) RealSolarSystem/Compatibility/PlanetShineColors/Saturn
[LOG 17:59:32.464] Config(PlanetshineCelestialBody) RealSolarSystem/Compatibility/PlanetShineColors/Sun
[LOG 17:59:32.464] Config(PlanetshineCelestialBody) RealSolarSystem/Compatibility/PlanetShineColors/Tethys
[LOG 17:59:32.464] Config(PlanetshineCelestialBody) RealSolarSystem/Compatibility/PlanetShineColors/Titan
[LOG 17:59:32.464] Config(PlanetshineCelestialBody) RealSolarSystem/Compatibility/PlanetShineColors/Triton
[LOG 17:59:32.464] Config(PlanetshineCelestialBody) RealSolarSystem/Compatibility/PlanetShineColors/Uranus
[LOG 17:59:32.464] Config(PlanetshineCelestialBody) RealSolarSystem/Compatibility/PlanetShineColors/Venus
[LOG 17:59:32.464] Config(PlanetshineCelestialBody) RealSolarSystem/Compatibility/PlanetShineColors/Ceres
[LOG 17:59:32.464] Config(PlanetshineCelestialBody) RealSolarSystem/Compatibility/PlanetShineColors/Vesta
[LOG 17:59:32.464] Config(PlanetshineCelestialBody) RealSolarSystem/Compatibility/PlanetShineColors/Miranda
[LOG 17:59:32.464] Config(PlanetshineCelestialBody) RealSolarSystem/Compatibility/PlanetShineColors/Ariel
[LOG 17:59:32.464] Config(PlanetshineCelestialBody) RealSolarSystem/Compatibility/PlanetShineColors/Umbriel
[LOG 17:59:32.464] Config(PlanetshineCelestialBody) RealSolarSystem/Compatibility/PlanetShineColors/Titania
[LOG 17:59:32.464] Config(PlanetshineCelestialBody) RealSolarSystem/Compatibility/PlanetShineColors/Oberon
[LOG 17:59:32.464] Config(PlanetshineCelestialBody) RealSolarSystem/Compatibility/PlanetShineColors/Charon
[LOG 17:59:32.464] Config(@REALSOLARSYSTEM:FOR[RationalResourcesAU]) RealSolarSystem/Compatibility/RationalResources/@REALSOLARSYSTEM:FOR[RationalResourcesAU]
[LOG 17:59:32.464] Config(@PART[SCANsat_Scanner]:FOR[RealSolarSystem]) RealSolarSystem/Compatibility/SCANsat/@PART[SCANsat_Scanner]:FOR[RealSolarSystem]
[LOG 17:59:32.464] Config(@PART[SCANsat_Scanner2]:FOR[RealSolarSystem]) RealSolarSystem/Compatibility/SCANsat/@PART[SCANsat_Scanner2]:FOR[RealSolarSystem]
[LOG 17:59:32.464] Config(@PART[SCANsat_Scanner24]:FOR[RealSolarSystem]) RealSolarSystem/Compatibility/SCANsat/@PART[SCANsat_Scanner24]:FOR[RealSolarSystem]
[LOG 17:59:32.464] Config(@PART[SCANsat_Scanner32]:FOR[RealSolarSystem]) RealSolarSystem/Compatibility/SCANsat/@PART[SCANsat_Scanner32]:FOR[RealSolarSystem]
[LOG 17:59:32.464] Config(@PART[*]:HAS[@MODULE[ModuleSCANresourceScanner]]:FOR[RealSolarSystem]) RealSolarSystem/Compatibility/SCANsat/@PART[*]:HAS[@MODULE[ModuleSCANresourceScanner]]:FOR[RealSolarSystem]
[LOG 17:59:32.464] Config(@PART[*]:HAS[@MODULE[SCANsat]]:FOR[RealSolarSystem]) RealSolarSystem/Compatibility/SCANsat/@PART[*]:HAS[@MODULE[SCANsat]]:FOR[RealSolarSystem]
[LOG 17:59:32.464] Config(@PART[*]:HAS[@MODULE[ModuleSCANresourceScanner]]:FOR[RealSolarSystem]) RealSolarSystem/Compatibility/SCANsat/@PART[*]:HAS[@MODULE[ModuleSCANresourceScanner]]:FOR[RealSolarSystem]
[LOG 17:59:32.465] Config(@COACH_COMMNET[CommNet]) RealSolarSystem/Compatibility/SCANsat/@COACH_COMMNET[CommNet]
[LOG 17:59:32.465] Config(TextureReplacer) RealSolarSystem/Compatibility/TextureReplacer/TextureReplacer
[LOG 17:59:32.465] Config(@ParallaxGlobalConfig:FOR[RealSolarSystem]) RealSolarSystem/Compatibility/Parallax/Parallax/@ParallaxGlobalConfig:FOR[RealSolarSystem]
[LOG 17:59:32.465] Config(@Parallax:FOR[RealSolarSystem]:NEEDS[Parallax,Parallax_StockTextures]) RealSolarSystem/Compatibility/Parallax/Parallax/@Parallax:FOR[RealSolarSystem]:NEEDS[Parallax,Parallax_StockTextures]
[LOG 17:59:32.465] Config(@Kopernicus:AFTER[RealSolarSystem]:NEEDS[Parallax,Parallax_StockTextures]) RealSolarSystem/Compatibility/Parallax/Parallax/@Kopernicus:AFTER[RealSolarSystem]:NEEDS[Parallax,Parallax_StockTextures]
[LOG 17:59:32.465] Config(Localization) RealSolarSystem/Localization/en-us/Localization
[LOG 17:59:32.465] Config(Localization) RealSolarSystem/Localization/fr-fr/Localization
[LOG 17:59:32.465] Config(Localization) RealSolarSystem/Localization/ru/Localization
[LOG 17:59:32.465] Config(Localization) RealSolarSystem/Localization/zh-cn/Localization
[LOG 17:59:32.465] Config(Localization) RealSolarSystem/Localization/LaunchSites/en-us/Localization
[LOG 17:59:32.465] Config(Localization) RealSolarSystem/Localization/LaunchSites/zh-cn/Localization
[LOG 17:59:32.465] Config(PLANETARY_RESOURCE) RealSolarSystem/ResourceConfigs/ArgonGas/PLANETARY_RESOURCE
[LOG 17:59:32.465] Config(PLANETARY_RESOURCE) RealSolarSystem/ResourceConfigs/ArgonGas/PLANETARY_RESOURCE
[LOG 17:59:32.465] Config(PLANETARY_RESOURCE) RealSolarSystem/ResourceConfigs/ArgonGas/PLANETARY_RESOURCE
[LOG 17:59:32.465] Config(PLANETARY_RESOURCE) RealSolarSystem/ResourceConfigs/CarbonDioxide/PLANETARY_RESOURCE
[LOG 17:59:32.465] Config(PLANETARY_RESOURCE) RealSolarSystem/ResourceConfigs/CarbonDioxide/PLANETARY_RESOURCE
[LOG 17:59:32.465] Config(PLANETARY_RESOURCE) RealSolarSystem/ResourceConfigs/CarbonDioxide/PLANETARY_RESOURCE
[LOG 17:59:32.465] Config(BIOME_RESOURCE) RealSolarSystem/ResourceConfigs/CarbonDioxide/BIOME_RESOURCE
[LOG 17:59:32.465] Config(BIOME_RESOURCE) RealSolarSystem/ResourceConfigs/CarbonDioxide/BIOME_RESOURCE
[LOG 17:59:32.465] Config(PLANETARY_RESOURCE) RealSolarSystem/ResourceConfigs/Dirt/PLANETARY_RESOURCE
[LOG 17:59:32.465] Config(PLANETARY_RESOURCE) RealSolarSystem/ResourceConfigs/Dirt/PLANETARY_RESOURCE
[LOG 17:59:32.465] Config(PLANETARY_RESOURCE) RealSolarSystem/ResourceConfigs/Dirt/PLANETARY_RESOURCE
[LOG 17:59:32.465] Config(PLANETARY_RESOURCE) RealSolarSystem/ResourceConfigs/Dirt/PLANETARY_RESOURCE
[LOG 17:59:32.465] Config(PLANETARY_RESOURCE) RealSolarSystem/ResourceConfigs/Ethane/PLANETARY_RESOURCE
[LOG 17:59:32.465] Config(PLANETARY_RESOURCE) RealSolarSystem/ResourceConfigs/ExoticMinerals/PLANETARY_RESOURCE
[LOG 17:59:32.465] Config(PLANETARY_RESOURCE) RealSolarSystem/ResourceConfigs/ExoticMinerals/PLANETARY_RESOURCE
[LOG 17:59:32.465] Config(PLANETARY_RESOURCE) RealSolarSystem/ResourceConfigs/ExoticMinerals/PLANETARY_RESOURCE
[LOG 17:59:32.466] Config(PLANETARY_RESOURCE) RealSolarSystem/ResourceConfigs/ExoticMinerals/PLANETARY_RESOURCE
[LOG 17:59:32.466] Config(PLANETARY_RESOURCE) RealSolarSystem/ResourceConfigs/Gypsum/PLANETARY_RESOURCE
[LOG 17:59:32.466] Config(PLANETARY_RESOURCE) RealSolarSystem/ResourceConfigs/Gypsum/PLANETARY_RESOURCE
[LOG 17:59:32.466] Config(PLANETARY_RESOURCE) RealSolarSystem/ResourceConfigs/Gypsum/PLANETARY_RESOURCE
[LOG 17:59:32.466] Config(PLANETARY_RESOURCE) RealSolarSystem/ResourceConfigs/Gypsum/PLANETARY_RESOURCE
[LOG 17:59:32.466] Config(PLANETARY_RESOURCE) RealSolarSystem/ResourceConfigs/Gypsum/PLANETARY_RESOURCE
[LOG 17:59:32.466] Config(BIOME_RESOURCE) RealSolarSystem/ResourceConfigs/Gypsum/BIOME_RESOURCE
[LOG 17:59:32.466] Config(PLANETARY_RESOURCE) RealSolarSystem/ResourceConfigs/Helium/PLANETARY_RESOURCE
[LOG 17:59:32.466] Config(PLANETARY_RESOURCE) RealSolarSystem/ResourceConfigs/Helium/PLANETARY_RESOURCE
[LOG 17:59:32.466] Config(PLANETARY_RESOURCE) RealSolarSystem/ResourceConfigs/Helium/PLANETARY_RESOURCE
[LOG 17:59:32.466] Config(PLANETARY_RESOURCE) RealSolarSystem/ResourceConfigs/Helium/PLANETARY_RESOURCE
[LOG 17:59:32.466] Config(PLANETARY_RESOURCE) RealSolarSystem/ResourceConfigs/Hydrates/PLANETARY_RESOURCE
[LOG 17:59:32.466] Config(PLANETARY_RESOURCE) RealSolarSystem/ResourceConfigs/Hydrates/PLANETARY_RESOURCE
[LOG 17:59:32.466] Config(PLANETARY_RESOURCE) RealSolarSystem/ResourceConfigs/Hydrates/PLANETARY_RESOURCE
[LOG 17:59:32.466] Config(PLANETARY_RESOURCE) RealSolarSystem/ResourceConfigs/Hydrates/PLANETARY_RESOURCE
[LOG 17:59:32.466] Config(PLANETARY_RESOURCE) RealSolarSystem/ResourceConfigs/Hydrates/PLANETARY_RESOURCE
[LOG 17:59:32.466] Config(PLANETARY_RESOURCE) RealSolarSystem/ResourceConfigs/Hydrogen/PLANETARY_RESOURCE
[LOG 17:59:32.466] Config(PLANETARY_RESOURCE) RealSolarSystem/ResourceConfigs/Hydrogen/PLANETARY_RESOURCE
[LOG 17:59:32.466] Config(PLANETARY_RESOURCE) RealSolarSystem/ResourceConfigs/Hydrogen/PLANETARY_RESOURCE
[LOG 17:59:32.466] Config(PLANETARY_RESOURCE) RealSolarSystem/ResourceConfigs/Hydrogen/PLANETARY_RESOURCE
[LOG 17:59:32.466] Config(PLANETARY_RESOURCE) RealSolarSystem/ResourceConfigs/Karbonite/PLANETARY_RESOURCE
[LOG 17:59:32.466] Config(PLANETARY_RESOURCE) RealSolarSystem/ResourceConfigs/Karbonite/PLANETARY_RESOURCE
[LOG 17:59:32.466] Config(PLANETARY_RESOURCE) RealSolarSystem/ResourceConfigs/Karbonite/PLANETARY_RESOURCE
[LOG 17:59:32.466] Config(PLANETARY_RESOURCE) RealSolarSystem/ResourceConfigs/Karbonite/PLANETARY_RESOURCE
[LOG 17:59:32.466] Config(PLANETARY_RESOURCE) RealSolarSystem/ResourceConfigs/Karbonite/PLANETARY_RESOURCE
[LOG 17:59:32.466] Config(PLANETARY_RESOURCE) RealSolarSystem/ResourceConfigs/Karbonite/PLANETARY_RESOURCE
[LOG 17:59:32.466] Config(PLANETARY_RESOURCE) RealSolarSystem/ResourceConfigs/Karbonite/PLANETARY_RESOURCE
[LOG 17:59:32.466] Config(PLANETARY_RESOURCE) RealSolarSystem/ResourceConfigs/Karbonite/PLANETARY_RESOURCE
[LOG 17:59:32.466] Config(PLANETARY_RESOURCE) RealSolarSystem/ResourceConfigs/Karbonite/PLANETARY_RESOURCE
[LOG 17:59:32.467] Config(PLANETARY_RESOURCE) RealSolarSystem/ResourceConfigs/Karbonite/PLANETARY_RESOURCE
[LOG 17:59:32.467] Config(PLANETARY_RESOURCE) RealSolarSystem/ResourceConfigs/Karbonite/PLANETARY_RESOURCE
[LOG 17:59:32.467] Config(PLANETARY_RESOURCE) RealSolarSystem/ResourceConfigs/Karbonite/PLANETARY_RESOURCE
[LOG 17:59:32.467] Config(PLANETARY_RESOURCE) RealSolarSystem/ResourceConfigs/Karbonite/PLANETARY_RESOURCE
[LOG 17:59:32.467] Config(PLANETARY_RESOURCE) RealSolarSystem/ResourceConfigs/Karbonite/PLANETARY_RESOURCE
[LOG 17:59:32.467] Config(PLANETARY_RESOURCE) RealSolarSystem/ResourceConfigs/Karbonite/PLANETARY_RESOURCE
[LOG 17:59:32.467] Config(PLANETARY_RESOURCE) RealSolarSystem/ResourceConfigs/Karbonite/PLANETARY_RESOURCE
[LOG 17:59:32.467] Config(PLANETARY_RESOURCE) RealSolarSystem/ResourceConfigs/Karbonite/PLANETARY_RESOURCE
[LOG 17:59:32.467] Config(PLANETARY_RESOURCE) RealSolarSystem/ResourceConfigs/Karbonite/PLANETARY_RESOURCE
[LOG 17:59:32.467] Config(PLANETARY_RESOURCE) RealSolarSystem/ResourceConfigs/Karbonite/PLANETARY_RESOURCE
[LOG 17:59:32.467] Config(PLANETARY_RESOURCE) RealSolarSystem/ResourceConfigs/Karbonite/PLANETARY_RESOURCE
[LOG 17:59:32.467] Config(PLANETARY_RESOURCE) RealSolarSystem/ResourceConfigs/Karborundum/PLANETARY_RESOURCE
[LOG 17:59:32.467] Config(PLANETARY_RESOURCE) RealSolarSystem/ResourceConfigs/Karborundum/PLANETARY_RESOURCE
[LOG 17:59:32.467] Config(PLANETARY_RESOURCE) RealSolarSystem/ResourceConfigs/Karborundum/PLANETARY_RESOURCE
[LOG 17:59:32.467] Config(PLANETARY_RESOURCE) RealSolarSystem/ResourceConfigs/Karborundum/PLANETARY_RESOURCE
[LOG 17:59:32.467] Config(PLANETARY_RESOURCE) RealSolarSystem/ResourceConfigs/Karborundum/PLANETARY_RESOURCE
[LOG 17:59:32.467] Config(PLANETARY_RESOURCE) RealSolarSystem/ResourceConfigs/Karborundum/PLANETARY_RESOURCE
[LOG 17:59:32.467] Config(PLANETARY_RESOURCE) RealSolarSystem/ResourceConfigs/Karborundum/PLANETARY_RESOURCE
[LOG 17:59:32.467] Config(PLANETARY_RESOURCE) RealSolarSystem/ResourceConfigs/MetallicOre/PLANETARY_RESOURCE
[LOG 17:59:32.467] Config(PLANETARY_RESOURCE) RealSolarSystem/ResourceConfigs/MetallicOre/PLANETARY_RESOURCE
[LOG 17:59:32.467] Config(PLANETARY_RESOURCE) RealSolarSystem/ResourceConfigs/MetallicOre/PLANETARY_RESOURCE
[LOG 17:59:32.467] Config(PLANETARY_RESOURCE) RealSolarSystem/ResourceConfigs/MetallicOre/PLANETARY_RESOURCE
[LOG 17:59:32.467] Config(PLANETARY_RESOURCE) RealSolarSystem/ResourceConfigs/MetallicOre/PLANETARY_RESOURCE
[LOG 17:59:32.467] Config(PLANETARY_RESOURCE) RealSolarSystem/ResourceConfigs/Methane/PLANETARY_RESOURCE
[LOG 17:59:32.467] Config(PLANETARY_RESOURCE) RealSolarSystem/ResourceConfigs/Methane/PLANETARY_RESOURCE
[LOG 17:59:32.467] Config(PLANETARY_RESOURCE) RealSolarSystem/ResourceConfigs/Methane/PLANETARY_RESOURCE
[LOG 17:59:32.467] Config(PLANETARY_RESOURCE) RealSolarSystem/ResourceConfigs/Methane/PLANETARY_RESOURCE
[LOG 17:59:32.467] Config(PLANETARY_RESOURCE) RealSolarSystem/ResourceConfigs/Methane/PLANETARY_RESOURCE
[LOG 17:59:32.468] Config(PLANETARY_RESOURCE) RealSolarSystem/ResourceConfigs/Methane/PLANETARY_RESOURCE
[LOG 17:59:32.468] Config(PLANETARY_RESOURCE) RealSolarSystem/ResourceConfigs/Methane/PLANETARY_RESOURCE
[LOG 17:59:32.468] Config(PLANETARY_RESOURCE) RealSolarSystem/ResourceConfigs/Methane/PLANETARY_RESOURCE
[LOG 17:59:32.468] Config(PLANETARY_RESOURCE) RealSolarSystem/ResourceConfigs/Methane/PLANETARY_RESOURCE
[LOG 17:59:32.468] Config(PLANETARY_RESOURCE) RealSolarSystem/ResourceConfigs/Methane/PLANETARY_RESOURCE
[LOG 17:59:32.468] Config(PLANETARY_RESOURCE) RealSolarSystem/ResourceConfigs/Methane/PLANETARY_RESOURCE
[LOG 17:59:32.468] Config(PLANETARY_RESOURCE) RealSolarSystem/ResourceConfigs/Methane/PLANETARY_RESOURCE
[LOG 17:59:32.468] Config(PLANETARY_RESOURCE) RealSolarSystem/ResourceConfigs/Methane/PLANETARY_RESOURCE
[LOG 17:59:32.468] Config(PLANETARY_RESOURCE) RealSolarSystem/ResourceConfigs/Methane/PLANETARY_RESOURCE
[LOG 17:59:32.468] Config(PLANETARY_RESOURCE) RealSolarSystem/ResourceConfigs/Methane/PLANETARY_RESOURCE
[LOG 17:59:32.468] Config(PLANETARY_RESOURCE) RealSolarSystem/ResourceConfigs/Methane/PLANETARY_RESOURCE
[LOG 17:59:32.468] Config(PLANETARY_RESOURCE) RealSolarSystem/ResourceConfigs/Minerals/PLANETARY_RESOURCE
[LOG 17:59:32.468] Config(PLANETARY_RESOURCE) RealSolarSystem/ResourceConfigs/Minerals/PLANETARY_RESOURCE
[LOG 17:59:32.468] Config(PLANETARY_RESOURCE) RealSolarSystem/ResourceConfigs/Minerals/PLANETARY_RESOURCE
[LOG 17:59:32.468] Config(PLANETARY_RESOURCE) RealSolarSystem/ResourceConfigs/Minerals/PLANETARY_RESOURCE
[LOG 17:59:32.468] Config(PLANETARY_RESOURCE) RealSolarSystem/ResourceConfigs/Minerals/PLANETARY_RESOURCE
[LOG 17:59:32.468] Config(PLANETARY_RESOURCE) RealSolarSystem/ResourceConfigs/Nitrogen/PLANETARY_RESOURCE
[LOG 17:59:32.468] Config(PLANETARY_RESOURCE) RealSolarSystem/ResourceConfigs/Nitrogen/PLANETARY_RESOURCE
[LOG 17:59:32.468] Config(PLANETARY_RESOURCE) RealSolarSystem/ResourceConfigs/Nitrogen/PLANETARY_RESOURCE
[LOG 17:59:32.468] Config(PLANETARY_RESOURCE) RealSolarSystem/ResourceConfigs/Nitrogen/PLANETARY_RESOURCE
[LOG 17:59:32.468] Config(PLANETARY_RESOURCE) RealSolarSystem/ResourceConfigs/Nitrogen/PLANETARY_RESOURCE
[LOG 17:59:32.468] Config(PLANETARY_RESOURCE) RealSolarSystem/ResourceConfigs/Nitrogen/PLANETARY_RESOURCE
[LOG 17:59:32.468] Config(PLANETARY_RESOURCE) RealSolarSystem/ResourceConfigs/Ore/PLANETARY_RESOURCE
[LOG 17:59:32.468] Config(PLANETARY_RESOURCE) RealSolarSystem/ResourceConfigs/Ore/PLANETARY_RESOURCE
[LOG 17:59:32.468] Config(PLANETARY_RESOURCE) RealSolarSystem/ResourceConfigs/Ore/PLANETARY_RESOURCE
[LOG 17:59:32.469] Config(PLANETARY_RESOURCE) RealSolarSystem/ResourceConfigs/Ore/PLANETARY_RESOURCE
[LOG 17:59:32.469] Config(PLANETARY_RESOURCE) RealSolarSystem/ResourceConfigs/Oxygen/PLANETARY_RESOURCE
[LOG 17:59:32.469] Config(PLANETARY_RESOURCE) RealSolarSystem/ResourceConfigs/Oxygen/PLANETARY_RESOURCE
[LOG 17:59:32.469] Config(PLANETARY_RESOURCE) RealSolarSystem/ResourceConfigs/RareMetals/PLANETARY_RESOURCE
[LOG 17:59:32.469] Config(PLANETARY_RESOURCE) RealSolarSystem/ResourceConfigs/RareMetals/PLANETARY_RESOURCE
[LOG 17:59:32.469] Config(PLANETARY_RESOURCE) RealSolarSystem/ResourceConfigs/RareMetals/PLANETARY_RESOURCE
[LOG 17:59:32.469] Config(PLANETARY_RESOURCE) RealSolarSystem/ResourceConfigs/RareMetals/PLANETARY_RESOURCE
[LOG 17:59:32.469] Config(PLANETARY_RESOURCE) RealSolarSystem/ResourceConfigs/RareMetals/PLANETARY_RESOURCE
[LOG 17:59:32.469] Config(PLANETARY_RESOURCE) RealSolarSystem/ResourceConfigs/Substrate/PLANETARY_RESOURCE
[LOG 17:59:32.469] Config(PLANETARY_RESOURCE) RealSolarSystem/ResourceConfigs/Substrate/PLANETARY_RESOURCE
[LOG 17:59:32.469] Config(PLANETARY_RESOURCE) RealSolarSystem/ResourceConfigs/Substrate/PLANETARY_RESOURCE
[LOG 17:59:32.469] Config(PLANETARY_RESOURCE) RealSolarSystem/ResourceConfigs/Substrate/PLANETARY_RESOURCE
[LOG 17:59:32.469] Config(PLANETARY_RESOURCE) RealSolarSystem/ResourceConfigs/Substrate/PLANETARY_RESOURCE
[LOG 17:59:32.469] Config(PLANETARY_RESOURCE) RealSolarSystem/ResourceConfigs/Uraninite/PLANETARY_RESOURCE
[LOG 17:59:32.469] Config(PLANETARY_RESOURCE) RealSolarSystem/ResourceConfigs/Uraninite/PLANETARY_RESOURCE
[LOG 17:59:32.469] Config(PLANETARY_RESOURCE) RealSolarSystem/ResourceConfigs/Uraninite/PLANETARY_RESOURCE
[LOG 17:59:32.469] Config(PLANETARY_RESOURCE) RealSolarSystem/ResourceConfigs/Uraninite/PLANETARY_RESOURCE
[LOG 17:59:32.469] Config(PLANETARY_RESOURCE) RealSolarSystem/ResourceConfigs/Uraninite/PLANETARY_RESOURCE
[LOG 17:59:32.469] Config(PLANETARY_RESOURCE) RealSolarSystem/ResourceConfigs/Water/PLANETARY_RESOURCE
[LOG 17:59:32.469] Config(PLANETARY_RESOURCE) RealSolarSystem/ResourceConfigs/Water/PLANETARY_RESOURCE
[LOG 17:59:32.469] Config(PLANETARY_RESOURCE) RealSolarSystem/ResourceConfigs/Water/PLANETARY_RESOURCE
[LOG 17:59:32.469] Config(PLANETARY_RESOURCE) RealSolarSystem/ResourceConfigs/Water/PLANETARY_RESOURCE
[LOG 17:59:32.469] Config(PLANETARY_RESOURCE) RealSolarSystem/ResourceConfigs/Water/PLANETARY_RESOURCE
[LOG 17:59:32.469] Config(PLANETARY_RESOURCE) RealSolarSystem/ResourceConfigs/Water/PLANETARY_RESOURCE
[LOG 17:59:32.469] Config(PLANETARY_RESOURCE) RealSolarSystem/ResourceConfigs/Water/PLANETARY_RESOURCE
[LOG 17:59:32.469] Config(PLANETARY_RESOURCE) RealSolarSystem/ResourceConfigs/Water/PLANETARY_RESOURCE
[LOG 17:59:32.469] Config(PLANETARY_RESOURCE) RealSolarSystem/ResourceConfigs/Water/PLANETARY_RESOURCE
[LOG 17:59:32.469] Config(PLANETARY_RESOURCE) RealSolarSystem/ResourceConfigs/Water/PLANETARY_RESOURCE
[LOG 17:59:32.469] Config(PLANETARY_RESOURCE) RealSolarSystem/ResourceConfigs/Water/PLANETARY_RESOURCE
[LOG 17:59:32.469] Config(PLANETARY_RESOURCE) RealSolarSystem/ResourceConfigs/Water/PLANETARY_RESOURCE
[LOG 17:59:32.470] Config(BIOME_RESOURCE) RealSolarSystem/ResourceConfigs/Water/BIOME_RESOURCE
[LOG 17:59:32.470] Config(BIOME_RESOURCE) RealSolarSystem/ResourceConfigs/Water/BIOME_RESOURCE
[LOG 17:59:32.470] Config(BIOME_RESOURCE) RealSolarSystem/ResourceConfigs/Water/BIOME_RESOURCE
[LOG 17:59:32.470] Config(PLANETARY_RESOURCE) RealSolarSystem/ResourceConfigs/Water/PLANETARY_RESOURCE
[LOG 17:59:32.470] Config(PLANETARY_RESOURCE) RealSolarSystem/ResourceConfigs/Water/PLANETARY_RESOURCE
[LOG 17:59:32.470] Config(PLANETARY_RESOURCE) RealSolarSystem/ResourceConfigs/Water/PLANETARY_RESOURCE
[LOG 17:59:32.470] Config(PLANETARY_RESOURCE) RealSolarSystem/ResourceConfigs/Water/PLANETARY_RESOURCE
[LOG 17:59:32.470] Config(PLANETARY_RESOURCE) RealSolarSystem/ResourceConfigs/XenonGas/PLANETARY_RESOURCE
[LOG 17:59:32.470] Config(PLANETARY_RESOURCE) RealSolarSystem/ResourceConfigs/XenonGas/PLANETARY_RESOURCE
[LOG 17:59:32.470] Config(@Kopernicus:AFTER[RealSolarSystem]) RealSolarSystem/RSSKopernicus/NavballSwitchAltitude/@Kopernicus:AFTER[RealSolarSystem]
[LOG 17:59:32.470] Config(@Kopernicus:FOR[RealSolarSystem]) RealSolarSystem/RSSKopernicus/Sun/@Kopernicus:FOR[RealSolarSystem]
[LOG 17:59:32.470] Config(@Kopernicus:FOR[RealSolarSystem]) RealSolarSystem/RSSKopernicus/Asteroids/Asteroids/@Kopernicus:FOR[RealSolarSystem]
[LOG 17:59:32.470] Config(@PART[*]:HAS[@MODULE[ModuleAsteroid]]:FOR[RealSolarSystem]) RealSolarSystem/RSSKopernicus/Asteroids/Asteroids/@PART[*]:HAS[@MODULE[ModuleAsteroid]]:FOR[RealSolarSystem]
[LOG 17:59:32.470] Config(@Kopernicus:FOR[RealSolarSystem]) RealSolarSystem/RSSKopernicus/Ceres/Ceres/@Kopernicus:FOR[RealSolarSystem]
[LOG 17:59:32.470] Config(@Kopernicus:FOR[RealSolarSystem]) RealSolarSystem/RSSKopernicus/Earth/Earth/@Kopernicus:FOR[RealSolarSystem]
[LOG 17:59:32.470] Config(@Kopernicus:FOR[RealSolarSystem]) RealSolarSystem/RSSKopernicus/Earth/Moon/@Kopernicus:FOR[RealSolarSystem]
[LOG 17:59:32.470] Config(@Kopernicus:FOR[RealSolarSystem]) RealSolarSystem/RSSKopernicus/Jupiter/Callisto/@Kopernicus:FOR[RealSolarSystem]
[LOG 17:59:32.470] Config(@Kopernicus:FOR[RealSolarSystem]) RealSolarSystem/RSSKopernicus/Jupiter/Europa/@Kopernicus:FOR[RealSolarSystem]
[LOG 17:59:32.470] Config(@Kopernicus:FOR[RealSolarSystem]) RealSolarSystem/RSSKopernicus/Jupiter/Ganymede/@Kopernicus:FOR[RealSolarSystem]
[LOG 17:59:32.470] Config(@Kopernicus:FOR[RealSolarSystem]) RealSolarSystem/RSSKopernicus/Jupiter/Io/@Kopernicus:FOR[RealSolarSystem]
[LOG 17:59:32.470] Config(@Kopernicus:FOR[RealSolarSystem]) RealSolarSystem/RSSKopernicus/Jupiter/Jupiter/@Kopernicus:FOR[RealSolarSystem]
[LOG 17:59:32.470] Config(@Kopernicus:FOR[RealSolarSystem]) RealSolarSystem/RSSKopernicus/Jupiter/Jupiter_Oblate/@Kopernicus:FOR[RealSolarSystem]
[LOG 17:59:32.470] Config(@Kopernicus:FOR[RealSolarSystem]) RealSolarSystem/RSSKopernicus/Mars/Deimos/@Kopernicus:FOR[RealSolarSystem]
[LOG 17:59:32.470] Config(@Kopernicus:FOR[RealSolarSystem]) RealSolarSystem/RSSKopernicus/Mars/Mars/@Kopernicus:FOR[RealSolarSystem]
[LOG 17:59:32.470] Config(@Kopernicus:FOR[RealSolarSystem]) RealSolarSystem/RSSKopernicus/Mars/Phobos/@Kopernicus:FOR[RealSolarSystem]
[LOG 17:59:32.471] Config(@Kopernicus:FOR[RealSolarSystem]) RealSolarSystem/RSSKopernicus/Mercury/Mercury/@Kopernicus:FOR[RealSolarSystem]
[LOG 17:59:32.471] Config(@Kopernicus:FOR[RealSolarSystem]) RealSolarSystem/RSSKopernicus/Neptune/Neptune/@Kopernicus:FOR[RealSolarSystem]
[LOG 17:59:32.471] Config(@Kopernicus:FOR[RealSolarSystem]) RealSolarSystem/RSSKopernicus/Neptune/Neptune_Oblate/@Kopernicus:FOR[RealSolarSystem]
[LOG 17:59:32.471] Config(@Kopernicus:FOR[RealSolarSystem]) RealSolarSystem/RSSKopernicus/Neptune/Triton/@Kopernicus:FOR[RealSolarSystem]
[LOG 17:59:32.471] Config(@Kopernicus:FOR[RealSolarSystem]) RealSolarSystem/RSSKopernicus/Neptune/Triton_Rotation/@Kopernicus:FOR[RealSolarSystem]
[LOG 17:59:32.471] Config(@Kopernicus:FOR[RealSolarSystem]) RealSolarSystem/RSSKopernicus/Pluto/Charon/@Kopernicus:FOR[RealSolarSystem]
[LOG 17:59:32.471] Config(@Kopernicus:FOR[RealSolarSystem]) RealSolarSystem/RSSKopernicus/Pluto/Pluto/@Kopernicus:FOR[RealSolarSystem]
[LOG 17:59:32.471] Config(@Kopernicus:FOR[RealSolarSystem]) RealSolarSystem/RSSKopernicus/Pluto/RotationPeriod/@Kopernicus:FOR[RealSolarSystem]
[LOG 17:59:32.471] Config(@Kopernicus:FOR[RealSolarSystem]) RealSolarSystem/RSSKopernicus/Saturn/Dione/@Kopernicus:FOR[RealSolarSystem]
[LOG 17:59:32.471] Config(@Kopernicus:FOR[RealSolarSystem]) RealSolarSystem/RSSKopernicus/Saturn/Enceladus/@Kopernicus:FOR[RealSolarSystem]
[LOG 17:59:32.471] Config(@Kopernicus:FOR[RealSolarSystem]) RealSolarSystem/RSSKopernicus/Saturn/Iapetus/@Kopernicus:FOR[RealSolarSystem]
[LOG 17:59:32.471] Config(@Kopernicus:FOR[RealSolarSystem]) RealSolarSystem/RSSKopernicus/Saturn/Mimas/@Kopernicus:FOR[RealSolarSystem]
[LOG 17:59:32.471] Config(@Kopernicus:FOR[RealSolarSystem]) RealSolarSystem/RSSKopernicus/Saturn/Rhea/@Kopernicus:FOR[RealSolarSystem]
[LOG 17:59:32.471] Config(@Kopernicus:FOR[RealSolarSystem]) RealSolarSystem/RSSKopernicus/Saturn/Saturn/@Kopernicus:FOR[RealSolarSystem]
[LOG 17:59:32.471] Config(@Kopernicus:FOR[RealSolarSystem]) RealSolarSystem/RSSKopernicus/Saturn/Saturn_Oblate/@Kopernicus:FOR[RealSolarSystem]
[LOG 17:59:32.471] Config(@Kopernicus:FOR[RealSolarSystem]) RealSolarSystem/RSSKopernicus/Saturn/Tethys/@Kopernicus:FOR[RealSolarSystem]
[LOG 17:59:32.471] Config(@Kopernicus:FOR[RealSolarSystem]) RealSolarSystem/RSSKopernicus/Saturn/Titan/@Kopernicus:FOR[RealSolarSystem]
[LOG 17:59:32.471] Config(@Kopernicus:FOR[RealSolarSystem]) RealSolarSystem/RSSKopernicus/Uranus/Ariel/@Kopernicus:FOR[RealSolarSystem]
[LOG 17:59:32.471] Config(@Kopernicus:FOR[RealSolarSystem]) RealSolarSystem/RSSKopernicus/Uranus/Miranda/@Kopernicus:FOR[RealSolarSystem]
[LOG 17:59:32.471] Config(@Kopernicus:FOR[RealSolarSystem]) RealSolarSystem/RSSKopernicus/Uranus/Oberon/@Kopernicus:FOR[RealSolarSystem]
[LOG 17:59:32.471] Config(@Kopernicus:FOR[RealSolarSystem]) RealSolarSystem/RSSKopernicus/Uranus/Titania/@Kopernicus:FOR[RealSolarSystem]
[LOG 17:59:32.471] Config(@Kopernicus:FOR[RealSolarSystem]) RealSolarSystem/RSSKopernicus/Uranus/Umbriel/@Kopernicus:FOR[RealSolarSystem]
[LOG 17:59:32.471] Config(@Kopernicus:FOR[RealSolarSystem]) RealSolarSystem/RSSKopernicus/Uranus/Uranus/@Kopernicus:FOR[RealSolarSystem]
[LOG 17:59:32.471] Config(@Kopernicus:FOR[RealSolarSystem]) RealSolarSystem/RSSKopernicus/Uranus/Uranus_Oblate/@Kopernicus:FOR[RealSolarSystem]
[LOG 17:59:32.471] Config(@Kopernicus:FOR[RealSolarSystem]) RealSolarSystem/RSSKopernicus/Venus/Venus/@Kopernicus:FOR[RealSolarSystem]
[LOG 17:59:32.472] Config(@Kopernicus:FOR[RealSolarSystem]) RealSolarSystem/RSSKopernicus/Vesta/Vesta/@Kopernicus:FOR[RealSolarSystem]
[LOG 17:59:32.472] Config(AGENT) Squad/Agencies/Agents/C7 Aerospace Division
[LOG 17:59:32.472] Config(AGENT) Squad/Agencies/Agents/Dinkelstein Kerman's Construction Emporium
[LOG 17:59:32.472] Config(AGENT) Squad/Agencies/Agents/Experimental Engineering Group
[LOG 17:59:32.472] Config(AGENT) Squad/Agencies/Agents/FLOOYD Dynamics Research Labs
[LOG 17:59:32.472] Config(AGENT) Squad/Agencies/Agents/Goliath National Products
[LOG 17:59:32.472] Config(AGENT) Squad/Agencies/Agents/Integrated Integrals
[LOG 17:59:32.472] Config(AGENT) Squad/Agencies/Agents/Ionic Symphonic Protonic Electronics
[LOG 17:59:32.472] Config(AGENT) Squad/Agencies/Agents/Jebediah Kerman's Junkyard and Spacecraft Parts Co
[LOG 17:59:32.472] Config(AGENT) Squad/Agencies/Agents/Kerbal Motion LLC
[LOG 17:59:32.472] Config(AGENT) Squad/Agencies/Agents/Kerbin World-Firsts Record-Keeping Society
[LOG 17:59:32.472] Config(AGENT) Squad/Agencies/Agents/Kerbodyne
[LOG 17:59:32.472] Config(AGENT) Squad/Agencies/Agents/Kerlington Model Rockets and Paper Products Inc
[LOG 17:59:32.472] Config(AGENT) Squad/Agencies/Agents/Maxo Construction Toys
[LOG 17:59:32.472] Config(AGENT) Squad/Agencies/Agents/Moving Parts Experts Group
[LOG 17:59:32.472] Config(AGENT) Squad/Agencies/Agents/O.M.B. Demolition Enterprises
[LOG 17:59:32.472] Config(AGENT) Squad/Agencies/Agents/Periapsis Rocket Supplies Co
[LOG 17:59:32.472] Config(AGENT) Squad/Agencies/Agents/Probodobodyne Inc
[LOG 17:59:32.472] Config(AGENT) Squad/Agencies/Agents/Research & Development Department
[LOG 17:59:32.472] Config(AGENT) Squad/Agencies/Agents/Reaction Systems Ltd
[LOG 17:59:32.472] Config(AGENT) Squad/Agencies/Agents/Rockomax Conglomerate
[LOG 17:59:32.472] Config(AGENT) Squad/Agencies/Agents/Rokea Inc
[LOG 17:59:32.472] Config(AGENT) Squad/Agencies/Agents/Sean's Cannery
[LOG 17:59:32.472] Config(AGENT) Squad/Agencies/Agents/STEADLER Engineering Corps
[LOG 17:59:32.472] Config(AGENT) Squad/Agencies/Agents/StrutCo
[LOG 17:59:32.472] Config(AGENT) Squad/Agencies/Agents/Vac-Co Advanced Suction Systems
[LOG 17:59:32.472] Config(AGENT) Squad/Agencies/Agents/WinterOwl Aircraft Emporium
[LOG 17:59:32.472] Config(AGENT) Squad/Agencies/Agents/Zaltonic Electronics
[LOG 17:59:32.472] Config(CONTRACT_CONSTRUCTION_PARTS) Squad/Contracts/constructionContractParts/CONTRACT_CONSTRUCTION_PARTS
[LOG 17:59:32.473] Config(Contracts) Squad/Contracts/Contracts/Contracts
[LOG 17:59:32.473] Config(CONTRACTCRAFT) Squad/Contracts/PrebuiltCraft/prebuiltData/CONTRACTCRAFT
[LOG 17:59:32.473] Config(CONTRACTCRAFT) Squad/Contracts/PrebuiltCraft/OrbitalConstructionContract/orbitalConstructionContractCraft/CONTRACTCRAFT
[LOG 17:59:32.473] Config(CONTRACTCRAFT) Squad/Contracts/PrebuiltCraft/RepairContract/repairContractCraft/CONTRACTCRAFT
[LOG 17:59:32.473] Config(CONTRACTCRAFT) Squad/Contracts/PrebuiltCraft/RoverContract/roverContractCraft/CONTRACTCRAFT
[LOG 17:59:32.473] Config(KEYBOARD_LAYOUT) Squad/Controls/Azerty/#autoLOC_6001233
[LOG 17:59:32.473] Config(PITCH_DOWN) Squad/Controls/Azerty/PITCH_DOWN
[LOG 17:59:32.473] Config(PITCH_UP) Squad/Controls/Azerty/PITCH_UP
[LOG 17:59:32.473] Config(YAW_LEFT) Squad/Controls/Azerty/YAW_LEFT
[LOG 17:59:32.473] Config(YAW_RIGHT) Squad/Controls/Azerty/YAW_RIGHT
[LOG 17:59:32.473] Config(ROLL_LEFT) Squad/Controls/Azerty/ROLL_LEFT
[LOG 17:59:32.473] Config(ROLL_RIGHT) Squad/Controls/Azerty/ROLL_RIGHT
[LOG 17:59:32.473] Config(THROTTLE_UP) Squad/Controls/Azerty/THROTTLE_UP
[LOG 17:59:32.473] Config(THROTTLE_DOWN) Squad/Controls/Azerty/THROTTLE_DOWN
[LOG 17:59:32.473] Config(SAS_HOLD) Squad/Controls/Azerty/SAS_HOLD
[LOG 17:59:32.473] Config(SAS_TOGGLE) Squad/Controls/Azerty/SAS_TOGGLE
[LOG 17:59:32.473] Config(LAUNCH_STAGES) Squad/Controls/Azerty/LAUNCH_STAGES
[LOG 17:59:32.473] Config(Docking_toggleRotLin) Squad/Controls/Azerty/Docking_toggleRotLin
[LOG 17:59:32.473] Config(CAMERA_MODE) Squad/Controls/Azerty/CAMERA_MODE
[LOG 17:59:32.473] Config(CAMERA_NEXT) Squad/Controls/Azerty/CAMERA_NEXT
[LOG 17:59:32.473] Config(PAUSE) Squad/Controls/Azerty/PAUSE
[LOG 17:59:32.473] Config(PRECISION_CTRL) Squad/Controls/Azerty/PRECISION_CTRL
[LOG 17:59:32.473] Config(ZOOM_IN) Squad/Controls/Azerty/ZOOM_IN
[LOG 17:59:32.473] Config(ZOOM_OUT) Squad/Controls/Azerty/ZOOM_OUT
[LOG 17:59:32.473] Config(SCROLL_VIEW_UP) Squad/Controls/Azerty/SCROLL_VIEW_UP
[LOG 17:59:32.473] Config(SCROLL_VIEW_DOWN) Squad/Controls/Azerty/SCROLL_VIEW_DOWN
[LOG 17:59:32.473] Config(SCROLL_ICONS_UP) Squad/Controls/Azerty/SCROLL_ICONS_UP
[LOG 17:59:32.473] Config(SCROLL_ICONS_DOWN) Squad/Controls/Azerty/SCROLL_ICONS_DOWN
[LOG 17:59:32.474] Config(CAMERA_ORBIT_UP) Squad/Controls/Azerty/CAMERA_ORBIT_UP
[LOG 17:59:32.474] Config(CAMERA_ORBIT_DOWN) Squad/Controls/Azerty/CAMERA_ORBIT_DOWN
[LOG 17:59:32.474] Config(CAMERA_ORBIT_LEFT) Squad/Controls/Azerty/CAMERA_ORBIT_LEFT
[LOG 17:59:32.474] Config(CAMERA_ORBIT_RIGHT) Squad/Controls/Azerty/CAMERA_ORBIT_RIGHT
[LOG 17:59:32.474] Config(CAMERA_RESET) Squad/Controls/Azerty/CAMERA_RESET
[LOG 17:59:32.474] Config(CAMERA_MOUSE_TOGGLE) Squad/Controls/Azerty/CAMERA_MOUSE_TOGGLE
[LOG 17:59:32.474] Config(TIME_WARP_INCREASE) Squad/Controls/Azerty/TIME_WARP_INCREASE
[LOG 17:59:32.474] Config(TIME_WARP_DECREASE) Squad/Controls/Azerty/TIME_WARP_DECREASE
[LOG 17:59:32.474] Config(TIME_WARP_STOP) Squad/Controls/Azerty/TIME_WARP_STOP
[LOG 17:59:32.474] Config(MAP_VIEW_TOGGLE) Squad/Controls/Azerty/MAP_VIEW_TOGGLE
[LOG 17:59:32.474] Config(NAVBALL_TOGGLE) Squad/Controls/Azerty/NAVBALL_TOGGLE
[LOG 17:59:32.474] Config(UIMODE_STAGING) Squad/Controls/Azerty/UIMODE_STAGING
[LOG 17:59:32.474] Config(UIMODE_DOCKING) Squad/Controls/Azerty/UIMODE_DOCKING
[LOG 17:59:32.474] Config(TRANSLATE_DOWN) Squad/Controls/Azerty/TRANSLATE_DOWN
[LOG 17:59:32.474] Config(TRANSLATE_UP) Squad/Controls/Azerty/TRANSLATE_UP
[LOG 17:59:32.474] Config(TRANSLATE_LEFT) Squad/Controls/Azerty/TRANSLATE_LEFT
[LOG 17:59:32.474] Config(TRANSLATE_RIGHT) Squad/Controls/Azerty/TRANSLATE_RIGHT
[LOG 17:59:32.474] Config(TRANSLATE_FWD) Squad/Controls/Azerty/TRANSLATE_FWD
[LOG 17:59:32.474] Config(TRANSLATE_BACK) Squad/Controls/Azerty/TRANSLATE_BACK
[LOG 17:59:32.474] Config(RCS_TOGGLE) Squad/Controls/Azerty/RCS_TOGGLE
[LOG 17:59:32.474] Config(FOCUS_NEXT_VESSEL) Squad/Controls/Azerty/FOCUS_NEXT_VESSEL
[LOG 17:59:32.474] Config(FOCUS_PREV_VESSEL) Squad/Controls/Azerty/FOCUS_PREV_VESSEL
[LOG 17:59:32.474] Config(TOGGLE_UI) Squad/Controls/Azerty/TOGGLE_UI
[LOG 17:59:32.474] Config(TOGGLE_STATUS_SCREEN) Squad/Controls/Azerty/TOGGLE_STATUS_SCREEN
[LOG 17:59:32.474] Config(TAKE_SCREENSHOT) Squad/Controls/Azerty/TAKE_SCREENSHOT
[LOG 17:59:32.474] Config(TOGGLE_LABELS) Squad/Controls/Azerty/TOGGLE_LABELS
[LOG 17:59:32.474] Config(TOGGLE_TEMP_GAUGES) Squad/Controls/Azerty/TOGGLE_TEMP_GAUGES
[LOG 17:59:32.474] Config(TOGGLE_TEMP_OVERLAY) Squad/Controls/Azerty/TOGGLE_TEMP_OVERLAY
[LOG 17:59:32.474] Config(TOGGLE_FLIGHT_FORCES) Squad/Controls/Azerty/TOGGLE_FLIGHT_FORCES
[LOG 17:59:32.474] Config(QUICKSAVE) Squad/Controls/Azerty/QUICKSAVE
[LOG 17:59:32.474] Config(QUICKLOAD) Squad/Controls/Azerty/QUICKLOAD
[LOG 17:59:32.475] Config(THROTTLE_CUTOFF) Squad/Controls/Azerty/THROTTLE_CUTOFF
[LOG 17:59:32.475] Config(THROTTLE_FULL) Squad/Controls/Azerty/THROTTLE_FULL
[LOG 17:59:32.475] Config(LANDING_GEAR) Squad/Controls/Azerty/LANDING_GEAR
[LOG 17:59:32.475] Config(HEADLIGHT_TOGGLE) Squad/Controls/Azerty/HEADLIGHT_TOGGLE
[LOG 17:59:32.475] Config(BRAKES) Squad/Controls/Azerty/BRAKES
[LOG 17:59:32.475] Config(TOGGLE_SPACENAV_FLIGHT_CONTROL) Squad/Controls/Azerty/TOGGLE_SPACENAV_FLIGHT_CONTROL
[LOG 17:59:32.475] Config(TOGGLE_SPACENAV_ROLL_LOCK) Squad/Controls/Azerty/TOGGLE_SPACENAV_ROLL_LOCK
[LOG 17:59:32.475] Config(WHEEL_STEER_LEFT) Squad/Controls/Azerty/WHEEL_STEER_LEFT
[LOG 17:59:32.475] Config(WHEEL_STEER_RIGHT) Squad/Controls/Azerty/WHEEL_STEER_RIGHT
[LOG 17:59:32.475] Config(WHEEL_THROTTLE_DOWN) Squad/Controls/Azerty/WHEEL_THROTTLE_DOWN
[LOG 17:59:32.475] Config(WHEEL_THROTTLE_UP) Squad/Controls/Azerty/WHEEL_THROTTLE_UP
[LOG 17:59:32.475] Config(EVA_forward) Squad/Controls/Azerty/EVA_forward
[LOG 17:59:32.475] Config(EVA_back) Squad/Controls/Azerty/EVA_back
[LOG 17:59:32.475] Config(EVA_left) Squad/Controls/Azerty/EVA_left
[LOG 17:59:32.475] Config(EVA_right) Squad/Controls/Azerty/EVA_right
[LOG 17:59:32.475] Config(EVA_yaw_left) Squad/Controls/Azerty/EVA_yaw_left
[LOG 17:59:32.475] Config(EVA_yaw_right) Squad/Controls/Azerty/EVA_yaw_right
[LOG 17:59:32.475] Config(EVA_Pack_forward) Squad/Controls/Azerty/EVA_Pack_forward
[LOG 17:59:32.475] Config(EVA_Pack_back) Squad/Controls/Azerty/EVA_Pack_back
[LOG 17:59:32.475] Config(EVA_Pack_left) Squad/Controls/Azerty/EVA_Pack_left
[LOG 17:59:32.475] Config(EVA_Pack_right) Squad/Controls/Azerty/EVA_Pack_right
[LOG 17:59:32.475] Config(EVA_Pack_up) Squad/Controls/Azerty/EVA_Pack_up
[LOG 17:59:32.475] Config(EVA_Pack_down) Squad/Controls/Azerty/EVA_Pack_down
[LOG 17:59:32.475] Config(EVA_Jump) Squad/Controls/Azerty/EVA_Jump
[LOG 17:59:32.475] Config(EVA_Run) Squad/Controls/Azerty/EVA_Run
[LOG 17:59:32.475] Config(EVA_ToggleMovementMode) Squad/Controls/Azerty/EVA_ToggleMovementMode
[LOG 17:59:32.475] Config(EVA_TogglePack) Squad/Controls/Azerty/EVA_TogglePack
[LOG 17:59:32.475] Config(EVA_Use) Squad/Controls/Azerty/EVA_Use
[LOG 17:59:32.475] Config(EVA_Board) Squad/Controls/Azerty/EVA_Board
[LOG 17:59:32.475] Config(EVA_Orient) Squad/Controls/Azerty/EVA_Orient
[LOG 17:59:32.475] Config(EVA_Lights) Squad/Controls/Azerty/EVA_Lights
[LOG 17:59:32.476] Config(EVA_ChuteDeploy) Squad/Controls/Azerty/EVA_ChuteDeploy
[LOG 17:59:32.476] Config(Editor_pitchUp) Squad/Controls/Azerty/Editor_pitchUp
[LOG 17:59:32.476] Config(Editor_pitchDown) Squad/Controls/Azerty/Editor_pitchDown
[LOG 17:59:32.476] Config(Editor_yawLeft) Squad/Controls/Azerty/Editor_yawLeft
[LOG 17:59:32.476] Config(Editor_yawRight) Squad/Controls/Azerty/Editor_yawRight
[LOG 17:59:32.476] Config(Editor_rollLeft) Squad/Controls/Azerty/Editor_rollLeft
[LOG 17:59:32.476] Config(Editor_rollRight) Squad/Controls/Azerty/Editor_rollRight
[LOG 17:59:32.476] Config(Editor_resetRotation) Squad/Controls/Azerty/Editor_resetRotation
[LOG 17:59:32.476] Config(Editor_modePlace) Squad/Controls/Azerty/Editor_modePlace
[LOG 17:59:32.476] Config(Editor_modeOffset) Squad/Controls/Azerty/Editor_modeOffset
[LOG 17:59:32.476] Config(Editor_modeRotate) Squad/Controls/Azerty/Editor_modeRotate
[LOG 17:59:32.476] Config(Editor_modeRoot) Squad/Controls/Azerty/Editor_modeRoot
[LOG 17:59:32.476] Config(Editor_coordSystem) Squad/Controls/Azerty/Editor_coordSystem
[LOG 17:59:32.476] Config(Editor_toggleSymMethod) Squad/Controls/Azerty/Editor_toggleSymMethod
[LOG 17:59:32.476] Config(Editor_toggleSymMode) Squad/Controls/Azerty/Editor_toggleSymMode
[LOG 17:59:32.476] Config(Editor_toggleAngleSnap) Squad/Controls/Azerty/Editor_toggleAngleSnap
[LOG 17:59:32.476] Config(Editor_fineTweak) Squad/Controls/Azerty/Editor_fineTweak
[LOG 17:59:32.476] Config(Editor_partSearch) Squad/Controls/Azerty/Editor_partSearch
[LOG 17:59:32.476] Config(Editor_zoomScrollModifier) Squad/Controls/Azerty/Editor_zoomScrollModifier
[LOG 17:59:32.476] Config(MODIFIER_KEY) Squad/Controls/Azerty/MODIFIER_KEY
[LOG 17:59:32.476] Config(AbortActionGroup) Squad/Controls/Azerty/AbortActionGroup
[LOG 17:59:32.476] Config(CustomActionGroup1) Squad/Controls/Azerty/CustomActionGroup1
[LOG 17:59:32.476] Config(CustomActionGroup2) Squad/Controls/Azerty/CustomActionGroup2
[LOG 17:59:32.476] Config(CustomActionGroup3) Squad/Controls/Azerty/CustomActionGroup3
[LOG 17:59:32.476] Config(CustomActionGroup4) Squad/Controls/Azerty/CustomActionGroup4
[LOG 17:59:32.476] Config(CustomActionGroup5) Squad/Controls/Azerty/CustomActionGroup5
[LOG 17:59:32.476] Config(CustomActionGroup6) Squad/Controls/Azerty/CustomActionGroup6
[LOG 17:59:32.476] Config(CustomActionGroup7) Squad/Controls/Azerty/CustomActionGroup7
[LOG 17:59:32.476] Config(CustomActionGroup8) Squad/Controls/Azerty/CustomActionGroup8
[LOG 17:59:32.476] Config(CustomActionGroup9) Squad/Controls/Azerty/CustomActionGroup9
[LOG 17:59:32.477] Config(CustomActionGroup10) Squad/Controls/Azerty/CustomActionGroup10
[LOG 17:59:32.477] Config(KEY_MAP) Squad/Controls/Azerty/KEY_MAP
[LOG 17:59:32.477] Config(KEYBOARD_LAYOUT) Squad/Controls/Dvorak/#autoLOC_6001234
[LOG 17:59:32.477] Config(PITCH_DOWN) Squad/Controls/Dvorak/PITCH_DOWN
[LOG 17:59:32.477] Config(PITCH_UP) Squad/Controls/Dvorak/PITCH_UP
[LOG 17:59:32.477] Config(YAW_LEFT) Squad/Controls/Dvorak/YAW_LEFT
[LOG 17:59:32.477] Config(YAW_RIGHT) Squad/Controls/Dvorak/YAW_RIGHT
[LOG 17:59:32.477] Config(ROLL_LEFT) Squad/Controls/Dvorak/ROLL_LEFT
[LOG 17:59:32.477] Config(ROLL_RIGHT) Squad/Controls/Dvorak/ROLL_RIGHT
[LOG 17:59:32.477] Config(THROTTLE_UP) Squad/Controls/Dvorak/THROTTLE_UP
[LOG 17:59:32.477] Config(THROTTLE_DOWN) Squad/Controls/Dvorak/THROTTLE_DOWN
[LOG 17:59:32.477] Config(SAS_HOLD) Squad/Controls/Dvorak/SAS_HOLD
[LOG 17:59:32.477] Config(SAS_TOGGLE) Squad/Controls/Dvorak/SAS_TOGGLE
[LOG 17:59:32.477] Config(LAUNCH_STAGES) Squad/Controls/Dvorak/LAUNCH_STAGES
[LOG 17:59:32.477] Config(Docking_toggleRotLin) Squad/Controls/Dvorak/Docking_toggleRotLin
[LOG 17:59:32.477] Config(CAMERA_MODE) Squad/Controls/Dvorak/CAMERA_MODE
[LOG 17:59:32.477] Config(CAMERA_NEXT) Squad/Controls/Dvorak/CAMERA_NEXT
[LOG 17:59:32.477] Config(PAUSE) Squad/Controls/Dvorak/PAUSE
[LOG 17:59:32.477] Config(PRECISION_CTRL) Squad/Controls/Dvorak/PRECISION_CTRL
[LOG 17:59:32.477] Config(ZOOM_IN) Squad/Controls/Dvorak/ZOOM_IN
[LOG 17:59:32.477] Config(ZOOM_OUT) Squad/Controls/Dvorak/ZOOM_OUT
[LOG 17:59:32.477] Config(SCROLL_VIEW_UP) Squad/Controls/Dvorak/SCROLL_VIEW_UP
[LOG 17:59:32.477] Config(SCROLL_VIEW_DOWN) Squad/Controls/Dvorak/SCROLL_VIEW_DOWN
[LOG 17:59:32.477] Config(SCROLL_ICONS_UP) Squad/Controls/Dvorak/SCROLL_ICONS_UP
[LOG 17:59:32.477] Config(SCROLL_ICONS_DOWN) Squad/Controls/Dvorak/SCROLL_ICONS_DOWN
[LOG 17:59:32.477] Config(CAMERA_ORBIT_UP) Squad/Controls/Dvorak/CAMERA_ORBIT_UP
[LOG 17:59:32.477] Config(CAMERA_ORBIT_DOWN) Squad/Controls/Dvorak/CAMERA_ORBIT_DOWN
[LOG 17:59:32.477] Config(CAMERA_ORBIT_LEFT) Squad/Controls/Dvorak/CAMERA_ORBIT_LEFT
[LOG 17:59:32.477] Config(CAMERA_ORBIT_RIGHT) Squad/Controls/Dvorak/CAMERA_ORBIT_RIGHT
[LOG 17:59:32.478] Config(CAMERA_RESET) Squad/Controls/Dvorak/CAMERA_RESET
[LOG 17:59:32.478] Config(CAMERA_MOUSE_TOGGLE) Squad/Controls/Dvorak/CAMERA_MOUSE_TOGGLE
[LOG 17:59:32.478] Config(TIME_WARP_INCREASE) Squad/Controls/Dvorak/TIME_WARP_INCREASE
[LOG 17:59:32.478] Config(TIME_WARP_DECREASE) Squad/Controls/Dvorak/TIME_WARP_DECREASE
[LOG 17:59:32.478] Config(TIME_WARP_STOP) Squad/Controls/Dvorak/TIME_WARP_STOP
[LOG 17:59:32.478] Config(MAP_VIEW_TOGGLE) Squad/Controls/Dvorak/MAP_VIEW_TOGGLE
[LOG 17:59:32.478] Config(NAVBALL_TOGGLE) Squad/Controls/Dvorak/NAVBALL_TOGGLE
[LOG 17:59:32.478] Config(UIMODE_STAGING) Squad/Controls/Dvorak/UIMODE_STAGING
[LOG 17:59:32.478] Config(UIMODE_DOCKING) Squad/Controls/Dvorak/UIMODE_DOCKING
[LOG 17:59:32.478] Config(TRANSLATE_DOWN) Squad/Controls/Dvorak/TRANSLATE_DOWN
[LOG 17:59:32.478] Config(TRANSLATE_UP) Squad/Controls/Dvorak/TRANSLATE_UP
[LOG 17:59:32.478] Config(TRANSLATE_LEFT) Squad/Controls/Dvorak/TRANSLATE_LEFT
[LOG 17:59:32.478] Config(TRANSLATE_RIGHT) Squad/Controls/Dvorak/TRANSLATE_RIGHT
[LOG 17:59:32.478] Config(TRANSLATE_FWD) Squad/Controls/Dvorak/TRANSLATE_FWD
[LOG 17:59:32.478] Config(TRANSLATE_BACK) Squad/Controls/Dvorak/TRANSLATE_BACK
[LOG 17:59:32.478] Config(RCS_TOGGLE) Squad/Controls/Dvorak/RCS_TOGGLE
[LOG 17:59:32.478] Config(FOCUS_NEXT_VESSEL) Squad/Controls/Dvorak/FOCUS_NEXT_VESSEL
[LOG 17:59:32.478] Config(FOCUS_PREV_VESSEL) Squad/Controls/Dvorak/FOCUS_PREV_VESSEL
[LOG 17:59:32.478] Config(TOGGLE_UI) Squad/Controls/Dvorak/TOGGLE_UI
[LOG 17:59:32.478] Config(TOGGLE_STATUS_SCREEN) Squad/Controls/Dvorak/TOGGLE_STATUS_SCREEN
[LOG 17:59:32.478] Config(TAKE_SCREENSHOT) Squad/Controls/Dvorak/TAKE_SCREENSHOT
[LOG 17:59:32.478] Config(TOGGLE_LABELS) Squad/Controls/Dvorak/TOGGLE_LABELS
[LOG 17:59:32.478] Config(TOGGLE_TEMP_GAUGES) Squad/Controls/Dvorak/TOGGLE_TEMP_GAUGES
[LOG 17:59:32.478] Config(TOGGLE_TEMP_OVERLAY) Squad/Controls/Dvorak/TOGGLE_TEMP_OVERLAY
[LOG 17:59:32.478] Config(TOGGLE_FLIGHT_FORCES) Squad/Controls/Dvorak/TOGGLE_FLIGHT_FORCES
[LOG 17:59:32.478] Config(QUICKSAVE) Squad/Controls/Dvorak/QUICKSAVE
[LOG 17:59:32.478] Config(QUICKLOAD) Squad/Controls/Dvorak/QUICKLOAD
[LOG 17:59:32.478] Config(THROTTLE_CUTOFF) Squad/Controls/Dvorak/THROTTLE_CUTOFF
[LOG 17:59:32.478] Config(THROTTLE_FULL) Squad/Controls/Dvorak/THROTTLE_FULL
[LOG 17:59:32.478] Config(LANDING_GEAR) Squad/Controls/Dvorak/LANDING_GEAR
[LOG 17:59:32.478] Config(HEADLIGHT_TOGGLE) Squad/Controls/Dvorak/HEADLIGHT_TOGGLE
[LOG 17:59:32.479] Config(BRAKES) Squad/Controls/Dvorak/BRAKES
[LOG 17:59:32.479] Config(TOGGLE_SPACENAV_FLIGHT_CONTROL) Squad/Controls/Dvorak/TOGGLE_SPACENAV_FLIGHT_CONTROL
[LOG 17:59:32.479] Config(TOGGLE_SPACENAV_ROLL_LOCK) Squad/Controls/Dvorak/TOGGLE_SPACENAV_ROLL_LOCK
[LOG 17:59:32.479] Config(WHEEL_STEER_LEFT) Squad/Controls/Dvorak/WHEEL_STEER_LEFT
[LOG 17:59:32.479] Config(WHEEL_STEER_RIGHT) Squad/Controls/Dvorak/WHEEL_STEER_RIGHT
[LOG 17:59:32.479] Config(WHEEL_THROTTLE_DOWN) Squad/Controls/Dvorak/WHEEL_THROTTLE_DOWN
[LOG 17:59:32.479] Config(WHEEL_THROTTLE_UP) Squad/Controls/Dvorak/WHEEL_THROTTLE_UP
[LOG 17:59:32.479] Config(EVA_forward) Squad/Controls/Dvorak/EVA_forward
[LOG 17:59:32.479] Config(EVA_back) Squad/Controls/Dvorak/EVA_back
[LOG 17:59:32.479] Config(EVA_left) Squad/Controls/Dvorak/EVA_left
[LOG 17:59:32.479] Config(EVA_right) Squad/Controls/Dvorak/EVA_right
[LOG 17:59:32.479] Config(EVA_yaw_left) Squad/Controls/Dvorak/EVA_yaw_left
[LOG 17:59:32.479] Config(EVA_yaw_right) Squad/Controls/Dvorak/EVA_yaw_right
[LOG 17:59:32.479] Config(EVA_Pack_forward) Squad/Controls/Dvorak/EVA_Pack_forward
[LOG 17:59:32.479] Config(EVA_Pack_back) Squad/Controls/Dvorak/EVA_Pack_back
[LOG 17:59:32.479] Config(EVA_Pack_left) Squad/Controls/Dvorak/EVA_Pack_left
[LOG 17:59:32.479] Config(EVA_Pack_right) Squad/Controls/Dvorak/EVA_Pack_right
[LOG 17:59:32.479] Config(EVA_Pack_up) Squad/Controls/Dvorak/EVA_Pack_up
[LOG 17:59:32.479] Config(EVA_Pack_down) Squad/Controls/Dvorak/EVA_Pack_down
[LOG 17:59:32.479] Config(EVA_Jump) Squad/Controls/Dvorak/EVA_Jump
[LOG 17:59:32.479] Config(EVA_Run) Squad/Controls/Dvorak/EVA_Run
[LOG 17:59:32.479] Config(EVA_ToggleMovementMode) Squad/Controls/Dvorak/EVA_ToggleMovementMode
[LOG 17:59:32.479] Config(EVA_TogglePack) Squad/Controls/Dvorak/EVA_TogglePack
[LOG 17:59:32.479] Config(EVA_Use) Squad/Controls/Dvorak/EVA_Use
[LOG 17:59:32.479] Config(EVA_Board) Squad/Controls/Dvorak/EVA_Board
[LOG 17:59:32.479] Config(EVA_Orient) Squad/Controls/Dvorak/EVA_Orient
[LOG 17:59:32.480] Config(EVA_Lights) Squad/Controls/Dvorak/EVA_Lights
[LOG 17:59:32.480] Config(EVA_ChuteDeploy) Squad/Controls/Dvorak/EVA_ChuteDeploy
[LOG 17:59:32.480] Config(Editor_pitchUp) Squad/Controls/Dvorak/Editor_pitchUp
[LOG 17:59:32.480] Config(Editor_pitchDown) Squad/Controls/Dvorak/Editor_pitchDown
[LOG 17:59:32.480] Config(Editor_yawLeft) Squad/Controls/Dvorak/Editor_yawLeft
[LOG 17:59:32.480] Config(Editor_yawRight) Squad/Controls/Dvorak/Editor_yawRight
[LOG 17:59:32.480] Config(Editor_rollLeft) Squad/Controls/Dvorak/Editor_rollLeft
[LOG 17:59:32.480] Config(Editor_rollRight) Squad/Controls/Dvorak/Editor_rollRight
[LOG 17:59:32.480] Config(Editor_resetRotation) Squad/Controls/Dvorak/Editor_resetRotation
[LOG 17:59:32.480] Config(Editor_modePlace) Squad/Controls/Dvorak/Editor_modePlace
[LOG 17:59:32.480] Config(Editor_modeOffset) Squad/Controls/Dvorak/Editor_modeOffset
[LOG 17:59:32.480] Config(Editor_modeRotate) Squad/Controls/Dvorak/Editor_modeRotate
[LOG 17:59:32.480] Config(Editor_modeRoot) Squad/Controls/Dvorak/Editor_modeRoot
[LOG 17:59:32.480] Config(Editor_coordSystem) Squad/Controls/Dvorak/Editor_coordSystem
[LOG 17:59:32.480] Config(Editor_toggleSymMethod) Squad/Controls/Dvorak/Editor_toggleSymMethod
[LOG 17:59:32.480] Config(Editor_toggleSymMode) Squad/Controls/Dvorak/Editor_toggleSymMode
[LOG 17:59:32.480] Config(Editor_toggleAngleSnap) Squad/Controls/Dvorak/Editor_toggleAngleSnap
[LOG 17:59:32.480] Config(Editor_fineTweak) Squad/Controls/Dvorak/Editor_fineTweak
[LOG 17:59:32.480] Config(Editor_partSearch) Squad/Controls/Dvorak/Editor_partSearch
[LOG 17:59:32.480] Config(Editor_zoomScrollModifier) Squad/Controls/Dvorak/Editor_zoomScrollModifier
[LOG 17:59:32.480] Config(MODIFIER_KEY) Squad/Controls/Dvorak/MODIFIER_KEY
[LOG 17:59:32.480] Config(AbortActionGroup) Squad/Controls/Dvorak/AbortActionGroup
[LOG 17:59:32.480] Config(CustomActionGroup1) Squad/Controls/Dvorak/CustomActionGroup1
[LOG 17:59:32.480] Config(CustomActionGroup2) Squad/Controls/Dvorak/CustomActionGroup2
[LOG 17:59:32.480] Config(CustomActionGroup3) Squad/Controls/Dvorak/CustomActionGroup3
[LOG 17:59:32.480] Config(CustomActionGroup4) Squad/Controls/Dvorak/CustomActionGroup4
[LOG 17:59:32.480] Config(CustomActionGroup5) Squad/Controls/Dvorak/CustomActionGroup5
[LOG 17:59:32.480] Config(CustomActionGroup6) Squad/Controls/Dvorak/CustomActionGroup6
[LOG 17:59:32.480] Config(CustomActionGroup7) Squad/Controls/Dvorak/CustomActionGroup7
[LOG 17:59:32.480] Config(CustomActionGroup8) Squad/Controls/Dvorak/CustomActionGroup8
[LOG 17:59:32.481] Config(CustomActionGroup9) Squad/Controls/Dvorak/CustomActionGroup9
[LOG 17:59:32.481] Config(CustomActionGroup10) Squad/Controls/Dvorak/CustomActionGroup10
[LOG 17:59:32.481] Config(KEY_MAP) Squad/Controls/Dvorak/KEY_MAP
[LOG 17:59:32.481] Config(KEYBOARD_LAYOUT) Squad/Controls/Qwerty/#autoLOC_6001227
[LOG 17:59:32.481] Config(PITCH_DOWN) Squad/Controls/Qwerty/PITCH_DOWN
[LOG 17:59:32.481] Config(PITCH_UP) Squad/Controls/Qwerty/PITCH_UP
[LOG 17:59:32.481] Config(YAW_LEFT) Squad/Controls/Qwerty/YAW_LEFT
[LOG 17:59:32.481] Config(YAW_RIGHT) Squad/Controls/Qwerty/YAW_RIGHT
[LOG 17:59:32.481] Config(ROLL_LEFT) Squad/Controls/Qwerty/ROLL_LEFT
[LOG 17:59:32.481] Config(ROLL_RIGHT) Squad/Controls/Qwerty/ROLL_RIGHT
[LOG 17:59:32.481] Config(THROTTLE_UP) Squad/Controls/Qwerty/THROTTLE_UP
[LOG 17:59:32.481] Config(THROTTLE_DOWN) Squad/Controls/Qwerty/THROTTLE_DOWN
[LOG 17:59:32.481] Config(SAS_HOLD) Squad/Controls/Qwerty/SAS_HOLD
[LOG 17:59:32.481] Config(SAS_TOGGLE) Squad/Controls/Qwerty/SAS_TOGGLE
[LOG 17:59:32.481] Config(LAUNCH_STAGES) Squad/Controls/Qwerty/LAUNCH_STAGES
[LOG 17:59:32.481] Config(Docking_toggleRotLin) Squad/Controls/Qwerty/Docking_toggleRotLin
[LOG 17:59:32.481] Config(CAMERA_MODE) Squad/Controls/Qwerty/CAMERA_MODE
[LOG 17:59:32.481] Config(CAMERA_NEXT) Squad/Controls/Qwerty/CAMERA_NEXT
[LOG 17:59:32.481] Config(PAUSE) Squad/Controls/Qwerty/PAUSE
[LOG 17:59:32.481] Config(PRECISION_CTRL) Squad/Controls/Qwerty/PRECISION_CTRL
[LOG 17:59:32.481] Config(ZOOM_IN) Squad/Controls/Qwerty/ZOOM_IN
[LOG 17:59:32.481] Config(ZOOM_OUT) Squad/Controls/Qwerty/ZOOM_OUT
[LOG 17:59:32.481] Config(SCROLL_VIEW_UP) Squad/Controls/Qwerty/SCROLL_VIEW_UP
[LOG 17:59:32.481] Config(SCROLL_VIEW_DOWN) Squad/Controls/Qwerty/SCROLL_VIEW_DOWN
[LOG 17:59:32.481] Config(SCROLL_ICONS_UP) Squad/Controls/Qwerty/SCROLL_ICONS_UP
[LOG 17:59:32.481] Config(SCROLL_ICONS_DOWN) Squad/Controls/Qwerty/SCROLL_ICONS_DOWN
[LOG 17:59:32.481] Config(CAMERA_ORBIT_UP) Squad/Controls/Qwerty/CAMERA_ORBIT_UP
[LOG 17:59:32.481] Config(CAMERA_ORBIT_DOWN) Squad/Controls/Qwerty/CAMERA_ORBIT_DOWN
[LOG 17:59:32.481] Config(CAMERA_ORBIT_LEFT) Squad/Controls/Qwerty/CAMERA_ORBIT_LEFT
[LOG 17:59:32.481] Config(CAMERA_ORBIT_RIGHT) Squad/Controls/Qwerty/CAMERA_ORBIT_RIGHT
[LOG 17:59:32.481] Config(CAMERA_RESET) Squad/Controls/Qwerty/CAMERA_RESET
[LOG 17:59:32.482] Config(CAMERA_MOUSE_TOGGLE) Squad/Controls/Qwerty/CAMERA_MOUSE_TOGGLE
[LOG 17:59:32.482] Config(TIME_WARP_INCREASE) Squad/Controls/Qwerty/TIME_WARP_INCREASE
[LOG 17:59:32.482] Config(TIME_WARP_DECREASE) Squad/Controls/Qwerty/TIME_WARP_DECREASE
[LOG 17:59:32.482] Config(TIME_WARP_STOP) Squad/Controls/Qwerty/TIME_WARP_STOP
[LOG 17:59:32.482] Config(MAP_VIEW_TOGGLE) Squad/Controls/Qwerty/MAP_VIEW_TOGGLE
[LOG 17:59:32.482] Config(NAVBALL_TOGGLE) Squad/Controls/Qwerty/NAVBALL_TOGGLE
[LOG 17:59:32.482] Config(UIMODE_STAGING) Squad/Controls/Qwerty/UIMODE_STAGING
[LOG 17:59:32.482] Config(UIMODE_DOCKING) Squad/Controls/Qwerty/UIMODE_DOCKING
[LOG 17:59:32.482] Config(TRANSLATE_DOWN) Squad/Controls/Qwerty/TRANSLATE_DOWN
[LOG 17:59:32.482] Config(TRANSLATE_UP) Squad/Controls/Qwerty/TRANSLATE_UP
[LOG 17:59:32.482] Config(TRANSLATE_LEFT) Squad/Controls/Qwerty/TRANSLATE_LEFT
[LOG 17:59:32.482] Config(TRANSLATE_RIGHT) Squad/Controls/Qwerty/TRANSLATE_RIGHT
[LOG 17:59:32.482] Config(TRANSLATE_FWD) Squad/Controls/Qwerty/TRANSLATE_FWD
[LOG 17:59:32.482] Config(TRANSLATE_BACK) Squad/Controls/Qwerty/TRANSLATE_BACK
[LOG 17:59:32.482] Config(RCS_TOGGLE) Squad/Controls/Qwerty/RCS_TOGGLE
[LOG 17:59:32.482] Config(FOCUS_NEXT_VESSEL) Squad/Controls/Qwerty/FOCUS_NEXT_VESSEL
[LOG 17:59:32.482] Config(FOCUS_PREV_VESSEL) Squad/Controls/Qwerty/FOCUS_PREV_VESSEL
[LOG 17:59:32.482] Config(TOGGLE_UI) Squad/Controls/Qwerty/TOGGLE_UI
[LOG 17:59:32.482] Config(TOGGLE_STATUS_SCREEN) Squad/Controls/Qwerty/TOGGLE_STATUS_SCREEN
[LOG 17:59:32.482] Config(TAKE_SCREENSHOT) Squad/Controls/Qwerty/TAKE_SCREENSHOT
[LOG 17:59:32.482] Config(TOGGLE_LABELS) Squad/Controls/Qwerty/TOGGLE_LABELS
[LOG 17:59:32.482] Config(TOGGLE_TEMP_GAUGES) Squad/Controls/Qwerty/TOGGLE_TEMP_GAUGES
[LOG 17:59:32.482] Config(TOGGLE_TEMP_OVERLAY) Squad/Controls/Qwerty/TOGGLE_TEMP_OVERLAY
[LOG 17:59:32.482] Config(TOGGLE_FLIGHT_FORCES) Squad/Controls/Qwerty/TOGGLE_FLIGHT_FORCES
[LOG 17:59:32.482] Config(QUICKSAVE) Squad/Controls/Qwerty/QUICKSAVE
[LOG 17:59:32.482] Config(QUICKLOAD) Squad/Controls/Qwerty/QUICKLOAD
[LOG 17:59:32.482] Config(THROTTLE_CUTOFF) Squad/Controls/Qwerty/THROTTLE_CUTOFF
[LOG 17:59:32.482] Config(THROTTLE_FULL) Squad/Controls/Qwerty/THROTTLE_FULL
[LOG 17:59:32.482] Config(LANDING_GEAR) Squad/Controls/Qwerty/LANDING_GEAR
[LOG 17:59:32.482] Config(HEADLIGHT_TOGGLE) Squad/Controls/Qwerty/HEADLIGHT_TOGGLE
[LOG 17:59:32.482] Config(BRAKES) Squad/Controls/Qwerty/BRAKES
[LOG 17:59:32.483] Config(TOGGLE_SPACENAV_FLIGHT_CONTROL) Squad/Controls/Qwerty/TOGGLE_SPACENAV_FLIGHT_CONTROL
[LOG 17:59:32.483] Config(TOGGLE_SPACENAV_ROLL_LOCK) Squad/Controls/Qwerty/TOGGLE_SPACENAV_ROLL_LOCK
[LOG 17:59:32.483] Config(WHEEL_STEER_LEFT) Squad/Controls/Qwerty/WHEEL_STEER_LEFT
[LOG 17:59:32.483] Config(WHEEL_STEER_RIGHT) Squad/Controls/Qwerty/WHEEL_STEER_RIGHT
[LOG 17:59:32.483] Config(WHEEL_THROTTLE_DOWN) Squad/Controls/Qwerty/WHEEL_THROTTLE_DOWN
[LOG 17:59:32.483] Config(WHEEL_THROTTLE_UP) Squad/Controls/Qwerty/WHEEL_THROTTLE_UP
[LOG 17:59:32.483] Config(EVA_forward) Squad/Controls/Qwerty/EVA_forward
[LOG 17:59:32.483] Config(EVA_back) Squad/Controls/Qwerty/EVA_back
[LOG 17:59:32.483] Config(EVA_left) Squad/Controls/Qwerty/EVA_left
[LOG 17:59:32.483] Config(EVA_right) Squad/Controls/Qwerty/EVA_right
[LOG 17:59:32.483] Config(EVA_yaw_left) Squad/Controls/Qwerty/EVA_yaw_left
[LOG 17:59:32.483] Config(EVA_yaw_right) Squad/Controls/Qwerty/EVA_yaw_right
[LOG 17:59:32.483] Config(EVA_Pack_forward) Squad/Controls/Qwerty/EVA_Pack_forward
[LOG 17:59:32.483] Config(EVA_Pack_back) Squad/Controls/Qwerty/EVA_Pack_back
[LOG 17:59:32.483] Config(EVA_Pack_left) Squad/Controls/Qwerty/EVA_Pack_left
[LOG 17:59:32.483] Config(EVA_Pack_right) Squad/Controls/Qwerty/EVA_Pack_right
[LOG 17:59:32.483] Config(EVA_Pack_up) Squad/Controls/Qwerty/EVA_Pack_up
[LOG 17:59:32.483] Config(EVA_Pack_down) Squad/Controls/Qwerty/EVA_Pack_down
[LOG 17:59:32.483] Config(EVA_Jump) Squad/Controls/Qwerty/EVA_Jump
[LOG 17:59:32.483] Config(EVA_Run) Squad/Controls/Qwerty/EVA_Run
[LOG 17:59:32.483] Config(EVA_ToggleMovementMode) Squad/Controls/Qwerty/EVA_ToggleMovementMode
[LOG 17:59:32.483] Config(EVA_TogglePack) Squad/Controls/Qwerty/EVA_TogglePack
[LOG 17:59:32.483] Config(EVA_Use) Squad/Controls/Qwerty/EVA_Use
[LOG 17:59:32.483] Config(EVA_Board) Squad/Controls/Qwerty/EVA_Board
[LOG 17:59:32.483] Config(EVA_Orient) Squad/Controls/Qwerty/EVA_Orient
[LOG 17:59:32.483] Config(EVA_Lights) Squad/Controls/Qwerty/EVA_Lights
[LOG 17:59:32.483] Config(EVA_ChuteDeploy) Squad/Controls/Qwerty/EVA_ChuteDeploy
[LOG 17:59:32.483] Config(Editor_pitchUp) Squad/Controls/Qwerty/Editor_pitchUp
[LOG 17:59:32.483] Config(Editor_pitchDown) Squad/Controls/Qwerty/Editor_pitchDown
[LOG 17:59:32.483] Config(Editor_yawLeft) Squad/Controls/Qwerty/Editor_yawLeft
[LOG 17:59:32.483] Config(Editor_yawRight) Squad/Controls/Qwerty/Editor_yawRight
[LOG 17:59:32.484] Config(Editor_rollLeft) Squad/Controls/Qwerty/Editor_rollLeft
[LOG 17:59:32.484] Config(Editor_rollRight) Squad/Controls/Qwerty/Editor_rollRight
[LOG 17:59:32.484] Config(Editor_resetRotation) Squad/Controls/Qwerty/Editor_resetRotation
[LOG 17:59:32.484] Config(Editor_modePlace) Squad/Controls/Qwerty/Editor_modePlace
[LOG 17:59:32.484] Config(Editor_modeOffset) Squad/Controls/Qwerty/Editor_modeOffset
[LOG 17:59:32.484] Config(Editor_modeRotate) Squad/Controls/Qwerty/Editor_modeRotate
[LOG 17:59:32.484] Config(Editor_modeRoot) Squad/Controls/Qwerty/Editor_modeRoot
[LOG 17:59:32.484] Config(Editor_coordSystem) Squad/Controls/Qwerty/Editor_coordSystem
[LOG 17:59:32.484] Config(Editor_toggleSymMethod) Squad/Controls/Qwerty/Editor_toggleSymMethod
[LOG 17:59:32.484] Config(Editor_toggleSymMode) Squad/Controls/Qwerty/Editor_toggleSymMode
[LOG 17:59:32.484] Config(Editor_toggleAngleSnap) Squad/Controls/Qwerty/Editor_toggleAngleSnap
[LOG 17:59:32.484] Config(Editor_fineTweak) Squad/Controls/Qwerty/Editor_fineTweak
[LOG 17:59:32.484] Config(Editor_partSearch) Squad/Controls/Qwerty/Editor_partSearch
[LOG 17:59:32.484] Config(Editor_zoomScrollModifier) Squad/Controls/Qwerty/Editor_zoomScrollModifier
[LOG 17:59:32.484] Config(MODIFIER_KEY) Squad/Controls/Qwerty/MODIFIER_KEY
[LOG 17:59:32.484] Config(AbortActionGroup) Squad/Controls/Qwerty/AbortActionGroup
[LOG 17:59:32.484] Config(CustomActionGroup1) Squad/Controls/Qwerty/CustomActionGroup1
[LOG 17:59:32.484] Config(CustomActionGroup2) Squad/Controls/Qwerty/CustomActionGroup2
[LOG 17:59:32.484] Config(CustomActionGroup3) Squad/Controls/Qwerty/CustomActionGroup3
[LOG 17:59:32.484] Config(CustomActionGroup4) Squad/Controls/Qwerty/CustomActionGroup4
[LOG 17:59:32.484] Config(CustomActionGroup5) Squad/Controls/Qwerty/CustomActionGroup5
[LOG 17:59:32.484] Config(CustomActionGroup6) Squad/Controls/Qwerty/CustomActionGroup6
[LOG 17:59:32.484] Config(CustomActionGroup7) Squad/Controls/Qwerty/CustomActionGroup7
[LOG 17:59:32.485] Config(CustomActionGroup8) Squad/Controls/Qwerty/CustomActionGroup8
[LOG 17:59:32.485] Config(CustomActionGroup9) Squad/Controls/Qwerty/CustomActionGroup9
[LOG 17:59:32.485] Config(CustomActionGroup10) Squad/Controls/Qwerty/CustomActionGroup10
[LOG 17:59:32.485] Config(KEY_MAP) Squad/Controls/Qwerty/KEY_MAP
[LOG 17:59:32.485] Config(KEYBOARD_LAYOUT) Squad/Controls/Qwerty_en-GB/#autoLOC_6001228
[LOG 17:59:32.485] Config(KEY_MAP) Squad/Controls/Qwerty_en-GB/KEY_MAP
[LOG 17:59:32.485] Config(KEYBOARD_LAYOUT) Squad/Controls/Qwerty_es-LA/#autoLOC_6001229
[LOG 17:59:32.485] Config(CAMERA_MOUSE_TOGGLE) Squad/Controls/Qwerty_es-LA/CAMERA_MOUSE_TOGGLE
[LOG 17:59:32.485] Config(TIME_WARP_STOP) Squad/Controls/Qwerty_es-LA/TIME_WARP_STOP
[LOG 17:59:32.485] Config(FOCUS_NEXT_VESSEL) Squad/Controls/Qwerty_es-LA/FOCUS_NEXT_VESSEL
[LOG 17:59:32.485] Config(FOCUS_PREV_VESSEL) Squad/Controls/Qwerty_es-LA/FOCUS_PREV_VESSEL
[LOG 17:59:32.485] Config(CAMERA_RESET) Squad/Controls/Qwerty_es-LA/CAMERA_RESET
[LOG 17:59:32.485] Config(Editor_partSearch) Squad/Controls/Qwerty_es-LA/Editor_partSearch
[LOG 17:59:32.485] Config(KEY_MAP) Squad/Controls/Qwerty_es-LA/KEY_MAP
[LOG 17:59:32.485] Config(KEYBOARD_LAYOUT) Squad/Controls/Qwerty_it-IT/#autoLOC_6001230
[LOG 17:59:32.485] Config(FOCUS_NEXT_VESSEL) Squad/Controls/Qwerty_it-IT/FOCUS_NEXT_VESSEL
[LOG 17:59:32.485] Config(FOCUS_PREV_VESSEL) Squad/Controls/Qwerty_it-IT/FOCUS_PREV_VESSEL
[LOG 17:59:32.485] Config(CAMERA_MOUSE_TOGGLE) Squad/Controls/Qwerty_it-IT/CAMERA_MOUSE_TOGGLE
[LOG 17:59:32.485] Config(TIME_WARP_STOP) Squad/Controls/Qwerty_it-IT/TIME_WARP_STOP
[LOG 17:59:32.485] Config(CAMERA_RESET) Squad/Controls/Qwerty_it-IT/CAMERA_RESET
[LOG 17:59:32.485] Config(Editor_partSearch) Squad/Controls/Qwerty_it-IT/Editor_partSearch
[LOG 17:59:32.485] Config(KEY_MAP) Squad/Controls/Qwerty_it-IT/KEY_MAP
[LOG 17:59:32.485] Config(KEYBOARD_LAYOUT) Squad/Controls/Qwerty_ja-JP/#autoLOC_6001231
[LOG 17:59:32.485] Config(FOCUS_NEXT_VESSEL) Squad/Controls/Qwerty_ja-JP/FOCUS_NEXT_VESSEL
[LOG 17:59:32.485] Config(FOCUS_PREV_VESSEL) Squad/Controls/Qwerty_ja-JP/FOCUS_PREV_VESSEL
[LOG 17:59:32.485] Config(PRECISION_CTRL) Squad/Controls/Qwerty_ja-JP/PRECISION_CTRL
[LOG 17:59:32.485] Config(CAMERA_MOUSE_TOGGLE) Squad/Controls/Qwerty_ja-JP/CAMERA_MOUSE_TOGGLE
[LOG 17:59:32.485] Config(Editor_partSearch) Squad/Controls/Qwerty_ja-JP/Editor_partSearch
[LOG 17:59:32.485] Config(CAMERA_RESET) Squad/Controls/Qwerty_ja-JP/CAMERA_RESET
[LOG 17:59:32.485] Config(KEY_MAP) Squad/Controls/Qwerty_ja-JP/KEY_MAP
[LOG 17:59:32.486] Config(KEYBOARD_LAYOUT) Squad/Controls/Qwerty_pt-PT/#autoLOC_6001230
[LOG 17:59:32.486] Config(FOCUS_NEXT_VESSEL) Squad/Controls/Qwerty_pt-PT/FOCUS_NEXT_VESSEL
[LOG 17:59:32.486] Config(FOCUS_PREV_VESSEL) Squad/Controls/Qwerty_pt-PT/FOCUS_PREV_VESSEL
[LOG 17:59:32.486] Config(CAMERA_MOUSE_TOGGLE) Squad/Controls/Qwerty_pt-PT/CAMERA_MOUSE_TOGGLE
[LOG 17:59:32.486] Config(TIME_WARP_STOP) Squad/Controls/Qwerty_pt-PT/TIME_WARP_STOP
[LOG 17:59:32.486] Config(CAMERA_RESET) Squad/Controls/Qwerty_pt-PT/CAMERA_RESET
[LOG 17:59:32.486] Config(Editor_partSearch) Squad/Controls/Qwerty_pt-PT/Editor_partSearch
[LOG 17:59:32.486] Config(KEY_MAP) Squad/Controls/Qwerty_pt-PT/KEY_MAP
[LOG 17:59:32.486] Config(KEYBOARD_LAYOUT) Squad/Controls/Qwertz/#autoLOC_6001232
[LOG 17:59:32.486] Config(PITCH_DOWN) Squad/Controls/Qwertz/PITCH_DOWN
[LOG 17:59:32.486] Config(PITCH_UP) Squad/Controls/Qwertz/PITCH_UP
[LOG 17:59:32.486] Config(YAW_LEFT) Squad/Controls/Qwertz/YAW_LEFT
[LOG 17:59:32.486] Config(YAW_RIGHT) Squad/Controls/Qwertz/YAW_RIGHT
[LOG 17:59:32.486] Config(ROLL_LEFT) Squad/Controls/Qwertz/ROLL_LEFT
[LOG 17:59:32.486] Config(ROLL_RIGHT) Squad/Controls/Qwertz/ROLL_RIGHT
[LOG 17:59:32.486] Config(THROTTLE_UP) Squad/Controls/Qwertz/THROTTLE_UP
[LOG 17:59:32.486] Config(THROTTLE_DOWN) Squad/Controls/Qwertz/THROTTLE_DOWN
[LOG 17:59:32.486] Config(SAS_HOLD) Squad/Controls/Qwertz/SAS_HOLD
[LOG 17:59:32.486] Config(SAS_TOGGLE) Squad/Controls/Qwertz/SAS_TOGGLE
[LOG 17:59:32.486] Config(LAUNCH_STAGES) Squad/Controls/Qwertz/LAUNCH_STAGES
[LOG 17:59:32.486] Config(Docking_toggleRotLin) Squad/Controls/Qwertz/Docking_toggleRotLin
[LOG 17:59:32.486] Config(CAMERA_MODE) Squad/Controls/Qwertz/CAMERA_MODE
[LOG 17:59:32.486] Config(CAMERA_NEXT) Squad/Controls/Qwertz/CAMERA_NEXT
[LOG 17:59:32.486] Config(PAUSE) Squad/Controls/Qwertz/PAUSE
[LOG 17:59:32.486] Config(PRECISION_CTRL) Squad/Controls/Qwertz/PRECISION_CTRL
[LOG 17:59:32.486] Config(ZOOM_IN) Squad/Controls/Qwertz/ZOOM_IN
[LOG 17:59:32.486] Config(ZOOM_OUT) Squad/Controls/Qwertz/ZOOM_OUT
[LOG 17:59:32.486] Config(SCROLL_VIEW_UP) Squad/Controls/Qwertz/SCROLL_VIEW_UP
[LOG 17:59:32.486] Config(SCROLL_VIEW_DOWN) Squad/Controls/Qwertz/SCROLL_VIEW_DOWN
[LOG 17:59:32.486] Config(SCROLL_ICONS_UP) Squad/Controls/Qwertz/SCROLL_ICONS_UP
[LOG 17:59:32.487] Config(SCROLL_ICONS_DOWN) Squad/Controls/Qwertz/SCROLL_ICONS_DOWN
[LOG 17:59:32.487] Config(CAMERA_ORBIT_UP) Squad/Controls/Qwertz/CAMERA_ORBIT_UP
[LOG 17:59:32.487] Config(CAMERA_ORBIT_DOWN) Squad/Controls/Qwertz/CAMERA_ORBIT_DOWN
[LOG 17:59:32.487] Config(CAMERA_ORBIT_LEFT) Squad/Controls/Qwertz/CAMERA_ORBIT_LEFT
[LOG 17:59:32.487] Config(CAMERA_ORBIT_RIGHT) Squad/Controls/Qwertz/CAMERA_ORBIT_RIGHT
[LOG 17:59:32.487] Config(CAMERA_RESET) Squad/Controls/Qwertz/CAMERA_RESET
[LOG 17:59:32.487] Config(CAMERA_MOUSE_TOGGLE) Squad/Controls/Qwertz/CAMERA_MOUSE_TOGGLE
[LOG 17:59:32.487] Config(TIME_WARP_INCREASE) Squad/Controls/Qwertz/TIME_WARP_INCREASE
[LOG 17:59:32.487] Config(TIME_WARP_DECREASE) Squad/Controls/Qwertz/TIME_WARP_DECREASE
[LOG 17:59:32.487] Config(TIME_WARP_STOP) Squad/Controls/Qwertz/TIME_WARP_STOP
[LOG 17:59:32.487] Config(MAP_VIEW_TOGGLE) Squad/Controls/Qwertz/MAP_VIEW_TOGGLE
[LOG 17:59:32.487] Config(NAVBALL_TOGGLE) Squad/Controls/Qwertz/NAVBALL_TOGGLE
[LOG 17:59:32.487] Config(UIMODE_STAGING) Squad/Controls/Qwertz/UIMODE_STAGING
[LOG 17:59:32.487] Config(UIMODE_DOCKING) Squad/Controls/Qwertz/UIMODE_DOCKING
[LOG 17:59:32.487] Config(TRANSLATE_DOWN) Squad/Controls/Qwertz/TRANSLATE_DOWN
[LOG 17:59:32.487] Config(TRANSLATE_UP) Squad/Controls/Qwertz/TRANSLATE_UP
[LOG 17:59:32.487] Config(TRANSLATE_LEFT) Squad/Controls/Qwertz/TRANSLATE_LEFT
[LOG 17:59:32.487] Config(TRANSLATE_RIGHT) Squad/Controls/Qwertz/TRANSLATE_RIGHT
[LOG 17:59:32.487] Config(TRANSLATE_FWD) Squad/Controls/Qwertz/TRANSLATE_FWD
[LOG 17:59:32.487] Config(TRANSLATE_BACK) Squad/Controls/Qwertz/TRANSLATE_BACK
[LOG 17:59:32.487] Config(RCS_TOGGLE) Squad/Controls/Qwertz/RCS_TOGGLE
[LOG 17:59:32.487] Config(FOCUS_NEXT_VESSEL) Squad/Controls/Qwertz/FOCUS_NEXT_VESSEL
[LOG 17:59:32.487] Config(FOCUS_PREV_VESSEL) Squad/Controls/Qwertz/FOCUS_PREV_VESSEL
[LOG 17:59:32.487] Config(TOGGLE_UI) Squad/Controls/Qwertz/TOGGLE_UI
[LOG 17:59:32.487] Config(TOGGLE_STATUS_SCREEN) Squad/Controls/Qwertz/TOGGLE_STATUS_SCREEN
[LOG 17:59:32.487] Config(TAKE_SCREENSHOT) Squad/Controls/Qwertz/TAKE_SCREENSHOT
[LOG 17:59:32.487] Config(TOGGLE_LABELS) Squad/Controls/Qwertz/TOGGLE_LABELS
[LOG 17:59:32.487] Config(TOGGLE_TEMP_GAUGES) Squad/Controls/Qwertz/TOGGLE_TEMP_GAUGES
[LOG 17:59:32.487] Config(TOGGLE_TEMP_OVERLAY) Squad/Controls/Qwertz/TOGGLE_TEMP_OVERLAY
[LOG 17:59:32.487] Config(TOGGLE_FLIGHT_FORCES) Squad/Controls/Qwertz/TOGGLE_FLIGHT_FORCES
[LOG 17:59:32.488] Config(QUICKSAVE) Squad/Controls/Qwertz/QUICKSAVE
[LOG 17:59:32.488] Config(QUICKLOAD) Squad/Controls/Qwertz/QUICKLOAD
[LOG 17:59:32.488] Config(THROTTLE_CUTOFF) Squad/Controls/Qwertz/THROTTLE_CUTOFF
[LOG 17:59:32.488] Config(THROTTLE_FULL) Squad/Controls/Qwertz/THROTTLE_FULL
[LOG 17:59:32.488] Config(LANDING_GEAR) Squad/Controls/Qwertz/LANDING_GEAR
[LOG 17:59:32.488] Config(HEADLIGHT_TOGGLE) Squad/Controls/Qwertz/HEADLIGHT_TOGGLE
[LOG 17:59:32.488] Config(BRAKES) Squad/Controls/Qwertz/BRAKES
[LOG 17:59:32.488] Config(TOGGLE_SPACENAV_FLIGHT_CONTROL) Squad/Controls/Qwertz/TOGGLE_SPACENAV_FLIGHT_CONTROL
[LOG 17:59:32.488] Config(TOGGLE_SPACENAV_ROLL_LOCK) Squad/Controls/Qwertz/TOGGLE_SPACENAV_ROLL_LOCK
[LOG 17:59:32.488] Config(WHEEL_STEER_LEFT) Squad/Controls/Qwertz/WHEEL_STEER_LEFT
[LOG 17:59:32.488] Config(WHEEL_STEER_RIGHT) Squad/Controls/Qwertz/WHEEL_STEER_RIGHT
[LOG 17:59:32.488] Config(WHEEL_THROTTLE_DOWN) Squad/Controls/Qwertz/WHEEL_THROTTLE_DOWN
[LOG 17:59:32.488] Config(WHEEL_THROTTLE_UP) Squad/Controls/Qwertz/WHEEL_THROTTLE_UP
[LOG 17:59:32.488] Config(EVA_forward) Squad/Controls/Qwertz/EVA_forward
[LOG 17:59:32.488] Config(EVA_back) Squad/Controls/Qwertz/EVA_back
[LOG 17:59:32.488] Config(EVA_left) Squad/Controls/Qwertz/EVA_left
[LOG 17:59:32.488] Config(EVA_right) Squad/Controls/Qwertz/EVA_right
[LOG 17:59:32.488] Config(EVA_yaw_left) Squad/Controls/Qwertz/EVA_yaw_left
[LOG 17:59:32.488] Config(EVA_yaw_right) Squad/Controls/Qwertz/EVA_yaw_right
[LOG 17:59:32.488] Config(EVA_Pack_forward) Squad/Controls/Qwertz/EVA_Pack_forward
[LOG 17:59:32.488] Config(EVA_Pack_back) Squad/Controls/Qwertz/EVA_Pack_back
[LOG 17:59:32.488] Config(EVA_Pack_left) Squad/Controls/Qwertz/EVA_Pack_left
[LOG 17:59:32.488] Config(EVA_Pack_right) Squad/Controls/Qwertz/EVA_Pack_right
[LOG 17:59:32.488] Config(EVA_Pack_up) Squad/Controls/Qwertz/EVA_Pack_up
[LOG 17:59:32.488] Config(EVA_Pack_down) Squad/Controls/Qwertz/EVA_Pack_down
[LOG 17:59:32.488] Config(EVA_Jump) Squad/Controls/Qwertz/EVA_Jump
[LOG 17:59:32.488] Config(EVA_Run) Squad/Controls/Qwertz/EVA_Run
[LOG 17:59:32.488] Config(EVA_ToggleMovementMode) Squad/Controls/Qwertz/EVA_ToggleMovementMode
[LOG 17:59:32.488] Config(EVA_TogglePack) Squad/Controls/Qwertz/EVA_TogglePack
[LOG 17:59:32.488] Config(EVA_Use) Squad/Controls/Qwertz/EVA_Use
[LOG 17:59:32.488] Config(EVA_Board) Squad/Controls/Qwertz/EVA_Board
[LOG 17:59:32.489] Config(EVA_Orient) Squad/Controls/Qwertz/EVA_Orient
[LOG 17:59:32.489] Config(EVA_Lights) Squad/Controls/Qwertz/EVA_Lights
[LOG 17:59:32.489] Config(Editor_pitchUp) Squad/Controls/Qwertz/Editor_pitchUp
[LOG 17:59:32.489] Config(Editor_pitchDown) Squad/Controls/Qwertz/Editor_pitchDown
[LOG 17:59:32.489] Config(Editor_yawLeft) Squad/Controls/Qwertz/Editor_yawLeft
[LOG 17:59:32.489] Config(Editor_yawRight) Squad/Controls/Qwertz/Editor_yawRight
[LOG 17:59:32.489] Config(Editor_rollLeft) Squad/Controls/Qwertz/Editor_rollLeft
[LOG 17:59:32.489] Config(Editor_rollRight) Squad/Controls/Qwertz/Editor_rollRight
[LOG 17:59:32.489] Config(Editor_resetRotation) Squad/Controls/Qwertz/Editor_resetRotation
[LOG 17:59:32.489] Config(Editor_modePlace) Squad/Controls/Qwertz/Editor_modePlace
[LOG 17:59:32.489] Config(Editor_modeOffset) Squad/Controls/Qwertz/Editor_modeOffset
[LOG 17:59:32.489] Config(Editor_modeRotate) Squad/Controls/Qwertz/Editor_modeRotate
[LOG 17:59:32.489] Config(Editor_modeRoot) Squad/Controls/Qwertz/Editor_modeRoot
[LOG 17:59:32.489] Config(Editor_coordSystem) Squad/Controls/Qwertz/Editor_coordSystem
[LOG 17:59:32.489] Config(Editor_toggleSymMethod) Squad/Controls/Qwertz/Editor_toggleSymMethod
[LOG 17:59:32.489] Config(Editor_toggleSymMode) Squad/Controls/Qwertz/Editor_toggleSymMode
[LOG 17:59:32.489] Config(Editor_toggleAngleSnap) Squad/Controls/Qwertz/Editor_toggleAngleSnap
[LOG 17:59:32.489] Config(Editor_fineTweak) Squad/Controls/Qwertz/Editor_fineTweak
[LOG 17:59:32.489] Config(Editor_partSearch) Squad/Controls/Qwertz/Editor_partSearch
[LOG 17:59:32.489] Config(Editor_zoomScrollModifier) Squad/Controls/Qwertz/Editor_zoomScrollModifier
[LOG 17:59:32.489] Config(MODIFIER_KEY) Squad/Controls/Qwertz/MODIFIER_KEY
[LOG 17:59:32.489] Config(AbortActionGroup) Squad/Controls/Qwertz/AbortActionGroup
[LOG 17:59:32.489] Config(CustomActionGroup1) Squad/Controls/Qwertz/CustomActionGroup1
[LOG 17:59:32.489] Config(CustomActionGroup2) Squad/Controls/Qwertz/CustomActionGroup2
[LOG 17:59:32.489] Config(CustomActionGroup3) Squad/Controls/Qwertz/CustomActionGroup3
[LOG 17:59:32.489] Config(CustomActionGroup4) Squad/Controls/Qwertz/CustomActionGroup4
[LOG 17:59:32.489] Config(CustomActionGroup5) Squad/Controls/Qwertz/CustomActionGroup5
[LOG 17:59:32.489] Config(CustomActionGroup6) Squad/Controls/Qwertz/CustomActionGroup6
[LOG 17:59:32.489] Config(CustomActionGroup7) Squad/Controls/Qwertz/CustomActionGroup7
[LOG 17:59:32.489] Config(CustomActionGroup8) Squad/Controls/Qwertz/CustomActionGroup8
[LOG 17:59:32.490] Config(CustomActionGroup9) Squad/Controls/Qwertz/CustomActionGroup9
[LOG 17:59:32.490] Config(CustomActionGroup10) Squad/Controls/Qwertz/CustomActionGroup10
[LOG 17:59:32.490] Config(KEY_MAP) Squad/Controls/Qwertz/KEY_MAP
[LOG 17:59:32.490] Config(EXPERIENCE_TRAIT) Squad/Experience/Traits/Pilot
[LOG 17:59:32.490] Config(EXPERIENCE_TRAIT) Squad/Experience/Traits/Engineer
[LOG 17:59:32.490] Config(EXPERIENCE_TRAIT) Squad/Experience/Traits/Scientist
[LOG 17:59:32.490] Config(EXPERIENCE_TRAIT) Squad/Experience/Traits/Tourist
[LOG 17:59:32.490] Config(Localization) Squad/Localization/dictionary/Localization
[LOG 17:59:32.490] Config(MISSIONPACK) Squad/Missions/MissionPacks/squad_ESA
[LOG 17:59:32.490] Config(VARIANTTHEME) Squad/Parts/VariantThemes/White
[LOG 17:59:32.490] Config(VARIANTTHEME) Squad/Parts/VariantThemes/BlackAndWhite
[LOG 17:59:32.490] Config(VARIANTTHEME) Squad/Parts/VariantThemes/GrayAndOrange
[LOG 17:59:32.490] Config(VARIANTTHEME) Squad/Parts/VariantThemes/Dark
[LOG 17:59:32.490] Config(VARIANTTHEME) Squad/Parts/VariantThemes/Gray
[LOG 17:59:32.490] Config(VARIANTTHEME) Squad/Parts/VariantThemes/Orange
[LOG 17:59:32.490] Config(VARIANTTHEME) Squad/Parts/VariantThemes/Gold
[LOG 17:59:32.490] Config(VARIANTTHEME) Squad/Parts/VariantThemes/Bare
[LOG 17:59:32.490] Config(VARIANTTHEME) Squad/Parts/VariantThemes/Shroud
[LOG 17:59:32.490] Config(VARIANTTHEME) Squad/Parts/VariantThemes/GrayAndWhite
[LOG 17:59:32.490] Config(VARIANTTHEME) Squad/Parts/VariantThemes/YellowAndWhite
[LOG 17:59:32.490] Config(VARIANTTHEME) Squad/Parts/VariantThemes/Silver
[LOG 17:59:32.490] Config(VARIANTTHEME) Squad/Parts/VariantThemes/Gray with Stripes
[LOG 17:59:32.490] Config(PART) Squad/Parts/Aero/aerodynamicNoseCone/aerodynamicNoseCone/noseCone
[LOG 17:59:32.490] Config(PART) Squad/Parts/Aero/airbrake/Airbrake/airbrake1
[LOG 17:59:32.490] Config(PART) Squad/Parts/Aero/airIntakeRadialXM-G50/airIntakeRadialXM-G50/airScoop
[LOG 17:59:32.491] Config(PART) Squad/Parts/Aero/airlinerWings/ControlSurface/airlinerCtrlSrf
[LOG 17:59:32.491] Config(PART) Squad/Parts/Aero/airlinerWings/MainWing/airlinerMainWing
[LOG 17:59:32.491] Config(PART) Squad/Parts/Aero/airlinerWings/TailFin/airlinerTailFin
[LOG 17:59:32.491] Config(PART) Squad/Parts/Aero/airplaneFins/advancedCanard/AdvancedCanard
[LOG 17:59:32.491] Config(PART) Squad/Parts/Aero/airplaneFins/standardCanard/CanardController
[LOG 17:59:32.491] Config(PART) Squad/Parts/Aero/airplaneFins/sweptWing/sweptWing
[LOG 17:59:32.491] Config(PART) Squad/Parts/Aero/airplaneFins/tailfin/tailfin
[LOG 17:59:32.491] Config(PART) Squad/Parts/Aero/basicFin/basicFin/basicFin
[LOG 17:59:32.491] Config(PART) Squad/Parts/Aero/circularIntake/circularIntake/CircularIntake
[LOG 17:59:32.491] Config(PART) Squad/Parts/Aero/circularIntake/intakeShockCone/shockConeIntake
[LOG 17:59:32.491] Config(PART) Squad/Parts/Aero/cones/avionicsNoseCone/avionicsNoseCone
[LOG 17:59:32.491] Config(PART) Squad/Parts/Aero/cones/ConeA/pointyNoseConeA
[LOG 17:59:32.491] Config(PART) Squad/Parts/Aero/cones/ConeB/pointyNoseConeB
[LOG 17:59:32.491] Config(PART) Squad/Parts/Aero/cones/noseConeAdapter/noseConeAdapter
[LOG 17:59:32.491] Config(PART) Squad/Parts/Aero/cones/protectiveRocketNoseMk7_v2/rocketNoseCone_v2
[LOG 17:59:32.491] Config(PART) Squad/Parts/Aero/cones/protectiveRocketNoseMk7_v3/rocketNoseCone_v3
[LOG 17:59:32.491] Config(PART) Squad/Parts/Aero/cones/rocketNoseCone_size3/rocketNoseConeSize3
[LOG 17:59:32.491] Config(PART) Squad/Parts/Aero/cones/smallNoseCone/standardNoseCone
[LOG 17:59:32.491] Config(PART) Squad/Parts/Aero/cones/tailConnectorA/airplaneTail
[LOG 17:59:32.491] Config(PART) Squad/Parts/Aero/cones/tailConnectorB/airplaneTailB
[LOG 17:59:32.491] Config(PART) Squad/Parts/Aero/fairings/fairingSize1/fairingSize1
[LOG 17:59:32.491] Config(PART) Squad/Parts/Aero/fairings/fairingSize2/fairingSize2
[LOG 17:59:32.491] Config(PART) Squad/Parts/Aero/fairings/fairingSize3/fairingSize3
[LOG 17:59:32.491] Config(PART) Squad/Parts/Aero/HeatShield/HeatShield0/HeatShield0
[LOG 17:59:32.491] Config(PART) Squad/Parts/Aero/HeatShield/HeatShield1/HeatShield1
[LOG 17:59:32.491] Config(PART) Squad/Parts/Aero/HeatShield/HeatShield2/HeatShield2
[LOG 17:59:32.492] Config(PART) Squad/Parts/Aero/HeatShield/HeatShield3/HeatShield3
[LOG 17:59:32.492] Config(PART) Squad/Parts/Aero/InflatableHeatShield/HeatShield/InflatableHeatShield
[LOG 17:59:32.492] Config(PART) Squad/Parts/Aero/intakeRadialLong/intakeRadialLong/IntakeRadialLong
[LOG 17:59:32.492] Config(PART) Squad/Parts/Aero/miniIntake/SmallIntake/miniIntake
[LOG 17:59:32.492] Config(PART) Squad/Parts/Aero/ramAirIntake/ramAirIntake/ramAirIntake
[LOG 17:59:32.492] Config(PART) Squad/Parts/Aero/shuttleWings/delta/wingShuttleDelta
[LOG 17:59:32.492] Config(PART) Squad/Parts/Aero/shuttleWings/elevon1/wingShuttleElevon1
[LOG 17:59:32.492] Config(PART) Squad/Parts/Aero/shuttleWings/elevon2/wingShuttleElevon2
[LOG 17:59:32.492] Config(PART) Squad/Parts/Aero/shuttleWings/rudder/wingShuttleRudder
[LOG 17:59:32.492] Config(PART) Squad/Parts/Aero/shuttleWings/strake/wingShuttleStrake
[LOG 17:59:32.492] Config(PART) Squad/Parts/Aero/wingletAV-R8/wingletAV-R8/R8winglet
[LOG 17:59:32.492] Config(PART) Squad/Parts/Aero/wingletAV-T1/wingletAV-T1/winglet
[LOG 17:59:32.492] Config(PART) Squad/Parts/Aero/wingletDeltaDeluxe/wingletDeltaDeluxe/winglet3
[LOG 17:59:32.492] Config(PART) Squad/Parts/Aero/wings/connector1/wingConnector
[LOG 17:59:32.492] Config(PART) Squad/Parts/Aero/wings/connector2/wingConnector2
[LOG 17:59:32.492] Config(PART) Squad/Parts/Aero/wings/connector3/wingConnector3
[LOG 17:59:32.492] Config(PART) Squad/Parts/Aero/wings/connector4/wingConnector4
[LOG 17:59:32.492] Config(PART) Squad/Parts/Aero/wings/connector5/wingConnector5
[LOG 17:59:32.492] Config(PART) Squad/Parts/Aero/wings/delta/deltaWing
[LOG 17:59:32.492] Config(PART) Squad/Parts/Aero/wings/delta_small/delta_small
[LOG 17:59:32.492] Config(PART) Squad/Parts/Aero/wings/elevon1/StandardCtrlSrf
[LOG 17:59:32.492] Config(PART) Squad/Parts/Aero/wings/elevon2/elevon2
[LOG 17:59:32.492] Config(PART) Squad/Parts/Aero/wings/elevon3/elevon3
[LOG 17:59:32.492] Config(PART) Squad/Parts/Aero/wings/elevon4/smallCtrlSrf
[LOG 17:59:32.492] Config(PART) Squad/Parts/Aero/wings/elevon5/elevon5
[LOG 17:59:32.492] Config(PART) Squad/Parts/Aero/wings/strake/wingStrake
[LOG 17:59:32.492] Config(PART) Squad/Parts/Aero/wings/structural1/structuralWing
[LOG 17:59:32.492] Config(PART) Squad/Parts/Aero/wings/structural2/structuralWing2
[LOG 17:59:32.493] Config(PART) Squad/Parts/Aero/wings/structural3/structuralWing3
[LOG 17:59:32.493] Config(PART) Squad/Parts/Aero/wings/structural4/structuralWing4
[LOG 17:59:32.493] Config(PART) Squad/Parts/Aero/wings/swept1/sweptWing1
[LOG 17:59:32.493] Config(PART) Squad/Parts/Aero/wings/swept2/sweptWing2
[LOG 17:59:32.493] Config(PART) Squad/Parts/Cargo/CargoContainers/cargoContainer/cargoContainer
[LOG 17:59:32.493] Config(PART) Squad/Parts/Cargo/CargoContainers/smallCargoContainer/smallCargoContainer
[LOG 17:59:32.493] Config(PART) Squad/Parts/Cargo/Cylinder/Cylinder/evaCylinder
[LOG 17:59:32.493] Config(PART) Squad/Parts/Cargo/GroundAnchor/groundAnchor/groundAnchor
[LOG 17:59:32.493] Config(PART) Squad/Parts/Cargo/Jetpack/Jetpack/evaJetpack
[LOG 17:59:32.493] Config(PART) Squad/Parts/Cargo/Parachute/Parachute/evaChute
[LOG 17:59:32.493] Config(PART) Squad/Parts/Cargo/RepairKit/RepairKit/evaRepairKit
[LOG 17:59:32.493] Config(PART) Squad/Parts/Cargo/ScienceKit/evaScienceKit/evaScienceKit
[LOG 17:59:32.493] Config(PART) Squad/Parts/Cargo/StorageUnits/CargoStorageUnit/CargoStorageUnit
[LOG 17:59:32.493] Config(PART) Squad/Parts/Cargo/StorageUnits/ConformalStorageUnit/ConformalStorageUnit
[LOG 17:59:32.493] Config(PART) Squad/Parts/Command/advancedSasModuleLarge/advSasModuleLarge/asasmodule1-2
[LOG 17:59:32.493] Config(PART) Squad/Parts/Command/cupola/cupola/cupola
[LOG 17:59:32.493] Config(PART) Squad/Parts/Command/externalCommandSeat/externalCommandSeat/seatExternalCmd
[LOG 17:59:32.493] Config(PART) Squad/Parts/Command/hitchhikerStorageContainer/hitchikerStorageContainer/crewCabin
[LOG 17:59:32.493] Config(PART) Squad/Parts/Command/inlineAdvancedStabilizer/inlineAdvancedStabilizer/advSasModule
[LOG 17:59:32.493] Config(PART) Squad/Parts/Command/inlineReactionWheel/inlineReactionWheel/sasModule
[LOG 17:59:32.493] Config(PART) Squad/Parts/Command/Mk1-3Pod/mk1-3/mk1-3pod
[LOG 17:59:32.493] Config(PART) Squad/Parts/Command/mk1Cockpits/mk1Cockpit/Mark1Cockpit
[LOG 17:59:32.493] Config(PART) Squad/Parts/Command/mk1Cockpits/mk1CrewCabin/MK1CrewCabin
[LOG 17:59:32.493] Config(PART) Squad/Parts/Command/mk1Cockpits/mk1InlineCockpit/Mark2Cockpit
[LOG 17:59:32.493] Config(PART) Squad/Parts/Command/mk1LanderCan/mk1LanderCan/landerCabinSmall
[LOG 17:59:32.493] Config(PART) Squad/Parts/Command/mk1pod_v2/mk1Pod_v2/mk1pod_v2
[LOG 17:59:32.494] Config(PART) Squad/Parts/Command/mk2CockpitInline/mk2CockpitInline/mk2Cockpit_Inline
[LOG 17:59:32.494] Config(PART) Squad/Parts/Command/mk2CockpitStandard/mk2CockpitStandard/mk2Cockpit_Standard
[LOG 17:59:32.494] Config(PART) Squad/Parts/Command/mk2DroneCore/mk2Dronecore/mk2DroneCore
[LOG 17:59:32.494] Config(PART) Squad/Parts/Command/mk2LanderCan/mk2LanderCan/mk2LanderCabin
[LOG 17:59:32.494] Config(PART) Squad/Parts/Command/mk2LanderCan_v2/mk2LanderCan_v2/mk2LanderCabin_v2
[LOG 17:59:32.494] Config(PART) Squad/Parts/Command/mk3CockpitShuttle/mk3CockpitShuttle/mk3Cockpit_Shuttle
[LOG 17:59:32.494] Config(PART) Squad/Parts/Command/MpoProbe/MpoProbe/MpoProbe
[LOG 17:59:32.494] Config(PART) Squad/Parts/Command/MtmStage/MTM_Stage/MtmStage
[LOG 17:59:32.494] Config(PART) Squad/Parts/Command/probeCoreCube/probeCoreCube/probeCoreCube
[LOG 17:59:32.494] Config(PART) Squad/Parts/Command/probeCoreHex/probeCoreHex/probeCoreHex
[LOG 17:59:32.494] Config(PART) Squad/Parts/Command/probeCoreHex_v2/probeCoreHex_v2/probeCoreHex_v2
[LOG 17:59:32.494] Config(PART) Squad/Parts/Command/probeCoreOcto2_v2/probeCoreOcto2_v2/probeCoreOcto2_v2
[LOG 17:59:32.494] Config(PART) Squad/Parts/Command/probeCoreOcto_v2/probeCoreOcto_v2/probeCoreOcto_v2
[LOG 17:59:32.494] Config(PART) Squad/Parts/Command/probeRoverBody/probeRoverBody/roverBody
[LOG 17:59:32.494] Config(PART) Squad/Parts/Command/probeRoverBody_v2/probeRoverBody_v2/roverBody_v2
[LOG 17:59:32.494] Config(PART) Squad/Parts/Command/probeStackLarge/probeStackLarge/probeStackLarge
[LOG 17:59:32.494] Config(PART) Squad/Parts/Command/probeStackSmall/probeStackSmall/probeStackSmall
[LOG 17:59:32.494] Config(PART) Squad/Parts/Command/probeStackSphere_v2/probeStackSphere_v2/probeCoreSphere_v2
[LOG 17:59:32.494] Config(PART) Squad/Parts/CompoundParts/FuelLine/fuelLine/fuelLine
[LOG 17:59:32.494] Config(PART) Squad/Parts/CompoundParts/strutConnector/strutConnector/strutConnector
[LOG 17:59:32.494] Config(PART) Squad/Parts/Coupling/Decoupler_0/Decoupler_0
[LOG 17:59:32.494] Config(PART) Squad/Parts/Coupling/Decoupler_1/Decoupler_1
[LOG 17:59:32.494] Config(PART) Squad/Parts/Coupling/Decoupler_2/Decoupler_2
[LOG 17:59:32.494] Config(PART) Squad/Parts/Coupling/Decoupler_3/Decoupler_3
[LOG 17:59:32.494] Config(PART) Squad/Parts/Coupling/Separator_0/Separator_0
[LOG 17:59:32.494] Config(PART) Squad/Parts/Coupling/Separator_1/Separator_1
[LOG 17:59:32.495] Config(PART) Squad/Parts/Coupling/Separator_2/Separator_2
[LOG 17:59:32.495] Config(PART) Squad/Parts/Coupling/Separator_3/Separator_3
[LOG 17:59:32.495] Config(PART) Squad/Parts/Electrical/10CSolarPanels/OX-10C/solarPanelOX10C
[LOG 17:59:32.495] Config(PART) Squad/Parts/Electrical/10CSolarPanels/SP-10C/solarPanelSP10C
[LOG 17:59:32.495] Config(PART) Squad/Parts/Electrical/10LSolarPanels/OX-10L/solarPanelOX10L
[LOG 17:59:32.495] Config(PART) Squad/Parts/Electrical/10LSolarPanels/SP-10L/solarPanelSP10L
[LOG 17:59:32.495] Config(PART) Squad/Parts/Electrical/1x6ShroudSolarPanels/1x6ShroudSolarPanels/solarPanels2
[LOG 17:59:32.495] Config(PART) Squad/Parts/Electrical/1x6SolarPanels/1x6SolarPanels/solarPanels4
[LOG 17:59:32.495] Config(PART) Squad/Parts/Electrical/3x2ShroudSolarPanels/3x2ShroudSolarPanels/solarPanels1
[LOG 17:59:32.495] Config(PART) Squad/Parts/Electrical/3x2SolarPanels/3x2SolarPanels/solarPanels3
[LOG 17:59:32.495] Config(PART) Squad/Parts/Electrical/gigantorXlSolarArray/gigantorXlSolarArray/largeSolarPanel
[LOG 17:59:32.495] Config(PART) Squad/Parts/Electrical/radialFlatSolarPanel/radialFlatSolarPanel/solarPanels5
[LOG 17:59:32.495] Config(PART) Squad/Parts/Electrical/RTG/RTG/rtg
[LOG 17:59:32.495] Config(PART) Squad/Parts/Electrical/z-100Battery/z-100Battery/batteryPack
[LOG 17:59:32.495] Config(PART) Squad/Parts/Electrical/z-1kBattery/z-1kBattery/batteryBank
[LOG 17:59:32.495] Config(PART) Squad/Parts/Electrical/z-200Battery/z-200Battery/batteryBankMini
[LOG 17:59:32.495] Config(PART) Squad/Parts/Electrical/z-400Battery/z-400Battery/ksp_r_largeBatteryPack
[LOG 17:59:32.495] Config(PART) Squad/Parts/Electrical/z-4kBattery/z-4kBattery/batteryBankLarge
[LOG 17:59:32.495] Config(PART) Squad/Parts/Engine/ionEngine/ionEngine/ionEngine
[LOG 17:59:32.495] Config(PART) Squad/Parts/Engine/jetEngines/jetEngineAfterburning/turboJet
[LOG 17:59:32.495] Config(PART) Squad/Parts/Engine/jetEngines/jetEngineBasic/JetEngine
[LOG 17:59:32.495] Config(PART) Squad/Parts/Engine/jetEngines/jetEngineBig/turboFanSize2
[LOG 17:59:32.495] Config(PART) Squad/Parts/Engine/jetEngines/jetEngineTurbo/turboFanEngine
[LOG 17:59:32.495] Config(PART) Squad/Parts/Engine/liquidEngine24-77/liquidEngine24-77/smallRadialEngine
[LOG 17:59:32.495] Config(PART) Squad/Parts/Engine/liquidEngine24-77_v2/liquidEngine24-77_v2/smallRadialEngine_v2
[LOG 17:59:32.496] Config(PART) Squad/Parts/Engine/liquidEngine48-7S_v2/liquidEngine48-7S_v2/liquidEngineMini_v2
[LOG 17:59:32.496] Config(PART) Squad/Parts/Engine/liquidEngineAerospike/liquidEngineAerospike/toroidalAerospike
[LOG 17:59:32.496] Config(PART) Squad/Parts/Engine/liquidEngineLV-1_v2/liquidEngineLV-1R _v2/radialEngineMini_v2
[LOG 17:59:32.496] Config(PART) Squad/Parts/Engine/liquidEngineLV-1_v2/liquidEngineLV-1_v2/microEngine_v2
[LOG 17:59:32.496] Config(PART) Squad/Parts/Engine/liquidEngineLV-909_v2/liquidEngineLV-909_v2/liquidEngine3_v2
[LOG 17:59:32.496] Config(PART) Squad/Parts/Engine/liquidEngineLV-N/liquidEngineLV-N/nuclearEngine
[LOG 17:59:32.496] Config(PART) Squad/Parts/Engine/liquidEngineLV-T30/liquidEngineLV-T30/liquidEngine
[LOG 17:59:32.496] Config(PART) Squad/Parts/Engine/liquidEngineLV-T30_v2/liquidEngineLV-T30_v2/liquidEngine_v2
[LOG 17:59:32.496] Config(PART) Squad/Parts/Engine/liquidEngineLV-T45/liquidEngineLV-T45/liquidEngine2
[LOG 17:59:32.496] Config(PART) Squad/Parts/Engine/liquidEngineLV-T45_v2/liquidEngineLV-T45_v2/liquidEngine2_v2
[LOG 17:59:32.496] Config(PART) Squad/Parts/Engine/liquidEngineMainsail_v2/liquidEngineMainsail_v2/liquidEngineMainsail_v2
[LOG 17:59:32.496] Config(PART) Squad/Parts/Engine/liquidEngineMk55/liquidEngineMk55/radialLiquidEngine1-2
[LOG 17:59:32.496] Config(PART) Squad/Parts/Engine/liquidEnginePoodle_v2/liquidEnginePoodle_v2/liquidEngine2-2_v2
[LOG 17:59:32.496] Config(PART) Squad/Parts/Engine/liquidEngineSkipper_v2/skipperLiquidEngine_v2/engineLargeSkipper_v2
[LOG 17:59:32.496] Config(PART) Squad/Parts/Engine/liquidEngineSSME/SSME/SSME
[LOG 17:59:32.496] Config(PART) Squad/Parts/Engine/MassiveSRB/part/MassiveBooster
[LOG 17:59:32.496] Config(PART) Squad/Parts/Engine/miniJet/SmallJetEngine/miniJetEngine
[LOG 17:59:32.496] Config(PART) Squad/Parts/Engine/OMSEngine/omsEngine/omsEngine
[LOG 17:59:32.496] Config(PART) Squad/Parts/Engine/rapierEngine/rapierEngine/RAPIER
[LOG 17:59:32.496] Config(PART) Squad/Parts/Engine/Size1_SRBs/solidBoosterRT-10_v2/solidBooster_v2
[LOG 17:59:32.496] Config(PART) Squad/Parts/Engine/Size1_SRBs/solidBoosterRT-5_v2/solidBooster_sm_v2
[LOG 17:59:32.497] Config(PART) Squad/Parts/Engine/Size2LFB/part/Size2LFB
[LOG 17:59:32.497] Config(PART) Squad/Parts/Engine/Size2LFB_v2/part/Size2LFB_v2
[LOG 17:59:32.497] Config(PART) Squad/Parts/Engine/Size3AdvancedEngine/part/Size3AdvancedEngine
[LOG 17:59:32.497] Config(PART) Squad/Parts/Engine/Size3EngineCluster/part/Size3EngineCluster
[LOG 17:59:32.497] Config(PART) Squad/Parts/Engine/solidBoosterBACC/solidBoosterBACC/solidBooster1-1
[LOG 17:59:32.497] Config(PART) Squad/Parts/Engine/solidBoosterS2-17/solidBoosterS2-17/Thoroughbred
[LOG 17:59:32.497] Config(PART) Squad/Parts/Engine/solidBoosterS2-33/solidBoosterS2-33/Clydesdale
[LOG 17:59:32.497] Config(PART) Squad/Parts/Engine/solidBoosterSep/solidBoosterSep/sepMotor1
[LOG 17:59:32.497] Config(PART) Squad/Parts/Engine/SolidBoostersF/SolidBoosterF3S0/Shrimp
[LOG 17:59:32.497] Config(PART) Squad/Parts/Engine/SolidBoostersF/SolidBoosterFM1/Mite
[LOG 17:59:32.497] Config(PART) Squad/Parts/FuelTank/adapterTanks/Mk3-Mk2/adapterMk3-Mk2
[LOG 17:59:32.497] Config(PART) Squad/Parts/FuelTank/adapterTanks/Mk3-ShuttleAdapter/adapterEngines
[LOG 17:59:32.497] Config(PART) Squad/Parts/FuelTank/adapterTanks/Mk3-Size2/adapterMk3-Size2
[LOG 17:59:32.497] Config(PART) Squad/Parts/FuelTank/adapterTanks/Mk3-Size2Slant/adapterMk3-Size2Slant
[LOG 17:59:32.497] Config(PART) Squad/Parts/FuelTank/adapterTanks/Size2-Mk2/adapterSize2-Mk2
[LOG 17:59:32.497] Config(PART) Squad/Parts/FuelTank/adapterTanks/Size2-Size1/adapterSize2-Size1
[LOG 17:59:32.497] Config(PART) Squad/Parts/FuelTank/adapterTanks/Size2-Size1Slant/adapterSize2-Size1Slant
[LOG 17:59:32.497] Config(PART) Squad/Parts/FuelTank/adapterTanks/Size3-Mk3/adapterSize3-Mk3
[LOG 17:59:32.497] Config(PART) Squad/Parts/FuelTank/drainTankFTE-1/ReleaseValve/ReleaseValve
[LOG 17:59:32.497] Config(PART) Squad/Parts/FuelTank/FoilTanks/RadialTank_Capsule/externalTankCapsule
[LOG 17:59:32.497] Config(PART) Squad/Parts/FuelTank/FoilTanks/RadialTank_Round/externalTankRound
[LOG 17:59:32.497] Config(PART) Squad/Parts/FuelTank/FoilTanks/ToroidTank/externalTankToroid
[LOG 17:59:32.497] Config(PART) Squad/Parts/FuelTank/fuelTankOscarB/fuelTankOscarB/miniFuelTank
[LOG 17:59:32.497] Config(PART) Squad/Parts/FuelTank/miniFuselage/miniFuselage/miniFuselage
[LOG 17:59:32.497] Config(PART) Squad/Parts/FuelTank/mk2Adapters/bicoupler/mk2_1m_Bicoupler
[LOG 17:59:32.498] Config(PART) Squad/Parts/FuelTank/mk2Adapters/long/mk2_1m_AdapterLong
[LOG 17:59:32.498] Config(PART) Squad/Parts/FuelTank/mk2Adapters/standard/mk2SpacePlaneAdapter
[LOG 17:59:32.498] Config(PART) Squad/Parts/FuelTank/mk2FuselageLong/LFO_long/mk2FuselageLongLFO
[LOG 17:59:32.498] Config(PART) Squad/Parts/FuelTank/mk2FuselageLong/L_long/mk2Fuselage
[LOG 17:59:32.498] Config(PART) Squad/Parts/FuelTank/mk2FuselageShort/LFO_short/mk2FuselageShortLFO
[LOG 17:59:32.498] Config(PART) Squad/Parts/FuelTank/mk2FuselageShort/L_short/mk2FuselageShortLiquid
[LOG 17:59:32.498] Config(PART) Squad/Parts/FuelTank/mk2FuselageShort/Mono_short/mk2FuselageShortMono
[LOG 17:59:32.498] Config(PART) Squad/Parts/FuelTank/mk3Fuselage/CREW/mk3CrewCabin
[LOG 17:59:32.498] Config(PART) Squad/Parts/FuelTank/mk3Fuselage/LFO_100/mk3FuselageLFO_100
[LOG 17:59:32.498] Config(PART) Squad/Parts/FuelTank/mk3Fuselage/LFO_25/mk3FuselageLFO_25
[LOG 17:59:32.498] Config(PART) Squad/Parts/FuelTank/mk3Fuselage/LFO_50/mk3FuselageLFO_50
[LOG 17:59:32.498] Config(PART) Squad/Parts/FuelTank/mk3Fuselage/LF_100/mk3FuselageLF_100
[LOG 17:59:32.498] Config(PART) Squad/Parts/FuelTank/mk3Fuselage/LF_25/mk3FuselageLF_25
[LOG 17:59:32.498] Config(PART) Squad/Parts/FuelTank/mk3Fuselage/LF_50/mk3FuselageLF_50
[LOG 17:59:32.498] Config(PART) Squad/Parts/FuelTank/mk3Fuselage/MONO/mk3FuselageMONO
[LOG 17:59:32.498] Config(PART) Squad/Parts/FuelTank/RCSFuelTankR1/RCSFuelTankR1/RCSTank1-2
[LOG 17:59:32.498] Config(PART) Squad/Parts/FuelTank/RCSFuelTankR10/RCSFuelTankR10/rcsTankMini
[LOG 17:59:32.498] Config(PART) Squad/Parts/FuelTank/RCSFuelTankR25/RCSFuelTankR25/RCSFuelTank
[LOG 17:59:32.498] Config(PART) Squad/Parts/FuelTank/RCSTankRadial/radialRCSTank/radialRCSTank
[LOG 17:59:32.498] Config(PART) Squad/Parts/FuelTank/RCStankRadialLong/RCSTankRadialLong/rcsTankRadialLong
[LOG 17:59:32.498] Config(PART) Squad/Parts/FuelTank/RockomaxTanks/Rockomax16/Rockomax16_BW
[LOG 17:59:32.498] Config(PART) Squad/Parts/FuelTank/RockomaxTanks/Rockomax32/Rockomax32_BW
[LOG 17:59:32.498] Config(PART) Squad/Parts/FuelTank/RockomaxTanks/Rockomax64/Rockomax64_BW
[LOG 17:59:32.498] Config(PART) Squad/Parts/FuelTank/RockomaxTanks/Rockomax8/Rockomax8BW
[LOG 17:59:32.498] Config(PART) Squad/Parts/FuelTank/Size1_Tanks/fuelTankT100/fuelTankSmallFlat
[LOG 17:59:32.498] Config(PART) Squad/Parts/FuelTank/Size1_Tanks/fuelTankT200/fuelTankSmall
[LOG 17:59:32.498] Config(PART) Squad/Parts/FuelTank/Size1_Tanks/fuelTankT400/fuelTank
[LOG 17:59:32.498] Config(PART) Squad/Parts/FuelTank/Size1_Tanks/fuelTankT800/fuelTank_long
[LOG 17:59:32.499] Config(PART) Squad/Parts/FuelTank/Size3Tanks/large/Size3LargeTank
[LOG 17:59:32.499] Config(PART) Squad/Parts/FuelTank/Size3Tanks/medium/Size3MediumTank
[LOG 17:59:32.499] Config(PART) Squad/Parts/FuelTank/Size3Tanks/small/Size3SmallTank
[LOG 17:59:32.499] Config(PART) Squad/Parts/FuelTank/xenonTank/xenonTank/xenonTank
[LOG 17:59:32.499] Config(PART) Squad/Parts/FuelTank/xenonTankLarge/xenonTankLarge/xenonTankLarge
[LOG 17:59:32.499] Config(PART) Squad/Parts/FuelTank/xenonTankRadial/xenonTankRadial/xenonTankRadial
[LOG 17:59:32.499] Config(PART) Squad/Parts/Misc/AsteroidDay/CamSat/InfraredTelescope
[LOG 17:59:32.499] Config(PART) Squad/Parts/Misc/AsteroidDay/HECS2/HECS2_ProbeCore
[LOG 17:59:32.499] Config(PART) Squad/Parts/Misc/AsteroidDay/HighGainAntenna/HighGainAntenna
[LOG 17:59:32.499] Config(PART) Squad/Parts/Misc/AsteroidDay/LgRadialSolar/LgRadialSolarPanel
[LOG 17:59:32.499] Config(PART) Squad/Parts/Misc/PotatoComet/part/PotatoComet
[LOG 17:59:32.499] Config(PART) Squad/Parts/Misc/PotatoRoid/part/PotatoRoid
[LOG 17:59:32.499] Config(PART) Squad/Parts/Prebuilt/flag/flag
[LOG 17:59:32.499] Config(PART) Squad/Parts/Prebuilt/kerbalEVA/kerbalEVA
[LOG 17:59:32.499] Config(PART) Squad/Parts/Prebuilt/kerbalEVAfemale/kerbalEVAfemale
[LOG 17:59:32.499] Config(PART) Squad/Parts/Prebuilt/kerbalEVASlimSuit/kerbalEVASlimSuit
[LOG 17:59:32.499] Config(PART) Squad/Parts/Prebuilt/kerbalEVASlimSuitFemale/kerbalEVASlimSuitFemale
[LOG 17:59:32.499] Config(PART) Squad/Parts/Resources/FuelCell/FuelCell/FuelCell
[LOG 17:59:32.499] Config(PART) Squad/Parts/Resources/FuelCell/FuelCellArray/FuelCellArray
[LOG 17:59:32.499] Config(PART) Squad/Parts/Resources/ISRU/ISRU/ISRU
[LOG 17:59:32.499] Config(PART) Squad/Parts/Resources/LargeTank/LargeTank/LargeTank
[LOG 17:59:32.499] Config(PART) Squad/Parts/Resources/MiniDrill/MiniDrill/MiniDrill
[LOG 17:59:32.499] Config(PART) Squad/Parts/Resources/MiniISRU/MiniISRU/MiniISRU
[LOG 17:59:32.499] Config(PART) Squad/Parts/Resources/OrbitalScanner/OrbitalScanner/OrbitalScanner
[LOG 17:59:32.499] Config(PART) Squad/Parts/Resources/RadialDrill/RadialDrill/RadialDrill
[LOG 17:59:32.500] Config(PART) Squad/Parts/Resources/RadialTank/RadialTank/RadialOreTank
[LOG 17:59:32.500] Config(PART) Squad/Parts/Resources/SmallTank/SmallTank/SmallTank
[LOG 17:59:32.500] Config(PART) Squad/Parts/Resources/SurfaceScanner/SurfaceScanner/SurfaceScanner
[LOG 17:59:32.500] Config(PART) Squad/Parts/Resources/SurveyScanner/SurveyScanner/SurveyScanner
[LOG 17:59:32.500] Config(PART) Squad/Parts/Science/AtmosphereSensor/sensorAtmosphere/sensorAtmosphere
[LOG 17:59:32.500] Config(PART) Squad/Parts/Science/GooExperiment/gooExperiment/GooExperiment
[LOG 17:59:32.500] Config(PART) Squad/Parts/Science/LargeCrewedLab/largeCrewedLab/Large_Crewed_Lab
[LOG 17:59:32.500] Config(PART) Squad/Parts/Science/Magnetometer/Magnetometer/Magnetometer
[LOG 17:59:32.500] Config(PART) Squad/Parts/Science/MaterialBay/materialBay/science_module
[LOG 17:59:32.500] Config(PART) Squad/Parts/Science/ScienceBox/ScienceBox/ScienceBox
[LOG 17:59:32.500] Config(PART) Squad/Parts/Science/sensorAccelerometer/sensorAccelerometer/sensorAccelerometer
[LOG 17:59:32.500] Config(PART) Squad/Parts/Science/sensorBarometer/sensorBarometer/sensorBarometer
[LOG 17:59:32.500] Config(PART) Squad/Parts/Science/sensorGravimeter/sensorGravimeter/sensorGravimeter
[LOG 17:59:32.500] Config(PART) Squad/Parts/Science/sensorThermometer/sensorThermometer/sensorThermometer
[LOG 17:59:32.500] Config(PART) Squad/Parts/Structural/FLAdapters/adapterSmallMiniShort/adapterSmallMiniShort
[LOG 17:59:32.500] Config(PART) Squad/Parts/Structural/FLAdapters/adapterSmallMiniTall/adapterSmallMiniTall
[LOG 17:59:32.500] Config(PART) Squad/Parts/Structural/mk1Parts/engineBodyRadial/radialEngineBody
[LOG 17:59:32.500] Config(PART) Squad/Parts/Structural/mk1Parts/engineNacelle/nacelleBody
[LOG 17:59:32.500] Config(PART) Squad/Parts/Structural/mk1Parts/mk1Fuselage/MK1Fuselage
[LOG 17:59:32.500] Config(PART) Squad/Parts/Structural/mk1Parts/mk1FuselageIntake/MK1IntakeFuselage
[LOG 17:59:32.500] Config(PART) Squad/Parts/Structural/mk1Parts/mk1Structural/Mk1FuselageStructural
[LOG 17:59:32.500] Config(PART) Squad/Parts/Structural/Size3To2Adapter_v2/Size2to3_v2/Size3To2Adapter_v2
[LOG 17:59:32.500] Config(PART) Squad/Parts/Structural/stackAdapters/adapterLargeSmallBi/adapterLargeSmallBi
[LOG 17:59:32.500] Config(PART) Squad/Parts/Structural/stackAdapters/adapterLargeSmallQuad/adapterLargeSmallQuad
[LOG 17:59:32.501] Config(PART) Squad/Parts/Structural/stackAdapters/adapterLargeSmallTri/adapterLargeSmallTri
[LOG 17:59:32.501] Config(PART) Squad/Parts/Structural/stationHub/stationHub/stationHub
[LOG 17:59:32.501] Config(PART) Squad/Parts/Structural/structuralIBeam200/structuralIBeam200/structuralIBeam2
[LOG 17:59:32.501] Config(PART) Squad/Parts/Structural/structuralIBeam200Pocket/structuralIBeam200Pocket/structuralIBeam3
[LOG 17:59:32.501] Config(PART) Squad/Parts/Structural/structuralIBeam650/structuralIBeam650/structuralIBeam1
[LOG 17:59:32.501] Config(PART) Squad/Parts/Structural/structuralMicronode/structuralMicronode/structuralMiniNode
[LOG 17:59:32.501] Config(PART) Squad/Parts/Structural/structuralPanel1x1/structuralPanel1x1/structuralPanel1
[LOG 17:59:32.501] Config(PART) Squad/Parts/Structural/structuralPanel2x2/structuralPanel2x2/structuralPanel2
[LOG 17:59:32.501] Config(PART) Squad/Parts/Structural/structuralPylons/smallHardpoint/smallHardpoint
[LOG 17:59:32.501] Config(PART) Squad/Parts/Structural/structuralPylons/structuralPylon/structuralPylon
[LOG 17:59:32.501] Config(PART) Squad/Parts/Structural/strutCubicOcto/strutCubicOcto/strutCube
[LOG 17:59:32.501] Config(PART) Squad/Parts/Structural/strutOcto/strutOcto/strutOcto
[LOG 17:59:32.501] Config(PART) Squad/Parts/Structural/trussGirderAdapter/trussGirderAdapter/trussAdapter
[LOG 17:59:32.501] Config(PART) Squad/Parts/Structural/trussGirderL/trussGirderL/trussPiece1x
[LOG 17:59:32.501] Config(PART) Squad/Parts/Structural/trussGirderXL/trussGirderXL/trussPiece3x
[LOG 17:59:32.501] Config(PART) Squad/Parts/Thermal/FoldingRadiators/foldingRadLarge/foldingRadLarge
[LOG 17:59:32.501] Config(PART) Squad/Parts/Thermal/FoldingRadiators/foldingRadMed/foldingRadMed
[LOG 17:59:32.501] Config(PART) Squad/Parts/Thermal/FoldingRadiators/foldingRadSmall/foldingRadSmall
[LOG 17:59:32.501] Config(PART) Squad/Parts/Thermal/RadiatorPanels/radPanelEdge/radPanelEdge
[LOG 17:59:32.501] Config(PART) Squad/Parts/Thermal/RadiatorPanels/radPanelLg/radPanelLg
[LOG 17:59:32.501] Config(PART) Squad/Parts/Thermal/RadiatorPanels/radPanelSm/radPanelSm
[LOG 17:59:32.501] Config(PART) Squad/Parts/Utility/commDish88-88/commDish88-88/commDish
[LOG 17:59:32.501] Config(PART) Squad/Parts/Utility/commsAntennaDTS-M1/commsAntennaDTS-M1/mediumDishAntenna
[LOG 17:59:32.501] Config(PART) Squad/Parts/Utility/commsDish16/commsAntenna16/longAntenna
[LOG 17:59:32.501] Config(PART) Squad/Parts/Utility/decouplerRadialHDM/decouplerRadialHDM/radialDecoupler1-2
[LOG 17:59:32.501] Config(PART) Squad/Parts/Utility/decouplerRadialTT-38K/decouplerRadialTT-38K/radialDecoupler
[LOG 17:59:32.502] Config(PART) Squad/Parts/Utility/decouplerRadialTT-70/decouplerRadialTT-70/radialDecoupler2
[LOG 17:59:32.502] Config(PART) Squad/Parts/Utility/DirectAntennas/C16S/SurfAntenna
[LOG 17:59:32.502] Config(PART) Squad/Parts/Utility/DirectAntennas/HG-5/HighGainAntenna5
[LOG 17:59:32.502] Config(PART) Squad/Parts/Utility/DirectAntennas/HG-5_v2/HighGainAntenna5_v2
[LOG 17:59:32.502] Config(PART) Squad/Parts/Utility/dockingPort/dockingPort/dockingPort2
[LOG 17:59:32.502] Config(PART) Squad/Parts/Utility/dockingPortInline/dockingPortInline/dockingPortLateral
[LOG 17:59:32.502] Config(PART) Squad/Parts/Utility/dockingPortJr/dockingPortJr/dockingPort3
[LOG 17:59:32.502] Config(PART) Squad/Parts/Utility/dockingPortShielded/dockingPortShielded/dockingPort1
[LOG 17:59:32.502] Config(PART) Squad/Parts/Utility/dockingPortSr/dockingPortSr/dockingPortLarge
[LOG 17:59:32.502] Config(PART) Squad/Parts/Utility/Fireworks/fireworksLauncherBig/fireworksLauncherBig
[LOG 17:59:32.502] Config(PART) Squad/Parts/Utility/Fireworks/fireworksLauncherSmall/fireworksLauncherSmall
[LOG 17:59:32.502] Config(PART) Squad/Parts/Utility/flags/flagFlat/flagFlat/flagPartFlat
[LOG 17:59:32.502] Config(PART) Squad/Parts/Utility/flags/flagSize0/flagSize0/flagPartSize0
[LOG 17:59:32.502] Config(PART) Squad/Parts/Utility/flags/flagSize1/flagSize1/flagPartSize1
[LOG 17:59:32.502] Config(PART) Squad/Parts/Utility/flags/flagSize2/flagSize2/flagPartSize2
[LOG 17:59:32.502] Config(PART) Squad/Parts/Utility/flags/flagSize3/flagSize3/flagPartSize3
[LOG 17:59:32.502] Config(PART) Squad/Parts/Utility/GrapplingDevice/part/GrapplingDevice
[LOG 17:59:32.502] Config(PART) Squad/Parts/Utility/ladderRadial/ladderRadial/ladder1
[LOG 17:59:32.502] Config(PART) Squad/Parts/Utility/ladderTelescopic/ladderTelescopic/telescopicLadder
[LOG 17:59:32.502] Config(PART) Squad/Parts/Utility/ladderTelescopicBay/ladderTelescopicBay/telescopicLadderBay
[LOG 17:59:32.502] Config(PART) Squad/Parts/Utility/landingLegLT-1/landingLegLT-1/landingLeg1
[LOG 17:59:32.502] Config(PART) Squad/Parts/Utility/landingLegLT-2/landingLegLT-2/landingLeg1-2
[LOG 17:59:32.502] Config(PART) Squad/Parts/Utility/landingLegLT-5/landingLegLT-5/miniLandingLeg
[LOG 17:59:32.502] Config(PART) Squad/Parts/Utility/launchClamp1/launchClamp1/launchClamp1
[LOG 17:59:32.502] Config(PART) Squad/Parts/Utility/launchEscapeSystem/part/LaunchEscapeSystem
[LOG 17:59:32.503] Config(PART) Squad/Parts/Utility/Lights/domeLight1/domeLight1
[LOG 17:59:32.503] Config(PART) Squad/Parts/Utility/Lights/groundLight1/groundLight1
[LOG 17:59:32.503] Config(PART) Squad/Parts/Utility/Lights/groundLight2/groundLight2
[LOG 17:59:32.503] Config(PART) Squad/Parts/Utility/Lights/navLight1/navLight1
[LOG 17:59:32.503] Config(PART) Squad/Parts/Utility/Lights/spotLight1/spotLight3
[LOG 17:59:32.503] Config(PART) Squad/Parts/Utility/Lights/stripLight1/stripLight1
[LOG 17:59:32.503] Config(PART) Squad/Parts/Utility/linearVernorRCS/linearRCS/linearRcs
[LOG 17:59:32.503] Config(PART) Squad/Parts/Utility/linearVernorRCS/vernorEngine/vernierEngine
[LOG 17:59:32.503] Config(PART) Squad/Parts/Utility/mk2CargoBay/BayL/mk2CargoBayL
[LOG 17:59:32.503] Config(PART) Squad/Parts/Utility/mk2CargoBay/BayS/mk2CargoBayS
[LOG 17:59:32.503] Config(PART) Squad/Parts/Utility/mk2CrewCabin/mk2CrewCabin/mk2CrewCabin
[LOG 17:59:32.503] Config(PART) Squad/Parts/Utility/mk2DockingPort/mk2DockingPort/mk2DockingPort
[LOG 17:59:32.503] Config(PART) Squad/Parts/Utility/mk3CargoBay/long/mk3CargoBayL
[LOG 17:59:32.503] Config(PART) Squad/Parts/Utility/mk3CargoBay/medium/mk3CargoBayM
[LOG 17:59:32.503] Config(PART) Squad/Parts/Utility/mk3CargoBay/ramp/mk3CargoRamp
[LOG 17:59:32.503] Config(PART) Squad/Parts/Utility/mk3CargoBay/short/mk3CargoBayS
[LOG 17:59:32.503] Config(PART) Squad/Parts/Utility/parachuteMk1/parachuteMk1/parachuteSingle
[LOG 17:59:32.503] Config(PART) Squad/Parts/Utility/parachuteMk12-R/parachuteMk12-R/radialDrogue
[LOG 17:59:32.503] Config(PART) Squad/Parts/Utility/parachuteMk16-XL/parachuteMk16-XL/parachuteLarge
[LOG 17:59:32.503] Config(PART) Squad/Parts/Utility/parachuteMk2-R/parachuteMk2-R/parachuteRadial
[LOG 17:59:32.503] Config(PART) Squad/Parts/Utility/parachuteMk25/parachuteMk25/parachuteDrogue
[LOG 17:59:32.503] Config(PART) Squad/Parts/Utility/radialAttachmentPoint/radialAttachmentPoint/stackPoint1
[LOG 17:59:32.503] Config(PART) Squad/Parts/Utility/rcsBlockRV-105_v2/rcsBlockRV-105/RCSBlock_v2
[LOG 17:59:32.503] Config(PART) Squad/Parts/Utility/rcsBlockRV-105_v2/RCSblock_01_small/RCSblock_01_small
[LOG 17:59:32.503] Config(PART) Squad/Parts/Utility/rcsSmallLinear/RCSLinearSmall/RCSLinearSmall
[LOG 17:59:32.503] Config(PART) Squad/Parts/Utility/RelayAntennas/RA-100/RelayAntenna100
[LOG 17:59:32.504] Config(PART) Squad/Parts/Utility/RelayAntennas/RA-5/RelayAntenna5
[LOG 17:59:32.504] Config(PART) Squad/Parts/Utility/RelayAntennas/RA-50/RelayAntenna50
[LOG 17:59:32.504] Config(PART) Squad/Parts/Utility/rockomaxAdapters/largeAdapter/largeAdapter
[LOG 17:59:32.504] Config(PART) Squad/Parts/Utility/rockomaxAdapters/largeAdapterShort/largeAdapter2
[LOG 17:59:32.504] Config(PART) Squad/Parts/Utility/ServiceBay_v2/ServiceBay_125_v2/ServiceBay_125_v2
[LOG 17:59:32.504] Config(PART) Squad/Parts/Utility/ServiceBay_v2/ServiceBay_250_v2/ServiceBay_250_v2
[LOG 17:59:32.504] Config(PART) Squad/Parts/Utility/smallClaw/smallClaw/smallClaw
[LOG 17:59:32.504] Config(PART) Squad/Parts/Utility/spotLightMk1/spotLightMk1/spotLight1
[LOG 17:59:32.504] Config(PART) Squad/Parts/Utility/spotLightMk1_v2/spotLightMk1_v2/spotLight1_v2
[LOG 17:59:32.504] Config(PART) Squad/Parts/Utility/spotLightMk2/spotLightMk2/spotLight2
[LOG 17:59:32.504] Config(PART) Squad/Parts/Utility/spotLightMk2_v2/spotLightMk2_v2/spotLight2_v2
[LOG 17:59:32.504] Config(PART) Squad/Parts/Utility/stackCouplers/stackBiCoupler_v2/stackBiCoupler_v2
[LOG 17:59:32.504] Config(PART) Squad/Parts/Utility/stackCouplers/stackQuadCoupler/stackQuadCoupler
[LOG 17:59:32.504] Config(PART) Squad/Parts/Utility/stackCouplers/stackTriCoupler_v2/stackTriCoupler_v2
[LOG 17:59:32.504] Config(PART) Squad/Parts/Wheel/LandingGear/GearExtraLarge/GearLarge
[LOG 17:59:32.504] Config(PART) Squad/Parts/Wheel/LandingGear/GearFixed/GearFixed
[LOG 17:59:32.504] Config(PART) Squad/Parts/Wheel/LandingGear/GearFree/GearFree
[LOG 17:59:32.504] Config(PART) Squad/Parts/Wheel/LandingGear/GearLarge/GearMedium
[LOG 17:59:32.504] Config(PART) Squad/Parts/Wheel/LandingGear/GearMedium/GearSmall
[LOG 17:59:32.504] Config(PART) Squad/Parts/Wheel/LandingGear/GearSmall/SmallGearBay
[LOG 17:59:32.504] Config(PART) Squad/Parts/Wheel/roverWheelM1/roverWheelM1/roverWheel1
[LOG 17:59:32.504] Config(PART) Squad/Parts/Wheel/roverWheelS2/roverWheelS2/roverWheel2
[LOG 17:59:32.504] Config(PART) Squad/Parts/Wheel/roverWheelTR-2L/roverWheelTR-2L/wheelMed
[LOG 17:59:32.504] Config(PART) Squad/Parts/Wheel/roverWheelXL3/roverWheelXL3/roverWheel3
[LOG 17:59:32.504] Config(PROP) Squad/Props/AltimeterThreeHands/prop/AltimeterThreeHands
[LOG 17:59:32.504] Config(PROP) Squad/Props/AtmosphereDepth/prop/AtmosphereDepth
[LOG 17:59:32.504] Config(PROP) Squad/Props/AxisIndicator/pitchConfig/AxisIndicatorPitch
[LOG 17:59:32.505] Config(PROP) Squad/Props/AxisIndicator/rollConfig/AxisIndicatorRoll
[LOG 17:59:32.505] Config(PROP) Squad/Props/AxisIndicator/yawConfig/AxisIndicatorYaw
[LOG 17:59:32.505] Config(PROP) Squad/Props/buttonsGeneric/circularButton/genericCircularButton
[LOG 17:59:32.505] Config(PROP) Squad/Props/buttonsGeneric/clusterButtons/genericClusterButtons
[LOG 17:59:32.505] Config(PROP) Squad/Props/buttonsGeneric/clusterButtons2/genericClusterButtons2
[LOG 17:59:32.505] Config(PROP) Squad/Props/buttonsGeneric/clusterKnob/genericClusterKnobs
[LOG 17:59:32.505] Config(PROP) Squad/Props/buttonsGeneric/clusterKnob2/genericClusterKnobs2
[LOG 17:59:32.505] Config(PROP) Squad/Props/buttonsGeneric/clusterMixed/genericClusterMixed
[LOG 17:59:32.505] Config(PROP) Squad/Props/buttonsGeneric/clusterSwitches01/genericClusterSwitches01
[LOG 17:59:32.505] Config(PROP) Squad/Props/buttonsGeneric/clusterSwitches02/genericClusterSwitches02
[LOG 17:59:32.505] Config(PROP) Squad/Props/buttonsGeneric/clusterSwitches03/genericClusterSwitches03
[LOG 17:59:32.505] Config(PROP) Squad/Props/buttonsGeneric/clusterSwitches04/genericClusterSwitches04
[LOG 17:59:32.505] Config(PROP) Squad/Props/buttonsGeneric/clusterSwitches05/genericClusterSwitches05
[LOG 17:59:32.505] Config(PROP) Squad/Props/buttonsGeneric/clusterSwitches06/genericClusterSwitches06
[LOG 17:59:32.505] Config(PROP) Squad/Props/buttonsGeneric/clusterSwitches07/genericClusterSwitches07
[LOG 17:59:32.505] Config(PROP) Squad/Props/buttonsGeneric/directionalKnob/genericDirectionalKnob
[LOG 17:59:32.505] Config(PROP) Squad/Props/buttonsGeneric/directionalKnob2/genericDirectionalKnob2
[LOG 17:59:32.505] Config(PROP) Squad/Props/buttonsGeneric/pullSwitch/genericPullSwitch
[LOG 17:59:32.505] Config(PROP) Squad/Props/buttonsGeneric/squareButton/genericSquareButton
[LOG 17:59:32.505] Config(PROP) Squad/Props/buttonsGeneric/standingSwitch/genericStandingSwitch
[LOG 17:59:32.505] Config(PROP) Squad/Props/buttonsGeneric/switch/genericSwitch
[LOG 17:59:32.505] Config(PROP) Squad/Props/buttonsGeneric/switchWithGuards/genericSwitchWithGuards
[LOG 17:59:32.505] Config(PROP) Squad/Props/ButtonSquare/prop/ButtonSquare
[LOG 17:59:32.505] Config(PROP) Squad/Props/circularButton/prop/circularButton
[LOG 17:59:32.505] Config(PROP) Squad/Props/Compass/prop/Compass
[LOG 17:59:32.505] Config(PROP) Squad/Props/directionalKnob/prop/directionalKnob
[LOG 17:59:32.505] Config(PROP) Squad/Props/directionalKnob2/prop/directionalKnob2
[LOG 17:59:32.505] Config(PROP) Squad/Props/IndicatorPanel/prop/IndicatorPanel
[LOG 17:59:32.505] Config(PROP) Squad/Props/IVANavBall/prop/NavBall
[LOG 17:59:32.506] Config(PROP) Squad/Props/IVANavBallNoBase/prop/NavBallNoBase
[LOG 17:59:32.506] Config(PROP) Squad/Props/ledPanelSpeed/prop/ledPanelSpeed
[LOG 17:59:32.506] Config(PROP) Squad/Props/Monitor/DockingMode/MonitorDockingMode
[LOG 17:59:32.506] Config(PROP) Squad/Props/NavBall/prop/NavBall
[LOG 17:59:32.506] Config(PROP) Squad/Props/PropsGeneric/Button_DockingMode/Button_DockingMode
[LOG 17:59:32.506] Config(PROP) Squad/Props/PropsGeneric/CargoBagA/CargoBagA
[LOG 17:59:32.506] Config(PROP) Squad/Props/PropsGeneric/CargoBagB/CargoBagB
[LOG 17:59:32.506] Config(PROP) Squad/Props/PropsGeneric/CargoBagC/CargoBagC
[LOG 17:59:32.506] Config(PROP) Squad/Props/PropsGeneric/Hatch_Plane/Hatch_Plane
[LOG 17:59:32.506] Config(PROP) Squad/Props/PropsGeneric/Hatch_Plane_Curve90/Hatch_Plane_Curve90
[LOG 17:59:32.506] Config(PROP) Squad/Props/PropsGeneric/Hatch_Plane_Frame/Hatch_Plane_Frame
[LOG 17:59:32.506] Config(PROP) Squad/Props/PropsGeneric/Seat_Passenger/Seat_Passenger
[LOG 17:59:32.506] Config(PROP) Squad/Props/PropsGeneric/Seat_Pilot/Seat_Pilot
[LOG 17:59:32.506] Config(PROP) Squad/Props/PropsGeneric/Seat_Pilot_Helmet/Seat_Pilot_Helmet
[LOG 17:59:32.506] Config(PROP) Squad/Props/PropsGeneric/SideStick/SideStick
[LOG 17:59:32.506] Config(PROP) Squad/Props/pullSwitch/prop/pullSwitch
[LOG 17:59:32.506] Config(PROP) Squad/Props/radarAltitude/prop/RadarAltimeter
[LOG 17:59:32.506] Config(PROP) Squad/Props/squareButton/prop/squareButton
[LOG 17:59:32.506] Config(PROP) Squad/Props/standingSwitch/prop/standingSwitch
[LOG 17:59:32.506] Config(PROP) Squad/Props/switch/prop/switch
[LOG 17:59:32.506] Config(PROP) Squad/Props/switchGuard/prop/switchGuard
[LOG 17:59:32.506] Config(PROP) Squad/Props/switchWithGuards/prop/switchWithGuards
[LOG 17:59:32.506] Config(PROP) Squad/Props/throttle/prop/throttle
[LOG 17:59:32.506] Config(PROP) Squad/Props/VSI/prop/VSI
[LOG 17:59:32.506] Config(SPACEOBJECTS_LIMITS) Squad/Resources/CometDefs/SPACEOBJECTS_LIMITS
[LOG 17:59:32.506] Config(COMET_MANAGER) Squad/Resources/CometDefs/COMET_MANAGER
[LOG 17:59:32.506] Config(COMET_ORBIT_TYPE) Squad/Resources/CometDefs/short
[LOG 17:59:32.507] Config(COMET_ORBIT_TYPE) Squad/Resources/CometDefs/intermediate
[LOG 17:59:32.507] Config(COMET_ORBIT_TYPE) Squad/Resources/CometDefs/long
[LOG 17:59:32.507] Config(COMET_ORBIT_TYPE) Squad/Resources/CometDefs/interstellar
[LOG 17:59:32.507] Config(FIREWORKFX_DEFINITION) Squad/Resources/FireworkFXDefinitions/classicTrail
[LOG 17:59:32.507] Config(FIREWORKFX_DEFINITION) Squad/Resources/FireworkFXDefinitions/whirlyTrail
[LOG 17:59:32.507] Config(FIREWORKFX_DEFINITION) Squad/Resources/FireworkFXDefinitions/strobeTrail
[LOG 17:59:32.507] Config(FIREWORKFX_DEFINITION) Squad/Resources/FireworkFXDefinitions/bareTrail
[LOG 17:59:32.507] Config(FIREWORKFX_DEFINITION) Squad/Resources/FireworkFXDefinitions/classicBurst
[LOG 17:59:32.507] Config(FIREWORKFX_DEFINITION) Squad/Resources/FireworkFXDefinitions/chrysBurst
[LOG 17:59:32.507] Config(FIREWORKFX_DEFINITION) Squad/Resources/FireworkFXDefinitions/palmBurst
[LOG 17:59:32.507] Config(FIREWORKFX_DEFINITION) Squad/Resources/FireworkFXDefinitions/ringBurst
[LOG 17:59:32.507] Config(FIREWORKFX_DEFINITION) Squad/Resources/FireworkFXDefinitions/crosetteBurst
[LOG 17:59:32.507] Config(FIREWORKFX_DEFINITION) Squad/Resources/FireworkFXDefinitions/willowBurst
[LOG 17:59:32.507] Config(FIREWORKFX_DEFINITION) Squad/Resources/FireworkFXDefinitions/crackeBurst
[LOG 17:59:32.507] Config(FIREWORKFX_DEFINITION) Squad/Resources/FireworkFXDefinitions/palmCrackleBurst
[LOG 17:59:32.507] Config(FIREWORKFX_DEFINITION) Squad/Resources/FireworkFXDefinitions/dragonBurst
[LOG 17:59:32.507] Config(GLOBAL_RESOURCE) Squad/Resources/Ore/GLOBAL_RESOURCE
[LOG 17:59:32.507] Config(PLANETARY_RESOURCE) Squad/Resources/Ore/PLANETARY_RESOURCE
[LOG 17:59:32.507] Config(PLANETARY_RESOURCE) Squad/Resources/Ore/PLANETARY_RESOURCE
[LOG 17:59:32.507] Config(RESOURCE_OVERLAY_CONFIGURATION_SOLID) Squad/Resources/Overlay/RESOURCE_OVERLAY_CONFIGURATION_SOLID
[LOG 17:59:32.507] Config(RESOURCE_OVERLAY_CONFIGURATION_LINES) Squad/Resources/Overlay/RESOURCE_OVERLAY_CONFIGURATION_LINES
[LOG 17:59:32.507] Config(RESOURCE_OVERLAY_CONFIGURATION_DOTS) Squad/Resources/Overlay/RESOURCE_OVERLAY_CONFIGURATION_DOTS
[LOG 17:59:32.507] Config(RESOURCE_CONFIGURATION) Squad/Resources/ResourceDefaults/RESOURCE_CONFIGURATION
[LOG 17:59:32.507] Config(RESOURCE_DEFINITION) Squad/Resources/ResourcesGeneric/LiquidFuel
[LOG 17:59:32.507] Config(RESOURCE_DEFINITION) Squad/Resources/ResourcesGeneric/Oxidizer
[LOG 17:59:32.507] Config(RESOURCE_DEFINITION) Squad/Resources/ResourcesGeneric/SolidFuel
[LOG 17:59:32.507] Config(RESOURCE_DEFINITION) Squad/Resources/ResourcesGeneric/MonoPropellant
[LOG 17:59:32.507] Config(RESOURCE_DEFINITION) Squad/Resources/ResourcesGeneric/XenonGas
[LOG 17:59:32.507] Config(RESOURCE_DEFINITION) Squad/Resources/ResourcesGeneric/ElectricCharge
[LOG 17:59:32.508] Config(RESOURCE_DEFINITION) Squad/Resources/ResourcesGeneric/IntakeAir
[LOG 17:59:32.508] Config(RESOURCE_DEFINITION) Squad/Resources/ResourcesGeneric/EVA Propellant
[LOG 17:59:32.508] Config(RESOURCE_DEFINITION) Squad/Resources/ResourcesGeneric/Ore
[LOG 17:59:32.508] Config(RESOURCE_DEFINITION) Squad/Resources/ResourcesGeneric/Ablator
[LOG 17:59:32.508] Config(EXPERIMENT_DEFINITION) Squad/Resources/ScienceDefs/EXPERIMENT_DEFINITION
[LOG 17:59:32.508] Config(EXPERIMENT_DEFINITION) Squad/Resources/ScienceDefs/EXPERIMENT_DEFINITION
[LOG 17:59:32.508] Config(EXPERIMENT_DEFINITION) Squad/Resources/ScienceDefs/EXPERIMENT_DEFINITION
[LOG 17:59:32.508] Config(EXPERIMENT_DEFINITION) Squad/Resources/ScienceDefs/EXPERIMENT_DEFINITION
[LOG 17:59:32.508] Config(EXPERIMENT_DEFINITION) Squad/Resources/ScienceDefs/EXPERIMENT_DEFINITION
[LOG 17:59:32.508] Config(EXPERIMENT_DEFINITION) Squad/Resources/ScienceDefs/EXPERIMENT_DEFINITION
[LOG 17:59:32.508] Config(EXPERIMENT_DEFINITION) Squad/Resources/ScienceDefs/EXPERIMENT_DEFINITION
[LOG 17:59:32.508] Config(EXPERIMENT_DEFINITION) Squad/Resources/ScienceDefs/EXPERIMENT_DEFINITION
[LOG 17:59:32.508] Config(EXPERIMENT_DEFINITION) Squad/Resources/ScienceDefs/EXPERIMENT_DEFINITION
[LOG 17:59:32.508] Config(EXPERIMENT_DEFINITION) Squad/Resources/ScienceDefs/EXPERIMENT_DEFINITION
[LOG 17:59:32.508] Config(EXPERIMENT_DEFINITION) Squad/Resources/ScienceDefs/EXPERIMENT_DEFINITION
[LOG 17:59:32.508] Config(EXPERIMENT_DEFINITION) Squad/Resources/ScienceDefs/EXPERIMENT_DEFINITION
[LOG 17:59:32.508] Config(EXPERIMENT_DEFINITION) Squad/Resources/ScienceDefs/EXPERIMENT_DEFINITION
[LOG 17:59:32.508] Config(EXPERIMENT_DEFINITION) Squad/Resources/ScienceDefs/EXPERIMENT_DEFINITION
[LOG 17:59:32.508] Config(EXPERIMENT_DEFINITION) Squad/Resources/ScienceDefs/EXPERIMENT_DEFINITION
[LOG 17:59:32.508] Config(EXPERIMENT_DEFINITION) Squad/Resources/ScienceDefs/EXPERIMENT_DEFINITION
[LOG 17:59:32.508] Config(EXPERIMENT_DEFINITION) Squad/Resources/ScienceDefs/EXPERIMENT_DEFINITION
[LOG 17:59:32.508] Config(EXPERIMENT_DEFINITION) Squad/Resources/ScienceDefs/EXPERIMENT_DEFINITION
[LOG 17:59:32.508] Config(STORY_DEF) Squad/Resources/StoryDefs/STORY_DEF
[LOG 17:59:32.508] Config(TechTree) Squad/Resources/TechTree/TechTree
[LOG 17:59:32.508] Config(INTERNAL) Squad/Spaces/crewCabinInternals/internal/crewCabinInternals
[LOG 17:59:32.508] Config(INTERNAL) Squad/Spaces/cupolaInternal/internal/cupolaInternal
[LOG 17:59:32.508] Config(INTERNAL) Squad/Spaces/GenericSpace1/internal/GenericSpace1
[LOG 17:59:32.508] Config(INTERNAL) Squad/Spaces/GenericSpace3/internal/GenericSpace3
[LOG 17:59:32.508] Config(INTERNAL) Squad/Spaces/landerCabinInternals/internal/landerCabinInternals
[LOG 17:59:32.509] Config(INTERNAL) Squad/Spaces/landerCabinSmallInternal/internal/landerCabinSmallInternal
[LOG 17:59:32.509] Config(INTERNAL) Squad/Spaces/LargeCrewedLabInternals/internal/Mobile_Processing_Lab_Int
[LOG 17:59:32.509] Config(INTERNAL) Squad/Spaces/Mk1-3/internal/Mk1-3
[LOG 17:59:32.509] Config(INTERNAL) Squad/Spaces/mk1CabinInternal/internal/mk1CabinInternal
[LOG 17:59:32.509] Config(INTERNAL) Squad/Spaces/mk1CockpitInternal/internal/mk1CockpitInternal
[LOG 17:59:32.509] Config(INTERNAL) Squad/Spaces/mk1InlineInternal/internal/mk1InlineInternal
[LOG 17:59:32.509] Config(INTERNAL) Squad/Spaces/mk1PodCockpit/internal/mk1PodCockpit
[LOG 17:59:32.509] Config(INTERNAL) Squad/Spaces/mk1pod_IVA/mk1pod_Internal/mk1pod_IVA
[LOG 17:59:32.509] Config(INTERNAL) Squad/Spaces/mk2CockpitStandardInternal/internal/mk2CockpitStandardInternals
[LOG 17:59:32.509] Config(INTERNAL) Squad/Spaces/Mk2CrewCabinInternal/internal_MK2_CrewCab/MK2_CrewCab_Int
[LOG 17:59:32.509] Config(INTERNAL) Squad/Spaces/mk2InlineInternal/internal/mk2InlineInternal
[LOG 17:59:32.509] Config(INTERNAL) Squad/Spaces/mk2LanderCanInternal/internal/mk2LanderCanInternal
[LOG 17:59:32.509] Config(INTERNAL) Squad/Spaces/MK3CockpitInternal/internal_MK3/MK3_Cockpit_Int
[LOG 17:59:32.509] Config(INTERNAL) Squad/Spaces/MK3_CrewCab_Int/internal_MK3_CrewCab/MK3_CrewCab_Int
[LOG 17:59:32.509] Config(INTERNAL) Squad/Spaces/Placeholder/internal/Placeholder
[LOG 17:59:32.509] Config(INTERNAL) Squad/Spaces/PodCockpit/internal/PodCockpit
[LOG 17:59:32.509] Config(STRATEGY_DEPARTMENT) Squad/Strategies/Departments/Finances
[LOG 17:59:32.509] Config(STRATEGY_DEPARTMENT) Squad/Strategies/Departments/Science
[LOG 17:59:32.509] Config(STRATEGY_DEPARTMENT) Squad/Strategies/Departments/Public Relations
[LOG 17:59:32.509] Config(STRATEGY_DEPARTMENT) Squad/Strategies/Departments/Operations
[LOG 17:59:32.509] Config(STRATEGY) Squad/Strategies/Strategies/AppreciationCampaignCfg
[LOG 17:59:32.509] Config(STRATEGY) Squad/Strategies/Strategies/FundraisingCampaignCfg
[LOG 17:59:32.509] Config(STRATEGY) Squad/Strategies/Strategies/OpenSourceTechProgramCfg
[LOG 17:59:32.510] Config(STRATEGY) Squad/Strategies/Strategies/UnpaidResearchProgramCfg
[LOG 17:59:32.510] Config(STRATEGY) Squad/Strategies/Strategies/OutsourcedResearchCfg
[LOG 17:59:32.510] Config(STRATEGY) Squad/Strategies/Strategies/PatentsLicensingCfg
[LOG 17:59:32.510] Config(STRATEGY) Squad/Strategies/Strategies/AgressiveNegotiations
[LOG 17:59:32.510] Config(STRATEGY) Squad/Strategies/Strategies/RecoveryTransponders
[LOG 17:59:32.510] Config(STRATEGY) Squad/Strategies/Strategies/BailoutGrant
[LOG 17:59:32.510] Config(STRATEGY) Squad/Strategies/Strategies/researchIPsellout
[LOG 17:59:32.510] Config(STRATEGY) Squad/Strategies/Strategies/LeadershipInitiative
[LOG 17:59:32.510] Config(TUTORIAL) Squad/Tutorials/FlightSuborbital/FlightSuborbital
[LOG 17:59:32.510] Config(TUTORIAL) Squad/Tutorials/FromMun/FromMun
[LOG 17:59:32.510] Config(TUTORIAL) Squad/Tutorials/GoForOrbit/GoForOrbit
[LOG 17:59:32.510] Config(MISSIONPACK) SquadExpansion/MakingHistory/Missions/MissionPacks/squad_MakingHistory
[LOG 17:59:32.510] Config(MISSIONPACK) SquadExpansion/MakingHistory/Missions/MissionPacks/squad_MakingHistory_Other
[LOG 17:59:32.510] Config(MISSIONPACK) SquadExpansion/MakingHistory/Missions/MissionPacks/squad_MakingHistory_Tutorial
[LOG 17:59:32.510] Config(MEBASICNODE) SquadExpansion/MakingHistory/Nodes/AccuracyLogic/TestAccuracyLogic
[LOG 17:59:32.510] Config(MEBASICNODE) SquadExpansion/MakingHistory/Nodes/ActionChancePartResourceLevels/ActionPartResourceAmount
[LOG 17:59:32.510] Config(MEBASICNODE) SquadExpansion/MakingHistory/Nodes/ActionExplode/ActionVesselExplode
[LOG 17:59:32.510] Config(MEBASICNODE) SquadExpansion/MakingHistory/Nodes/ActionMissionScore/MissionScore
[LOG 17:59:32.510] Config(MEBASICNODE) SquadExpansion/MakingHistory/Nodes/ActionModifierFunds/ModifyFunds
[LOG 17:59:32.510] Config(MEBASICNODE) SquadExpansion/MakingHistory/Nodes/ActionModifierScore/MissionScore
[LOG 17:59:32.510] Config(MEBASICNODE) SquadExpansion/MakingHistory/Nodes/ActionPartExplode/ActionPartExplode
[LOG 17:59:32.510] Config(MEBASICNODE) SquadExpansion/MakingHistory/Nodes/ActionPartResourceDrain/ActionPartResourceDrain
[LOG 17:59:32.510] Config(MEBASICNODE) SquadExpansion/MakingHistory/Nodes/ActionVesselActionGroup/ActionVesselActionGroup
[LOG 17:59:32.510] Config(MEBASICNODE) SquadExpansion/MakingHistory/Nodes/ActionVesselStage/ActionVesselStage
[LOG 17:59:32.510] Config(MEBASICNODE) SquadExpansion/MakingHistory/Nodes/CreateAsteroid/CreateAsteroid
[LOG 17:59:32.510] Config(MEBASICNODE) SquadExpansion/MakingHistory/Nodes/CreateComet/CreateComet
[LOG 17:59:32.510] Config(MEBASICNODE) SquadExpansion/MakingHistory/Nodes/CreateFlag/CreateFlag
[LOG 17:59:32.510] Config(MEBASICNODE) SquadExpansion/MakingHistory/Nodes/CreateLaunchSite/CreateLaunchSite
[LOG 17:59:32.511] Config(MEBASICNODE) SquadExpansion/MakingHistory/Nodes/CreateVessel/CreateVessel
[LOG 17:59:32.511] Config(MEBASICNODE) SquadExpansion/MakingHistory/Nodes/CrewAssignment/TestCrewAssignment
[LOG 17:59:32.511] Config(MEBASICNODE) SquadExpansion/MakingHistory/Nodes/Destroyed/Crashed
[LOG 17:59:32.511] Config(MEBASICNODE) SquadExpansion/MakingHistory/Nodes/DialogMessage/DialogMessage
[LOG 17:59:32.511] Config(MEBASICNODE) SquadExpansion/MakingHistory/Nodes/Distance/Distance
[LOG 17:59:32.511] Config(MEBASICNODE) SquadExpansion/MakingHistory/Nodes/EmptyFalse/EmptyFalse
[LOG 17:59:32.511] Config(MEBASICNODE) SquadExpansion/MakingHistory/Nodes/EmptyTrue/EmptyTrue
[LOG 17:59:32.511] Config(MEBASICNODE) SquadExpansion/MakingHistory/Nodes/EscapeSOI/SOILeft
[LOG 17:59:32.511] Config(MEBASICNODE) SquadExpansion/MakingHistory/Nodes/EVA/EVA
[LOG 17:59:32.511] Config(MEBASICNODE) SquadExpansion/MakingHistory/Nodes/Flying/Flying
[LOG 17:59:32.511] Config(MEBASICNODE) SquadExpansion/MakingHistory/Nodes/FundsRecovery/FundsRecovery
[LOG 17:59:32.511] Config(MEBASICNODE) SquadExpansion/MakingHistory/Nodes/KerbalBoarded/TestKerbalBoarded
[LOG 17:59:32.511] Config(MEBASICNODE) SquadExpansion/MakingHistory/Nodes/KerbalKilled/EVA
[LOG 17:59:32.511] Config(MEBASICNODE) SquadExpansion/MakingHistory/Nodes/KerbalRecovery/KerbalRecovery
[LOG 17:59:32.511] Config(MEBASICNODE) SquadExpansion/MakingHistory/Nodes/KerbalRescue/KerbalRescue
[LOG 17:59:32.511] Config(MEBASICNODE) SquadExpansion/MakingHistory/Nodes/Landed/Landed
[LOG 17:59:32.511] Config(MEBASICNODE) SquadExpansion/MakingHistory/Nodes/Message/Message
[LOG 17:59:32.511] Config(MEBASICNODE) SquadExpansion/MakingHistory/Nodes/MissionFunds/MissionFunds
[LOG 17:59:32.511] Config(MEBASICNODE) SquadExpansion/MakingHistory/Nodes/MissionScore/MissionScore
[LOG 17:59:32.511] Config(MEBASICNODE) SquadExpansion/MakingHistory/Nodes/Orbit/Orbit
[LOG 17:59:32.511] Config(MEBASICNODE) SquadExpansion/MakingHistory/Nodes/OrbitParams/OrbitParams
[LOG 17:59:32.511] Config(MEBASICNODE) SquadExpansion/MakingHistory/Nodes/PartDocking/TestPartDocking
[LOG 17:59:32.511] Config(MEBASICNODE) SquadExpansion/MakingHistory/Nodes/PartFailure/PartFailure
[LOG 17:59:32.511] Config(MEBASICNODE) SquadExpansion/MakingHistory/Nodes/PartGrapple/TestGrapple
[LOG 17:59:32.511] Config(MEBASICNODE) SquadExpansion/MakingHistory/Nodes/PartRepair/PartRepair
[LOG 17:59:32.511] Config(MEBASICNODE) SquadExpansion/MakingHistory/Nodes/PlaceKerbal/CreateKerbal
[LOG 17:59:32.511] Config(MEBASICNODE) SquadExpansion/MakingHistory/Nodes/PlantFlag/PlantFlag
[LOG 17:59:32.511] Config(MEBASICNODE) SquadExpansion/MakingHistory/Nodes/ReachSOI/ReachSOI
[LOG 17:59:32.511] Config(MEBASICNODE) SquadExpansion/MakingHistory/Nodes/Resource/ResourceAmount
[LOG 17:59:32.512] Config(MEBASICNODE) SquadExpansion/MakingHistory/Nodes/ResourceRecovery/TestResourcesRecovery
[LOG 17:59:32.512] Config(MEBASICNODE) SquadExpansion/MakingHistory/Nodes/ScienceExperiment/ScienceExperiment
[LOG 17:59:32.512] Config(MEBASICNODE) SquadExpansion/MakingHistory/Nodes/SetCamera/SetCamera
[LOG 17:59:32.512] Config(MEBASICNODE) SquadExpansion/MakingHistory/Nodes/SplashDown/SplashDown
[LOG 17:59:32.512] Config(MEBASICNODE) SquadExpansion/MakingHistory/Nodes/StageActivated/TestVesselStageActivated
[LOG 17:59:32.512] Config(MEBASICNODE) SquadExpansion/MakingHistory/Nodes/TakeKerbal/TestTakeKerbal
[LOG 17:59:32.512] Config(MEBASICNODE) SquadExpansion/MakingHistory/Nodes/TestFlyThrough/TestFlyThrough
[LOG 17:59:32.512] Config(MEBASICNODE) SquadExpansion/MakingHistory/Nodes/TestGoTo/TestGoTo
[LOG 17:59:32.512] Config(MEBASICNODE) SquadExpansion/MakingHistory/Nodes/TimeMET/TimeMET
[LOG 17:59:32.512] Config(MEBASICNODE) SquadExpansion/MakingHistory/Nodes/TimeOfMission/TimeOfMission
[LOG 17:59:32.512] Config(MEBASICNODE) SquadExpansion/MakingHistory/Nodes/TimeSinceNode/TestTimeSinceNode
[LOG 17:59:32.512] Config(MEBASICNODE) SquadExpansion/MakingHistory/Nodes/VesselActiveCount/TestVesselActiveCount
[LOG 17:59:32.512] Config(MEBASICNODE) SquadExpansion/MakingHistory/Nodes/VesselAltitudeGoal/VesselAltitudeGoal
[LOG 17:59:32.512] Config(MEBASICNODE) SquadExpansion/MakingHistory/Nodes/VesselCrewCount/VeselCrewCount
[LOG 17:59:32.512] Config(MEBASICNODE) SquadExpansion/MakingHistory/Nodes/VesselMassLogic/VesselMass
[LOG 17:59:32.512] Config(MEBASICNODE) SquadExpansion/MakingHistory/Nodes/VesselPartCount/PartCount
[LOG 17:59:32.512] Config(MEBASICNODE) SquadExpansion/MakingHistory/Nodes/VesselRecovery/TestVesselRecovery
[LOG 17:59:32.512] Config(MEBASICNODE) SquadExpansion/MakingHistory/Nodes/VesselStage/TestVesselStage
[LOG 17:59:32.512] Config(MEBASICNODE) SquadExpansion/MakingHistory/Nodes/VesselVelocity/VesselVelocity
[LOG 17:59:32.512] Config(PART) SquadExpansion/MakingHistory/Parts/Aero/protectiveRocketNoseMk16/rocketNoseCone_size4/rocketNoseConeSize4
[LOG 17:59:32.512] Config(PART) SquadExpansion/MakingHistory/Parts/Aero/protectiveRocketNoseMk5A/Size_1_5_Cone/Size_1_5_Cone
[LOG 17:59:32.512] Config(PART) SquadExpansion/MakingHistory/Parts/Coupling/Decoupler_1p5/Decoupler_1p5
[LOG 17:59:32.512] Config(PART) SquadExpansion/MakingHistory/Parts/Coupling/Decoupler_4/Decoupler_4
[LOG 17:59:32.512] Config(PART) SquadExpansion/MakingHistory/Parts/Coupling/EnginePlate_1p5/EnginePlate1p5
[LOG 17:59:32.512] Config(PART) SquadExpansion/MakingHistory/Parts/Coupling/EnginePlate_2/EnginePlate2
[LOG 17:59:32.512] Config(PART) SquadExpansion/MakingHistory/Parts/Coupling/EnginePlate_3/EnginePlate3
[LOG 17:59:32.512] Config(PART) SquadExpansion/MakingHistory/Parts/Coupling/EnginePlate_4/EnginePlate4
[LOG 17:59:32.513] Config(PART) SquadExpansion/MakingHistory/Parts/Coupling/EnginePlate_5/EnginePlate5
[LOG 17:59:32.513] Config(PART) SquadExpansion/MakingHistory/Parts/Coupling/InflatableAirlock/InflatableAirlock
[LOG 17:59:32.513] Config(PART) SquadExpansion/MakingHistory/Parts/Coupling/Separator_1p5/Separator_1p5
[LOG 17:59:32.513] Config(PART) SquadExpansion/MakingHistory/Parts/Coupling/Separator_4/Separator_4
[LOG 17:59:32.513] Config(PART) SquadExpansion/MakingHistory/Parts/Coupling/Size1p5_Strut_Decoupler/Size1p5_Strut_Decoupler
[LOG 17:59:32.513] Config(PART) SquadExpansion/MakingHistory/Parts/Engine/LiquidEngineKE-1/LiquidEngineKE-1
[LOG 17:59:32.513] Config(PART) SquadExpansion/MakingHistory/Parts/Engine/LiquidEngineLV-T91/LiquidEngineLV-T91
[LOG 17:59:32.513] Config(PART) SquadExpansion/MakingHistory/Parts/Engine/LiquidEngineLV-TX87/LiquidEngineLV-TX87
[LOG 17:59:32.513] Config(PART) SquadExpansion/MakingHistory/Parts/Engine/LiquidEngineRE-I2/LiquidEngineRE-I2
[LOG 17:59:32.513] Config(PART) SquadExpansion/MakingHistory/Parts/Engine/LiquidEngineRE-J10/LiquidEngineRE-J10
[LOG 17:59:32.513] Config(PART) SquadExpansion/MakingHistory/Parts/Engine/LiquidEngineRK-7/LiquidEngineRK-7
[LOG 17:59:32.513] Config(PART) SquadExpansion/MakingHistory/Parts/Engine/LiquidEngineRV-1/LiquidEngineRV-1
[LOG 17:59:32.513] Config(PART) SquadExpansion/MakingHistory/Parts/Engine/solidBoosterTHK/solidBoosterTHK/Pollux
[LOG 17:59:32.513] Config(PART) SquadExpansion/MakingHistory/Parts/FuelTank/MonoPropMini/monopropMiniSphere
[LOG 17:59:32.513] Config(PART) SquadExpansion/MakingHistory/Parts/FuelTank/Size1p5_Monoprop/Size1p5_Monoprop
[LOG 17:59:32.513] Config(PART) SquadExpansion/MakingHistory/Parts/FuelTank/Size1p5_Size0_Adapter_01/Size1p5_Size0_Adapter_01
[LOG 17:59:32.513] Config(PART) SquadExpansion/MakingHistory/Parts/FuelTank/Size1p5_Size1_Adapter_01/Size1p5_Size1_Adapter_01
[LOG 17:59:32.513] Config(PART) SquadExpansion/MakingHistory/Parts/FuelTank/Size1p5_Size1_Adapter_02/Size1p5_Size1_Adapter_02
[LOG 17:59:32.513] Config(PART) SquadExpansion/MakingHistory/Parts/FuelTank/Size1p5_Size2_Adapter_01/Size1p5_Size2_Adapter_01
[LOG 17:59:32.513] Config(PART) SquadExpansion/MakingHistory/Parts/FuelTank/Size1p5_Tank_01/Size1p5_Tank_01
[LOG 17:59:32.513] Config(PART) SquadExpansion/MakingHistory/Parts/FuelTank/Size1p5_Tank_02/Size1p5_Tank_02
[LOG 17:59:32.513] Config(PART) SquadExpansion/MakingHistory/Parts/FuelTank/Size1p5_Tank_03/Size1p5_Tank_03
[LOG 17:59:32.513] Config(PART) SquadExpansion/MakingHistory/Parts/FuelTank/Size1p5_Tank_04/Size1p5_Tank_04
[LOG 17:59:32.513] Config(PART) SquadExpansion/MakingHistory/Parts/FuelTank/Size1p5_Tank_05/Size1p5_Tank_05
[LOG 17:59:32.513] Config(PART) SquadExpansion/MakingHistory/Parts/FuelTank/Size3_Size4_Adapter_01/Size3_Size4_Adapter_01
[LOG 17:59:32.513] Config(PART) SquadExpansion/MakingHistory/Parts/FuelTank/Size4_EngineAdapter_01/Size4_EngineAdapter_01
[LOG 17:59:32.514] Config(PART) SquadExpansion/MakingHistory/Parts/FuelTank/Size4_Tank_01/Size4_Tank_01
[LOG 17:59:32.514] Config(PART) SquadExpansion/MakingHistory/Parts/FuelTank/Size4_Tank_02/Size4_Tank_02
[LOG 17:59:32.514] Config(PART) SquadExpansion/MakingHistory/Parts/FuelTank/Size4_Tank_03/Size4_Tank_03
[LOG 17:59:32.514] Config(PART) SquadExpansion/MakingHistory/Parts/FuelTank/Size4_Tank_04/Size4_Tank_04
[LOG 17:59:32.514] Config(PART) SquadExpansion/MakingHistory/Parts/Ground/RoverWheel/roverWheelM1-F
[LOG 17:59:32.514] Config(PART) SquadExpansion/MakingHistory/Parts/Payload/fairingSize1p5/fairingSize1p5
[LOG 17:59:32.514] Config(PART) SquadExpansion/MakingHistory/Parts/Payload/fairingSize4/fairingSize4
[LOG 17:59:32.514] Config(PART) SquadExpansion/MakingHistory/Parts/Payload/Size1to0ServiceModule/Size1to0ServiceModule
[LOG 17:59:32.514] Config(PART) SquadExpansion/MakingHistory/Parts/Payload/SM18/ServiceModule18
[LOG 17:59:32.514] Config(PART) SquadExpansion/MakingHistory/Parts/Payload/SM25/ServiceModule25
[LOG 17:59:32.514] Config(PART) SquadExpansion/MakingHistory/Parts/Pods/KV1Pod/kv1Pod
[LOG 17:59:32.514] Config(PART) SquadExpansion/MakingHistory/Parts/Pods/KV2Pod/kv2Pod
[LOG 17:59:32.514] Config(PART) SquadExpansion/MakingHistory/Parts/Pods/KV3Pod/kv3Pod
[LOG 17:59:32.514] Config(PART) SquadExpansion/MakingHistory/Parts/Pods/Mk2Pod/Mk2Pod
[LOG 17:59:32.514] Config(PART) SquadExpansion/MakingHistory/Parts/Pods/Size1_5_Lander/MEMLander
[LOG 17:59:32.514] Config(PART) SquadExpansion/MakingHistory/Parts/Prebuilt/kerbalEVAfemaleVintage/kerbalEVAfemaleVintage
[LOG 17:59:32.514] Config(PART) SquadExpansion/MakingHistory/Parts/Prebuilt/kerbalEVAVintage/kerbalEVAVintage
[LOG 17:59:32.514] Config(PART) SquadExpansion/MakingHistory/Parts/Structural/EquiTriangle0/EquiTriangle0
[LOG 17:59:32.514] Config(PART) SquadExpansion/MakingHistory/Parts/Structural/EquiTriangle1/EquiTriangle1
[LOG 17:59:32.514] Config(PART) SquadExpansion/MakingHistory/Parts/Structural/EquiTriangle1p5/EquiTriangle1p5
[LOG 17:59:32.514] Config(PART) SquadExpansion/MakingHistory/Parts/Structural/EquiTriangle2/EquiTriangle2
[LOG 17:59:32.514] Config(PART) SquadExpansion/MakingHistory/Parts/Structural/Panel0/Panel0
[LOG 17:59:32.514] Config(PART) SquadExpansion/MakingHistory/Parts/Structural/Panel1/Panel1
[LOG 17:59:32.514] Config(PART) SquadExpansion/MakingHistory/Parts/Structural/Panel1p5/Panel1p5
[LOG 17:59:32.514] Config(PART) SquadExpansion/MakingHistory/Parts/Structural/Panel2/Panel2
[LOG 17:59:32.515] Config(PART) SquadExpansion/MakingHistory/Parts/Structural/Triangle0/Triangle0
[LOG 17:59:32.515] Config(PART) SquadExpansion/MakingHistory/Parts/Structural/Triangle1/Triangle1
[LOG 17:59:32.515] Config(PART) SquadExpansion/MakingHistory/Parts/Structural/Triangle1p5/Triangle1p5
[LOG 17:59:32.515] Config(PART) SquadExpansion/MakingHistory/Parts/Structural/Triangle2/Triangle2
[LOG 17:59:32.515] Config(PART) SquadExpansion/MakingHistory/Parts/Structural/Tube1/Tube1
[LOG 17:59:32.515] Config(PART) SquadExpansion/MakingHistory/Parts/Structural/Tube1p5/Tube1p5
[LOG 17:59:32.515] Config(PART) SquadExpansion/MakingHistory/Parts/Structural/Tube2/Tube2
[LOG 17:59:32.515] Config(PART) SquadExpansion/MakingHistory/Parts/Structural/Tube3/Tube3
[LOG 17:59:32.515] Config(PART) SquadExpansion/MakingHistory/Parts/Structural/Tube4/Tube4
[LOG 17:59:32.515] Config(PART) SquadExpansion/MakingHistory/Parts/Thermal/HeatShield1p5/HeatShield1p5
[LOG 17:59:32.515] Config(PART) SquadExpansion/MakingHistory/Parts/Utility/flags/flagSize1p5/flagSize1p5/flagPartSize1p5
[LOG 17:59:32.515] Config(PART) SquadExpansion/MakingHistory/Parts/Utility/flags/flagSize4/flagSize4/flagPartSize4
[LOG 17:59:32.515] Config(INTERNAL) SquadExpansion/MakingHistory/Spaces/KVPods/Airlock_Internal/Airlock_IVA
[LOG 17:59:32.515] Config(INTERNAL) SquadExpansion/MakingHistory/Spaces/KVPods/KV1_Internal/KV1_IVA
[LOG 17:59:32.515] Config(INTERNAL) SquadExpansion/MakingHistory/Spaces/KVPods/KV2_Internal/KV2_IVA
[LOG 17:59:32.515] Config(INTERNAL) SquadExpansion/MakingHistory/Spaces/KVPods/KV3_Internal/KV3_IVA
[LOG 17:59:32.515] Config(INTERNAL) SquadExpansion/MakingHistory/Spaces/MEM/MEM_IVA/MEM_IVA
[LOG 17:59:32.515] Config(INTERNAL) SquadExpansion/MakingHistory/Spaces/Mk2Pod/Mk2Pod_Internal/MK2POD_IVA
[LOG 17:59:32.515] Config(Contracts) SquadExpansion/Serenity/Contracts/contracts/Contracts
[LOG 17:59:32.515] Config(EXPERIENCE_TRAIT) SquadExpansion/Serenity/Experience/Traits/Engineer
[LOG 17:59:32.515] Config(EXPERIENCE_TRAIT) SquadExpansion/Serenity/Experience/Traits/Scientist
[LOG 17:59:32.515] Config(Localization) SquadExpansion/Serenity/Localization/dictionary/Localization
[LOG 17:59:32.515] Config(PART) SquadExpansion/Serenity/Parts/Aero/FanShroud_01/FanShroud_01
[LOG 17:59:32.515] Config(PART) SquadExpansion/Serenity/Parts/Aero/FanShroud_02/FanShroud_02
[LOG 17:59:32.515] Config(PART) SquadExpansion/Serenity/Parts/Aero/FanShroud_03/FanShroud_03
[LOG 17:59:32.516] Config(PART) SquadExpansion/Serenity/Parts/Aero/noseconeTiny/noseconeTiny
[LOG 17:59:32.516] Config(PART) SquadExpansion/Serenity/Parts/Aero/noseconeVS/noseconeVS
[LOG 17:59:32.516] Config(PART) SquadExpansion/Serenity/Parts/DeployedScience/centralStation/DeployedCentralStation
[LOG 17:59:32.516] Config(PART) SquadExpansion/Serenity/Parts/DeployedScience/gooObservation/DeployedGoExOb
[LOG 17:59:32.516] Config(PART) SquadExpansion/Serenity/Parts/DeployedScience/ionCollector/DeployedIONExp
[LOG 17:59:32.516] Config(PART) SquadExpansion/Serenity/Parts/DeployedScience/rtg/DeployedRTG
[LOG 17:59:32.516] Config(PART) SquadExpansion/Serenity/Parts/DeployedScience/satDish/DeployedSatDish
[LOG 17:59:32.516] Config(PART) SquadExpansion/Serenity/Parts/DeployedScience/seismicSensor/DeployedSeismicSensor
[LOG 17:59:32.516] Config(PART) SquadExpansion/Serenity/Parts/DeployedScience/solarPanel/DeployedSolarPanel
[LOG 17:59:32.516] Config(PART) SquadExpansion/Serenity/Parts/DeployedScience/weatherStation/DeployedWeatherStn
[LOG 17:59:32.516] Config(PART) SquadExpansion/Serenity/Parts/Prebuilt/kerbalEVA/kerbalEVA
[LOG 17:59:32.516] Config(PART) SquadExpansion/Serenity/Parts/Prebuilt/kerbalEVAfemale/kerbalEVAfemale
[LOG 17:59:32.516] Config(PART) SquadExpansion/Serenity/Parts/Prebuilt/kerbalEVAfemaleFuture/kerbalEVAfemaleFuture
[LOG 17:59:32.516] Config(PART) SquadExpansion/Serenity/Parts/Prebuilt/kerbalEVAfemaleVintage/kerbalEVAfemaleVintage
[LOG 17:59:32.516] Config(PART) SquadExpansion/Serenity/Parts/Prebuilt/kerbalEVAFuture/kerbalEVAFuture
[LOG 17:59:32.516] Config(PART) SquadExpansion/Serenity/Parts/Prebuilt/kerbalEVASlimSuit/kerbalEVASlimSuit
[LOG 17:59:32.516] Config(PART) SquadExpansion/Serenity/Parts/Prebuilt/kerbalEVASlimSuitFemale/kerbalEVASlimSuitFemale
[LOG 17:59:32.516] Config(PART) SquadExpansion/Serenity/Parts/Prebuilt/kerbalEVAVintage/kerbalEVAVintage
[LOG 17:59:32.516] Config(PART) SquadExpansion/Serenity/Parts/Propellers/largeFanBlade/largeFanBlade
[LOG 17:59:32.516] Config(PART) SquadExpansion/Serenity/Parts/Propellers/largeHeliBlade/largeHeliBlade
[LOG 17:59:32.516] Config(PART) SquadExpansion/Serenity/Parts/Propellers/largePropeller/largePropeller
[LOG 17:59:32.516] Config(PART) SquadExpansion/Serenity/Parts/Propellers/mediumFanBlade/mediumFanBlade
[LOG 17:59:32.516] Config(PART) SquadExpansion/Serenity/Parts/Propellers/mediumHeliBlade/mediumHeliBlade
[LOG 17:59:32.517] Config(PART) SquadExpansion/Serenity/Parts/Propellers/mediumPropeller/mediumPropeller
[LOG 17:59:32.517] Config(PART) SquadExpansion/Serenity/Parts/Propellers/smallFanBlade/smallFanBlade
[LOG 17:59:32.517] Config(PART) SquadExpansion/Serenity/Parts/Propellers/smallHeliBlade/smallHeliBlade
[LOG 17:59:32.517] Config(PART) SquadExpansion/Serenity/Parts/Propellers/smallPropeller/smallPropeller
[LOG 17:59:32.517] Config(PART) SquadExpansion/Serenity/Parts/Robotics/hinge_01/hinge_01
[LOG 17:59:32.517] Config(PART) SquadExpansion/Serenity/Parts/Robotics/hinge_01_s/hinge_01_s
[LOG 17:59:32.517] Config(PART) SquadExpansion/Serenity/Parts/Robotics/hinge_03/hinge_03
[LOG 17:59:32.517] Config(PART) SquadExpansion/Serenity/Parts/Robotics/hinge_03_s/hinge_03_s
[LOG 17:59:32.517] Config(PART) SquadExpansion/Serenity/Parts/Robotics/hinge_04/hinge_04
[LOG 17:59:32.517] Config(PART) SquadExpansion/Serenity/Parts/Robotics/piston_01/piston_01
[LOG 17:59:32.517] Config(PART) SquadExpansion/Serenity/Parts/Robotics/piston_02/piston_02
[LOG 17:59:32.517] Config(PART) SquadExpansion/Serenity/Parts/Robotics/piston_03/piston_03
[LOG 17:59:32.517] Config(PART) SquadExpansion/Serenity/Parts/Robotics/piston_04/piston_04
[LOG 17:59:32.517] Config(PART) SquadExpansion/Serenity/Parts/Robotics/RotorEngine_02/RotorEngine_02
[LOG 17:59:32.517] Config(PART) SquadExpansion/Serenity/Parts/Robotics/RotorEngine_03/RotorEngine_03
[LOG 17:59:32.517] Config(PART) SquadExpansion/Serenity/Parts/Robotics/rotor_01/rotor_01
[LOG 17:59:32.517] Config(PART) SquadExpansion/Serenity/Parts/Robotics/rotor_01s/rotor_01s
[LOG 17:59:32.517] Config(PART) SquadExpansion/Serenity/Parts/Robotics/rotor_02/rotor_02
[LOG 17:59:32.517] Config(PART) SquadExpansion/Serenity/Parts/Robotics/rotor_02s/rotor_02s
[LOG 17:59:32.517] Config(PART) SquadExpansion/Serenity/Parts/Robotics/rotor_03/rotor_03
[LOG 17:59:32.517] Config(PART) SquadExpansion/Serenity/Parts/Robotics/rotor_03s/rotor_03s
[LOG 17:59:32.517] Config(PART) SquadExpansion/Serenity/Parts/Robotics/rotoServo_00/rotoServo_00
[LOG 17:59:32.517] Config(PART) SquadExpansion/Serenity/Parts/Robotics/rotoServo_02/rotoServo_02
[LOG 17:59:32.517] Config(PART) SquadExpansion/Serenity/Parts/Robotics/rotoServo_03/rotoServo_03
[LOG 17:59:32.517] Config(PART) SquadExpansion/Serenity/Parts/Robotics/rotoServo_04/rotoServo_04
[LOG 17:59:32.517] Config(PART) SquadExpansion/Serenity/Parts/Robotics/Controllers/KAL1000/controller1000
[LOG 17:59:32.518] Config(PART) SquadExpansion/Serenity/Parts/Science/RobotArmScanner/RobotArmScanner_S1/RobotArmScanner_S1
[LOG 17:59:32.518] Config(PART) SquadExpansion/Serenity/Parts/Science/RobotArmScanner/RobotArmScanner_S2/RobotArmScanner_S2
[LOG 17:59:32.518] Config(PART) SquadExpansion/Serenity/Parts/Science/RobotArmScanner/RobotArmScanner_S3/RobotArmScanner_S3
[LOG 17:59:32.518] Config(PART) SquadExpansion/Serenity/Parts/Structural/gripPads/lGripPad/lGripPad
[LOG 17:59:32.518] Config(PART) SquadExpansion/Serenity/Parts/Structural/gripPads/lGripStrip/lGripStrip
[LOG 17:59:32.518] Config(PART) SquadExpansion/Serenity/Parts/Structural/gripPads/mGripPad/mGripPad
[LOG 17:59:32.518] Config(PART) SquadExpansion/Serenity/Parts/Structural/gripPads/sGripPad/sGripPad
[LOG 17:59:32.518] Config(PART) SquadExpansion/Serenity/Parts/Structural/gripPads/sGripStrip/sGripStrip
[LOG 17:59:32.518] Config(DEPLOYEDSCIENCE) SquadExpansion/Serenity/Resources/DeployedScience/DEPLOYEDSCIENCE
[LOG 17:59:32.518] Config(PHYSICMATERIAL_DEFINITION) SquadExpansion/Serenity/Resources/PhysicsMaterials/MediumGrip
[LOG 17:59:32.518] Config(PHYSICMATERIAL_DEFINITION) SquadExpansion/Serenity/Resources/PhysicsMaterials/HighGrip
[LOG 17:59:32.518] Config(PHYSICMATERIAL_DEFINITION) SquadExpansion/Serenity/Resources/PhysicsMaterials/ExtremeGrip
[LOG 17:59:32.518] Config(PHYSICMATERIAL_DEFINITION) SquadExpansion/Serenity/Resources/PhysicsMaterials/LowGrip
[LOG 17:59:32.518] Config(PHYSICMATERIAL_DEFINITION) SquadExpansion/Serenity/Resources/PhysicsMaterials/Default
[LOG 17:59:32.518] Config(ROC_DEFINITION) SquadExpansion/Serenity/Resources/rocsdef/ROC_DEFINITION
[LOG 17:59:32.518] Config(ROC_DEFINITION) SquadExpansion/Serenity/Resources/rocsdef/ROC_DEFINITION
[LOG 17:59:32.518] Config(ROC_DEFINITION) SquadExpansion/Serenity/Resources/rocsdef/ROC_DEFINITION
[LOG 17:59:32.518] Config(ROC_DEFINITION) SquadExpansion/Serenity/Resources/rocsdef/ROC_DEFINITION
[LOG 17:59:32.518] Config(ROC_DEFINITION) SquadExpansion/Serenity/Resources/rocsdef/ROC_DEFINITION
[LOG 17:59:32.518] Config(ROC_DEFINITION) SquadExpansion/Serenity/Resources/rocsdef/ROC_DEFINITION
[LOG 17:59:32.518] Config(ROC_DEFINITION) SquadExpansion/Serenity/Resources/rocsdef/ROC_DEFINITION
[LOG 17:59:32.518] Config(ROC_DEFINITION) SquadExpansion/Serenity/Resources/rocsdef/ROC_DEFINITION
[LOG 17:59:32.518] Config(ROC_DEFINITION) SquadExpansion/Serenity/Resources/rocsdef/ROC_DEFINITION
[LOG 17:59:32.518] Config(ROC_DEFINITION) SquadExpansion/Serenity/Resources/rocsdef/ROC_DEFINITION
[LOG 17:59:32.518] Config(ROC_DEFINITION) SquadExpansion/Serenity/Resources/rocsdef/ROC_DEFINITION
[LOG 17:59:32.518] Config(ROC_DEFINITION) SquadExpansion/Serenity/Resources/rocsdef/ROC_DEFINITION
[LOG 17:59:32.518] Config(ROC_DEFINITION) SquadExpansion/Serenity/Resources/rocsdef/ROC_DEFINITION
[LOG 17:59:32.519] Config(ROC_DEFINITION) SquadExpansion/Serenity/Resources/rocsdef/ROC_DEFINITION
[LOG 17:59:32.519] Config(ROC_DEFINITION) SquadExpansion/Serenity/Resources/rocsdef/ROC_DEFINITION
[LOG 17:59:32.519] Config(ROC_DEFINITION) SquadExpansion/Serenity/Resources/rocsdef/ROC_DEFINITION
[LOG 17:59:32.519] Config(ROC_DEFINITION) SquadExpansion/Serenity/Resources/rocsdef/ROC_DEFINITION
[LOG 17:59:32.519] Config(ROC_DEFINITION) SquadExpansion/Serenity/Resources/rocsdef/ROC_DEFINITION
[LOG 17:59:32.519] Config(ROC_DEFINITION) SquadExpansion/Serenity/Resources/rocsdef/ROC_DEFINITION
[LOG 17:59:32.519] Config(ROC_DEFINITION) SquadExpansion/Serenity/Resources/rocsdef/ROC_DEFINITION
[LOG 17:59:32.519] Config(ROC_DEFINITION) SquadExpansion/Serenity/Resources/rocsdef/ROC_DEFINITION
[LOG 17:59:32.519] Config(ROC_DEFINITION) SquadExpansion/Serenity/Resources/rocsdef/ROC_DEFINITION
[LOG 17:59:32.519] Config(ROC_DEFINITION) SquadExpansion/Serenity/Resources/rocsdef/ROC_DEFINITION
[LOG 17:59:32.519] Config(ROC_DEFINITION) SquadExpansion/Serenity/Resources/rocsdef/ROC_DEFINITION
[LOG 17:59:32.519] Config(ROC_DEFINITION) SquadExpansion/Serenity/Resources/rocsdef/ROC_DEFINITION
[LOG 17:59:32.519] Config(ROC_DEFINITION) SquadExpansion/Serenity/Resources/rocsdef/ROC_DEFINITION
[LOG 17:59:32.519] Config(ROC_DEFINITION) SquadExpansion/Serenity/Resources/rocsdef/ROC_DEFINITION
[LOG 17:59:32.519] Config(ROC_DEFINITION) SquadExpansion/Serenity/Resources/rocsdef/ROC_DEFINITION
[LOG 17:59:32.519] Config(ROC_DEFINITION) SquadExpansion/Serenity/Resources/rocsdef/ROC_DEFINITION
[LOG 17:59:32.519] Config(ROC_DEFINITION) SquadExpansion/Serenity/Resources/rocsdef/ROC_DEFINITION
[LOG 17:59:32.519] Config(ROC_DEFINITION) SquadExpansion/Serenity/Resources/rocsdef/ROC_DEFINITION
[LOG 17:59:32.519] Config(ROC_DEFINITION) SquadExpansion/Serenity/Resources/rocsdef/ROC_DEFINITION
[LOG 17:59:32.519] Config(ROC_DEFINITION) SquadExpansion/Serenity/Resources/rocsdef/ROC_DEFINITION
[LOG 17:59:32.519] Config(ROC_DEFINITION) SquadExpansion/Serenity/Resources/rocsdef/ROC_DEFINITION
[LOG 17:59:32.519] Config(EXPERIMENT_DEFINITION) SquadExpansion/Serenity/Resources/ScienceDefs/EXPERIMENT_DEFINITION
[LOG 17:59:32.519] Config(EXPERIMENT_DEFINITION) SquadExpansion/Serenity/Resources/ScienceDefs/EXPERIMENT_DEFINITION
[LOG 17:59:32.519] Config(EXPERIMENT_DEFINITION) SquadExpansion/Serenity/Resources/ScienceDefs/EXPERIMENT_DEFINITION
[LOG 17:59:32.519] Config(EXPERIMENT_DEFINITION) SquadExpansion/Serenity/Resources/ScienceDefs/EXPERIMENT_DEFINITION
[LOG 17:59:32.519] Config(EXPERIMENT_DEFINITION) SquadExpansion/Serenity/Resources/ScienceDefs/EXPERIMENT_DEFINITION
[LOG 17:59:32.519] Config(EXPERIMENT_DEFINITION) SquadExpansion/Serenity/Resources/ScienceDefs/EXPERIMENT_DEFINITION
[LOG 17:59:32.519] Config(EXPERIMENT_DEFINITION) SquadExpansion/Serenity/Resources/ScienceDefs/EXPERIMENT_DEFINITION
[LOG 17:59:32.519] Config(EXPERIMENT_DEFINITION) SquadExpansion/Serenity/Resources/ScienceDefs/EXPERIMENT_DEFINITION
[LOG 17:59:32.520] Config(EXPERIMENT_DEFINITION) SquadExpansion/Serenity/Resources/ScienceDefs/EXPERIMENT_DEFINITION
[LOG 17:59:32.520] Config(EXPERIMENT_DEFINITION) SquadExpansion/Serenity/Resources/ScienceDefs/EXPERIMENT_DEFINITION
[LOG 17:59:32.520] Config(EXPERIMENT_DEFINITION) SquadExpansion/Serenity/Resources/ScienceDefs/EXPERIMENT_DEFINITION
[LOG 17:59:32.520] Config(EXPERIMENT_DEFINITION) SquadExpansion/Serenity/Resources/ScienceDefs/EXPERIMENT_DEFINITION
[LOG 17:59:32.520] Config(EXPERIMENT_DEFINITION) SquadExpansion/Serenity/Resources/ScienceDefs/EXPERIMENT_DEFINITION
[LOG 17:59:32.520] Config(EXPERIMENT_DEFINITION) SquadExpansion/Serenity/Resources/ScienceDefs/EXPERIMENT_DEFINITION
[LOG 17:59:32.520] Config(EXPERIMENT_DEFINITION) SquadExpansion/Serenity/Resources/ScienceDefs/EXPERIMENT_DEFINITION
[LOG 17:59:32.520] Config(EXPERIMENT_DEFINITION) SquadExpansion/Serenity/Resources/ScienceDefs/EXPERIMENT_DEFINITION
[LOG 17:59:32.520] Config(EXPERIMENT_DEFINITION) SquadExpansion/Serenity/Resources/ScienceDefs/EXPERIMENT_DEFINITION
[LOG 17:59:32.520] Config(EXPERIMENT_DEFINITION) SquadExpansion/Serenity/Resources/ScienceDefs/EXPERIMENT_DEFINITION
[LOG 17:59:32.520] Config(EXPERIMENT_DEFINITION) SquadExpansion/Serenity/Resources/ScienceDefs/EXPERIMENT_DEFINITION
[LOG 17:59:32.520] Config(EXPERIMENT_DEFINITION) SquadExpansion/Serenity/Resources/ScienceDefs/EXPERIMENT_DEFINITION
[LOG 17:59:32.520] Config(EXPERIMENT_DEFINITION) SquadExpansion/Serenity/Resources/ScienceDefs/EXPERIMENT_DEFINITION
[LOG 17:59:32.520] Config(EXPERIMENT_DEFINITION) SquadExpansion/Serenity/Resources/ScienceDefs/EXPERIMENT_DEFINITION
[LOG 17:59:32.520] Config(EXPERIMENT_DEFINITION) SquadExpansion/Serenity/Resources/ScienceDefs/EXPERIMENT_DEFINITION
[LOG 17:59:32.520] Config(EXPERIMENT_DEFINITION) SquadExpansion/Serenity/Resources/ScienceDefs/EXPERIMENT_DEFINITION
[LOG 17:59:32.520] Config(EXPERIMENT_DEFINITION) SquadExpansion/Serenity/Resources/ScienceDefs/EXPERIMENT_DEFINITION
[LOG 17:59:32.520] Config(EXPERIMENT_DEFINITION) SquadExpansion/Serenity/Resources/ScienceDefs/EXPERIMENT_DEFINITION
[LOG 17:59:32.520] Config(EXPERIMENT_DEFINITION) SquadExpansion/Serenity/Resources/ScienceDefs/EXPERIMENT_DEFINITION
[LOG 17:59:32.520] Config(EXPERIMENT_DEFINITION) SquadExpansion/Serenity/Resources/ScienceDefs/EXPERIMENT_DEFINITION
[LOG 17:59:32.520] Config(EXPERIMENT_DEFINITION) SquadExpansion/Serenity/Resources/ScienceDefs/EXPERIMENT_DEFINITION
[LOG 17:59:32.520] Config(EXPERIMENT_DEFINITION) SquadExpansion/Serenity/Resources/ScienceDefs/EXPERIMENT_DEFINITION
[LOG 17:59:32.520] Config(EXPERIMENT_DEFINITION) SquadExpansion/Serenity/Resources/ScienceDefs/EXPERIMENT_DEFINITION
[LOG 17:59:32.520] Config(EXPERIMENT_DEFINITION) SquadExpansion/Serenity/Resources/ScienceDefs/EXPERIMENT_DEFINITION
[LOG 17:59:32.520] Config(EXPERIMENT_DEFINITION) SquadExpansion/Serenity/Resources/ScienceDefs/EXPERIMENT_DEFINITION
[LOG 17:59:32.520] Config(EXPERIMENT_DEFINITION) SquadExpansion/Serenity/Resources/ScienceDefs/EXPERIMENT_DEFINITION
[LOG 17:59:32.520] Config(EXPERIMENT_DEFINITION) SquadExpansion/Serenity/Resources/ScienceDefs/EXPERIMENT_DEFINITION
[LOG 17:59:32.520] Config(EXPERIMENT_DEFINITION) SquadExpansion/Serenity/Resources/ScienceDefs/EXPERIMENT_DEFINITION
[LOG 17:59:32.520] Config(EXPERIMENT_DEFINITION) SquadExpansion/Serenity/Resources/ScienceDefs/EXPERIMENT_DEFINITION
[LOG 17:59:32.521] Config(EXPERIMENT_DEFINITION) SquadExpansion/Serenity/Resources/ScienceDefs/EXPERIMENT_DEFINITION
[LOG 17:59:32.521] Config(STORY_DEF) SquadExpansion/Serenity/Resources/StoryDefs/STORY_DEF
[LOG 17:59:32.521] Compiling Configs Completed.
[LOG 17:59:32.523] Resource LiquidFuel added to database
[LOG 17:59:32.523] Resource Oxidizer added to database
[LOG 17:59:32.523] Resource SolidFuel added to database
[LOG 17:59:32.524] Resource MonoPropellant added to database
[LOG 17:59:32.524] Resource XenonGas added to database
[LOG 17:59:32.524] Resource ElectricCharge added to database
[LOG 17:59:32.524] Resource IntakeAir added to database
[LOG 17:59:32.524] Resource EVA Propellant added to database
[LOG 17:59:32.524] Resource Ore added to database
[LOG 17:59:32.524] Resource Ablator added to database
[LOG 17:59:32.525] Resource MediumGrip added to database
[LOG 17:59:32.525] Resource HighGrip added to database
[LOG 17:59:32.525] Resource ExtremeGrip added to database
[LOG 17:59:32.525] Resource LowGrip added to database
[LOG 17:59:32.526] Resource Default added to database
[LOG 17:59:32.526] CodeAssetLoader: Compiling all code assets
[LOG 17:59:32.530] ExperienceSystemConfig: Added Effect 'DeployedSciencePowerSkill' to Trait 'Ingénieur'
[LOG 17:59:32.530] ExperienceSystemConfig: Added Effect 'DeployedScienceExpSkill' to Trait 'Scientifique'
[LOG 17:59:32.536] ConfigNode[]
[LOG 17:59:32.536] GameDatabase: Assets loaded in 8.036s
[LOG 17:59:32.636] [Kopernicus] Loaded 'D:/KSP-RSS-Dev/KSP_x64_Data/../GameData/RealSolarSystem\RSSKopernicus\Cache\Ariel.bin'
[LOG 17:59:32.651] [Kopernicus] Loaded 'D:/KSP-RSS-Dev/KSP_x64_Data/../GameData/RealSolarSystem\RSSKopernicus\Cache\Callisto.bin'
[LOG 17:59:32.665] [Kopernicus] Loaded 'D:/KSP-RSS-Dev/KSP_x64_Data/../GameData/RealSolarSystem\RSSKopernicus\Cache\Ceres.bin'
[LOG 17:59:32.679] [Kopernicus] Loaded 'D:/KSP-RSS-Dev/KSP_x64_Data/../GameData/RealSolarSystem\RSSKopernicus\Cache\Charon.bin'
[LOG 17:59:32.693] [Kopernicus] Loaded 'D:/KSP-RSS-Dev/KSP_x64_Data/../GameData/RealSolarSystem\RSSKopernicus\Cache\Deimos.bin'
[LOG 17:59:32.711] [Kopernicus] Loaded 'D:/KSP-RSS-Dev/KSP_x64_Data/../GameData/RealSolarSystem\RSSKopernicus\Cache\Dione.bin'
[LOG 17:59:32.725] [Kopernicus] Loaded 'D:/KSP-RSS-Dev/KSP_x64_Data/../GameData/RealSolarSystem\RSSKopernicus\Cache\Earth.bin'
[LOG 17:59:32.753] [Kopernicus] Loaded 'D:/KSP-RSS-Dev/KSP_x64_Data/../GameData/RealSolarSystem\RSSKopernicus\Cache\Enceladus.bin'
[LOG 17:59:32.768] [Kopernicus] Loaded 'D:/KSP-RSS-Dev/KSP_x64_Data/../GameData/RealSolarSystem\RSSKopernicus\Cache\Europa.bin'
[LOG 17:59:32.782] [Kopernicus] Loaded 'D:/KSP-RSS-Dev/KSP_x64_Data/../GameData/RealSolarSystem\RSSKopernicus\Cache\Ganymede.bin'
[LOG 17:59:32.796] [Kopernicus] Loaded 'D:/KSP-RSS-Dev/KSP_x64_Data/../GameData/RealSolarSystem\RSSKopernicus\Cache\Iapetus.bin'
[LOG 17:59:32.810] [Kopernicus] Loaded 'D:/KSP-RSS-Dev/KSP_x64_Data/../GameData/RealSolarSystem\RSSKopernicus\Cache\Io.bin'
[LOG 17:59:32.824] [Kopernicus] Loaded 'D:/KSP-RSS-Dev/KSP_x64_Data/../GameData/RealSolarSystem\RSSKopernicus\Cache\JupiterOblate.bin'
[LOG 17:59:32.838] [Kopernicus] Loaded 'D:/KSP-RSS-Dev/KSP_x64_Data/../GameData/RealSolarSystem\RSSKopernicus\Cache\Mars.bin'
[LOG 17:59:32.853] [Kopernicus] Loaded 'D:/KSP-RSS-Dev/KSP_x64_Data/../GameData/RealSolarSystem\RSSKopernicus\Cache\Mercury.bin'
[LOG 17:59:32.867] [Kopernicus] Loaded 'D:/KSP-RSS-Dev/KSP_x64_Data/../GameData/RealSolarSystem\RSSKopernicus\Cache\Mimas.bin'
[LOG 17:59:32.882] [Kopernicus] Loaded 'D:/KSP-RSS-Dev/KSP_x64_Data/../GameData/RealSolarSystem\RSSKopernicus\Cache\Miranda.bin'
[LOG 17:59:32.896] [Kopernicus] Loaded 'D:/KSP-RSS-Dev/KSP_x64_Data/../GameData/RealSolarSystem\RSSKopernicus\Cache\Moon.bin'
[LOG 17:59:32.911] [Kopernicus] Loaded 'D:/KSP-RSS-Dev/KSP_x64_Data/../GameData/RealSolarSystem\RSSKopernicus\Cache\NeptuneOblate.bin'
[LOG 17:59:32.926] [Kopernicus] Loaded 'D:/KSP-RSS-Dev/KSP_x64_Data/../GameData/RealSolarSystem\RSSKopernicus\Cache\Oberon.bin'
[LOG 17:59:32.940] [Kopernicus] Loaded 'D:/KSP-RSS-Dev/KSP_x64_Data/../GameData/RealSolarSystem\RSSKopernicus\Cache\Phobos.bin'
[LOG 17:59:32.955] [Kopernicus] Loaded 'D:/KSP-RSS-Dev/KSP_x64_Data/../GameData/RealSolarSystem\RSSKopernicus\Cache\Pluto.bin'
[LOG 17:59:32.970] [Kopernicus] Loaded 'D:/KSP-RSS-Dev/KSP_x64_Data/../GameData/RealSolarSystem\RSSKopernicus\Cache\Rhea.bin'
[LOG 17:59:32.985] [Kopernicus] Loaded 'D:/KSP-RSS-Dev/KSP_x64_Data/../GameData/RealSolarSystem\RSSKopernicus\Cache\SaturnOblate.bin'
[LOG 17:59:32.999] [Kopernicus] Loaded 'D:/KSP-RSS-Dev/KSP_x64_Data/../GameData/RealSolarSystem\RSSKopernicus\Cache\Sun.bin'
[LOG 17:59:33.014] [Kopernicus] Loaded 'D:/KSP-RSS-Dev/KSP_x64_Data/../GameData/RealSolarSystem\RSSKopernicus\Cache\Tethys.bin'
[LOG 17:59:33.028] [Kopernicus] Loaded 'D:/KSP-RSS-Dev/KSP_x64_Data/../GameData/RealSolarSystem\RSSKopernicus\Cache\Titan.bin'
[LOG 17:59:33.042] [Kopernicus] Loaded 'D:/KSP-RSS-Dev/KSP_x64_Data/../GameData/RealSolarSystem\RSSKopernicus\Cache\Titania.bin'
[LOG 17:59:33.056] [Kopernicus] Loaded 'D:/KSP-RSS-Dev/KSP_x64_Data/../GameData/RealSolarSystem\RSSKopernicus\Cache\Triton.bin'
[LOG 17:59:33.070] [Kopernicus] Loaded 'D:/KSP-RSS-Dev/KSP_x64_Data/../GameData/RealSolarSystem\RSSKopernicus\Cache\Umbriel.bin'
[LOG 17:59:33.084] [Kopernicus] Loaded 'D:/KSP-RSS-Dev/KSP_x64_Data/../GameData/RealSolarSystem\RSSKopernicus\Cache\UranusOblate.bin'
[LOG 17:59:33.099] [Kopernicus] Loaded 'D:/KSP-RSS-Dev/KSP_x64_Data/../GameData/RealSolarSystem\RSSKopernicus\Cache\Venus.bin'
[LOG 17:59:33.114] [Kopernicus] Loaded 'D:/KSP-RSS-Dev/KSP_x64_Data/../GameData/RealSolarSystem\RSSKopernicus\Cache\Vesta.bin'
[LOG 17:59:33.118] [ModuleManager] Waited 0.000s for patching to finish
[LOG 17:59:33.118] [ModuleManager] Applying patched game database
[LOG 17:59:33.120] [ModuleManager] Dumping ModuleManager log to main log
[LOG 17:59:33.122] [ModuleManager] 
#### BEGIN MODULEMANAGER LOG ####


[LOG 17:59:25.873] Log started at 2026-09-25 17:59:25.873
[LOG 17:59:28.489] Checking Cache
[LOG 17:59:28.809] SHA generated in 0.319s
[LOG 17:59:28.809]       SHA = 64-D9-AC-5F-C4-DA-0C-57-27-C1-C9-FE-AE-BA-A5-95-60-B7-0B-96-4F-40-C2-71-11-34-48-83-E5-F3-6F-F6
[LOG 17:59:28.831] Cache SHA = 40-75-C9-D7-8F-AC-5C-10-23-81-42-C2-54-EC-E4-A3-34-D8-DB-94-55-2F-6D-4A-3B-71-73-CA-FD-D5-DB-9C
[LOG 17:59:28.831] useCache = False
[LOG 17:59:28.831] Pre patch init
[LOG 17:59:29.111] compiling list of loaded mods...
Mod DLLs found:
  Name                                    Assembly Version         Assembly File Version    KSPAssembly Version      SHA256

  Assembly-CSharp                         0.0.0.0                  0.0.0.0                  1.12                     d9e42483f25ee80a9c11d6c1c0a0d29b4ec78c1e08d76c971b71580c9cce51e4
  ModuleManager                           4.2.3.0                  4.2.3.0                  2.5                      95847827ab293b9e82a19b7efb97ffea3e98cc03b181862536ac8eb572e30d7d
  0Harmony                                2.2.1.0                  2.2.1.0                                           19ce60ac3280f72ec1751d36a40cb7e2fece2934df8345969dc7feb83bd633e4
  HarmonyInstallChecker                   2.2.1.0                  2.2.1.0                  1.0                      f11e659e91a52c21c5bda78e52b82a7bdc246bcab6a999733af3c69a11a9dc0e
  Kopernicus.Parser                       1.0.0.0                  1.0.0.0                  1.0                      0c97222328b6bacfb05e292c502d509ce7509373e7f8d5c2c187ff9ea88e0ecc
  ModularFlightIntegrator                 1.0.0.0                  1.2.10.0                 1.0                      280b6a7b2452673697a8a54b8b449730d7f9344fd05e81ce72f97f48b35d91d9
  SharpDX                                 4.2.0.0                  4.2.0                                             a0af255ea4b09a8cdb995b8c6fd1075e46f098e23c2351c974e6ded9b8b620cf
  SharpDX.DXGI                            4.2.0.0                  4.2.0                                             bc0243134c93c55ea105d0e9c2a43b6030e973290d0a061cf3a61986a2268a88
  SharpDX.Direct3D11                      4.2.0.0                  4.2.0                                             56f525e33494f4cd2a560a71cdf237303a3fb54a8fa44e1693eba35c9245c60a
  KSPTextureLoader                        1.0.36.0                 1.0.36.0                 1.0                      41bc1ea347d9db76f87c8665b0a8625644525d3d9865b2e9d8b4613fb5509cd3
  Kopernicus                              1.0.248.0                1.12.248.0               1.0                      66a354e560a6214d4b98b4592e0951a0a46ca8aa083179ec8c10b9a2ec9b51ac
  0_MultipleModuleInPartAPI               1.0.0.0                  1.0.0.0                  1.0                      df4a22fb0535de7fa154ca234b50dd7c2fc6be879e4a877d9bad1f87bafafcbf
  KSPCommunityFixes                       1.41.0.0                 1.41.1.0                 1.41                     e08ebbec7ab34f4f7ff56d6e900051bb0d259a4bc092881d7db3ca2f9f2e9a11
  KSPTextureLoader.Burst                  0.0.0.0                  0.0.0.0                                           a9bb1db8a9934288ef80e627c53a283692757c2d992eceb15d988170d95fd6c1
  RealSolarSystem                         20.1.3.0                 20.1.3.0                                          60c5f484d41993fc803fa76de9008d2756636ec3e02a2a6f50445b1c7b7f0eb5
  TerrainPrecisionFixDiag2Mod             1.0.9764.27375           1.0.9764.27375                                    e7869c4109b7aa84077ab584ca50358ebc0f5ac9382b60879f812bc06c4deea7
  TerrainPrecisionFixDiagMod              1.0.9764.24952           1.0.9764.24952                                    84b1bd881502e7f17ea2cf8e684157a4c983068f9498b71359b1aad42ff0b762
Non-DLL mods added (:FOR[xxx]):
  Kopernicus_Version
  RationalResourcesAU
Mods by directory (sub directories of GameData):
  000_Harmony
  RSS-Textures
  Squad
  SquadExpansion
Mods added by assemblies:

[LOG 17:59:29.112] Loading Physics.cfg
[LOG 17:59:29.117] Extracting patches
[LOG 17:59:29.170] Deleting root node in file Kopernicus/Config/SolarPanels node: @PART:HAS[@MODULE[ModuleCurvedSolarPanel],#__kop_star_count[>1]]:NEEDS[!RealismOverhaul,!Kerbalism,NearFutureSolar]:LAST[KOP_MULTI_STAR] as it can't satisfy its NEEDS
[LOG 17:59:29.170] Deleting root node in file Kopernicus/Config/SolarPanels node: @PART:HAS[@MODULE[SSTUSolarPanelStatic],#__kop_star_count[>1]]:NEEDS[!RealismOverhaul,!Kerbalism,SSTU]:LAST[KOP_MULTI_STAR] as it can't satisfy its NEEDS
[LOG 17:59:29.170] Deleting root node in file Kopernicus/Config/SolarPanels node: @PART:HAS[@MODULE[SSTUSolarPanelDeployable],#__kop_star_count[>1]]:NEEDS[!RealismOverhaul,!Kerbalism,SSTU]:LAST[KOP_MULTI_STAR] as it can't satisfy its NEEDS
[LOG 17:59:29.170] Deleting root node in file Kopernicus/Config/SolarPanels node: @PART:HAS[@MODULE:[SSTUModularPart],!#currentSolar[Solar-None],#__kop_star_count[>1]]:NEEDS[!RealismOverhaul,!Kerbalism,SSTU]:LAST[KOP_MULTI_STAR] as it can't satisfy its NEEDS
[LOG 17:59:29.170] Deleting root node in file Kopernicus/Config/SolarPanels node: @PART:HAS[@MODULE[ModuleROSolar],#__kop_star_count[>1]]:NEEDS[!Kerbalism,RealismOverhaul]:LAST[KOP_MULTI_STAR] as it can't satisfy its NEEDS
[LOG 17:59:29.170] Deleting root node in file Kopernicus/Config/SolarPanels node: @PART:HAS[@MODULE[USSolarSwitch],#__kop_star_count[>1]]:NEEDS[!Kerbalism,UniversalStorage2]:LAST[KOP_MULTI_STAR] as it can't satisfy its NEEDS
[LOG 17:59:29.172] Deleting root node in file KSPCommunityFixes/MMPatches/ModSupport/FixDockingNodes node: @PART[*]:HAS[@MODULE[ModuleDockingNodeFixed]]:NEEDS[FixDockingNodes]:FINAL as it can't satisfy its NEEDS
[LOG 17:59:29.173] Deleting root node in file KSPCommunityFixes/MMPatches/ModSupport/KSPRecall node: @KSP_COMMUNITY_FIXES:NEEDS[AttachedOnEditor] as it can't satisfy its NEEDS
[LOG 17:59:29.173] Deleting root node in file KSPCommunityFixes/MMPatches/ModSupport/UniversalStorage node: @KSP_COMMUNITY_FIXES:NEEDS[UniversalStorage2] as it can't satisfy its NEEDS
[LOG 17:59:29.174] Deleting root node in file RealSolarSystem/KerbalWind node: @KERBAL_WIND:FOR[RealSolarSystem]:NEEDS[KerbalWind] as it can't satisfy its NEEDS
[LOG 17:59:29.178] Deleting root node in file RealSolarSystem/Compatibility/CustomAsteroids node: @Kopernicus:AFTER[RealSolarSystem]:NEEDS[CustomAsteroids] as it can't satisfy its NEEDS
[LOG 17:59:29.179] Deleting root node in file RealSolarSystem/Compatibility/Parallax/Parallax node: @Parallax:FOR[RealSolarSystem]:NEEDS[Parallax,Parallax_StockTextures] as it can't satisfy its NEEDS
[LOG 17:59:29.179] Deleting root node in file RealSolarSystem/Compatibility/Parallax/Parallax node: @Kopernicus:AFTER[RealSolarSystem]:NEEDS[Parallax,Parallax_StockTextures] as it can't satisfy its NEEDS
[LOG 17:59:29.193] Deleting value in file RealSolarSystem/RSSKopernicus/Neptune/Triton_Rotation value: @Kopernicus:FOR[RealSolarSystem]/@Body[Triton]/@Properties/@rotationPeriod:NEEDS[Principia] as it can't satisfy its NEEDS
[LOG 17:59:29.403] Applying patches
[LOG 17:59:29.406] :INSERT (initial) pass
[LOG 17:59:29.469] :FIRST pass
[LOG 17:59:29.476] Applying update KSPCommunityFixes/MMPatches/StockTweaks/LadderToggleableLight/@PART[telescopicLadderBay]:FIRST to Squad/Parts/Utility/ladderTelescopicBay/ladderTelescopicBay.cfg/PART[telescopicLadderBay]
[LOG 17:59:29.490] Applying update KSPCommunityFixes/MMPatches/StockTweaks/LadderToggleableLight/@PART[telescopicLadderBay]:HAS[#LadderToggleableLight[?rue]]:FIRST to Squad/Parts/Utility/ladderTelescopicBay/ladderTelescopicBay.cfg/PART[telescopicLadderBay]
[LOG 17:59:29.492] Applying update KSPCommunityFixes/MMPatches/StockTweaks/LadderToggleableLight/@PART[telescopicLadderBay]:HAS[#LadderToggleableLight]:FIRST to Squad/Parts/Utility/ladderTelescopicBay/ladderTelescopicBay.cfg/PART[telescopicLadderBay]
[LOG 17:59:29.495] Applying update KSPCommunityFixes/MMPatches/StockTweaks/LandingGearLights/@PART[GearSmall]:FIRST to Squad/Parts/Wheel/LandingGear/GearMedium.cfg/PART[GearSmall]
[LOG 17:59:29.500] Applying update KSPCommunityFixes/MMPatches/StockTweaks/LandingGearLights/@PART[SmallGearBay]:FIRST to Squad/Parts/Wheel/LandingGear/GearSmall.cfg/PART[SmallGearBay]
[LOG 17:59:29.501] Applying update RealSolarSystem/PhysicsModifier/@PHYSICSGLOBALS:FIRST to /Physics.cfg/PHYSICSGLOBALS
[LOG 17:59:29.504] :LEGACY (default) pass
[LOG 17:59:29.512] Applying update Kopernicus/Config/SolarPanels/@PART:HAS[@MODULE[ModuleDeployableSolarPanel],~useKopernicusSolarPanels[false]] to Squad/Parts/Electrical/10CSolarPanels/OX-10C.cfg/PART[solarPanelOX10C]
[LOG 17:59:29.512] Applying update Kopernicus/Config/SolarPanels/@PART:HAS[@MODULE[ModuleDeployableSolarPanel],~useKopernicusSolarPanels[false]] to Squad/Parts/Electrical/10CSolarPanels/SP-10C.cfg/PART[solarPanelSP10C]
[LOG 17:59:29.512] Applying update Kopernicus/Config/SolarPanels/@PART:HAS[@MODULE[ModuleDeployableSolarPanel],~useKopernicusSolarPanels[false]] to Squad/Parts/Electrical/10LSolarPanels/OX-10L.cfg/PART[solarPanelOX10L]
[LOG 17:59:29.512] Applying update Kopernicus/Config/SolarPanels/@PART:HAS[@MODULE[ModuleDeployableSolarPanel],~useKopernicusSolarPanels[false]] to Squad/Parts/Electrical/10LSolarPanels/SP-10L.cfg/PART[solarPanelSP10L]
[LOG 17:59:29.513] Applying update Kopernicus/Config/SolarPanels/@PART:HAS[@MODULE[ModuleDeployableSolarPanel],~useKopernicusSolarPanels[false]] to Squad/Parts/Electrical/1x6ShroudSolarPanels/1x6ShroudSolarPanels.cfg/PART[solarPanels2]
[LOG 17:59:29.513] Applying update Kopernicus/Config/SolarPanels/@PART:HAS[@MODULE[ModuleDeployableSolarPanel],~useKopernicusSolarPanels[false]] to Squad/Parts/Electrical/1x6SolarPanels/1x6SolarPanels.cfg/PART[solarPanels4]
[LOG 17:59:29.513] Applying update Kopernicus/Config/SolarPanels/@PART:HAS[@MODULE[ModuleDeployableSolarPanel],~useKopernicusSolarPanels[false]] to Squad/Parts/Electrical/3x2ShroudSolarPanels/3x2ShroudSolarPanels.cfg/PART[solarPanels1]
[LOG 17:59:29.513] Applying update Kopernicus/Config/SolarPanels/@PART:HAS[@MODULE[ModuleDeployableSolarPanel],~useKopernicusSolarPanels[false]] to Squad/Parts/Electrical/3x2SolarPanels/3x2SolarPanels.cfg/PART[solarPanels3]
[LOG 17:59:29.513] Applying update Kopernicus/Config/SolarPanels/@PART:HAS[@MODULE[ModuleDeployableSolarPanel],~useKopernicusSolarPanels[false]] to Squad/Parts/Electrical/gigantorXlSolarArray/gigantorXlSolarArray.cfg/PART[largeSolarPanel]
[LOG 17:59:29.513] Applying update Kopernicus/Config/SolarPanels/@PART:HAS[@MODULE[ModuleDeployableSolarPanel],~useKopernicusSolarPanels[false]] to Squad/Parts/Electrical/radialFlatSolarPanel/radialFlatSolarPanel.cfg/PART[solarPanels5]
[LOG 17:59:29.528] Applying update Kopernicus/Config/SolarPanels/@PART:HAS[@MODULE[ModuleDeployableSolarPanel],~useKopernicusSolarPanels[false]] to Squad/Parts/Misc/AsteroidDay/LgRadialSolar.cfg/PART[LgRadialSolarPanel]
[LOG 17:59:29.658] Applying update RealSolarSystem/DSN_Ranges/@PART[*]:HAS[@MODULE[ModuleDataTransmitter]] to Squad/Parts/Command/cupola/cupola.cfg/PART[cupola]
[LOG 17:59:29.663] Applying update RealSolarSystem/DSN_Ranges/@PART[*]:HAS[@MODULE[ModuleDataTransmitter]] to Squad/Parts/Command/Mk1-3Pod/mk1-3.cfg/PART[mk1-3pod]
[LOG 17:59:29.663] Applying update RealSolarSystem/DSN_Ranges/@PART[*]:HAS[@MODULE[ModuleDataTransmitter]] to Squad/Parts/Command/mk1Cockpits/mk1Cockpit.cfg/PART[Mark1Cockpit]
[LOG 17:59:29.663] Applying update RealSolarSystem/DSN_Ranges/@PART[*]:HAS[@MODULE[ModuleDataTransmitter]] to Squad/Parts/Command/mk1Cockpits/mk1CrewCabin.cfg/PART[MK1CrewCabin]
[LOG 17:59:29.663] Applying update RealSolarSystem/DSN_Ranges/@PART[*]:HAS[@MODULE[ModuleDataTransmitter]] to Squad/Parts/Command/mk1Cockpits/mk1InlineCockpit.cfg/PART[Mark2Cockpit]
[LOG 17:59:29.663] Applying update RealSolarSystem/DSN_Ranges/@PART[*]:HAS[@MODULE[ModuleDataTransmitter]] to Squad/Parts/Command/mk1LanderCan/mk1LanderCan.cfg/PART[landerCabinSmall]
[LOG 17:59:29.664] Applying update RealSolarSystem/DSN_Ranges/@PART[*]:HAS[@MODULE[ModuleDataTransmitter]] to Squad/Parts/Command/mk1pod_v2/mk1Pod_v2.cfg/PART[mk1pod_v2]
[LOG 17:59:29.664] Applying update RealSolarSystem/DSN_Ranges/@PART[*]:HAS[@MODULE[ModuleDataTransmitter]] to Squad/Parts/Command/mk2CockpitInline/mk2CockpitInline.cfg/PART[mk2Cockpit_Inline]
[LOG 17:59:29.664] Applying update RealSolarSystem/DSN_Ranges/@PART[*]:HAS[@MODULE[ModuleDataTransmitter]] to Squad/Parts/Command/mk2CockpitStandard/mk2CockpitStandard.cfg/PART[mk2Cockpit_Standard]
[LOG 17:59:29.664] Applying update RealSolarSystem/DSN_Ranges/@PART[*]:HAS[@MODULE[ModuleDataTransmitter]] to Squad/Parts/Command/mk2DroneCore/mk2Dronecore.cfg/PART[mk2DroneCore]
[LOG 17:59:29.664] Applying update RealSolarSystem/DSN_Ranges/@PART[*]:HAS[@MODULE[ModuleDataTransmitter]] to Squad/Parts/Command/mk2LanderCan/mk2LanderCan.cfg/PART[mk2LanderCabin]
[LOG 17:59:29.664] Applying update RealSolarSystem/DSN_Ranges/@PART[*]:HAS[@MODULE[ModuleDataTransmitter]] to Squad/Parts/Command/mk2LanderCan_v2/mk2LanderCan_v2.cfg/PART[mk2LanderCabin_v2]
[LOG 17:59:29.664] Applying update RealSolarSystem/DSN_Ranges/@PART[*]:HAS[@MODULE[ModuleDataTransmitter]] to Squad/Parts/Command/mk3CockpitShuttle/mk3CockpitShuttle.cfg/PART[mk3Cockpit_Shuttle]
[LOG 17:59:29.665] Applying update RealSolarSystem/DSN_Ranges/@PART[*]:HAS[@MODULE[ModuleDataTransmitter]] to Squad/Parts/Command/MpoProbe/MpoProbe.cfg/PART[MpoProbe]
[LOG 17:59:29.665] Applying update RealSolarSystem/DSN_Ranges/@PART[*]:HAS[@MODULE[ModuleDataTransmitter]] to Squad/Parts/Command/MtmStage/MTM_Stage.cfg/PART[MtmStage]
[LOG 17:59:29.665] Applying update RealSolarSystem/DSN_Ranges/@PART[*]:HAS[@MODULE[ModuleDataTransmitter]] to Squad/Parts/Command/probeCoreCube/probeCoreCube.cfg/PART[probeCoreCube]
[LOG 17:59:29.665] Applying update RealSolarSystem/DSN_Ranges/@PART[*]:HAS[@MODULE[ModuleDataTransmitter]] to Squad/Parts/Command/probeCoreHex/probeCoreHex.cfg/PART[probeCoreHex]
[LOG 17:59:29.665] Applying update RealSolarSystem/DSN_Ranges/@PART[*]:HAS[@MODULE[ModuleDataTransmitter]] to Squad/Parts/Command/probeCoreHex_v2/probeCoreHex_v2.cfg/PART[probeCoreHex_v2]
[LOG 17:59:29.665] Applying update RealSolarSystem/DSN_Ranges/@PART[*]:HAS[@MODULE[ModuleDataTransmitter]] to Squad/Parts/Command/probeCoreOcto2_v2/probeCoreOcto2_v2.cfg/PART[probeCoreOcto2_v2]
[LOG 17:59:29.665] Applying update RealSolarSystem/DSN_Ranges/@PART[*]:HAS[@MODULE[ModuleDataTransmitter]] to Squad/Parts/Command/probeCoreOcto_v2/probeCoreOcto_v2.cfg/PART[probeCoreOcto_v2]
[LOG 17:59:29.665] Applying update RealSolarSystem/DSN_Ranges/@PART[*]:HAS[@MODULE[ModuleDataTransmitter]] to Squad/Parts/Command/probeRoverBody/probeRoverBody.cfg/PART[roverBody]
[LOG 17:59:29.665] Applying update RealSolarSystem/DSN_Ranges/@PART[*]:HAS[@MODULE[ModuleDataTransmitter]] to Squad/Parts/Command/probeRoverBody_v2/probeRoverBody_v2.cfg/PART[roverBody_v2]
[LOG 17:59:29.665] Applying update RealSolarSystem/DSN_Ranges/@PART[*]:HAS[@MODULE[ModuleDataTransmitter]] to Squad/Parts/Command/probeStackLarge/probeStackLarge.cfg/PART[probeStackLarge]
[LOG 17:59:29.665] Applying update RealSolarSystem/DSN_Ranges/@PART[*]:HAS[@MODULE[ModuleDataTransmitter]] to Squad/Parts/Command/probeStackSmall/probeStackSmall.cfg/PART[probeStackSmall]
[LOG 17:59:29.665] Applying update RealSolarSystem/DSN_Ranges/@PART[*]:HAS[@MODULE[ModuleDataTransmitter]] to Squad/Parts/Command/probeStackSphere_v2/probeStackSphere_v2.cfg/PART[probeCoreSphere_v2]
[LOG 17:59:29.668] Applying update RealSolarSystem/DSN_Ranges/@PART[*]:HAS[@MODULE[ModuleDataTransmitter]] to Squad/Parts/Misc/AsteroidDay/HECS2.cfg/PART[HECS2_ProbeCore]
[LOG 17:59:29.668] Applying update RealSolarSystem/DSN_Ranges/@PART[*]:HAS[@MODULE[ModuleDataTransmitter]] to Squad/Parts/Misc/AsteroidDay/HighGainAntenna.cfg/PART[HighGainAntenna]
[LOG 17:59:29.669] Applying update RealSolarSystem/DSN_Ranges/@PART[*]:HAS[@MODULE[ModuleDataTransmitter]] to Squad/Parts/Utility/commDish88-88/commDish88-88.cfg/PART[commDish]
[LOG 17:59:29.669] Applying update RealSolarSystem/DSN_Ranges/@PART[*]:HAS[@MODULE[ModuleDataTransmitter]] to Squad/Parts/Utility/commsAntennaDTS-M1/commsAntennaDTS-M1.cfg/PART[mediumDishAntenna]
[LOG 17:59:29.669] Applying update RealSolarSystem/DSN_Ranges/@PART[*]:HAS[@MODULE[ModuleDataTransmitter]] to Squad/Parts/Utility/commsDish16/commsAntenna16.cfg/PART[longAntenna]
[LOG 17:59:29.669] Applying update RealSolarSystem/DSN_Ranges/@PART[*]:HAS[@MODULE[ModuleDataTransmitter]] to Squad/Parts/Utility/DirectAntennas/C16S.cfg/PART[SurfAntenna]
[LOG 17:59:29.669] Applying update RealSolarSystem/DSN_Ranges/@PART[*]:HAS[@MODULE[ModuleDataTransmitter]] to Squad/Parts/Utility/DirectAntennas/HG-5.cfg/PART[HighGainAntenna5]
[LOG 17:59:29.669] Applying update RealSolarSystem/DSN_Ranges/@PART[*]:HAS[@MODULE[ModuleDataTransmitter]] to Squad/Parts/Utility/DirectAntennas/HG-5_v2.cfg/PART[HighGainAntenna5_v2]
[LOG 17:59:29.670] Applying update RealSolarSystem/DSN_Ranges/@PART[*]:HAS[@MODULE[ModuleDataTransmitter]] to Squad/Parts/Utility/RelayAntennas/RA-100.cfg/PART[RelayAntenna100]
[LOG 17:59:29.670] Applying update RealSolarSystem/DSN_Ranges/@PART[*]:HAS[@MODULE[ModuleDataTransmitter]] to Squad/Parts/Utility/RelayAntennas/RA-5.cfg/PART[RelayAntenna5]
[LOG 17:59:29.670] Applying update RealSolarSystem/DSN_Ranges/@PART[*]:HAS[@MODULE[ModuleDataTransmitter]] to Squad/Parts/Utility/RelayAntennas/RA-50.cfg/PART[RelayAntenna50]
[LOG 17:59:29.673] Applying update RealSolarSystem/DSN_Ranges/@PART[*]:HAS[@MODULE[ModuleDataTransmitter]] to SquadExpansion/MakingHistory/Parts/Payload/SM25.cfg/PART[ServiceModule25]
[LOG 17:59:29.673] Applying update RealSolarSystem/DSN_Ranges/@PART[*]:HAS[@MODULE[ModuleDataTransmitter]] to SquadExpansion/MakingHistory/Parts/Pods/KV1Pod.cfg/PART[kv1Pod]
[LOG 17:59:29.673] Applying update RealSolarSystem/DSN_Ranges/@PART[*]:HAS[@MODULE[ModuleDataTransmitter]] to SquadExpansion/MakingHistory/Parts/Pods/KV2Pod.cfg/PART[kv2Pod]
[LOG 17:59:29.673] Applying update RealSolarSystem/DSN_Ranges/@PART[*]:HAS[@MODULE[ModuleDataTransmitter]] to SquadExpansion/MakingHistory/Parts/Pods/KV3Pod.cfg/PART[kv3Pod]
[LOG 17:59:29.673] Applying update RealSolarSystem/DSN_Ranges/@PART[*]:HAS[@MODULE[ModuleDataTransmitter]] to SquadExpansion/MakingHistory/Parts/Pods/Mk2Pod.cfg/PART[Mk2Pod]
[LOG 17:59:29.674] Applying update RealSolarSystem/DSN_Ranges/@PART[*]:HAS[@MODULE[ModuleDataTransmitter]] to SquadExpansion/MakingHistory/Parts/Pods/Size1_5_Lander.cfg/PART[MEMLander]
[LOG 17:59:29.687] :BEFORE[0_MULTIPLEMODULEINPARTAPI] pass
[LOG 17:59:29.687] :FOR[0_MULTIPLEMODULEINPARTAPI] pass
[LOG 17:59:29.687] :AFTER[0_MULTIPLEMODULEINPARTAPI] pass
[LOG 17:59:29.687] :BEFORE[000_HARMONY] pass
[LOG 17:59:29.687] :FOR[000_HARMONY] pass
[LOG 17:59:29.687] :AFTER[000_HARMONY] pass
[LOG 17:59:29.687] :BEFORE[0HARMONY] pass
[LOG 17:59:29.687] :FOR[0HARMONY] pass
[LOG 17:59:29.687] :AFTER[0HARMONY] pass
[LOG 17:59:29.687] :BEFORE[ASSEMBLY-CSHARP] pass
[LOG 17:59:29.687] :FOR[ASSEMBLY-CSHARP] pass
[LOG 17:59:29.687] :AFTER[ASSEMBLY-CSHARP] pass
[LOG 17:59:29.687] :BEFORE[HARMONYINSTALLCHECKER] pass
[LOG 17:59:29.687] :FOR[HARMONYINSTALLCHECKER] pass
[LOG 17:59:29.687] :AFTER[HARMONYINSTALLCHECKER] pass
[LOG 17:59:29.687] :BEFORE[KOPERNICUS] pass
[LOG 17:59:29.687] :FOR[KOPERNICUS] pass
[LOG 17:59:29.688] Applying update Kopernicus/Config/BodyPQSFix/@Kopernicus:FOR[Kopernicus] to Kopernicus/Config/System.cfg/Kopernicus[Kerbol System]
[LOG 17:59:29.689] :AFTER[KOPERNICUS] pass
[LOG 17:59:29.689] :BEFORE[KOPERNICUS.PARSER] pass
[LOG 17:59:29.689] :FOR[KOPERNICUS.PARSER] pass
[LOG 17:59:29.689] :AFTER[KOPERNICUS.PARSER] pass
[LOG 17:59:29.689] :BEFORE[KOPERNICUS_VERSION] pass
[LOG 17:59:29.689] :FOR[KOPERNICUS_VERSION] pass
[LOG 17:59:29.689] Applying update Kopernicus/Config/00Version/@KOP_VERSION:FOR[Kopernicus_Version] to Kopernicus/Config/00Version.cfg/KOP_VERSION[Kopernicus_Version]
[LOG 17:59:29.689] :AFTER[KOPERNICUS_VERSION] pass
[LOG 17:59:29.689] :BEFORE[KSPCOMMUNITYFIXES] pass
[LOG 17:59:29.689] :FOR[KSPCOMMUNITYFIXES] pass
[LOG 17:59:29.689] Applying update KSPCommunityFixes/MMPatches/StockTweaks/ManufacturerFixes/@PART[sasModule]:FOR[KSPCommunityFixes] to Squad/Parts/Command/inlineReactionWheel/inlineReactionWheel.cfg/PART[sasModule]
[LOG 17:59:29.691] Applying update KSPCommunityFixes/MMPatches/StockTweaks/ManufacturerFixes/@PART[xenonTankRadial]:FOR[KSPCommunityFixes] to Squad/Parts/FuelTank/xenonTankRadial/xenonTankRadial.cfg/PART[xenonTankRadial]
[LOG 17:59:29.693] Applying update KSPCommunityFixes/MMPatches/StockTweaks/ManufacturerFixes/@PART[winglet|fireworksLauncherSmall|fireworksLauncherBig]:FOR[KSPCommunityFixes] to Squad/Parts/Aero/wingletAV-T1/wingletAV-T1.cfg/PART[winglet]
[LOG 17:59:29.697] Applying update KSPCommunityFixes/MMPatches/StockTweaks/ManufacturerFixes/@PART[winglet|fireworksLauncherSmall|fireworksLauncherBig]:FOR[KSPCommunityFixes] to Squad/Parts/Utility/Fireworks/fireworksLauncherBig.cfg/PART[fireworksLauncherBig]
[LOG 17:59:29.697] Applying update KSPCommunityFixes/MMPatches/StockTweaks/ManufacturerFixes/@PART[winglet|fireworksLauncherSmall|fireworksLauncherBig]:FOR[KSPCommunityFixes] to Squad/Parts/Utility/Fireworks/fireworksLauncherSmall.cfg/PART[fireworksLauncherSmall]
[LOG 17:59:29.703] Applying update KSPCommunityFixes/MMPatches/StockTweaks/ManufacturerFixes/@PART[solidBooster_sm_v2|solidBooster_v2]:FOR[KSPCommunityFixes] to Squad/Parts/Engine/Size1_SRBs/solidBoosterRT-10_v2.cfg/PART[solidBooster_v2]
[LOG 17:59:29.703] Applying update KSPCommunityFixes/MMPatches/StockTweaks/ManufacturerFixes/@PART[solidBooster_sm_v2|solidBooster_v2]:FOR[KSPCommunityFixes] to Squad/Parts/Engine/Size1_SRBs/solidBoosterRT-5_v2.cfg/PART[solidBooster_sm_v2]
[LOG 17:59:29.708] Applying update KSPCommunityFixes/MMPatches/StockTweaks/ManufacturerFixes/@PART[ServiceBay_125_v2|ServiceBay_250_v2]:FOR[KSPCommunityFixes] to Squad/Parts/Utility/ServiceBay_v2/ServiceBay_125_v2.cfg/PART[ServiceBay_125_v2]
[LOG 17:59:29.708] Applying update KSPCommunityFixes/MMPatches/StockTweaks/ManufacturerFixes/@PART[ServiceBay_125_v2|ServiceBay_250_v2]:FOR[KSPCommunityFixes] to Squad/Parts/Utility/ServiceBay_v2/ServiceBay_250_v2.cfg/PART[ServiceBay_250_v2]
[LOG 17:59:29.710] Applying update KSPCommunityFixes/MMPatches/StockTweaks/ManufacturerFixes/@PART[externalTankCapsule]:FOR[KSPCommunityFixes] to Squad/Parts/FuelTank/FoilTanks/RadialTank_Capsule.cfg/PART[externalTankCapsule]
[LOG 17:59:29.729] Applying update KSPCommunityFixes/MMPatches/StockTweaks/ManufacturerFixes/@PART[RCSFuelTank|rcsTankMini|RCSTank1-2]:FOR[KSPCommunityFixes] to Squad/Parts/FuelTank/RCSFuelTankR1/RCSFuelTankR1.cfg/PART[RCSTank1-2]
[LOG 17:59:29.729] Applying update KSPCommunityFixes/MMPatches/StockTweaks/ManufacturerFixes/@PART[RCSFuelTank|rcsTankMini|RCSTank1-2]:FOR[KSPCommunityFixes] to Squad/Parts/FuelTank/RCSFuelTankR10/RCSFuelTankR10.cfg/PART[rcsTankMini]
[LOG 17:59:29.729] Applying update KSPCommunityFixes/MMPatches/StockTweaks/ManufacturerFixes/@PART[RCSFuelTank|rcsTankMini|RCSTank1-2]:FOR[KSPCommunityFixes] to Squad/Parts/FuelTank/RCSFuelTankR25/RCSFuelTankR25.cfg/PART[RCSFuelTank]
[LOG 17:59:29.730] Applying update KSPCommunityFixes/MMPatches/StockTweaks/ManufacturerFixes/@PART[landerCabinSmall]:FOR[KSPCommunityFixes] to Squad/Parts/Command/mk1LanderCan/mk1LanderCan.cfg/PART[landerCabinSmall]
[LOG 17:59:29.732] Applying update KSPCommunityFixes/MMPatches/StockTweaks/ManufacturerFixes/@PART[dockingPortLateral]:FOR[KSPCommunityFixes] to Squad/Parts/Utility/dockingPortInline/dockingPortInline.cfg/PART[dockingPortLateral]
[LOG 17:59:29.733] Applying update KSPCommunityFixes/MMPatches/StockTweaks/ManufacturerFixes/@PART[EnginePlate4]:FOR[KSPCommunityFixes]:NEEDS[SquadExpansion/MakingHistory] to SquadExpansion/MakingHistory/Parts/Coupling/EnginePlate_4.cfg/PART[EnginePlate4]
[LOG 17:59:29.735] Applying update KSPCommunityFixes/MMPatches/StockTweaks/ManufacturerFixes/@PART[Mk2Pod]:FOR[KSPCommunityFixes]:NEEDS[SquadExpansion/MakingHistory] to SquadExpansion/MakingHistory/Parts/Pods/Mk2Pod.cfg/PART[Mk2Pod]
[LOG 17:59:29.740] Applying update KSPCommunityFixes/MMPatches/StockTweaks/ManufacturerFixes/@PART[evaChute|parachuteSingle|parachuteRadial|radialDrogue|parachuteLarge|parachuteDrogue]:FOR[KSPCommunityFixes] to Squad/Parts/Cargo/Parachute/Parachute.cfg/PART[evaChute]
[LOG 17:59:29.746] Applying update KSPCommunityFixes/MMPatches/StockTweaks/ManufacturerFixes/@PART[evaChute|parachuteSingle|parachuteRadial|radialDrogue|parachuteLarge|parachuteDrogue]:FOR[KSPCommunityFixes] to Squad/Parts/Utility/parachuteMk1/parachuteMk1.cfg/PART[parachuteSingle]
[LOG 17:59:29.746] Applying update KSPCommunityFixes/MMPatches/StockTweaks/ManufacturerFixes/@PART[evaChute|parachuteSingle|parachuteRadial|radialDrogue|parachuteLarge|parachuteDrogue]:FOR[KSPCommunityFixes] to Squad/Parts/Utility/parachuteMk12-R/parachuteMk12-R.cfg/PART[radialDrogue]
[LOG 17:59:29.746] Applying update KSPCommunityFixes/MMPatches/StockTweaks/ManufacturerFixes/@PART[evaChute|parachuteSingle|parachuteRadial|radialDrogue|parachuteLarge|parachuteDrogue]:FOR[KSPCommunityFixes] to Squad/Parts/Utility/parachuteMk16-XL/parachuteMk16-XL.cfg/PART[parachuteLarge]
[LOG 17:59:29.746] Applying update KSPCommunityFixes/MMPatches/StockTweaks/ManufacturerFixes/@PART[evaChute|parachuteSingle|parachuteRadial|radialDrogue|parachuteLarge|parachuteDrogue]:FOR[KSPCommunityFixes] to Squad/Parts/Utility/parachuteMk2-R/parachuteMk2-R.cfg/PART[parachuteRadial]
[LOG 17:59:29.746] Applying update KSPCommunityFixes/MMPatches/StockTweaks/ManufacturerFixes/@PART[evaChute|parachuteSingle|parachuteRadial|radialDrogue|parachuteLarge|parachuteDrogue]:FOR[KSPCommunityFixes] to Squad/Parts/Utility/parachuteMk25/parachuteMk25.cfg/PART[parachuteDrogue]
[LOG 17:59:29.749] Applying update KSPCommunityFixes/MMPatches/StockTweaks/ManufacturerFixes/@PART[stackPoint1|dockingPort1|dockingPort2|dockingPort3|dockingPortLarge]:FOR[KSPCommunityFixes] to Squad/Parts/Utility/dockingPort/dockingPort.cfg/PART[dockingPort2]
[LOG 17:59:29.749] Applying update KSPCommunityFixes/MMPatches/StockTweaks/ManufacturerFixes/@PART[stackPoint1|dockingPort1|dockingPort2|dockingPort3|dockingPortLarge]:FOR[KSPCommunityFixes] to Squad/Parts/Utility/dockingPortJr/dockingPortJr.cfg/PART[dockingPort3]
[LOG 17:59:29.749] Applying update KSPCommunityFixes/MMPatches/StockTweaks/ManufacturerFixes/@PART[stackPoint1|dockingPort1|dockingPort2|dockingPort3|dockingPortLarge]:FOR[KSPCommunityFixes] to Squad/Parts/Utility/dockingPortShielded/dockingPortShielded.cfg/PART[dockingPort1]
[LOG 17:59:29.749] Applying update KSPCommunityFixes/MMPatches/StockTweaks/ManufacturerFixes/@PART[stackPoint1|dockingPort1|dockingPort2|dockingPort3|dockingPortLarge]:FOR[KSPCommunityFixes] to Squad/Parts/Utility/dockingPortSr/dockingPortSr.cfg/PART[dockingPortLarge]
[LOG 17:59:29.749] Applying update KSPCommunityFixes/MMPatches/StockTweaks/ManufacturerFixes/@PART[stackPoint1|dockingPort1|dockingPort2|dockingPort3|dockingPortLarge]:FOR[KSPCommunityFixes] to Squad/Parts/Utility/radialAttachmentPoint/radialAttachmentPoint.cfg/PART[stackPoint1]
[LOG 17:59:29.750] :AFTER[KSPCOMMUNITYFIXES] pass
[LOG 17:59:29.750] :BEFORE[KSPTEXTURELOADER] pass
[LOG 17:59:29.750] :FOR[KSPTEXTURELOADER] pass
[LOG 17:59:29.750] :AFTER[KSPTEXTURELOADER] pass
[LOG 17:59:29.750] :BEFORE[KSPTEXTURELOADER.BURST] pass
[LOG 17:59:29.750] :FOR[KSPTEXTURELOADER.BURST] pass
[LOG 17:59:29.750] :AFTER[KSPTEXTURELOADER.BURST] pass
[LOG 17:59:29.750] :BEFORE[MODULARFLIGHTINTEGRATOR] pass
[LOG 17:59:29.750] :FOR[MODULARFLIGHTINTEGRATOR] pass
[LOG 17:59:29.750] :AFTER[MODULARFLIGHTINTEGRATOR] pass
[LOG 17:59:29.750] :BEFORE[MODULEMANAGER] pass
[LOG 17:59:29.750] :FOR[MODULEMANAGER] pass
[LOG 17:59:29.750] :AFTER[MODULEMANAGER] pass
[LOG 17:59:29.750] :BEFORE[RATIONALRESOURCESAU] pass
[LOG 17:59:29.750] :FOR[RATIONALRESOURCESAU] pass
[LOG 17:59:29.750] Applying update RealSolarSystem/Compatibility/RationalResources/@REALSOLARSYSTEM:FOR[RationalResourcesAU] to RealSolarSystem/RealSolarSystem.cfg/REALSOLARSYSTEM
[LOG 17:59:29.750] :AFTER[RATIONALRESOURCESAU] pass
[LOG 17:59:29.750] :BEFORE[REALSOLARSYSTEM] pass
[LOG 17:59:29.750] :FOR[REALSOLARSYSTEM] pass
[LOG 17:59:29.750] Applying update RealSolarSystem/ContractModifier/@Contracts:FOR[RealSolarSystem] to Squad/Contracts/Contracts.cfg/Contracts
[LOG 17:59:29.752] Applying update RealSolarSystem/ContractModifier/@Contracts:FOR[RealSolarSystem] to SquadExpansion/Serenity/Contracts/contracts.cfg/Contracts
[LOG 17:59:29.753] Applying delete RealSolarSystem/ROCDefinitions/!ROC_DEFINITION:HAS[@CELESTIALBODY:HAS[#Name[Moho]]]:FOR[RealSolarSystem] to SquadExpansion/Serenity/Resources/rocsdef.cfg/ROC_DEFINITION
[LOG 17:59:29.753] Applying delete RealSolarSystem/ROCDefinitions/!ROC_DEFINITION:HAS[@CELESTIALBODY:HAS[#Name[Moho]]]:FOR[RealSolarSystem] to SquadExpansion/Serenity/Resources/rocsdef.cfg/ROC_DEFINITION
[LOG 17:59:29.754] Applying delete RealSolarSystem/ROCDefinitions/!ROC_DEFINITION:HAS[@CELESTIALBODY:HAS[#Name[Eve]]]:FOR[RealSolarSystem] to SquadExpansion/Serenity/Resources/rocsdef.cfg/ROC_DEFINITION
[LOG 17:59:29.754] Applying delete RealSolarSystem/ROCDefinitions/!ROC_DEFINITION:HAS[@CELESTIALBODY:HAS[#Name[Eve]]]:FOR[RealSolarSystem] to SquadExpansion/Serenity/Resources/rocsdef.cfg/ROC_DEFINITION
[LOG 17:59:29.754] Applying delete RealSolarSystem/ROCDefinitions/!ROC_DEFINITION:HAS[@CELESTIALBODY:HAS[#Name[Eve]]]:FOR[RealSolarSystem] to SquadExpansion/Serenity/Resources/rocsdef.cfg/ROC_DEFINITION
[LOG 17:59:29.755] Applying delete RealSolarSystem/ROCDefinitions/!ROC_DEFINITION:HAS[@CELESTIALBODY:HAS[#Name[Gilly]]]:FOR[RealSolarSystem] to SquadExpansion/Serenity/Resources/rocsdef.cfg/ROC_DEFINITION
[LOG 17:59:29.755] Applying delete RealSolarSystem/ROCDefinitions/!ROC_DEFINITION:HAS[@CELESTIALBODY:HAS[#Name[Kerbin]]]:FOR[RealSolarSystem] to SquadExpansion/Serenity/Resources/rocsdef.cfg/ROC_DEFINITION
[LOG 17:59:29.755] Applying delete RealSolarSystem/ROCDefinitions/!ROC_DEFINITION:HAS[@CELESTIALBODY:HAS[#Name[Kerbin]]]:FOR[RealSolarSystem] to SquadExpansion/Serenity/Resources/rocsdef.cfg/ROC_DEFINITION
[LOG 17:59:29.756] Applying delete RealSolarSystem/ROCDefinitions/!ROC_DEFINITION:HAS[@CELESTIALBODY:HAS[#Name[Mun]]]:FOR[RealSolarSystem] to SquadExpansion/Serenity/Resources/rocsdef.cfg/ROC_DEFINITION
[LOG 17:59:29.756] Applying delete RealSolarSystem/ROCDefinitions/!ROC_DEFINITION:HAS[@CELESTIALBODY:HAS[#Name[Mun]]]:FOR[RealSolarSystem] to SquadExpansion/Serenity/Resources/rocsdef.cfg/ROC_DEFINITION
[LOG 17:59:29.756] Applying delete RealSolarSystem/ROCDefinitions/!ROC_DEFINITION:HAS[@CELESTIALBODY:HAS[#Name[Mun]]]:FOR[RealSolarSystem] to SquadExpansion/Serenity/Resources/rocsdef.cfg/ROC_DEFINITION
[LOG 17:59:29.756] Applying delete RealSolarSystem/ROCDefinitions/!ROC_DEFINITION:HAS[@CELESTIALBODY:HAS[#Name[Minmus]]]:FOR[RealSolarSystem] to SquadExpansion/Serenity/Resources/rocsdef.cfg/ROC_DEFINITION
[LOG 17:59:29.756] Applying delete RealSolarSystem/ROCDefinitions/!ROC_DEFINITION:HAS[@CELESTIALBODY:HAS[#Name[Minmus]]]:FOR[RealSolarSystem] to SquadExpansion/Serenity/Resources/rocsdef.cfg/ROC_DEFINITION
[LOG 17:59:29.756] Applying delete RealSolarSystem/ROCDefinitions/!ROC_DEFINITION:HAS[@CELESTIALBODY:HAS[#Name[Duna]]]:FOR[RealSolarSystem] to SquadExpansion/Serenity/Resources/rocsdef.cfg/ROC_DEFINITION
[LOG 17:59:29.756] Applying delete RealSolarSystem/ROCDefinitions/!ROC_DEFINITION:HAS[@CELESTIALBODY:HAS[#Name[Duna]]]:FOR[RealSolarSystem] to SquadExpansion/Serenity/Resources/rocsdef.cfg/ROC_DEFINITION
[LOG 17:59:29.756] Applying delete RealSolarSystem/ROCDefinitions/!ROC_DEFINITION:HAS[@CELESTIALBODY:HAS[#Name[Duna]]]:FOR[RealSolarSystem] to SquadExpansion/Serenity/Resources/rocsdef.cfg/ROC_DEFINITION
[LOG 17:59:29.756] Applying delete RealSolarSystem/ROCDefinitions/!ROC_DEFINITION:HAS[@CELESTIALBODY:HAS[#Name[Duna]]]:FOR[RealSolarSystem] to SquadExpansion/Serenity/Resources/rocsdef.cfg/ROC_DEFINITION
[LOG 17:59:29.756] Applying delete RealSolarSystem/ROCDefinitions/!ROC_DEFINITION:HAS[@CELESTIALBODY:HAS[#Name[Ike]]]:FOR[RealSolarSystem] to SquadExpansion/Serenity/Resources/rocsdef.cfg/ROC_DEFINITION
[LOG 17:59:29.757] Applying delete RealSolarSystem/ROCDefinitions/!ROC_DEFINITION:HAS[@CELESTIALBODY:HAS[#Name[Dres]]]:FOR[RealSolarSystem] to SquadExpansion/Serenity/Resources/rocsdef.cfg/ROC_DEFINITION
[LOG 17:59:29.757] Applying delete RealSolarSystem/ROCDefinitions/!ROC_DEFINITION:HAS[@CELESTIALBODY:HAS[#Name[Dres]]]:FOR[RealSolarSystem] to SquadExpansion/Serenity/Resources/rocsdef.cfg/ROC_DEFINITION
[LOG 17:59:29.757] Applying delete RealSolarSystem/ROCDefinitions/!ROC_DEFINITION:HAS[@CELESTIALBODY:HAS[#Name[Laythe]]]:FOR[RealSolarSystem] to SquadExpansion/Serenity/Resources/rocsdef.cfg/ROC_DEFINITION
[LOG 17:59:29.757] Applying delete RealSolarSystem/ROCDefinitions/!ROC_DEFINITION:HAS[@CELESTIALBODY:HAS[#Name[Laythe]]]:FOR[RealSolarSystem] to SquadExpansion/Serenity/Resources/rocsdef.cfg/ROC_DEFINITION
[LOG 17:59:29.757] Applying delete RealSolarSystem/ROCDefinitions/!ROC_DEFINITION:HAS[@CELESTIALBODY:HAS[#Name[Laythe]]]:FOR[RealSolarSystem] to SquadExpansion/Serenity/Resources/rocsdef.cfg/ROC_DEFINITION
[LOG 17:59:29.762] Applying delete RealSolarSystem/ROCDefinitions/!ROC_DEFINITION:HAS[@CELESTIALBODY:HAS[#Name[Vall]]]:FOR[RealSolarSystem] to SquadExpansion/Serenity/Resources/rocsdef.cfg/ROC_DEFINITION
[LOG 17:59:29.762] Applying delete RealSolarSystem/ROCDefinitions/!ROC_DEFINITION:HAS[@CELESTIALBODY:HAS[#Name[Vall]]]:FOR[RealSolarSystem] to SquadExpansion/Serenity/Resources/rocsdef.cfg/ROC_DEFINITION
[LOG 17:59:29.762] Applying delete RealSolarSystem/ROCDefinitions/!ROC_DEFINITION:HAS[@CELESTIALBODY:HAS[#Name[Vall]]]:FOR[RealSolarSystem] to SquadExpansion/Serenity/Resources/rocsdef.cfg/ROC_DEFINITION
[LOG 17:59:29.762] Applying delete RealSolarSystem/ROCDefinitions/!ROC_DEFINITION:HAS[@CELESTIALBODY:HAS[#Name[Tylo]]]:FOR[RealSolarSystem] to SquadExpansion/Serenity/Resources/rocsdef.cfg/ROC_DEFINITION
[LOG 17:59:29.762] Applying delete RealSolarSystem/ROCDefinitions/!ROC_DEFINITION:HAS[@CELESTIALBODY:HAS[#Name[Tylo]]]:FOR[RealSolarSystem] to SquadExpansion/Serenity/Resources/rocsdef.cfg/ROC_DEFINITION
[LOG 17:59:29.762] Applying delete RealSolarSystem/ROCDefinitions/!ROC_DEFINITION:HAS[@CELESTIALBODY:HAS[#Name[Tylo]]]:FOR[RealSolarSystem] to SquadExpansion/Serenity/Resources/rocsdef.cfg/ROC_DEFINITION
[LOG 17:59:29.762] Applying delete RealSolarSystem/ROCDefinitions/!ROC_DEFINITION:HAS[@CELESTIALBODY:HAS[#Name[Bop]]]:FOR[RealSolarSystem] to SquadExpansion/Serenity/Resources/rocsdef.cfg/ROC_DEFINITION
[LOG 17:59:29.762] Applying delete RealSolarSystem/ROCDefinitions/!ROC_DEFINITION:HAS[@CELESTIALBODY:HAS[#Name[Pol]]]:FOR[RealSolarSystem] to SquadExpansion/Serenity/Resources/rocsdef.cfg/ROC_DEFINITION
[LOG 17:59:29.762] Applying delete RealSolarSystem/ROCDefinitions/!ROC_DEFINITION:HAS[@CELESTIALBODY:HAS[#Name[Eeloo]]]:FOR[RealSolarSystem] to SquadExpansion/Serenity/Resources/rocsdef.cfg/ROC_DEFINITION
[LOG 17:59:29.762] Applying delete RealSolarSystem/ROCDefinitions/!ROC_DEFINITION:HAS[@CELESTIALBODY:HAS[#Name[Eeloo]]]:FOR[RealSolarSystem] to SquadExpansion/Serenity/Resources/rocsdef.cfg/ROC_DEFINITION
[LOG 17:59:29.762] Applying delete RealSolarSystem/ROCDefinitions/!ROC_DEFINITION:HAS[@CELESTIALBODY:HAS[#Name[Eeloo]]]:FOR[RealSolarSystem] to SquadExpansion/Serenity/Resources/rocsdef.cfg/ROC_DEFINITION
[LOG 17:59:29.762] Applying update RealSolarSystem/RSSKopernicusSettings/@Kopernicus_config:FOR[RealSolarSystem] to Kopernicus/Config/01_DefaultConfig.cfg/Kopernicus_config
[LOG 17:59:29.763] Applying update RealSolarSystem/RSSKopernicusSettings/@Kopernicus:FOR[RealSolarSystem] to Kopernicus/Config/System.cfg/Kopernicus[Kerbol System]
[LOG 17:59:29.763] Applying update RealSolarSystem/RSS_TerrainDetailPresets/@Kopernicus:FOR[RealSolarSystem] to Kopernicus/Config/System.cfg/Kopernicus[Solar System]
[LOG 17:59:29.765] Applying update RealSolarSystem/Compatibility/CustomAsteroids/@CustomAsteroidPlanes:FOR[RealSolarSystem] to RealSolarSystem/Compatibility/CustomAsteroids.cfg/CustomAsteroidPlanes
[LOG 17:59:29.836] Applying update RealSolarSystem/RSSKopernicus/Sun/@Kopernicus:FOR[RealSolarSystem] to Kopernicus/Config/System.cfg/Kopernicus[Solar System]
[LOG 17:59:29.837] Applying update RealSolarSystem/RSSKopernicus/Asteroids/Asteroids/@Kopernicus:FOR[RealSolarSystem] to Kopernicus/Config/System.cfg/Kopernicus[Solar System]
[LOG 17:59:29.845] Applying update RealSolarSystem/RSSKopernicus/Asteroids/Asteroids/@PART[*]:HAS[@MODULE[ModuleAsteroid]]:FOR[RealSolarSystem] to Squad/Parts/Misc/PotatoRoid/part.cfg/PART[PotatoRoid]
[LOG 17:59:29.857] Applying update RealSolarSystem/RSSKopernicus/Ceres/Ceres/@Kopernicus:FOR[RealSolarSystem] to Kopernicus/Config/System.cfg/Kopernicus[Solar System]
[LOG 17:59:29.858] Applying update RealSolarSystem/RSSKopernicus/Earth/Earth/@Kopernicus:FOR[RealSolarSystem] to Kopernicus/Config/System.cfg/Kopernicus[Solar System]
[LOG 17:59:29.861] Applying update RealSolarSystem/RSSKopernicus/Earth/Moon/@Kopernicus:FOR[RealSolarSystem] to Kopernicus/Config/System.cfg/Kopernicus[Solar System]
[LOG 17:59:29.865] Applying update RealSolarSystem/RSSKopernicus/Jupiter/Callisto/@Kopernicus:FOR[RealSolarSystem] to Kopernicus/Config/System.cfg/Kopernicus[Solar System]
[LOG 17:59:29.869] Applying update RealSolarSystem/RSSKopernicus/Jupiter/Europa/@Kopernicus:FOR[RealSolarSystem] to Kopernicus/Config/System.cfg/Kopernicus[Solar System]
[LOG 17:59:29.874] Applying update RealSolarSystem/RSSKopernicus/Jupiter/Ganymede/@Kopernicus:FOR[RealSolarSystem] to Kopernicus/Config/System.cfg/Kopernicus[Solar System]
[LOG 17:59:29.878] Applying update RealSolarSystem/RSSKopernicus/Jupiter/Io/@Kopernicus:FOR[RealSolarSystem] to Kopernicus/Config/System.cfg/Kopernicus[Solar System]
[LOG 17:59:29.882] Applying update RealSolarSystem/RSSKopernicus/Jupiter/Jupiter/@Kopernicus:FOR[RealSolarSystem] to Kopernicus/Config/System.cfg/Kopernicus[Solar System]
[LOG 17:59:29.886] Applying update RealSolarSystem/RSSKopernicus/Jupiter/Jupiter_Oblate/@Kopernicus:FOR[RealSolarSystem] to Kopernicus/Config/System.cfg/Kopernicus[Solar System]
[LOG 17:59:29.889] Applying update RealSolarSystem/RSSKopernicus/Mars/Deimos/@Kopernicus:FOR[RealSolarSystem] to Kopernicus/Config/System.cfg/Kopernicus[Solar System]
[LOG 17:59:29.893] Applying update RealSolarSystem/RSSKopernicus/Mars/Mars/@Kopernicus:FOR[RealSolarSystem] to Kopernicus/Config/System.cfg/Kopernicus[Solar System]
[LOG 17:59:29.897] Applying update RealSolarSystem/RSSKopernicus/Mars/Phobos/@Kopernicus:FOR[RealSolarSystem] to Kopernicus/Config/System.cfg/Kopernicus[Solar System]
[LOG 17:59:29.901] Applying update RealSolarSystem/RSSKopernicus/Mercury/Mercury/@Kopernicus:FOR[RealSolarSystem] to Kopernicus/Config/System.cfg/Kopernicus[Solar System]
[LOG 17:59:29.910] Applying update RealSolarSystem/RSSKopernicus/Neptune/Neptune/@Kopernicus:FOR[RealSolarSystem] to Kopernicus/Config/System.cfg/Kopernicus[Solar System]
[LOG 17:59:29.916] Applying update RealSolarSystem/RSSKopernicus/Neptune/Neptune_Oblate/@Kopernicus:FOR[RealSolarSystem] to Kopernicus/Config/System.cfg/Kopernicus[Solar System]
[LOG 17:59:29.920] Applying update RealSolarSystem/RSSKopernicus/Neptune/Triton/@Kopernicus:FOR[RealSolarSystem] to Kopernicus/Config/System.cfg/Kopernicus[Solar System]
[LOG 17:59:29.924] Applying update RealSolarSystem/RSSKopernicus/Neptune/Triton_Rotation/@Kopernicus:FOR[RealSolarSystem] to Kopernicus/Config/System.cfg/Kopernicus[Solar System]
[LOG 17:59:29.929] Applying update RealSolarSystem/RSSKopernicus/Pluto/Charon/@Kopernicus:FOR[RealSolarSystem] to Kopernicus/Config/System.cfg/Kopernicus[Solar System]
[LOG 17:59:29.934] Applying update RealSolarSystem/RSSKopernicus/Pluto/Pluto/@Kopernicus:FOR[RealSolarSystem] to Kopernicus/Config/System.cfg/Kopernicus[Solar System]
[LOG 17:59:29.941] Applying update RealSolarSystem/RSSKopernicus/Pluto/RotationPeriod/@Kopernicus:FOR[RealSolarSystem] to Kopernicus/Config/System.cfg/Kopernicus[Solar System]
[LOG 17:59:29.946] Applying update RealSolarSystem/RSSKopernicus/Saturn/Dione/@Kopernicus:FOR[RealSolarSystem] to Kopernicus/Config/System.cfg/Kopernicus[Solar System]
[LOG 17:59:29.950] Applying update RealSolarSystem/RSSKopernicus/Saturn/Enceladus/@Kopernicus:FOR[RealSolarSystem] to Kopernicus/Config/System.cfg/Kopernicus[Solar System]
[LOG 17:59:29.955] Applying update RealSolarSystem/RSSKopernicus/Saturn/Iapetus/@Kopernicus:FOR[RealSolarSystem] to Kopernicus/Config/System.cfg/Kopernicus[Solar System]
[LOG 17:59:29.958] Applying update RealSolarSystem/RSSKopernicus/Saturn/Mimas/@Kopernicus:FOR[RealSolarSystem] to Kopernicus/Config/System.cfg/Kopernicus[Solar System]
[LOG 17:59:29.962] Applying update RealSolarSystem/RSSKopernicus/Saturn/Rhea/@Kopernicus:FOR[RealSolarSystem] to Kopernicus/Config/System.cfg/Kopernicus[Solar System]
[LOG 17:59:29.967] Applying update RealSolarSystem/RSSKopernicus/Saturn/Saturn/@Kopernicus:FOR[RealSolarSystem] to Kopernicus/Config/System.cfg/Kopernicus[Solar System]
[LOG 17:59:29.974] Applying update RealSolarSystem/RSSKopernicus/Saturn/Saturn_Oblate/@Kopernicus:FOR[RealSolarSystem] to Kopernicus/Config/System.cfg/Kopernicus[Solar System]
[LOG 17:59:29.981] Applying update RealSolarSystem/RSSKopernicus/Saturn/Tethys/@Kopernicus:FOR[RealSolarSystem] to Kopernicus/Config/System.cfg/Kopernicus[Solar System]
[LOG 17:59:29.986] Applying update RealSolarSystem/RSSKopernicus/Saturn/Titan/@Kopernicus:FOR[RealSolarSystem] to Kopernicus/Config/System.cfg/Kopernicus[Solar System]
[LOG 17:59:29.992] Applying update RealSolarSystem/RSSKopernicus/Uranus/Ariel/@Kopernicus:FOR[RealSolarSystem] to Kopernicus/Config/System.cfg/Kopernicus[Solar System]
[LOG 17:59:29.997] Applying update RealSolarSystem/RSSKopernicus/Uranus/Miranda/@Kopernicus:FOR[RealSolarSystem] to Kopernicus/Config/System.cfg/Kopernicus[Solar System]
[LOG 17:59:30.003] Applying update RealSolarSystem/RSSKopernicus/Uranus/Oberon/@Kopernicus:FOR[RealSolarSystem] to Kopernicus/Config/System.cfg/Kopernicus[Solar System]
[LOG 17:59:30.013] Applying update RealSolarSystem/RSSKopernicus/Uranus/Titania/@Kopernicus:FOR[RealSolarSystem] to Kopernicus/Config/System.cfg/Kopernicus[Solar System]
[LOG 17:59:30.021] Applying update RealSolarSystem/RSSKopernicus/Uranus/Umbriel/@Kopernicus:FOR[RealSolarSystem] to Kopernicus/Config/System.cfg/Kopernicus[Solar System]
[LOG 17:59:30.029] Applying update RealSolarSystem/RSSKopernicus/Uranus/Uranus/@Kopernicus:FOR[RealSolarSystem] to Kopernicus/Config/System.cfg/Kopernicus[Solar System]
[LOG 17:59:30.035] Applying update RealSolarSystem/RSSKopernicus/Uranus/Uranus_Oblate/@Kopernicus:FOR[RealSolarSystem] to Kopernicus/Config/System.cfg/Kopernicus[Solar System]
[LOG 17:59:30.045] Applying update RealSolarSystem/RSSKopernicus/Venus/Venus/@Kopernicus:FOR[RealSolarSystem] to Kopernicus/Config/System.cfg/Kopernicus[Solar System]
[LOG 17:59:30.051] Applying update RealSolarSystem/RSSKopernicus/Vesta/Vesta/@Kopernicus:FOR[RealSolarSystem] to Kopernicus/Config/System.cfg/Kopernicus[Solar System]
[LOG 17:59:30.079] :AFTER[REALSOLARSYSTEM] pass
[LOG 17:59:30.079] Applying update RealSolarSystem/RSS_CommNet_Stations/@Kopernicus:AFTER[RealSolarSystem] to Kopernicus/Config/System.cfg/Kopernicus[Solar System]
[LOG 17:59:30.100] Applying update RealSolarSystem/Compatibility/BreakingGround/@DEPLOYEDSCIENCE:AFTER[RealSolarSystem] to SquadExpansion/Serenity/Resources/DeployedScience.cfg/DEPLOYEDSCIENCE
[LOG 17:59:30.100] Applying update RealSolarSystem/Compatibility/BreakingGround/@DEPLOYEDSCIENCE:AFTER[RealSolarSystem] to SquadExpansion/Serenity/Resources/DeployedScience.cfg/DEPLOYEDSCIENCE
[LOG 17:59:30.105] Applying update RealSolarSystem/RSSKopernicus/NavballSwitchAltitude/@Kopernicus:AFTER[RealSolarSystem] to Kopernicus/Config/System.cfg/Kopernicus[Solar System]
[LOG 17:59:30.125] :BEFORE[RSS-TEXTURES] pass
[LOG 17:59:30.125] :FOR[RSS-TEXTURES] pass
[LOG 17:59:30.125] :AFTER[RSS-TEXTURES] pass
[LOG 17:59:30.125] :BEFORE[SHARPDX] pass
[LOG 17:59:30.125] :FOR[SHARPDX] pass
[LOG 17:59:30.125] :AFTER[SHARPDX] pass
[LOG 17:59:30.125] :BEFORE[SHARPDX.DIRECT3D11] pass
[LOG 17:59:30.125] :FOR[SHARPDX.DIRECT3D11] pass
[LOG 17:59:30.125] :AFTER[SHARPDX.DIRECT3D11] pass
[LOG 17:59:30.125] :BEFORE[SHARPDX.DXGI] pass
[LOG 17:59:30.125] :FOR[SHARPDX.DXGI] pass
[LOG 17:59:30.125] :AFTER[SHARPDX.DXGI] pass
[LOG 17:59:30.125] :BEFORE[SQUAD] pass
[LOG 17:59:30.125] :FOR[SQUAD] pass
[LOG 17:59:30.125] :AFTER[SQUAD] pass
[LOG 17:59:30.125] :BEFORE[SQUADEXPANSION] pass
[LOG 17:59:30.125] :FOR[SQUADEXPANSION] pass
[LOG 17:59:30.125] :AFTER[SQUADEXPANSION] pass
[LOG 17:59:30.125] :BEFORE[TERRAINPRECISIONFIXDIAG2MOD] pass
[LOG 17:59:30.125] :FOR[TERRAINPRECISIONFIXDIAG2MOD] pass
[LOG 17:59:30.125] :AFTER[TERRAINPRECISIONFIXDIAG2MOD] pass
[LOG 17:59:30.125] :BEFORE[TERRAINPRECISIONFIXDIAGMOD] pass
[LOG 17:59:30.125] :FOR[TERRAINPRECISIONFIXDIAGMOD] pass
[LOG 17:59:30.125] :AFTER[TERRAINPRECISIONFIXDIAGMOD] pass
[LOG 17:59:30.127] :LAST[999_KSP-RECALL] pass
[LOG 17:59:30.161] :LAST[KOP_MULTI_STAR] pass
[LOG 17:59:30.220] Applying update Kopernicus/Config/SolarPanels/@PART:HAS[@MODULE[ModuleDeployableSolarPanel]]:LAST[KOP_MULTI_STAR] to Squad/Parts/Electrical/10CSolarPanels/OX-10C.cfg/PART[solarPanelOX10C]
[LOG 17:59:30.220] Applying update Kopernicus/Config/SolarPanels/@PART:HAS[@MODULE[ModuleDeployableSolarPanel]]:LAST[KOP_MULTI_STAR] to Squad/Parts/Electrical/10CSolarPanels/SP-10C.cfg/PART[solarPanelSP10C]
[LOG 17:59:30.220] Applying update Kopernicus/Config/SolarPanels/@PART:HAS[@MODULE[ModuleDeployableSolarPanel]]:LAST[KOP_MULTI_STAR] to Squad/Parts/Electrical/10LSolarPanels/OX-10L.cfg/PART[solarPanelOX10L]
[LOG 17:59:30.221] Applying update Kopernicus/Config/SolarPanels/@PART:HAS[@MODULE[ModuleDeployableSolarPanel]]:LAST[KOP_MULTI_STAR] to Squad/Parts/Electrical/10LSolarPanels/SP-10L.cfg/PART[solarPanelSP10L]
[LOG 17:59:30.221] Applying update Kopernicus/Config/SolarPanels/@PART:HAS[@MODULE[ModuleDeployableSolarPanel]]:LAST[KOP_MULTI_STAR] to Squad/Parts/Electrical/1x6ShroudSolarPanels/1x6ShroudSolarPanels.cfg/PART[solarPanels2]
[LOG 17:59:30.221] Applying update Kopernicus/Config/SolarPanels/@PART:HAS[@MODULE[ModuleDeployableSolarPanel]]:LAST[KOP_MULTI_STAR] to Squad/Parts/Electrical/1x6SolarPanels/1x6SolarPanels.cfg/PART[solarPanels4]
[LOG 17:59:30.221] Applying update Kopernicus/Config/SolarPanels/@PART:HAS[@MODULE[ModuleDeployableSolarPanel]]:LAST[KOP_MULTI_STAR] to Squad/Parts/Electrical/3x2ShroudSolarPanels/3x2ShroudSolarPanels.cfg/PART[solarPanels1]
[LOG 17:59:30.221] Applying update Kopernicus/Config/SolarPanels/@PART:HAS[@MODULE[ModuleDeployableSolarPanel]]:LAST[KOP_MULTI_STAR] to Squad/Parts/Electrical/3x2SolarPanels/3x2SolarPanels.cfg/PART[solarPanels3]
[LOG 17:59:30.221] Applying update Kopernicus/Config/SolarPanels/@PART:HAS[@MODULE[ModuleDeployableSolarPanel]]:LAST[KOP_MULTI_STAR] to Squad/Parts/Electrical/gigantorXlSolarArray/gigantorXlSolarArray.cfg/PART[largeSolarPanel]
[LOG 17:59:30.221] Applying update Kopernicus/Config/SolarPanels/@PART:HAS[@MODULE[ModuleDeployableSolarPanel]]:LAST[KOP_MULTI_STAR] to Squad/Parts/Electrical/radialFlatSolarPanel/radialFlatSolarPanel.cfg/PART[solarPanels5]
[LOG 17:59:30.223] Applying update Kopernicus/Config/SolarPanels/@PART:HAS[@MODULE[ModuleDeployableSolarPanel]]:LAST[KOP_MULTI_STAR] to Squad/Parts/Misc/AsteroidDay/LgRadialSolar.cfg/PART[LgRadialSolarPanel]
[LOG 17:59:30.228] Applying update Kopernicus/Config/SolarPanels/@Kopernicus_config:LAST[KOP_MULTI_STAR] to Kopernicus/Config/01_DefaultConfig.cfg/Kopernicus_config
[LOG 17:59:30.228] Applying update Kopernicus/Config/SolarPanels/@Kopernicus:LAST[KOP_MULTI_STAR] to Kopernicus/Config/System.cfg/Kopernicus[Solar System]
[LOG 17:59:30.235] Applying update Kopernicus/Config/SolarPanels/@PART:HAS[@MODULE[ModuleDeployableSolarPanel],~useKopernicusSolarPanels[false]]:LAST[KOP_MULTI_STAR] to Squad/Parts/Electrical/10CSolarPanels/OX-10C.cfg/PART[solarPanelOX10C]
[LOG 17:59:30.235] Applying update Kopernicus/Config/SolarPanels/@PART:HAS[@MODULE[ModuleDeployableSolarPanel],~useKopernicusSolarPanels[false]]:LAST[KOP_MULTI_STAR] to Squad/Parts/Electrical/10CSolarPanels/SP-10C.cfg/PART[solarPanelSP10C]
[LOG 17:59:30.235] Applying update Kopernicus/Config/SolarPanels/@PART:HAS[@MODULE[ModuleDeployableSolarPanel],~useKopernicusSolarPanels[false]]:LAST[KOP_MULTI_STAR] to Squad/Parts/Electrical/10LSolarPanels/OX-10L.cfg/PART[solarPanelOX10L]
[LOG 17:59:30.236] Applying update Kopernicus/Config/SolarPanels/@PART:HAS[@MODULE[ModuleDeployableSolarPanel],~useKopernicusSolarPanels[false]]:LAST[KOP_MULTI_STAR] to Squad/Parts/Electrical/10LSolarPanels/SP-10L.cfg/PART[solarPanelSP10L]
[LOG 17:59:30.236] Applying update Kopernicus/Config/SolarPanels/@PART:HAS[@MODULE[ModuleDeployableSolarPanel],~useKopernicusSolarPanels[false]]:LAST[KOP_MULTI_STAR] to Squad/Parts/Electrical/1x6ShroudSolarPanels/1x6ShroudSolarPanels.cfg/PART[solarPanels2]
[LOG 17:59:30.236] Applying update Kopernicus/Config/SolarPanels/@PART:HAS[@MODULE[ModuleDeployableSolarPanel],~useKopernicusSolarPanels[false]]:LAST[KOP_MULTI_STAR] to Squad/Parts/Electrical/1x6SolarPanels/1x6SolarPanels.cfg/PART[solarPanels4]
[LOG 17:59:30.236] Applying update Kopernicus/Config/SolarPanels/@PART:HAS[@MODULE[ModuleDeployableSolarPanel],~useKopernicusSolarPanels[false]]:LAST[KOP_MULTI_STAR] to Squad/Parts/Electrical/3x2ShroudSolarPanels/3x2ShroudSolarPanels.cfg/PART[solarPanels1]
[LOG 17:59:30.236] Applying update Kopernicus/Config/SolarPanels/@PART:HAS[@MODULE[ModuleDeployableSolarPanel],~useKopernicusSolarPanels[false]]:LAST[KOP_MULTI_STAR] to Squad/Parts/Electrical/3x2SolarPanels/3x2SolarPanels.cfg/PART[solarPanels3]
[LOG 17:59:30.236] Applying update Kopernicus/Config/SolarPanels/@PART:HAS[@MODULE[ModuleDeployableSolarPanel],~useKopernicusSolarPanels[false]]:LAST[KOP_MULTI_STAR] to Squad/Parts/Electrical/gigantorXlSolarArray/gigantorXlSolarArray.cfg/PART[largeSolarPanel]
[LOG 17:59:30.236] Applying update Kopernicus/Config/SolarPanels/@PART:HAS[@MODULE[ModuleDeployableSolarPanel],~useKopernicusSolarPanels[false]]:LAST[KOP_MULTI_STAR] to Squad/Parts/Electrical/radialFlatSolarPanel/radialFlatSolarPanel.cfg/PART[solarPanels5]
[LOG 17:59:30.238] Applying update Kopernicus/Config/SolarPanels/@PART:HAS[@MODULE[ModuleDeployableSolarPanel],~useKopernicusSolarPanels[false]]:LAST[KOP_MULTI_STAR] to Squad/Parts/Misc/AsteroidDay/LgRadialSolar.cfg/PART[LgRadialSolarPanel]
[LOG 17:59:30.400] Applying update Kopernicus/Config/SolarPanels/@PART:HAS[#__kop_star_count]:LAST[KOP_MULTI_STAR] to Squad/Parts/Electrical/10CSolarPanels/OX-10C.cfg/PART[solarPanelOX10C]
[LOG 17:59:30.400] Applying update Kopernicus/Config/SolarPanels/@PART:HAS[#__kop_star_count]:LAST[KOP_MULTI_STAR] to Squad/Parts/Electrical/10CSolarPanels/SP-10C.cfg/PART[solarPanelSP10C]
[LOG 17:59:30.400] Applying update Kopernicus/Config/SolarPanels/@PART:HAS[#__kop_star_count]:LAST[KOP_MULTI_STAR] to Squad/Parts/Electrical/10LSolarPanels/OX-10L.cfg/PART[solarPanelOX10L]
[LOG 17:59:30.400] Applying update Kopernicus/Config/SolarPanels/@PART:HAS[#__kop_star_count]:LAST[KOP_MULTI_STAR] to Squad/Parts/Electrical/10LSolarPanels/SP-10L.cfg/PART[solarPanelSP10L]
[LOG 17:59:30.400] Applying update Kopernicus/Config/SolarPanels/@PART:HAS[#__kop_star_count]:LAST[KOP_MULTI_STAR] to Squad/Parts/Electrical/1x6ShroudSolarPanels/1x6ShroudSolarPanels.cfg/PART[solarPanels2]
[LOG 17:59:30.400] Applying update Kopernicus/Config/SolarPanels/@PART:HAS[#__kop_star_count]:LAST[KOP_MULTI_STAR] to Squad/Parts/Electrical/1x6SolarPanels/1x6SolarPanels.cfg/PART[solarPanels4]
[LOG 17:59:30.400] Applying update Kopernicus/Config/SolarPanels/@PART:HAS[#__kop_star_count]:LAST[KOP_MULTI_STAR] to Squad/Parts/Electrical/3x2ShroudSolarPanels/3x2ShroudSolarPanels.cfg/PART[solarPanels1]
[LOG 17:59:30.400] Applying update Kopernicus/Config/SolarPanels/@PART:HAS[#__kop_star_count]:LAST[KOP_MULTI_STAR] to Squad/Parts/Electrical/3x2SolarPanels/3x2SolarPanels.cfg/PART[solarPanels3]
[LOG 17:59:30.400] Applying update Kopernicus/Config/SolarPanels/@PART:HAS[#__kop_star_count]:LAST[KOP_MULTI_STAR] to Squad/Parts/Electrical/gigantorXlSolarArray/gigantorXlSolarArray.cfg/PART[largeSolarPanel]
[LOG 17:59:30.400] Applying update Kopernicus/Config/SolarPanels/@PART:HAS[#__kop_star_count]:LAST[KOP_MULTI_STAR] to Squad/Parts/Electrical/radialFlatSolarPanel/radialFlatSolarPanel.cfg/PART[solarPanels5]
[LOG 17:59:30.400] Applying update Kopernicus/Config/SolarPanels/@PART:HAS[#__kop_star_count]:LAST[KOP_MULTI_STAR] to Squad/Parts/Misc/AsteroidDay/LgRadialSolar.cfg/PART[LgRadialSolarPanel]
[LOG 17:59:30.402] Applying update Kopernicus/Config/SolarPanels/@Kopernicus_config:LAST[KOP_MULTI_STAR] to Kopernicus/Config/01_DefaultConfig.cfg/Kopernicus_config
[LOG 17:59:30.402] :LAST[REALSOLARSYSTEM] pass
[LOG 17:59:30.402] :LAST[ZKOPERNICUS] pass
[LOG 17:59:30.402] Applying update Kopernicus/Config/02_ConfigCompat/@Kopernicus_config_backup:LAST[zKopernicus] to Kopernicus/Config/02_ConfigCompat.cfg/Kopernicus_config_backup
[LOG 17:59:30.404] Applying update Kopernicus/Config/02_ConfigCompat/@Kopernicus_config:LAST[zKopernicus] to Kopernicus/Config/01_DefaultConfig.cfg/Kopernicus_config
[LOG 17:59:30.404] Applying update Kopernicus/Config/02_ConfigCompat/@Kopernicus_config:LAST[zKopernicus] to Kopernicus/Config/01_DefaultConfig.cfg/Kopernicus_config
[LOG 17:59:30.404] Applying update Kopernicus/Config/02_ConfigCompat/@Kopernicus_config_backup:LAST[zKopernicus] to Kopernicus/Config/02_ConfigCompat.cfg/Kopernicus_config_backup
[LOG 17:59:30.404] Applying update Kopernicus/Config/Kopernicus_Config/@Kopernicus_config:LAST[zKopernicus] to Kopernicus/Config/01_DefaultConfig.cfg/Kopernicus_config
[LOG 17:59:30.404] :FINAL pass
[LOG 17:59:30.404] Applying update Kopernicus/Config/KSPCF_DisableMapSOPatches/@KSP_COMMUNITY_FIXES:FINAL to KSPCommunityFixes/Settings.cfg/KSP_COMMUNITY_FIXES
[LOG 17:59:30.405] Done patching
[LOG 17:59:30.405] Saving Cache
[LOG 17:59:30.527] Saving cache
[LOG 17:59:31.078] ModuleManager: 217 patches applied

[LOG 17:59:31.078] Ran in 2.589s
[LOG 17:59:31.095] Done!



#### END MODULEMANAGER LOG ####
[LOG 17:59:33.124] [ModuleManager] Running tests...
[LOG 17:59:33.125] [ModuleManager] tests complete.
[LOG 17:59:33.125] [ModuleManager] Reloading resources definitions
[LOG 17:59:33.126] Resource LiquidFuel added to database
[LOG 17:59:33.126] Resource Oxidizer added to database
[LOG 17:59:33.126] Resource SolidFuel added to database
[LOG 17:59:33.126] Resource MonoPropellant added to database
[LOG 17:59:33.126] Resource XenonGas added to database
[LOG 17:59:33.126] Resource ElectricCharge added to database
[LOG 17:59:33.126] Resource IntakeAir added to database
[LOG 17:59:33.126] Resource EVA Propellant added to database
[LOG 17:59:33.127] Resource Ore added to database
[LOG 17:59:33.127] Resource Ablator added to database
[LOG 17:59:33.127] [ModuleManager] Reloading Trait configs
[LOG 17:59:33.127] ExperienceSystemConfig: Added Effect 'DeployedSciencePowerSkill' to Trait 'Ingénieur'
[LOG 17:59:33.127] ExperienceSystemConfig: Added Effect 'DeployedScienceExpSkill' to Trait 'Scientifique'
[LOG 17:59:33.127] [ModuleManager] Reloading Part Upgrades
[LOG 17:59:33.128] [ModuleManager] Setting modded physics as the active one
[LOG 17:59:33.129] PhysicsGlobals: Loading database
[LOG 17:59:33.130] [ModuleManager] Running post patch callbacks
[LOG 17:59:33.142] [KSPCommunityFixes] Patch AutoStrutDrift applied.
[LOG 17:59:33.145] [KSPCommunityFixes] Patch EditorAnimatedPartsShipModified applied.
[LOG 17:59:33.157] [KSPCommunityFixes] Patch DragCubeLoadException applied.
[LOG 17:59:33.162] [KSPCommunityFixes] Patch DoubleCurvePreserveTangents applied.
[LOG 17:59:33.221] [KSPCommunityFixes] Patch DockingPortRotationDriftAndFixes applied.
[LOG 17:59:33.287] [KSPCommunityFixes] Patch DockingPortConserveMomentum applied.
[LOG 17:59:33.298] [KSPCommunityFixes] Patch DebugConsoleDontStealInput applied.
[LOG 17:59:33.303] [KSPCommunityFixes] Patch CorrectDragForFlags applied.
[LOG 17:59:33.304] [KSPCommunityFixes] Patch CometMiningNotRemovingMass applied.
[LOG 17:59:33.310] [KSPCommunityFixes] Patch ChutePhantomSymmetry applied.
[LOG 17:59:33.313] [KSPCommunityFixes] Patch CometSpawnerUniqueFlightId applied.
[LOG 17:59:33.314] [KSPCommunityFixes] Patch AsteroidSpawnerUniqueFlightId applied.
[LOG 17:59:33.315] [KSPCommunityFixes] Patch AsteroidInfiniteMining applied.
[LOG 17:59:33.344] [KSPCommunityFixes] Patch PersistentIConfigNode applied.
[LOG 17:59:33.344] [KSPCommunityFixes] Patch OnSymmetryFieldChanged not applied (not enabled in Settings.cfg)
[LOG 17:59:33.344] [KSPCommunityFixes] Patch ModUpgradePipeline not applied (not enabled in Settings.cfg)
[LOG 17:59:33.345] [KSPCommunityFixes] Patch KSPFieldEnumDesc not applied (not enabled in Settings.cfg)
[LOG 17:59:33.346] [KSPCommunityFixes] Patch EventProfilerMarkers not applied (not enabled in Settings.cfg)
[LOG 17:59:33.346] [KSPCommunityFixes] Patch DockingPortLockedEvents not applied (not enabled in Settings.cfg)
[LOG 17:59:33.349] [KSPCommunityFixes] Patch DepartmentHeadImage applied.
[LOG 17:59:33.361] [KSPCommunityFixes] Patch BaseFieldListUseFieldHost applied.
[LOG 17:59:33.390] [KSPCommunityFixes] Patch ResourceConverterPerf applied.
[LOG 17:59:33.399] [KSPCommunityFixes] Patch ProgressTrackingSpeedBoost applied.
[LOG 17:59:33.402] [KSPCommunityFixes] Patch PQSUpdateNoMemoryAlloc applied.
[LOG 17:59:33.403] [KSPCommunityFixes] Patch PQSOnlyStartOnce not applied (not enabled in Settings.cfg)
[LOG 17:59:33.414] [KSPCommunityFixes] Patch PQSCoroutineLeak applied.
[LOG 17:59:33.449] [KSPCommunityFixes] Patch PartSystemsFastUpdate applied.
[LOG 17:59:33.472] [KSPCommunityFixes] Patch PartParsingPerf applied.
[LOG 17:59:33.476] [KSPCommunityFixes] Patch EnginePlateAirstreamShieldedTopPart applied.
[LOG 17:59:33.484] [KSPCommunityFixes] Patch EVAConstructionMass applied.
[LOG 17:59:33.491] [KSPCommunityFixes] Patch EVAConstructionUninitializedInventory applied.
[LOG 17:59:33.497] [KSPCommunityFixes] Patch EVAKerbalRecovery applied.
[LOG 17:59:33.502] [KSPCommunityFixes] Patch TimeWarpOrbitShift applied.
[LOG 17:59:33.504] [KSPCommunityFixes] Patch TimeWarpBodyCollision applied.
[LOG 17:59:33.517] [KSPCommunityFixes] Patch ThumbnailSpotlight applied.
[LOG 17:59:33.522] [KSPCommunityFixes] Patch SymmetryReferenceOnDelete applied.
[LOG 17:59:33.523] [KSPCommunityFixes] Patch StrategyDuration not applied (not enabled in Settings.cfg)
[LOG 17:59:33.525] [KSPCommunityFixes] Patch StockAlarmDescPreserveLineBreak applied.
[LOG 17:59:33.559] [KSPCommunityFixes] Patch StickySplashedFixer applied.
[LOG 17:59:33.559] [KSPCommunityFixes] Patch ScatterDistribution not applied (not enabled in Settings.cfg)
[LOG 17:59:33.609] [KSPCommunityFixes] Patch RoboticsDrift applied.
[LOG 17:59:33.611] [KSPCommunityFixes] Patch RestoreMaxPhysicsDT applied.
[LOG 17:59:33.632] [KSPCommunityFixes] Patch RespawnDeadKerbals applied.
[LOG 17:59:33.636] [KSPCommunityFixes] Patch RescaledRoboticParts applied.
[LOG 17:59:33.640] [KSPCommunityFixes] Patch ReRootPreserveSurfaceAttach applied.
[LOG 17:59:33.664] [KSPCommunityFixes] Patch OptimizedModuleRaycasts applied.
[LOG 17:59:33.675] GetSubclassesOfParentClass: Found 1 types with ModuleInventoryPart parent in 17 assemblies.
[LOG 17:59:33.680] [KSPCommunityFixes] Patch RefundingOnRecovery applied.
[LOG 17:59:33.680] [KSPCommunityFixes] Patch PatchedConicEncounterFlickering applied.
[LOG 17:59:33.693] [KSPCommunityFixes] Patch PartListTooltipIconSpin applied.
[LOG 17:59:33.697] [KSPCommunityFixes] Patch PackedPartsRotation applied.
[LOG 17:59:33.711] [KSPCommunityFixes] Patch ModulePartVariantsNodePersistence applied.
[LOG 17:59:33.714] [KSPCommunityFixes] Patch ModuleAnimateGenericCrewModSpawnIVA applied.
[LOG 17:59:33.716] [KSPCommunityFixes] Patch ModuleActiveRadiatorNoParentException applied.
[LOG 17:59:33.720] [KSPCommunityFixes] Patch MapTargetBodyWithEncounter applied.
[LOG 17:59:33.723] [KSPCommunityFixes] Patch LostSoundAfterSceneSwitch applied.
[LOG 17:59:33.731] [KSPCommunityFixes] Patch LadderToggleableLight applied.
[LOG 17:59:33.747] [KSPCommunityFixes] Patch InventoryPartMass applied.
[LOG 17:59:33.755] [KSPCommunityFixes] Patch HarvesterECConsumption applied.
[LOG 17:59:33.756] [KSPCommunityFixes] Patch FixGetUnivseralTime applied.
[LOG 17:59:33.768] [KSPCommunityFixes] Patch ExtendedDeployableParts applied.
[LOG 17:59:33.770] [KSPCommunityFixes] Patch PropellantFlowDescription applied.
[LOG 17:59:33.795] [KSPCommunityFixes] Patch OptimisedVectorLines applied.
[LOG 17:59:33.803] [KSPCommunityFixes] Patch ModuleDockingNodeFindOtherNodesFaster applied.
[LOG 17:59:33.808] [KSPCommunityFixes] Patch ModuleColorChangerOptimization applied.
[LOG 17:59:33.815] [KSPCommunityFixes] Patch AutoSavedCraftNameAtLaunch applied.
[LOG 17:59:33.842] [KSPCommunityFixes] Patch PAWCollapsedInventories applied.
[LOG 17:59:33.847] [KSPCommunityFixes] Patch UIFloatEditNumericInput applied.
[LOG 17:59:33.887] [KSPCommunityFixes] Patch PAWStockGroups applied.
[LOG 17:59:33.909] [KSPCommunityFixes] Patch AltimeterHorizontalPosition applied.
[LOG 17:59:33.918] [KSPCommunityFixes] Patch SceneLoadSpeedBoost applied.
[LOG 17:59:33.964] [KSPCommunityFixes] Patch OnDemandPartBuoyancy applied.
[LOG 17:59:33.966] [KSPCommunityFixes] Patch ForceSyncSceneSwitch applied.
[LOG 17:59:33.966] [KSPCommunityFixes] Patch FewerSaves not applied (not enabled in Settings.cfg)
[LOG 17:59:33.967] [KSPCommunityFixes] Patch WheelInertiaLimit applied.
[LOG 17:59:33.967] [KSPCommunityFixes] Patch StockAlarmCustomFormatterDate isn't applicable to this KSP version.
[LOG 17:59:33.967] [KSPCommunityFixes] Patch ROCValidationOOR not applied (not enabled in Settings.cfg)
[LOG 17:59:33.972] [KSPCommunityFixes] Patch ZeroCostTechNodes applied.
[LOG 17:59:33.973] [KSPCommunityFixes] Patch ReactionWheelsPotentialTorque applied.
[LOG 17:59:33.979] [KSPCommunityFixes] Patch PAWGroupMemory applied.
[LOG 17:59:34.031] [KSPCommunityFixes] Patch PartStartStability applied.
[LOG 17:59:34.039] [KSPCommunityFixes] Patch PartBoundsIgnoreDisabledTransforms applied.
[LOG 17:59:34.094] [KSPCommunityFixes] Patch ModuleIndexingMismatch applied.
[LOG 17:59:34.095] [KSPCommunityFixes] Patch MapSOCorrectWrapping not applied (not enabled in Settings.cfg)
[LOG 17:59:34.095] [KSPCommunityFixes] Patch KerbalTooltipMaxSustainedG applied.
[LOG 17:59:34.099] [KSPCommunityFixes] Patch KerbalInventoryPersistence applied.
[LOG 17:59:34.099] [KSPCommunityFixes] Patch FlightSceneLoadKraken not applied (not enabled in Settings.cfg)
[LOG 17:59:34.102] [KSPCommunityFixes] Patch FIUpdateRadiation applied.
[LOG 17:59:34.104] [KSPCommunityFixes] Patch FastAndFixedEnumExtensions applied.
[LOG 17:59:34.152] [KSPCommunityFixes] Patch DeltaVHideWhenDisabled applied.
[LOG 17:59:34.157] [KSPCommunityFixes] Patch BlockMapViewPartClick applied.
[LOG 17:59:34.165] [KSPCommunityFixes] Patch PAWItemsOrder applied.
[LOG 17:59:34.247] [KSPCommunityFixes] Patch BetterEditorUndoRedo applied.
[LOG 17:59:34.261] [KSPCommunityFixes] Patch AutostrutActions applied.
[LOG 17:59:34.261] [KSPCommunityFixes] Patch DisableNewGameIntro not applied (not enabled in Settings.cfg)
[LOG 17:59:34.298] [KSPCommunityFixes] Patch MinorPerfTweaks applied.
[LOG 17:59:34.387] [KSPCommunityFixes] Patch MemoryLeaks applied.
[LOG 17:59:34.395] [KSPCommunityFixes] Patch LowerMinPhysicsDTPerFrame applied.
[LOG 17:59:34.400] [KSPCommunityFixes] Patch LocalizerPerf applied.
[LOG 17:59:34.402] [KSPCommunityFixes] Patch IMGUIOptimization applied.
[LOG 17:59:34.422] [KSPCommunityFixes] Patch FloatingOriginPerf applied.
[LOG 17:59:34.512] [KSPCommunityFixes] Patch FlightIntegratorPerf applied.
[LOG 17:59:34.517] [KSPCommunityFixes] Patch FasterPartFindTransform applied.
[LOG 17:59:34.533] [KSPCommunityFixes] Patch FasterEditorPartList applied.
[LOG 17:59:34.534] [KSPCommunityFixes] Patch ExpansionBundlePreload applied.
[LOG 17:59:34.548] [KSPCommunityFixes] Patch DragCubeGeneration applied.
[LOG 17:59:34.553] [KSPCommunityFixes] Patch DisableMapUpdateInFlight applied.
[LOG 17:59:34.554] [KSPCommunityFixes] Patch DisableHiddenPortraits applied.
[LOG 17:59:34.556] [KSPCommunityFixes] Patch DisableManeuverTool applied.
[LOG 17:59:34.581] [KSPCommunityFixes] Patch CraftBrowserOptimisations applied.
[LOG 17:59:34.583] [KSPCommunityFixes] Patch CommNetThrottling applied.
[LOG 17:59:34.588] [KSPCommunityFixes] Patch FairingMouseOverPersistence applied.
[LOG 17:59:34.608] [KSPCommunityFixes] Patch OptionalMakingHistoryDLCFeatures applied.
[LOG 17:59:34.612] [KSPCommunityFixes] Patch ResourceLockActions applied.
[LOG 17:59:34.620] [KSPCommunityFixes] Patch ShowContractFinishDates applied.
[LOG 17:59:34.630] [KSPCommunityFixes] Patch TargetParentBody applied.
[LOG 17:59:34.650] [KSPCommunityFixes] Patch ToolbarShowHide applied.
[LOG 17:59:34.653] [KSPCommunityFixes] Patch ContractProgressEnumCache applied.
[LOG 17:59:34.665] [KSPCommunityFixes] Patch ActiveRadiatorPerf applied.
[LOG 17:59:34.670] [KSPCommunityFixes] Patch CargoBayPerf applied.
[LOG 17:59:34.681] [KSPCommunityFixes] Patch CollisionEnhancerFastUpdate applied.
[LOG 17:59:34.686] [KSPCommunityFixes] Patch CollisionManagerFastUpdate applied.
[LOG 17:59:34.692] [KSPCommunityFixes] Patch AsteroidAndCometDrillCache applied.
[LOG 17:59:34.706] [KSPCommunityFixes] Patch TweakableWheelsAutostrut applied.
[LOG 17:59:34.741] [KSPCommunityFixes] Patch PatchSettings applied.
[LOG 17:59:34.798] [KSPCommunityFixes] Patch UpgradeBugs applied.
[LOG 17:59:34.798] [KSPCommunityFixes] Patch PartTooltipUpgradesApplyToSubstituteParts not applied (not enabled in Settings.cfg)
[LOG 17:59:34.892] [ModuleManager] Calling KSPTextureLoader.Config.ModuleManagerPostLoad()
[LOG 17:59:34.897] [ModuleManager] Calling Kopernicus.ConfigLoader.ModuleManagerPostLoad()
[LOG 17:59:34.901] [Kopernicus Configurations] Using: 
[LOG 17:59:34.901] HomeWorldName: Kerbin
[LOG 17:59:34.901] EnforceShaders: False
[LOG 17:59:34.901] WarnShaders: False
[LOG 17:59:34.901] EnforcedShaderLevel: 2
[LOG 17:59:34.901] UseKopernicusAsteroidSystem: True
[LOG 17:59:34.901] SolarRefreshRate: 1
[LOG 17:59:34.901] EnableKopernicusShadowManager: True
[LOG 17:59:34.901] ShadowRangeCap: 50000
[LOG 17:59:34.901] DisableMainMenuMunScene: True
[LOG 17:59:34.901] KSCLightsAlwaysOn: False
[LOG 17:59:34.901] UseOriginalKS2: False
[LOG 17:59:34.901] HandleHomeworldAtmosphericUnitDisplay: True
[LOG 17:59:34.901] UseIncorrectScatterDensityLogic: False
[LOG 17:59:34.901] DisableFarAwayColliders: True
[LOG 17:59:34.901] EnableAtmosphericExtinction: False
[LOG 17:59:34.901] UseStockMohoTemplate: True
[LOG 17:59:34.901] UseOnDemandLoader: True
[LOG 17:59:34.901] UseRealWorldDensity: False
[LOG 17:59:34.902] ApplyDensityMultToMinorObjects: 1
[LOG 17:59:34.902] RecomputeSOIAndHillSpheres: False
[LOG 17:59:34.902] PrincipiaFriendlySOIComputation: False
[LOG 17:59:34.902] LimitRWDensityToStockBodies: True
[LOG 17:59:34.902] UseOlderRWScalingLogic: False
[LOG 17:59:34.902] RescaleFactor: 1
[LOG 17:59:34.902] RealWorldSizeFactor: 10.625
[LOG 17:59:34.902] SettingsWindowXcoord: 0
[LOG 17:59:34.902] SettingsWindowYcoord: 0
[LOG 17:59:34.905] [ModuleManager] Calling ConfigNodePerf.ModuleManagerPostLoad()
[LOG 17:59:34.915] [ModuleManager] Post patch ran in 1.797s
[LOG 17:59:34.957] PartLoader: Creating part database
[LOG 17:59:34.959] PartLoader: Compiling Part 'Squad/Parts/Aero/aerodynamicNoseCone/aerodynamicNoseCone/noseCone'
[LOG 17:59:34.991] EffectList: Created 15 effect types
[LOG 17:59:35.103] PartLoader: Part 'Squad/Parts/Aero/aerodynamicNoseCone/aerodynamicNoseCone/noseCone' has no database record. Creating.
[LOG 17:59:35.111] [DragCubeSystem]: Drag cubes not found or cannot be read for part Part. Generating New drag cubes.
[LOG 17:59:35.112] [KSPCF/DragCubeGeneration] Creating drag cubes for part 'noseCone'
[LOG 17:59:35.133] PartLoader: Compiling Part 'Squad/Parts/Aero/airbrake/Airbrake/airbrake1'
[LOG 17:59:35.150] PartLoader: Part 'Squad/Parts/Aero/airbrake/Airbrake/airbrake1' has no database record. Creating.
[LOG 17:59:35.150] [DragCubeSystem]: Drag cubes not found or cannot be read for part Part. Generating New drag cubes.
[LOG 17:59:35.150] [KSPCF/DragCubeGeneration] Creating drag cubes for part 'airbrake1'
[LOG 17:59:35.189] PartLoader: Compiling Part 'Squad/Parts/Aero/airIntakeRadialXM-G50/airIntakeRadialXM-G50/airScoop'
[LOG 17:59:35.216] PartLoader: Part 'Squad/Parts/Aero/airIntakeRadialXM-G50/airIntakeRadialXM-G50/airScoop' has no database record. Creating.
[LOG 17:59:35.216] [DragCubeSystem]: Drag cubes not found or cannot be read for part Part. Generating New drag cubes.
[LOG 17:59:35.216] [KSPCF/DragCubeGeneration] Creating drag cubes for part 'airScoop'
[LOG 17:59:35.223] PartLoader: Compiling Part 'Squad/Parts/Aero/airlinerWings/ControlSurface/airlinerCtrlSrf'
[LOG 17:59:35.244] PartLoader: Part 'Squad/Parts/Aero/airlinerWings/ControlSurface/airlinerCtrlSrf' has no database record. Creating.
[LOG 17:59:35.244] [DragCubeSystem]: Drag cubes not found or cannot be read for part Part. Generating New drag cubes.
[LOG 17:59:35.244] [KSPCF/DragCubeGeneration] Creating drag cubes for part 'airlinerCtrlSrf'
[LOG 17:59:35.274] PartLoader: Compiling Part 'Squad/Parts/Aero/airlinerWings/MainWing/airlinerMainWing'
[LOG 17:59:35.285] PartLoader: Part 'Squad/Parts/Aero/airlinerWings/MainWing/airlinerMainWing' has no database record. Creating.
[LOG 17:59:35.285] [DragCubeSystem]: Drag cubes not found or cannot be read for part Part. Generating New drag cubes.
[LOG 17:59:35.285] [KSPCF/DragCubeGeneration] Creating drag cubes for part 'airlinerMainWing'
[LOG 17:59:35.289] PartLoader: Compiling Part 'Squad/Parts/Aero/airlinerWings/TailFin/airlinerTailFin'
[LOG 17:59:35.298] PartLoader: Part 'Squad/Parts/Aero/airlinerWings/TailFin/airlinerTailFin' has no database record. Creating.
[LOG 17:59:35.298] [DragCubeSystem]: Drag cubes not found or cannot be read for part Part. Generating New drag cubes.
[LOG 17:59:35.298] [KSPCF/DragCubeGeneration] Creating drag cubes for part 'airlinerTailFin'
[LOG 17:59:35.324] PartLoader: Compiling Part 'Squad/Parts/Aero/airplaneFins/advancedCanard/AdvancedCanard'
[LOG 17:59:35.330] PartLoader: Part 'Squad/Parts/Aero/airplaneFins/advancedCanard/AdvancedCanard' has no database record. Creating.
[LOG 17:59:35.330] [DragCubeSystem]: Drag cubes not found or cannot be read for part Part. Generating New drag cubes.
[LOG 17:59:35.330] [KSPCF/DragCubeGeneration] Creating drag cubes for part 'AdvancedCanard'
[LOG 17:59:35.359] PartLoader: Compiling Part 'Squad/Parts/Aero/airplaneFins/standardCanard/CanardController'
[LOG 17:59:35.365] PartLoader: Part 'Squad/Parts/Aero/airplaneFins/standardCanard/CanardController' has no database record. Creating.
[LOG 17:59:35.365] [DragCubeSystem]: Drag cubes not found or cannot be read for part Part. Generating New drag cubes.
[LOG 17:59:35.365] [KSPCF/DragCubeGeneration] Creating drag cubes for part 'CanardController'
[LOG 17:59:35.381] PartLoader: Compiling Part 'Squad/Parts/Aero/airplaneFins/sweptWing/sweptWing'
[LOG 17:59:35.385] PartLoader: Part 'Squad/Parts/Aero/airplaneFins/sweptWing/sweptWing' has no database record. Creating.
[LOG 17:59:35.386] [DragCubeSystem]: Drag cubes not found or cannot be read for part Part. Generating New drag cubes.
[LOG 17:59:35.386] [KSPCF/DragCubeGeneration] Creating drag cubes for part 'sweptWing'
[LOG 17:59:35.390] PartLoader: Compiling Part 'Squad/Parts/Aero/airplaneFins/tailfin/tailfin'
[LOG 17:59:35.396] PartLoader: Part 'Squad/Parts/Aero/airplaneFins/tailfin/tailfin' has no database record. Creating.
[LOG 17:59:35.396] [DragCubeSystem]: Drag cubes not found or cannot be read for part Part. Generating New drag cubes.
[LOG 17:59:35.396] [KSPCF/DragCubeGeneration] Creating drag cubes for part 'tailfin'
[LOG 17:59:35.412] PartLoader: Compiling Part 'Squad/Parts/Aero/basicFin/basicFin/basicFin'
[LOG 17:59:35.416] PartLoader: Part 'Squad/Parts/Aero/basicFin/basicFin/basicFin' has no database record. Creating.
[LOG 17:59:35.416] [DragCubeSystem]: Drag cubes not found or cannot be read for part Part. Generating New drag cubes.
[LOG 17:59:35.416] [KSPCF/DragCubeGeneration] Creating drag cubes for part 'basicFin'
[LOG 17:59:35.421] PartLoader: Compiling Part 'Squad/Parts/Aero/circularIntake/circularIntake/CircularIntake'
[LOG 17:59:35.431] PartLoader: Part 'Squad/Parts/Aero/circularIntake/circularIntake/CircularIntake' has no database record. Creating.
[LOG 17:59:35.432] PartLoader: Compiling Part 'Squad/Parts/Aero/circularIntake/intakeShockCone/shockConeIntake'
[LOG 17:59:35.437] PartLoader: Part 'Squad/Parts/Aero/circularIntake/intakeShockCone/shockConeIntake' has no database record. Creating.
[LOG 17:59:35.438] PartLoader: Compiling Part 'Squad/Parts/Aero/cones/avionicsNoseCone/avionicsNoseCone'
[LOG 17:59:35.457] PartLoader: Part 'Squad/Parts/Aero/cones/avionicsNoseCone/avionicsNoseCone' has no database record. Creating.
[LOG 17:59:35.457] [DragCubeSystem]: Drag cubes not found or cannot be read for part Part. Generating New drag cubes.
[LOG 17:59:35.457] [KSPCF/DragCubeGeneration] Creating drag cubes for part 'avionicsNoseCone'
[LOG 17:59:35.464] PartLoader: Compiling Part 'Squad/Parts/Aero/cones/ConeA/pointyNoseConeA'
[LOG 17:59:35.468] PartLoader: Part 'Squad/Parts/Aero/cones/ConeA/pointyNoseConeA' has no database record. Creating.
[LOG 17:59:35.469] [DragCubeSystem]: Drag cubes not found or cannot be read for part Part. Generating New drag cubes.
[LOG 17:59:35.469] [KSPCF/DragCubeGeneration] Creating drag cubes for part 'pointyNoseConeA'
[LOG 17:59:35.473] PartLoader: Compiling Part 'Squad/Parts/Aero/cones/ConeB/pointyNoseConeB'
[LOG 17:59:35.477] PartLoader: Part 'Squad/Parts/Aero/cones/ConeB/pointyNoseConeB' has no database record. Creating.
[LOG 17:59:35.477] [DragCubeSystem]: Drag cubes not found or cannot be read for part Part. Generating New drag cubes.
[LOG 17:59:35.477] [KSPCF/DragCubeGeneration] Creating drag cubes for part 'pointyNoseConeB'
[LOG 17:59:35.481] PartLoader: Compiling Part 'Squad/Parts/Aero/cones/noseConeAdapter/noseConeAdapter'
[LOG 17:59:35.484] PartLoader: Part 'Squad/Parts/Aero/cones/noseConeAdapter/noseConeAdapter' has no database record. Creating.
[LOG 17:59:35.484] [DragCubeSystem]: Drag cubes not found or cannot be read for part Part. Generating New drag cubes.
[LOG 17:59:35.484] [KSPCF/DragCubeGeneration] Creating drag cubes for part 'noseConeAdapter'
[LOG 17:59:35.488] PartLoader: Compiling Part 'Squad/Parts/Aero/cones/protectiveRocketNoseMk7_v2/rocketNoseCone_v2'
[LOG 17:59:35.493] PartLoader: Part 'Squad/Parts/Aero/cones/protectiveRocketNoseMk7_v2/rocketNoseCone_v2' has no database record. Creating.
[LOG 17:59:35.493] [DragCubeSystem]: Drag cubes not found or cannot be read for part Part. Generating New drag cubes.
[LOG 17:59:35.493] [KSPCF/DragCubeGeneration] Creating drag cubes for part 'rocketNoseCone.v2'
[LOG 17:59:35.498] PartLoader: Compiling Part 'Squad/Parts/Aero/cones/protectiveRocketNoseMk7_v3/rocketNoseCone_v3'
[LOG 17:59:35.503] PartLoader: Part 'Squad/Parts/Aero/cones/protectiveRocketNoseMk7_v3/rocketNoseCone_v3' has no database record. Creating.
[LOG 17:59:35.503] [DragCubeSystem]: Drag cubes not found or cannot be read for part Part. Generating New drag cubes.
[LOG 17:59:35.503] [KSPCF/DragCubeGeneration] Creating drag cubes for part 'rocketNoseCone.v3'
[LOG 17:59:35.508] PartLoader: Compiling Part 'Squad/Parts/Aero/cones/rocketNoseCone_size3/rocketNoseConeSize3'
[LOG 17:59:35.512] PartLoader: Part 'Squad/Parts/Aero/cones/rocketNoseCone_size3/rocketNoseConeSize3' has no database record. Creating.
[LOG 17:59:35.513] [DragCubeSystem]: Drag cubes not found or cannot be read for part Part. Generating New drag cubes.
[LOG 17:59:35.513] [KSPCF/DragCubeGeneration] Creating drag cubes for part 'rocketNoseConeSize3'
[LOG 17:59:35.518] PartLoader: Compiling Part 'Squad/Parts/Aero/cones/smallNoseCone/standardNoseCone'
[LOG 17:59:35.522] PartLoader: Part 'Squad/Parts/Aero/cones/smallNoseCone/standardNoseCone' has no database record. Creating.
[LOG 17:59:35.522] [DragCubeSystem]: Drag cubes not found or cannot be read for part Part. Generating New drag cubes.
[LOG 17:59:35.522] [KSPCF/DragCubeGeneration] Creating drag cubes for part 'standardNoseCone'
[LOG 17:59:35.528] PartLoader: Compiling Part 'Squad/Parts/Aero/cones/tailConnectorA/airplaneTail'
[LOG 17:59:35.532] PartLoader: Part 'Squad/Parts/Aero/cones/tailConnectorA/airplaneTail' has no database record. Creating.
[LOG 17:59:35.532] [DragCubeSystem]: Drag cubes not found or cannot be read for part Part. Generating New drag cubes.
[LOG 17:59:35.532] [KSPCF/DragCubeGeneration] Creating drag cubes for part 'airplaneTail'
[LOG 17:59:35.536] PartLoader: Compiling Part 'Squad/Parts/Aero/cones/tailConnectorB/airplaneTailB'
[LOG 17:59:35.541] PartLoader: Part 'Squad/Parts/Aero/cones/tailConnectorB/airplaneTailB' has no database record. Creating.
[LOG 17:59:35.541] [DragCubeSystem]: Drag cubes not found or cannot be read for part Part. Generating New drag cubes.
[LOG 17:59:35.541] [KSPCF/DragCubeGeneration] Creating drag cubes for part 'airplaneTailB'
[LOG 17:59:35.545] PartLoader: Compiling Part 'Squad/Parts/Aero/fairings/fairingSize1/fairingSize1'
[LOG 17:59:35.593] PartLoader: Part 'Squad/Parts/Aero/fairings/fairingSize1/fairingSize1' has no database record. Creating.
[LOG 17:59:35.593] [DragCubeSystem]: Drag cubes not found or cannot be read for part Part. Generating New drag cubes.
[LOG 17:59:35.593] [KSPCF/DragCubeGeneration] Creating drag cubes for part 'fairingSize1'
[LOG 17:59:35.598] PartLoader: Compiling Part 'Squad/Parts/Aero/fairings/fairingSize2/fairingSize2'
[LOG 17:59:35.614] PartLoader: Part 'Squad/Parts/Aero/fairings/fairingSize2/fairingSize2' has no database record. Creating.
[LOG 17:59:35.614] [DragCubeSystem]: Drag cubes not found or cannot be read for part Part. Generating New drag cubes.
[LOG 17:59:35.614] [KSPCF/DragCubeGeneration] Creating drag cubes for part 'fairingSize2'
[LOG 17:59:35.619] PartLoader: Compiling Part 'Squad/Parts/Aero/fairings/fairingSize3/fairingSize3'
[LOG 17:59:35.631] PartLoader: Part 'Squad/Parts/Aero/fairings/fairingSize3/fairingSize3' has no database record. Creating.
[LOG 17:59:35.632] [DragCubeSystem]: Drag cubes not found or cannot be read for part Part. Generating New drag cubes.
[LOG 17:59:35.632] [KSPCF/DragCubeGeneration] Creating drag cubes for part 'fairingSize3'
[LOG 17:59:35.636] PartLoader: Compiling Part 'Squad/Parts/Aero/HeatShield/HeatShield0/HeatShield0'
[LOG 17:59:35.660] PartLoader: Part 'Squad/Parts/Aero/HeatShield/HeatShield0/HeatShield0' has no database record. Creating.
[LOG 17:59:35.660] [DragCubeSystem]: Drag cubes not found or cannot be read for part Part. Generating New drag cubes.
[LOG 17:59:35.660] [KSPCF/DragCubeGeneration] Creating drag cubes for part 'HeatShield0'
[LOG 17:59:35.668] PartLoader: Compiling Part 'Squad/Parts/Aero/HeatShield/HeatShield1/HeatShield1'
[LOG 17:59:35.681] PartLoader: Part 'Squad/Parts/Aero/HeatShield/HeatShield1/HeatShield1' has no database record. Creating.
[LOG 17:59:35.681] [DragCubeSystem]: Drag cubes not found or cannot be read for part Part. Generating New drag cubes.
[LOG 17:59:35.681] [KSPCF/DragCubeGeneration] Creating drag cubes for part 'HeatShield1'
[LOG 17:59:35.696] PartLoader: Compiling Part 'Squad/Parts/Aero/HeatShield/HeatShield2/HeatShield2'
[LOG 17:59:35.703] PartLoader: Part 'Squad/Parts/Aero/HeatShield/HeatShield2/HeatShield2' has no database record. Creating.
[LOG 17:59:35.703] [DragCubeSystem]: Drag cubes not found or cannot be read for part Part. Generating New drag cubes.
[LOG 17:59:35.703] [KSPCF/DragCubeGeneration] Creating drag cubes for part 'HeatShield2'
[LOG 17:59:35.717] PartLoader: Compiling Part 'Squad/Parts/Aero/HeatShield/HeatShield3/HeatShield3'
[LOG 17:59:35.725] PartLoader: Part 'Squad/Parts/Aero/HeatShield/HeatShield3/HeatShield3' has no database record. Creating.
[LOG 17:59:35.725] [DragCubeSystem]: Drag cubes not found or cannot be read for part Part. Generating New drag cubes.
[LOG 17:59:35.725] [KSPCF/DragCubeGeneration] Creating drag cubes for part 'HeatShield3'
[LOG 17:59:35.741] PartLoader: Compiling Part 'Squad/Parts/Aero/InflatableHeatShield/HeatShield/InflatableHeatShield'
[LOG 17:59:35.753] PartLoader: Part 'Squad/Parts/Aero/InflatableHeatShield/HeatShield/InflatableHeatShield' has no database record. Creating.
[LOG 17:59:35.754] [DragCubeSystem]: Drag cubes not found or cannot be read for part Part. Generating New drag cubes.
[LOG 17:59:35.754] [KSPCF/DragCubeGeneration] Creating drag cubes for part 'InflatableHeatShield'
[LOG 17:59:35.768] PartLoader: Compiling Part 'Squad/Parts/Aero/intakeRadialLong/intakeRadialLong/IntakeRadialLong'
[LOG 17:59:35.772] PartLoader: Part 'Squad/Parts/Aero/intakeRadialLong/intakeRadialLong/IntakeRadialLong' has no database record. Creating.
[LOG 17:59:35.772] [DragCubeSystem]: Drag cubes not found or cannot be read for part Part. Generating New drag cubes.
[LOG 17:59:35.772] [KSPCF/DragCubeGeneration] Creating drag cubes for part 'IntakeRadialLong'
[LOG 17:59:35.777] PartLoader: Compiling Part 'Squad/Parts/Aero/miniIntake/SmallIntake/miniIntake'
[LOG 17:59:35.781] PartLoader: Part 'Squad/Parts/Aero/miniIntake/SmallIntake/miniIntake' has no database record. Creating.
[LOG 17:59:35.782] PartLoader: Compiling Part 'Squad/Parts/Aero/ramAirIntake/ramAirIntake/ramAirIntake'
[LOG 17:59:35.786] PartLoader: Part 'Squad/Parts/Aero/ramAirIntake/ramAirIntake/ramAirIntake' has no database record. Creating.
[LOG 17:59:35.786] PartLoader: Compiling Part 'Squad/Parts/Aero/shuttleWings/delta/wingShuttleDelta'
[LOG 17:59:35.788] PartLoader: Part 'Squad/Parts/Aero/shuttleWings/delta/wingShuttleDelta' has no database record. Creating.
[LOG 17:59:35.788] [DragCubeSystem]: Drag cubes not found or cannot be read for part Part. Generating New drag cubes.
[LOG 17:59:35.788] [KSPCF/DragCubeGeneration] Creating drag cubes for part 'wingShuttleDelta'
[LOG 17:59:35.793] PartLoader: Compiling Part 'Squad/Parts/Aero/shuttleWings/elevon1/wingShuttleElevon1'
[LOG 17:59:35.800] PartLoader: Part 'Squad/Parts/Aero/shuttleWings/elevon1/wingShuttleElevon1' has no database record. Creating.
[LOG 17:59:35.800] [DragCubeSystem]: Drag cubes not found or cannot be read for part Part. Generating New drag cubes.
[LOG 17:59:35.800] [KSPCF/DragCubeGeneration] Creating drag cubes for part 'wingShuttleElevon1'
[LOG 17:59:35.817] PartLoader: Compiling Part 'Squad/Parts/Aero/shuttleWings/elevon2/wingShuttleElevon2'
[LOG 17:59:35.823] PartLoader: Part 'Squad/Parts/Aero/shuttleWings/elevon2/wingShuttleElevon2' has no database record. Creating.
[LOG 17:59:35.824] [DragCubeSystem]: Drag cubes not found or cannot be read for part Part. Generating New drag cubes.
[LOG 17:59:35.824] [KSPCF/DragCubeGeneration] Creating drag cubes for part 'wingShuttleElevon2'
[LOG 17:59:35.840] PartLoader: Compiling Part 'Squad/Parts/Aero/shuttleWings/rudder/wingShuttleRudder'
[LOG 17:59:35.845] PartLoader: Part 'Squad/Parts/Aero/shuttleWings/rudder/wingShuttleRudder' has no database record. Creating.
[LOG 17:59:35.845] [DragCubeSystem]: Drag cubes not found or cannot be read for part Part. Generating New drag cubes.
[LOG 17:59:35.845] [KSPCF/DragCubeGeneration] Creating drag cubes for part 'wingShuttleRudder'
[LOG 17:59:35.861] PartLoader: Compiling Part 'Squad/Parts/Aero/shuttleWings/strake/wingShuttleStrake'
[LOG 17:59:35.865] PartLoader: Part 'Squad/Parts/Aero/shuttleWings/strake/wingShuttleStrake' has no database record. Creating.
[LOG 17:59:35.865] [DragCubeSystem]: Drag cubes not found or cannot be read for part Part. Generating New drag cubes.
[LOG 17:59:35.865] [KSPCF/DragCubeGeneration] Creating drag cubes for part 'wingShuttleStrake'
[LOG 17:59:35.870] PartLoader: Compiling Part 'Squad/Parts/Aero/wingletAV-R8/wingletAV-R8/R8winglet'
[LOG 17:59:35.876] PartLoader: Part 'Squad/Parts/Aero/wingletAV-R8/wingletAV-R8/R8winglet' has no database record. Creating.
[LOG 17:59:35.876] [DragCubeSystem]: Drag cubes not found or cannot be read for part Part. Generating New drag cubes.
[LOG 17:59:35.876] [KSPCF/DragCubeGeneration] Creating drag cubes for part 'R8winglet'
[LOG 17:59:35.893] PartLoader: Compiling Part 'Squad/Parts/Aero/wingletAV-T1/wingletAV-T1/winglet'
[LOG 17:59:35.898] PartLoader: Part 'Squad/Parts/Aero/wingletAV-T1/wingletAV-T1/winglet' has no database record. Creating.
[LOG 17:59:35.898] [DragCubeSystem]: Drag cubes not found or cannot be read for part Part. Generating New drag cubes.
[LOG 17:59:35.898] [KSPCF/DragCubeGeneration] Creating drag cubes for part 'winglet'
[LOG 17:59:35.901] PartLoader: Compiling Part 'Squad/Parts/Aero/wingletDeltaDeluxe/wingletDeltaDeluxe/winglet3'
[LOG 17:59:35.905] PartLoader: Part 'Squad/Parts/Aero/wingletDeltaDeluxe/wingletDeltaDeluxe/winglet3' has no database record. Creating.
[LOG 17:59:35.905] [DragCubeSystem]: Drag cubes not found or cannot be read for part Part. Generating New drag cubes.
[LOG 17:59:35.905] [KSPCF/DragCubeGeneration] Creating drag cubes for part 'winglet3'
[LOG 17:59:35.922] PartLoader: Compiling Part 'Squad/Parts/Aero/wings/connector1/wingConnector'
[LOG 17:59:35.927] PartLoader: Part 'Squad/Parts/Aero/wings/connector1/wingConnector' has no database record. Creating.
[LOG 17:59:35.927] [DragCubeSystem]: Drag cubes not found or cannot be read for part Part. Generating New drag cubes.
[LOG 17:59:35.927] [KSPCF/DragCubeGeneration] Creating drag cubes for part 'wingConnector'
[LOG 17:59:35.931] PartLoader: Compiling Part 'Squad/Parts/Aero/wings/connector2/wingConnector2'
[LOG 17:59:35.935] PartLoader: Part 'Squad/Parts/Aero/wings/connector2/wingConnector2' has no database record. Creating.
[LOG 17:59:35.935] [DragCubeSystem]: Drag cubes not found or cannot be read for part Part. Generating New drag cubes.
[LOG 17:59:35.935] [KSPCF/DragCubeGeneration] Creating drag cubes for part 'wingConnector2'
[LOG 17:59:35.940] PartLoader: Compiling Part 'Squad/Parts/Aero/wings/connector3/wingConnector3'
[LOG 17:59:35.943] PartLoader: Part 'Squad/Parts/Aero/wings/connector3/wingConnector3' has no database record. Creating.
[LOG 17:59:35.943] [DragCubeSystem]: Drag cubes not found or cannot be read for part Part. Generating New drag cubes.
[LOG 17:59:35.943] [KSPCF/DragCubeGeneration] Creating drag cubes for part 'wingConnector3'
[LOG 17:59:35.947] PartLoader: Compiling Part 'Squad/Parts/Aero/wings/connector4/wingConnector4'
[LOG 17:59:35.953] PartLoader: Part 'Squad/Parts/Aero/wings/connector4/wingConnector4' has no database record. Creating.
[LOG 17:59:35.953] [DragCubeSystem]: Drag cubes not found or cannot be read for part Part. Generating New drag cubes.
[LOG 17:59:35.953] [KSPCF/DragCubeGeneration] Creating drag cubes for part 'wingConnector4'
[LOG 17:59:35.957] PartLoader: Compiling Part 'Squad/Parts/Aero/wings/connector5/wingConnector5'
[LOG 17:59:35.962] PartLoader: Part 'Squad/Parts/Aero/wings/connector5/wingConnector5' has no database record. Creating.
[LOG 17:59:35.962] [DragCubeSystem]: Drag cubes not found or cannot be read for part Part. Generating New drag cubes.
[LOG 17:59:35.962] [KSPCF/DragCubeGeneration] Creating drag cubes for part 'wingConnector5'
[LOG 17:59:35.966] PartLoader: Compiling Part 'Squad/Parts/Aero/wings/delta/deltaWing'
[LOG 17:59:35.969] PartLoader: Part 'Squad/Parts/Aero/wings/delta/deltaWing' has no database record. Creating.
[LOG 17:59:35.969] [DragCubeSystem]: Drag cubes not found or cannot be read for part Part. Generating New drag cubes.
[LOG 17:59:35.969] [KSPCF/DragCubeGeneration] Creating drag cubes for part 'deltaWing'
[LOG 17:59:35.972] PartLoader: Compiling Part 'Squad/Parts/Aero/wings/delta_small/delta_small'
[LOG 17:59:35.976] PartLoader: Part 'Squad/Parts/Aero/wings/delta_small/delta_small' has no database record. Creating.
[LOG 17:59:35.976] [DragCubeSystem]: Drag cubes not found or cannot be read for part Part. Generating New drag cubes.
[LOG 17:59:35.976] [KSPCF/DragCubeGeneration] Creating drag cubes for part 'delta.small'
[LOG 17:59:35.979] PartLoader: Compiling Part 'Squad/Parts/Aero/wings/elevon1/StandardCtrlSrf'
[LOG 17:59:35.983] PartLoader: Part 'Squad/Parts/Aero/wings/elevon1/StandardCtrlSrf' has no database record. Creating.
[LOG 17:59:35.983] [DragCubeSystem]: Drag cubes not found or cannot be read for part Part. Generating New drag cubes.
[LOG 17:59:35.983] [KSPCF/DragCubeGeneration] Creating drag cubes for part 'StandardCtrlSrf'
[LOG 17:59:35.998] PartLoader: Compiling Part 'Squad/Parts/Aero/wings/elevon2/elevon2'
[LOG 17:59:36.004] PartLoader: Part 'Squad/Parts/Aero/wings/elevon2/elevon2' has no database record. Creating.
[LOG 17:59:36.004] [DragCubeSystem]: Drag cubes not found or cannot be read for part Part. Generating New drag cubes.
[LOG 17:59:36.004] [KSPCF/DragCubeGeneration] Creating drag cubes for part 'elevon2'
[LOG 17:59:36.019] PartLoader: Compiling Part 'Squad/Parts/Aero/wings/elevon3/elevon3'
[LOG 17:59:36.024] PartLoader: Part 'Squad/Parts/Aero/wings/elevon3/elevon3' has no database record. Creating.
[LOG 17:59:36.025] [DragCubeSystem]: Drag cubes not found or cannot be read for part Part. Generating New drag cubes.
[LOG 17:59:36.025] [KSPCF/DragCubeGeneration] Creating drag cubes for part 'elevon3'
[LOG 17:59:36.040] PartLoader: Compiling Part 'Squad/Parts/Aero/wings/elevon4/smallCtrlSrf'
[LOG 17:59:36.046] PartLoader: Part 'Squad/Parts/Aero/wings/elevon4/smallCtrlSrf' has no database record. Creating.
[LOG 17:59:36.046] [DragCubeSystem]: Drag cubes not found or cannot be read for part Part. Generating New drag cubes.
[LOG 17:59:36.046] [KSPCF/DragCubeGeneration] Creating drag cubes for part 'smallCtrlSrf'
[LOG 17:59:36.062] PartLoader: Compiling Part 'Squad/Parts/Aero/wings/elevon5/elevon5'
[LOG 17:59:36.066] PartLoader: Part 'Squad/Parts/Aero/wings/elevon5/elevon5' has no database record. Creating.
[LOG 17:59:36.066] [DragCubeSystem]: Drag cubes not found or cannot be read for part Part. Generating New drag cubes.
[LOG 17:59:36.066] [KSPCF/DragCubeGeneration] Creating drag cubes for part 'elevon5'
[LOG 17:59:36.081] PartLoader: Compiling Part 'Squad/Parts/Aero/wings/strake/wingStrake'
[LOG 17:59:36.084] PartLoader: Part 'Squad/Parts/Aero/wings/strake/wingStrake' has no database record. Creating.
[LOG 17:59:36.084] [DragCubeSystem]: Drag cubes not found or cannot be read for part Part. Generating New drag cubes.
[LOG 17:59:36.084] [KSPCF/DragCubeGeneration] Creating drag cubes for part 'wingStrake'
[LOG 17:59:36.087] PartLoader: Compiling Part 'Squad/Parts/Aero/wings/structural1/structuralWing'
[LOG 17:59:36.090] PartLoader: Part 'Squad/Parts/Aero/wings/structural1/structuralWing' has no database record. Creating.
[LOG 17:59:36.090] [DragCubeSystem]: Drag cubes not found or cannot be read for part Part. Generating New drag cubes.
[LOG 17:59:36.090] [KSPCF/DragCubeGeneration] Creating drag cubes for part 'structuralWing'
[LOG 17:59:36.094] PartLoader: Compiling Part 'Squad/Parts/Aero/wings/structural2/structuralWing2'
[LOG 17:59:36.098] PartLoader: Part 'Squad/Parts/Aero/wings/structural2/structuralWing2' has no database record. Creating.
[LOG 17:59:36.098] [DragCubeSystem]: Drag cubes not found or cannot be read for part Part. Generating New drag cubes.
[LOG 17:59:36.098] [KSPCF/DragCubeGeneration] Creating drag cubes for part 'structuralWing2'
[LOG 17:59:36.102] PartLoader: Compiling Part 'Squad/Parts/Aero/wings/structural3/structuralWing3'
[LOG 17:59:36.106] PartLoader: Part 'Squad/Parts/Aero/wings/structural3/structuralWing3' has no database record. Creating.
[LOG 17:59:36.106] [DragCubeSystem]: Drag cubes not found or cannot be read for part Part. Generating New drag cubes.
[LOG 17:59:36.106] [KSPCF/DragCubeGeneration] Creating drag cubes for part 'structuralWing3'
[LOG 17:59:36.112] PartLoader: Compiling Part 'Squad/Parts/Aero/wings/structural4/structuralWing4'
[LOG 17:59:36.118] PartLoader: Part 'Squad/Parts/Aero/wings/structural4/structuralWing4' has no database record. Creating.
[LOG 17:59:36.118] [DragCubeSystem]: Drag cubes not found or cannot be read for part Part. Generating New drag cubes.
[LOG 17:59:36.118] [KSPCF/DragCubeGeneration] Creating drag cubes for part 'structuralWing4'
[LOG 17:59:36.122] PartLoader: Compiling Part 'Squad/Parts/Aero/wings/swept1/sweptWing1'
[LOG 17:59:36.125] PartLoader: Part 'Squad/Parts/Aero/wings/swept1/sweptWing1' has no database record. Creating.
[LOG 17:59:36.125] [DragCubeSystem]: Drag cubes not found or cannot be read for part Part. Generating New drag cubes.
[LOG 17:59:36.125] [KSPCF/DragCubeGeneration] Creating drag cubes for part 'sweptWing1'
[LOG 17:59:36.129] PartLoader: Compiling Part 'Squad/Parts/Aero/wings/swept2/sweptWing2'
[LOG 17:59:36.133] PartLoader: Part 'Squad/Parts/Aero/wings/swept2/sweptWing2' has no database record. Creating.
[LOG 17:59:36.133] [DragCubeSystem]: Drag cubes not found or cannot be read for part Part. Generating New drag cubes.
[LOG 17:59:36.133] [KSPCF/DragCubeGeneration] Creating drag cubes for part 'sweptWing2'
[LOG 17:59:36.137] PartLoader: Compiling Part 'Squad/Parts/Cargo/CargoContainers/cargoContainer/cargoContainer'
[WRN 17:59:36.139] [Part]: Cannot have ModuleCargoPart and ModuleInventoryPart on same Part [cargoContainer'. Removed ModuleCargoPart
[LOG 17:59:36.147] PartLoader: Part 'Squad/Parts/Cargo/CargoContainers/cargoContainer/cargoContainer' has no database record. Creating.
[LOG 17:59:36.147] [DragCubeSystem]: Drag cubes not found or cannot be read for part Part. Generating New drag cubes.
[LOG 17:59:36.147] [KSPCF/DragCubeGeneration] Creating drag cubes for part 'cargoContainer'
[LOG 17:59:36.152] PartLoader: Compiling Part 'Squad/Parts/Cargo/CargoContainers/smallCargoContainer/smallCargoContainer'
[WRN 17:59:36.154] [Part]: Cannot have ModuleCargoPart and ModuleInventoryPart on same Part [smallCargoContainer'. Removed ModuleCargoPart
[LOG 17:59:36.157] PartLoader: Part 'Squad/Parts/Cargo/CargoContainers/smallCargoContainer/smallCargoContainer' has no database record. Creating.
[LOG 17:59:36.157] [DragCubeSystem]: Drag cubes not found or cannot be read for part Part. Generating New drag cubes.
[LOG 17:59:36.157] [KSPCF/DragCubeGeneration] Creating drag cubes for part 'smallCargoContainer'
[LOG 17:59:36.162] PartLoader: Compiling Part 'Squad/Parts/Cargo/Cylinder/Cylinder/evaCylinder'
[LOG 17:59:36.166] PartLoader: Part 'Squad/Parts/Cargo/Cylinder/Cylinder/evaCylinder' has no database record. Creating.
[LOG 17:59:36.166] [DragCubeSystem]: Drag cubes not found or cannot be read for part Part. Generating New drag cubes.
[LOG 17:59:36.166] [KSPCF/DragCubeGeneration] Creating drag cubes for part 'evaCylinder'
[LOG 17:59:36.171] PartLoader: Compiling Part 'Squad/Parts/Cargo/GroundAnchor/groundAnchor/groundAnchor'
[LOG 17:59:36.196] PartLoader: Part 'Squad/Parts/Cargo/GroundAnchor/groundAnchor/groundAnchor' has no database record. Creating.
[LOG 17:59:36.196] [DragCubeSystem]: Drag cubes not found or cannot be read for part Part. Generating New drag cubes.
[LOG 17:59:36.197] [KSPCF/DragCubeGeneration] Creating drag cubes for part 'groundAnchor'
[LOG 17:59:36.209] PartLoader: Compiling Part 'Squad/Parts/Cargo/Jetpack/Jetpack/evaJetpack'
[LOG 17:59:36.212] PartLoader: Part 'Squad/Parts/Cargo/Jetpack/Jetpack/evaJetpack' has no database record. Creating.
[LOG 17:59:36.212] [DragCubeSystem]: Drag cubes not found or cannot be read for part Part. Generating New drag cubes.
[LOG 17:59:36.212] [KSPCF/DragCubeGeneration] Creating drag cubes for part 'evaJetpack'
[LOG 17:59:36.217] PartLoader: Compiling Part 'Squad/Parts/Cargo/Parachute/Parachute/evaChute'
[LOG 17:59:36.221] PartLoader: Part 'Squad/Parts/Cargo/Parachute/Parachute/evaChute' has no database record. Creating.
[LOG 17:59:36.221] [DragCubeSystem]: Drag cubes not found or cannot be read for part Part. Generating New drag cubes.
[LOG 17:59:36.221] [KSPCF/DragCubeGeneration] Creating drag cubes for part 'evaChute'
[LOG 17:59:36.226] PartLoader: Compiling Part 'Squad/Parts/Cargo/RepairKit/RepairKit/evaRepairKit'
[LOG 17:59:36.231] PartLoader: Part 'Squad/Parts/Cargo/RepairKit/RepairKit/evaRepairKit' has no database record. Creating.
[LOG 17:59:36.231] [DragCubeSystem]: Drag cubes not found or cannot be read for part Part. Generating New drag cubes.
[LOG 17:59:36.231] [KSPCF/DragCubeGeneration] Creating drag cubes for part 'evaRepairKit'
[LOG 17:59:36.235] PartLoader: Compiling Part 'Squad/Parts/Cargo/ScienceKit/evaScienceKit/evaScienceKit'
[LOG 17:59:36.241] PartLoader: Part 'Squad/Parts/Cargo/ScienceKit/evaScienceKit/evaScienceKit' has no database record. Creating.
[LOG 17:59:36.241] [DragCubeSystem]: Drag cubes not found or cannot be read for part Part. Generating New drag cubes.
[LOG 17:59:36.241] [KSPCF/DragCubeGeneration] Creating drag cubes for part 'evaScienceKit'
[LOG 17:59:36.246] PartLoader: Compiling Part 'Squad/Parts/Cargo/StorageUnits/CargoStorageUnit/CargoStorageUnit'
[WRN 17:59:36.248] [Part]: Cannot have ModuleCargoPart and ModuleInventoryPart on same Part [CargoStorageUnit'. Removed ModuleCargoPart
[LOG 17:59:36.250] PartLoader: Part 'Squad/Parts/Cargo/StorageUnits/CargoStorageUnit/CargoStorageUnit' has no database record. Creating.
[LOG 17:59:36.250] [DragCubeSystem]: Drag cubes not found or cannot be read for part Part. Generating New drag cubes.
[LOG 17:59:36.251] [KSPCF/DragCubeGeneration] Creating drag cubes for part 'CargoStorageUnit'
[LOG 17:59:36.256] PartLoader: Compiling Part 'Squad/Parts/Cargo/StorageUnits/ConformalStorageUnit/ConformalStorageUnit'
[WRN 17:59:36.258] [Part]: Cannot have ModuleCargoPart and ModuleInventoryPart on same Part [ConformalStorageUnit'. Removed ModuleCargoPart
[LOG 17:59:36.260] PartLoader: Part 'Squad/Parts/Cargo/StorageUnits/ConformalStorageUnit/ConformalStorageUnit' has no database record. Creating.
[LOG 17:59:36.260] [DragCubeSystem]: Drag cubes not found or cannot be read for part Part. Generating New drag cubes.
[LOG 17:59:36.261] [KSPCF/DragCubeGeneration] Creating drag cubes for part 'ConformalStorageUnit'
[LOG 17:59:36.265] PartLoader: Compiling Part 'Squad/Parts/Command/advancedSasModuleLarge/advSasModuleLarge/asasmodule1-2'
[LOG 17:59:36.273] PartLoader: Part 'Squad/Parts/Command/advancedSasModuleLarge/advSasModuleLarge/asasmodule1-2' has no database record. Creating.
[LOG 17:59:36.273] PartLoader: Compiling Part 'Squad/Parts/Command/cupola/cupola/cupola'
[LOG 17:59:36.301] PartLoader: Part 'Squad/Parts/Command/cupola/cupola/cupola' has no database record. Creating.
[LOG 17:59:36.301] [DragCubeSystem]: Drag cubes not found or cannot be read for part Part. Generating New drag cubes.
[LOG 17:59:36.301] [KSPCF/DragCubeGeneration] Creating drag cubes for part 'cupola'
[LOG 17:59:36.311] PartLoader: Compiling Part 'Squad/Parts/Command/externalCommandSeat/externalCommandSeat/seatExternalCmd'
[LOG 17:59:36.317] PartLoader: Part 'Squad/Parts/Command/externalCommandSeat/externalCommandSeat/seatExternalCmd' has no database record. Creating.
[LOG 17:59:36.318] [DragCubeSystem]: Drag cubes not found or cannot be read for part Part. Generating New drag cubes.
[LOG 17:59:36.318] [KSPCF/DragCubeGeneration] Creating drag cubes for part 'seatExternalCmd'
[LOG 17:59:36.322] PartLoader: Compiling Part 'Squad/Parts/Command/hitchhikerStorageContainer/hitchikerStorageContainer/crewCabin'
[LOG 17:59:36.327] PartLoader: Part 'Squad/Parts/Command/hitchhikerStorageContainer/hitchikerStorageContainer/crewCabin' has no database record. Creating.
[LOG 17:59:36.327] [DragCubeSystem]: Drag cubes not found or cannot be read for part Part. Generating New drag cubes.
[LOG 17:59:36.327] [KSPCF/DragCubeGeneration] Creating drag cubes for part 'crewCabin'
[LOG 17:59:36.332] PartLoader: Compiling Part 'Squad/Parts/Command/inlineAdvancedStabilizer/inlineAdvancedStabilizer/advSasModule'
[LOG 17:59:36.337] PartLoader: Part 'Squad/Parts/Command/inlineAdvancedStabilizer/inlineAdvancedStabilizer/advSasModule' has no database record. Creating.
[LOG 17:59:36.337] [DragCubeSystem]: Drag cubes not found or cannot be read for part Part. Generating New drag cubes.
[LOG 17:59:36.337] [KSPCF/DragCubeGeneration] Creating drag cubes for part 'advSasModule'
[LOG 17:59:36.342] PartLoader: Compiling Part 'Squad/Parts/Command/inlineReactionWheel/inlineReactionWheel/sasModule'
[LOG 17:59:36.347] PartLoader: Part 'Squad/Parts/Command/inlineReactionWheel/inlineReactionWheel/sasModule' has no database record. Creating.
[LOG 17:59:36.347] [DragCubeSystem]: Drag cubes not found or cannot be read for part Part. Generating New drag cubes.
[LOG 17:59:36.347] [KSPCF/DragCubeGeneration] Creating drag cubes for part 'sasModule'
[LOG 17:59:36.352] PartLoader: Compiling Part 'Squad/Parts/Command/Mk1-3Pod/mk1-3/mk1-3pod'
[LOG 17:59:36.388] PartLoader: Part 'Squad/Parts/Command/Mk1-3Pod/mk1-3/mk1-3pod' has no database record. Creating.
[LOG 17:59:36.388] [DragCubeSystem]: Drag cubes not found or cannot be read for part Part. Generating New drag cubes.
[LOG 17:59:36.388] [KSPCF/DragCubeGeneration] Creating drag cubes for part 'mk1-3pod'
[LOG 17:59:36.397] PartLoader: Compiling Part 'Squad/Parts/Command/mk1Cockpits/mk1Cockpit/Mark1Cockpit'
[WRN 17:59:36.402] [Part]: Cannot have ModuleCargoPart and ModuleInventoryPart on same Part [Mark1Cockpit'. Removed ModuleCargoPart
[LOG 17:59:36.407] PartLoader: Part 'Squad/Parts/Command/mk1Cockpits/mk1Cockpit/Mark1Cockpit' has no database record. Creating.
[LOG 17:59:36.407] [DragCubeSystem]: Drag cubes not found or cannot be read for part Part. Generating New drag cubes.
[LOG 17:59:36.407] [KSPCF/DragCubeGeneration] Creating drag cubes for part 'Mark1Cockpit'
[LOG 17:59:36.415] PartLoader: Compiling Part 'Squad/Parts/Command/mk1Cockpits/mk1CrewCabin/MK1CrewCabin'
[WRN 17:59:36.419] [Part]: Cannot have ModuleCargoPart and ModuleInventoryPart on same Part [MK1CrewCabin'. Removed ModuleCargoPart
[LOG 17:59:36.424] PartLoader: Part 'Squad/Parts/Command/mk1Cockpits/mk1CrewCabin/MK1CrewCabin' has no database record. Creating.
[LOG 17:59:36.424] [DragCubeSystem]: Drag cubes not found or cannot be read for part Part. Generating New drag cubes.
[LOG 17:59:36.424] [KSPCF/DragCubeGeneration] Creating drag cubes for part 'MK1CrewCabin'
[LOG 17:59:36.429] PartLoader: Compiling Part 'Squad/Parts/Command/mk1Cockpits/mk1InlineCockpit/Mark2Cockpit'
[WRN 17:59:36.432] [Part]: Cannot have ModuleCargoPart and ModuleInventoryPart on same Part [Mark2Cockpit'. Removed ModuleCargoPart
[LOG 17:59:36.435] PartLoader: Part 'Squad/Parts/Command/mk1Cockpits/mk1InlineCockpit/Mark2Cockpit' has no database record. Creating.
[LOG 17:59:36.435] [DragCubeSystem]: Drag cubes not found or cannot be read for part Part. Generating New drag cubes.
[LOG 17:59:36.435] [KSPCF/DragCubeGeneration] Creating drag cubes for part 'Mark2Cockpit'
[LOG 17:59:36.442] PartLoader: Compiling Part 'Squad/Parts/Command/mk1LanderCan/mk1LanderCan/landerCabinSmall'
[WRN 17:59:36.447] [Part]: Cannot have ModuleCargoPart and ModuleInventoryPart on same Part [landerCabinSmall'. Removed ModuleCargoPart
[LOG 17:59:36.451] PartLoader: Part 'Squad/Parts/Command/mk1LanderCan/mk1LanderCan/landerCabinSmall' has no database record. Creating.
[LOG 17:59:36.452] [DragCubeSystem]: Drag cubes not found or cannot be read for part Part. Generating New drag cubes.
[LOG 17:59:36.452] [KSPCF/DragCubeGeneration] Creating drag cubes for part 'landerCabinSmall'
[LOG 17:59:36.458] PartLoader: Compiling Part 'Squad/Parts/Command/mk1pod_v2/mk1Pod_v2/mk1pod_v2'
[WRN 17:59:36.464] [Part]: Cannot have ModuleCargoPart and ModuleInventoryPart on same Part [mk1pod.v2'. Removed ModuleCargoPart
[LOG 17:59:36.471] PartLoader: Part 'Squad/Parts/Command/mk1pod_v2/mk1Pod_v2/mk1pod_v2' has no database record. Creating.
[LOG 17:59:36.471] [DragCubeSystem]: Drag cubes not found or cannot be read for part Part. Generating New drag cubes.
[LOG 17:59:36.471] [KSPCF/DragCubeGeneration] Creating drag cubes for part 'mk1pod.v2'
[LOG 17:59:36.478] PartLoader: Compiling Part 'Squad/Parts/Command/mk2CockpitInline/mk2CockpitInline/mk2Cockpit_Inline'
[WRN 17:59:36.483] [Part]: Cannot have ModuleCargoPart and ModuleInventoryPart on same Part [mk2Cockpit.Inline'. Removed ModuleCargoPart
[LOG 17:59:36.490] PartLoader: Part 'Squad/Parts/Command/mk2CockpitInline/mk2CockpitInline/mk2Cockpit_Inline' has no database record. Creating.
[LOG 17:59:36.490] [DragCubeSystem]: Drag cubes not found or cannot be read for part Part. Generating New drag cubes.
[LOG 17:59:36.490] [KSPCF/DragCubeGeneration] Creating drag cubes for part 'mk2Cockpit.Inline'
[LOG 17:59:36.496] PartLoader: Compiling Part 'Squad/Parts/Command/mk2CockpitStandard/mk2CockpitStandard/mk2Cockpit_Standard'
[WRN 17:59:36.499] [Part]: Cannot have ModuleCargoPart and ModuleInventoryPart on same Part [mk2Cockpit.Standard'. Removed ModuleCargoPart
[LOG 17:59:36.502] PartLoader: Part 'Squad/Parts/Command/mk2CockpitStandard/mk2CockpitStandard/mk2Cockpit_Standard' has no database record. Creating.
[LOG 17:59:36.502] [DragCubeSystem]: Drag cubes not found or cannot be read for part Part. Generating New drag cubes.
[LOG 17:59:36.504] [KSPCF/DragCubeGeneration] Creating drag cubes for part 'mk2Cockpit.Standard'
[LOG 17:59:36.509] PartLoader: Compiling Part 'Squad/Parts/Command/mk2DroneCore/mk2Dronecore/mk2DroneCore'
[LOG 17:59:36.515] PartLoader: Part 'Squad/Parts/Command/mk2DroneCore/mk2Dronecore/mk2DroneCore' has no database record. Creating.
[LOG 17:59:36.516] PartLoader: Compiling Part 'Squad/Parts/Command/mk2LanderCan/mk2LanderCan/mk2LanderCabin'
[WRN 17:59:36.519] [Part]: Cannot have ModuleCargoPart and ModuleInventoryPart on same Part [mk2LanderCabin'. Removed ModuleCargoPart
[LOG 17:59:36.522] PartLoader: Part 'Squad/Parts/Command/mk2LanderCan/mk2LanderCan/mk2LanderCabin' has no database record. Creating.
[LOG 17:59:36.522] [DragCubeSystem]: Drag cubes not found or cannot be read for part Part. Generating New drag cubes.
[LOG 17:59:36.523] [KSPCF/DragCubeGeneration] Creating drag cubes for part 'mk2LanderCabin'
[LOG 17:59:36.529] PartLoader: Compiling Part 'Squad/Parts/Command/mk2LanderCan_v2/mk2LanderCan_v2/mk2LanderCabin_v2'
[WRN 17:59:36.535] [Part]: Cannot have ModuleCargoPart and ModuleInventoryPart on same Part [mk2LanderCabin.v2'. Removed ModuleCargoPart
[LOG 17:59:36.546] PartLoader: Part 'Squad/Parts/Command/mk2LanderCan_v2/mk2LanderCan_v2/mk2LanderCabin_v2' has no database record. Creating.
[LOG 17:59:36.546] [DragCubeSystem]: Drag cubes not found or cannot be read for part Part. Generating New drag cubes.
[LOG 17:59:36.546] [KSPCF/DragCubeGeneration] Creating drag cubes for part 'mk2LanderCabin.v2'
[LOG 17:59:36.554] PartLoader: Compiling Part 'Squad/Parts/Command/mk3CockpitShuttle/mk3CockpitShuttle/mk3Cockpit_Shuttle'
[LOG 17:59:36.567] PartLoader: Part 'Squad/Parts/Command/mk3CockpitShuttle/mk3CockpitShuttle/mk3Cockpit_Shuttle' has no database record. Creating.
[LOG 17:59:36.567] [DragCubeSystem]: Drag cubes not found or cannot be read for part Part. Generating New drag cubes.
[LOG 17:59:36.567] [KSPCF/DragCubeGeneration] Creating drag cubes for part 'mk3Cockpit.Shuttle'
[LOG 17:59:36.573] PartLoader: Compiling Part 'Squad/Parts/Command/MpoProbe/MpoProbe/MpoProbe'
[LOG 17:59:36.584] PartLoader: Part 'Squad/Parts/Command/MpoProbe/MpoProbe/MpoProbe' has no database record. Creating.
[LOG 17:59:36.584] [DragCubeSystem]: Drag cubes not found or cannot be read for part Part. Generating New drag cubes.
[LOG 17:59:36.584] [KSPCF/DragCubeGeneration] Creating drag cubes for part 'MpoProbe'
[LOG 17:59:36.591] PartLoader: Compiling Part 'Squad/Parts/Command/MtmStage/MTM_Stage/MtmStage'
[LOG 17:59:36.604] PartLoader: Part 'Squad/Parts/Command/MtmStage/MTM_Stage/MtmStage' has no database record. Creating.
[LOG 17:59:36.604] [DragCubeSystem]: Drag cubes not found or cannot be read for part Part. Generating New drag cubes.
[LOG 17:59:36.604] [KSPCF/DragCubeGeneration] Creating drag cubes for part 'MtmStage'
[LOG 17:59:36.610] PartLoader: Compiling Part 'Squad/Parts/Command/probeCoreCube/probeCoreCube/probeCoreCube'
[LOG 17:59:36.614] PartLoader: Part 'Squad/Parts/Command/probeCoreCube/probeCoreCube/probeCoreCube' has no database record. Creating.
[LOG 17:59:36.616] PartLoader: Compiling Part 'Squad/Parts/Command/probeCoreHex/probeCoreHex/probeCoreHex'
[LOG 17:59:36.622] PartLoader: Part 'Squad/Parts/Command/probeCoreHex/probeCoreHex/probeCoreHex' has no database record. Creating.
[LOG 17:59:36.622] [DragCubeSystem]: Drag cubes not found or cannot be read for part Part. Generating New drag cubes.
[LOG 17:59:36.622] [KSPCF/DragCubeGeneration] Creating drag cubes for part 'probeCoreHex'
[LOG 17:59:36.628] PartLoader: Compiling Part 'Squad/Parts/Command/probeCoreHex_v2/probeCoreHex_v2/probeCoreHex_v2'
[LOG 17:59:36.636] PartLoader: Part 'Squad/Parts/Command/probeCoreHex_v2/probeCoreHex_v2/probeCoreHex_v2' has no database record. Creating.
[LOG 17:59:36.636] [DragCubeSystem]: Drag cubes not found or cannot be read for part Part. Generating New drag cubes.
[LOG 17:59:36.636] [KSPCF/DragCubeGeneration] Creating drag cubes for part 'probeCoreHex.v2'
[LOG 17:59:36.641] PartLoader: Compiling Part 'Squad/Parts/Command/probeCoreOcto2_v2/probeCoreOcto2_v2/probeCoreOcto2_v2'
[LOG 17:59:36.647] PartLoader: Part 'Squad/Parts/Command/probeCoreOcto2_v2/probeCoreOcto2_v2/probeCoreOcto2_v2' has no database record. Creating.
[LOG 17:59:36.648] [DragCubeSystem]: Drag cubes not found or cannot be read for part Part. Generating New drag cubes.
[LOG 17:59:36.648] [KSPCF/DragCubeGeneration] Creating drag cubes for part 'probeCoreOcto2.v2'
[LOG 17:59:36.653] PartLoader: Compiling Part 'Squad/Parts/Command/probeCoreOcto_v2/probeCoreOcto_v2/probeCoreOcto_v2'
[LOG 17:59:36.658] PartLoader: Part 'Squad/Parts/Command/probeCoreOcto_v2/probeCoreOcto_v2/probeCoreOcto_v2' has no database record. Creating.
[LOG 17:59:36.659] [DragCubeSystem]: Drag cubes not found or cannot be read for part Part. Generating New drag cubes.
[LOG 17:59:36.659] [KSPCF/DragCubeGeneration] Creating drag cubes for part 'probeCoreOcto.v2'
[LOG 17:59:36.664] PartLoader: Compiling Part 'Squad/Parts/Command/probeRoverBody/probeRoverBody/roverBody'
[LOG 17:59:36.669] PartLoader: Part 'Squad/Parts/Command/probeRoverBody/probeRoverBody/roverBody' has no database record. Creating.
[LOG 17:59:36.669] [DragCubeSystem]: Drag cubes not found or cannot be read for part Part. Generating New drag cubes.
[LOG 17:59:36.669] [KSPCF/DragCubeGeneration] Creating drag cubes for part 'roverBody'
[LOG 17:59:36.674] PartLoader: Compiling Part 'Squad/Parts/Command/probeRoverBody_v2/probeRoverBody_v2/roverBody_v2'
[LOG 17:59:36.680] PartLoader: Part 'Squad/Parts/Command/probeRoverBody_v2/probeRoverBody_v2/roverBody_v2' has no database record. Creating.
[LOG 17:59:36.680] [DragCubeSystem]: Drag cubes not found or cannot be read for part Part. Generating New drag cubes.
[LOG 17:59:36.680] [KSPCF/DragCubeGeneration] Creating drag cubes for part 'roverBody.v2'
[LOG 17:59:36.699] PartLoader: Compiling Part 'Squad/Parts/Command/probeStackLarge/probeStackLarge/probeStackLarge'
[LOG 17:59:36.705] PartLoader: Part 'Squad/Parts/Command/probeStackLarge/probeStackLarge/probeStackLarge' has no database record. Creating.
[LOG 17:59:36.705] [DragCubeSystem]: Drag cubes not found or cannot be read for part Part. Generating New drag cubes.
[LOG 17:59:36.705] [KSPCF/DragCubeGeneration] Creating drag cubes for part 'probeStackLarge'
[LOG 17:59:36.710] PartLoader: Compiling Part 'Squad/Parts/Command/probeStackSmall/probeStackSmall/probeStackSmall'
[LOG 17:59:36.715] PartLoader: Part 'Squad/Parts/Command/probeStackSmall/probeStackSmall/probeStackSmall' has no database record. Creating.
[LOG 17:59:36.715] [DragCubeSystem]: Drag cubes not found or cannot be read for part Part. Generating New drag cubes.
[LOG 17:59:36.715] [KSPCF/DragCubeGeneration] Creating drag cubes for part 'probeStackSmall'
[LOG 17:59:36.722] PartLoader: Compiling Part 'Squad/Parts/Command/probeStackSphere_v2/probeStackSphere_v2/probeCoreSphere_v2'
[LOG 17:59:36.728] PartLoader: Part 'Squad/Parts/Command/probeStackSphere_v2/probeStackSphere_v2/probeCoreSphere_v2' has no database record. Creating.
[LOG 17:59:36.731] PartLoader: Compiling Part 'Squad/Parts/CompoundParts/FuelLine/fuelLine/fuelLine'
[LOG 17:59:36.754] PartLoader: Part 'Squad/Parts/CompoundParts/FuelLine/fuelLine/fuelLine' has no database record. Creating.
[LOG 17:59:36.754] [DragCubeSystem]: Drag cubes not found or cannot be read for part CompoundPart. Generating New drag cubes.
[LOG 17:59:36.754] [KSPCF/DragCubeGeneration] Creating drag cubes for part 'fuelLine'
[LOG 17:59:36.758] PartLoader: Compiling Part 'Squad/Parts/CompoundParts/strutConnector/strutConnector/strutConnector'
[LOG 17:59:36.766] PartLoader: Part 'Squad/Parts/CompoundParts/strutConnector/strutConnector/strutConnector' has no database record. Creating.
[LOG 17:59:36.766] [DragCubeSystem]: Drag cubes not found or cannot be read for part CompoundPart. Generating New drag cubes.
[LOG 17:59:36.766] [KSPCF/DragCubeGeneration] Creating drag cubes for part 'strutConnector'
[LOG 17:59:36.770] PartLoader: Compiling Part 'Squad/Parts/Coupling/Decoupler_0/Decoupler_0'
[LOG 17:59:36.777] PartLoader: Part 'Squad/Parts/Coupling/Decoupler_0/Decoupler_0' has no database record. Creating.
[LOG 17:59:36.778] PartLoader: Compiling Part 'Squad/Parts/Coupling/Decoupler_1/Decoupler_1'
[LOG 17:59:36.783] PartLoader: Part 'Squad/Parts/Coupling/Decoupler_1/Decoupler_1' has no database record. Creating.
[LOG 17:59:36.784] PartLoader: Compiling Part 'Squad/Parts/Coupling/Decoupler_2/Decoupler_2'
[LOG 17:59:36.791] PartLoader: Part 'Squad/Parts/Coupling/Decoupler_2/Decoupler_2' has no database record. Creating.
[LOG 17:59:36.792] PartLoader: Compiling Part 'Squad/Parts/Coupling/Decoupler_3/Decoupler_3'
[LOG 17:59:36.796] PartLoader: Part 'Squad/Parts/Coupling/Decoupler_3/Decoupler_3' has no database record. Creating.
[LOG 17:59:36.797] PartLoader: Compiling Part 'Squad/Parts/Coupling/Separator_0/Separator_0'
[LOG 17:59:36.802] PartLoader: Part 'Squad/Parts/Coupling/Separator_0/Separator_0' has no database record. Creating.
[LOG 17:59:36.804] PartLoader: Compiling Part 'Squad/Parts/Coupling/Separator_1/Separator_1'
[LOG 17:59:36.809] PartLoader: Part 'Squad/Parts/Coupling/Separator_1/Separator_1' has no database record. Creating.
[LOG 17:59:36.809] PartLoader: Compiling Part 'Squad/Parts/Coupling/Separator_2/Separator_2'
[LOG 17:59:36.814] PartLoader: Part 'Squad/Parts/Coupling/Separator_2/Separator_2' has no database record. Creating.
[LOG 17:59:36.814] PartLoader: Compiling Part 'Squad/Parts/Coupling/Separator_3/Separator_3'
[LOG 17:59:36.820] PartLoader: Part 'Squad/Parts/Coupling/Separator_3/Separator_3' has no database record. Creating.
[LOG 17:59:36.820] PartLoader: Compiling Part 'Squad/Parts/Electrical/10CSolarPanels/OX-10C/solarPanelOX10C'
[LOG 17:59:36.835] PartLoader: Part 'Squad/Parts/Electrical/10CSolarPanels/OX-10C/solarPanelOX10C' has no database record. Creating.
[LOG 17:59:36.835] [DragCubeSystem]: Drag cubes not found or cannot be read for part Part. Generating New drag cubes.
[LOG 17:59:36.835] [KSPCF/DragCubeGeneration] Creating drag cubes for part 'solarPanelOX10C'
[LOG 17:59:36.854] PartLoader: Compiling Part 'Squad/Parts/Electrical/10CSolarPanels/SP-10C/solarPanelSP10C'
[LOG 17:59:36.858] PartLoader: Part 'Squad/Parts/Electrical/10CSolarPanels/SP-10C/solarPanelSP10C' has no database record. Creating.
[LOG 17:59:36.858] [DragCubeSystem]: Drag cubes not found or cannot be read for part Part. Generating New drag cubes.
[LOG 17:59:36.858] [KSPCF/DragCubeGeneration] Creating drag cubes for part 'solarPanelSP10C'
[LOG 17:59:36.874] PartLoader: Compiling Part 'Squad/Parts/Electrical/10LSolarPanels/OX-10L/solarPanelOX10L'
[LOG 17:59:36.878] PartLoader: Part 'Squad/Parts/Electrical/10LSolarPanels/OX-10L/solarPanelOX10L' has no database record. Creating.
[LOG 17:59:36.878] [DragCubeSystem]: Drag cubes not found or cannot be read for part Part. Generating New drag cubes.
[LOG 17:59:36.878] [KSPCF/DragCubeGeneration] Creating drag cubes for part 'solarPanelOX10L'
[LOG 17:59:36.894] PartLoader: Compiling Part 'Squad/Parts/Electrical/10LSolarPanels/SP-10L/solarPanelSP10L'
[LOG 17:59:36.898] PartLoader: Part 'Squad/Parts/Electrical/10LSolarPanels/SP-10L/solarPanelSP10L' has no database record. Creating.
[LOG 17:59:36.898] [DragCubeSystem]: Drag cubes not found or cannot be read for part Part. Generating New drag cubes.
[LOG 17:59:36.898] [KSPCF/DragCubeGeneration] Creating drag cubes for part 'solarPanelSP10L'
[LOG 17:59:36.916] PartLoader: Compiling Part 'Squad/Parts/Electrical/1x6ShroudSolarPanels/1x6ShroudSolarPanels/solarPanels2'
[LOG 17:59:36.922] PartLoader: Part 'Squad/Parts/Electrical/1x6ShroudSolarPanels/1x6ShroudSolarPanels/solarPanels2' has no database record. Creating.
[LOG 17:59:36.922] [DragCubeSystem]: Drag cubes not found or cannot be read for part Part. Generating New drag cubes.
[LOG 17:59:36.922] [KSPCF/DragCubeGeneration] Creating drag cubes for part 'solarPanels2'
[LOG 17:59:36.938] PartLoader: Compiling Part 'Squad/Parts/Electrical/1x6SolarPanels/1x6SolarPanels/solarPanels4'
[LOG 17:59:36.942] PartLoader: Part 'Squad/Parts/Electrical/1x6SolarPanels/1x6SolarPanels/solarPanels4' has no database record. Creating.
[LOG 17:59:36.942] [DragCubeSystem]: Drag cubes not found or cannot be read for part Part. Generating New drag cubes.
[LOG 17:59:36.942] [KSPCF/DragCubeGeneration] Creating drag cubes for part 'solarPanels4'
[LOG 17:59:36.957] PartLoader: Compiling Part 'Squad/Parts/Electrical/3x2ShroudSolarPanels/3x2ShroudSolarPanels/solarPanels1'
[LOG 17:59:36.961] PartLoader: Part 'Squad/Parts/Electrical/3x2ShroudSolarPanels/3x2ShroudSolarPanels/solarPanels1' has no database record. Creating.
[LOG 17:59:36.961] [DragCubeSystem]: Drag cubes not found or cannot be read for part Part. Generating New drag cubes.
[LOG 17:59:36.961] [KSPCF/DragCubeGeneration] Creating drag cubes for part 'solarPanels1'
[LOG 17:59:36.977] PartLoader: Compiling Part 'Squad/Parts/Electrical/3x2SolarPanels/3x2SolarPanels/solarPanels3'
[LOG 17:59:36.982] PartLoader: Part 'Squad/Parts/Electrical/3x2SolarPanels/3x2SolarPanels/solarPanels3' has no database record. Creating.
[LOG 17:59:36.982] [DragCubeSystem]: Drag cubes not found or cannot be read for part Part. Generating New drag cubes.
[LOG 17:59:36.982] [KSPCF/DragCubeGeneration] Creating drag cubes for part 'solarPanels3'
[LOG 17:59:37.000] PartLoader: Compiling Part 'Squad/Parts/Electrical/gigantorXlSolarArray/gigantorXlSolarArray/largeSolarPanel'
[LOG 17:59:37.005] PartLoader: Part 'Squad/Parts/Electrical/gigantorXlSolarArray/gigantorXlSolarArray/largeSolarPanel' has no database record. Creating.
[LOG 17:59:37.005] [DragCubeSystem]: Drag cubes not found or cannot be read for part Part. Generating New drag cubes.
[LOG 17:59:37.005] [KSPCF/DragCubeGeneration] Creating drag cubes for part 'largeSolarPanel'
[LOG 17:59:37.020] PartLoader: Compiling Part 'Squad/Parts/Electrical/radialFlatSolarPanel/radialFlatSolarPanel/solarPanels5'
[LOG 17:59:37.025] PartLoader: Part 'Squad/Parts/Electrical/radialFlatSolarPanel/radialFlatSolarPanel/solarPanels5' has no database record. Creating.
[LOG 17:59:37.025] [DragCubeSystem]: Drag cubes not found or cannot be read for part Part. Generating New drag cubes.
[LOG 17:59:37.026] [KSPCF/DragCubeGeneration] Creating drag cubes for part 'solarPanels5'
[LOG 17:59:37.033] PartLoader: Compiling Part 'Squad/Parts/Electrical/RTG/RTG/rtg'
[LOG 17:59:37.043] PartLoader: Part 'Squad/Parts/Electrical/RTG/RTG/rtg' has no database record. Creating.
[LOG 17:59:37.043] [DragCubeSystem]: Drag cubes not found or cannot be read for part Part. Generating New drag cubes.
[LOG 17:59:37.043] [KSPCF/DragCubeGeneration] Creating drag cubes for part 'rtg'
[LOG 17:59:37.049] PartLoader: Compiling Part 'Squad/Parts/Electrical/z-100Battery/z-100Battery/batteryPack'
[LOG 17:59:37.053] PartLoader: Part 'Squad/Parts/Electrical/z-100Battery/z-100Battery/batteryPack' has no database record. Creating.
[LOG 17:59:37.053] [DragCubeSystem]: Drag cubes not found or cannot be read for part Part. Generating New drag cubes.
[LOG 17:59:37.054] [KSPCF/DragCubeGeneration] Creating drag cubes for part 'batteryPack'
[LOG 17:59:37.057] PartLoader: Compiling Part 'Squad/Parts/Electrical/z-1kBattery/z-1kBattery/batteryBank'
[LOG 17:59:37.060] PartLoader: Part 'Squad/Parts/Electrical/z-1kBattery/z-1kBattery/batteryBank' has no database record. Creating.
[LOG 17:59:37.060] [DragCubeSystem]: Drag cubes not found or cannot be read for part Part. Generating New drag cubes.
[LOG 17:59:37.060] [KSPCF/DragCubeGeneration] Creating drag cubes for part 'batteryBank'
[LOG 17:59:37.066] PartLoader: Compiling Part 'Squad/Parts/Electrical/z-200Battery/z-200Battery/batteryBankMini'
[LOG 17:59:37.068] PartLoader: Part 'Squad/Parts/Electrical/z-200Battery/z-200Battery/batteryBankMini' has no database record. Creating.
[LOG 17:59:37.068] [DragCubeSystem]: Drag cubes not found or cannot be read for part Part. Generating New drag cubes.
[LOG 17:59:37.068] [KSPCF/DragCubeGeneration] Creating drag cubes for part 'batteryBankMini'
[LOG 17:59:37.073] PartLoader: Compiling Part 'Squad/Parts/Electrical/z-400Battery/z-400Battery/ksp_r_largeBatteryPack'
[LOG 17:59:37.075] PartLoader: Part 'Squad/Parts/Electrical/z-400Battery/z-400Battery/ksp_r_largeBatteryPack' has no database record. Creating.
[LOG 17:59:37.075] [DragCubeSystem]: Drag cubes not found or cannot be read for part Part. Generating New drag cubes.
[LOG 17:59:37.076] [KSPCF/DragCubeGeneration] Creating drag cubes for part 'ksp.r.largeBatteryPack'
[LOG 17:59:37.080] PartLoader: Compiling Part 'Squad/Parts/Electrical/z-4kBattery/z-4kBattery/batteryBankLarge'
[LOG 17:59:37.084] PartLoader: Part 'Squad/Parts/Electrical/z-4kBattery/z-4kBattery/batteryBankLarge' has no database record. Creating.
[LOG 17:59:37.084] [DragCubeSystem]: Drag cubes not found or cannot be read for part Part. Generating New drag cubes.
[LOG 17:59:37.084] [KSPCF/DragCubeGeneration] Creating drag cubes for part 'batteryBankLarge'
[LOG 17:59:37.088] PartLoader: Compiling Part 'Squad/Parts/Engine/ionEngine/ionEngine/ionEngine'
[LOG 17:59:37.104] PartLoader: Part 'Squad/Parts/Engine/ionEngine/ionEngine/ionEngine' has no database record. Creating.
[LOG 17:59:37.105] [DragCubeSystem]: Drag cubes not found or cannot be read for part Part. Generating New drag cubes.
[LOG 17:59:37.105] [KSPCF/DragCubeGeneration] Creating drag cubes for part 'ionEngine'
[LOG 17:59:37.112] PartLoader: Compiling Part 'Squad/Parts/Engine/jetEngines/jetEngineAfterburning/turboJet'
[LOG 17:59:37.142] PartLoader: Part 'Squad/Parts/Engine/jetEngines/jetEngineAfterburning/turboJet' has no database record. Creating.
[LOG 17:59:37.142] [DragCubeSystem]: Drag cubes not found or cannot be read for part Part. Generating New drag cubes.
[LOG 17:59:37.142] [KSPCF/DragCubeGeneration] Creating drag cubes for part 'turboJet'
[LOG 17:59:37.150] PartLoader: Compiling Part 'Squad/Parts/Engine/jetEngines/jetEngineBasic/JetEngine'
[LOG 17:59:37.158] PartLoader: Part 'Squad/Parts/Engine/jetEngines/jetEngineBasic/JetEngine' has no database record. Creating.
[LOG 17:59:37.158] [DragCubeSystem]: Drag cubes not found or cannot be read for part Part. Generating New drag cubes.
[LOG 17:59:37.158] [KSPCF/DragCubeGeneration] Creating drag cubes for part 'JetEngine'
[LOG 17:59:37.172] PartLoader: Compiling Part 'Squad/Parts/Engine/jetEngines/jetEngineBig/turboFanSize2'
[LOG 17:59:37.182] PartLoader: Part 'Squad/Parts/Engine/jetEngines/jetEngineBig/turboFanSize2' has no database record. Creating.
[LOG 17:59:37.182] [DragCubeSystem]: Drag cubes not found or cannot be read for part Part. Generating New drag cubes.
[LOG 17:59:37.182] [KSPCF/DragCubeGeneration] Creating drag cubes for part 'turboFanSize2'
[LOG 17:59:37.196] PartLoader: Compiling Part 'Squad/Parts/Engine/jetEngines/jetEngineTurbo/turboFanEngine'
[LOG 17:59:37.204] PartLoader: Part 'Squad/Parts/Engine/jetEngines/jetEngineTurbo/turboFanEngine' has no database record. Creating.
[LOG 17:59:37.204] [DragCubeSystem]: Drag cubes not found or cannot be read for part Part. Generating New drag cubes.
[LOG 17:59:37.204] [KSPCF/DragCubeGeneration] Creating drag cubes for part 'turboFanEngine'
[LOG 17:59:37.210] PartLoader: Compiling Part 'Squad/Parts/Engine/liquidEngine24-77/liquidEngine24-77/smallRadialEngine'
[LOG 17:59:37.216] PartLoader: Part 'Squad/Parts/Engine/liquidEngine24-77/liquidEngine24-77/smallRadialEngine' has no database record. Creating.
[LOG 17:59:37.216] [DragCubeSystem]: Drag cubes not found or cannot be read for part Part. Generating New drag cubes.
[LOG 17:59:37.216] [KSPCF/DragCubeGeneration] Creating drag cubes for part 'smallRadialEngine'
[LOG 17:59:37.221] PartLoader: Compiling Part 'Squad/Parts/Engine/liquidEngine24-77_v2/liquidEngine24-77_v2/smallRadialEngine_v2'
[LOG 17:59:37.229] PartLoader: Part 'Squad/Parts/Engine/liquidEngine24-77_v2/liquidEngine24-77_v2/smallRadialEngine_v2' has no database record. Creating.
[LOG 17:59:37.229] [DragCubeSystem]: Drag cubes not found or cannot be read for part Part. Generating New drag cubes.
[LOG 17:59:37.229] [KSPCF/DragCubeGeneration] Creating drag cubes for part 'smallRadialEngine.v2'
[LOG 17:59:37.235] PartLoader: Compiling Part 'Squad/Parts/Engine/liquidEngine48-7S_v2/liquidEngine48-7S_v2/liquidEngineMini_v2'
[LOG 17:59:37.243] PartLoader: Part 'Squad/Parts/Engine/liquidEngine48-7S_v2/liquidEngine48-7S_v2/liquidEngineMini_v2' has no database record. Creating.
[LOG 17:59:37.243] [DragCubeSystem]: Drag cubes not found or cannot be read for part Part. Generating New drag cubes.
[LOG 17:59:37.243] [KSPCF/DragCubeGeneration] Creating drag cubes for part 'liquidEngineMini.v2'
[LOG 17:59:37.269] PartLoader: Compiling Part 'Squad/Parts/Engine/liquidEngineAerospike/liquidEngineAerospike/toroidalAerospike'
[LOG 17:59:37.283] PartLoader: Part 'Squad/Parts/Engine/liquidEngineAerospike/liquidEngineAerospike/toroidalAerospike' has no database record. Creating.
[LOG 17:59:37.283] [DragCubeSystem]: Drag cubes not found or cannot be read for part Part. Generating New drag cubes.
[LOG 17:59:37.283] [KSPCF/DragCubeGeneration] Creating drag cubes for part 'toroidalAerospike'
[LOG 17:59:37.296] PartLoader: Compiling Part 'Squad/Parts/Engine/liquidEngineLV-1_v2/liquidEngineLV-1R _v2/radialEngineMini_v2'
[LOG 17:59:37.304] PartLoader: Part 'Squad/Parts/Engine/liquidEngineLV-1_v2/liquidEngineLV-1R _v2/radialEngineMini_v2' has no database record. Creating.
[LOG 17:59:37.305] [DragCubeSystem]: Drag cubes not found or cannot be read for part Part. Generating New drag cubes.
[LOG 17:59:37.305] [KSPCF/DragCubeGeneration] Creating drag cubes for part 'radialEngineMini.v2'
[LOG 17:59:37.319] PartLoader: Compiling Part 'Squad/Parts/Engine/liquidEngineLV-1_v2/liquidEngineLV-1_v2/microEngine_v2'
[LOG 17:59:37.328] PartLoader: Part 'Squad/Parts/Engine/liquidEngineLV-1_v2/liquidEngineLV-1_v2/microEngine_v2' has no database record. Creating.
[LOG 17:59:37.328] [DragCubeSystem]: Drag cubes not found or cannot be read for part Part. Generating New drag cubes.
[LOG 17:59:37.328] [KSPCF/DragCubeGeneration] Creating drag cubes for part 'microEngine.v2'
[LOG 17:59:37.342] PartLoader: Compiling Part 'Squad/Parts/Engine/liquidEngineLV-909_v2/liquidEngineLV-909_v2/liquidEngine3_v2'
[LOG 17:59:37.350] PartLoader: Part 'Squad/Parts/Engine/liquidEngineLV-909_v2/liquidEngineLV-909_v2/liquidEngine3_v2' has no database record. Creating.
[LOG 17:59:37.350] [DragCubeSystem]: Drag cubes not found or cannot be read for part Part. Generating New drag cubes.
[LOG 17:59:37.350] [KSPCF/DragCubeGeneration] Creating drag cubes for part 'liquidEngine3.v2'
[LOG 17:59:37.379] PartLoader: Compiling Part 'Squad/Parts/Engine/liquidEngineLV-N/liquidEngineLV-N/nuclearEngine'
[LOG 17:59:37.386] PartLoader: Part 'Squad/Parts/Engine/liquidEngineLV-N/liquidEngineLV-N/nuclearEngine' has no database record. Creating.
[LOG 17:59:37.386] [DragCubeSystem]: Drag cubes not found or cannot be read for part Part. Generating New drag cubes.
[LOG 17:59:37.386] [KSPCF/DragCubeGeneration] Part 'nuclearEngine' has defined a procedural drag cube setup
[LOG 17:59:37.387] PartLoader: Compiling Part 'Squad/Parts/Engine/liquidEngineLV-T30/liquidEngineLV-T30/liquidEngine'
[LOG 17:59:37.393] PartLoader: Part 'Squad/Parts/Engine/liquidEngineLV-T30/liquidEngineLV-T30/liquidEngine' has no database record. Creating.
[LOG 17:59:37.393] [DragCubeSystem]: Drag cubes not found or cannot be read for part Part. Generating New drag cubes.
[LOG 17:59:37.393] [KSPCF/DragCubeGeneration] Creating drag cubes for part 'liquidEngine'
[LOG 17:59:37.407] PartLoader: Compiling Part 'Squad/Parts/Engine/liquidEngineLV-T30_v2/liquidEngineLV-T30_v2/liquidEngine_v2'
[LOG 17:59:37.415] PartLoader: Part 'Squad/Parts/Engine/liquidEngineLV-T30_v2/liquidEngineLV-T30_v2/liquidEngine_v2' has no database record. Creating.
[LOG 17:59:37.416] PartLoader: Compiling Part 'Squad/Parts/Engine/liquidEngineLV-T45/liquidEngineLV-T45/liquidEngine2'
[LOG 17:59:37.423] PartLoader: Part 'Squad/Parts/Engine/liquidEngineLV-T45/liquidEngineLV-T45/liquidEngine2' has no database record. Creating.
[LOG 17:59:37.423] [DragCubeSystem]: Drag cubes not found or cannot be read for part Part. Generating New drag cubes.
[LOG 17:59:37.423] [KSPCF/DragCubeGeneration] Creating drag cubes for part 'liquidEngine2'
[LOG 17:59:37.436] PartLoader: Compiling Part 'Squad/Parts/Engine/liquidEngineLV-T45_v2/liquidEngineLV-T45_v2/liquidEngine2_v2'
[LOG 17:59:37.445] PartLoader: Part 'Squad/Parts/Engine/liquidEngineLV-T45_v2/liquidEngineLV-T45_v2/liquidEngine2_v2' has no database record. Creating.
[LOG 17:59:37.447] PartLoader: Compiling Part 'Squad/Parts/Engine/liquidEngineMainsail_v2/liquidEngineMainsail_v2/liquidEngineMainsail_v2'
[LOG 17:59:37.461] PartLoader: Part 'Squad/Parts/Engine/liquidEngineMainsail_v2/liquidEngineMainsail_v2/liquidEngineMainsail_v2' has no database record. Creating.
[LOG 17:59:37.461] [DragCubeSystem]: Drag cubes not found or cannot be read for part Part. Generating New drag cubes.
[LOG 17:59:37.462] [KSPCF/DragCubeGeneration] Creating drag cubes for part 'liquidEngineMainsail.v2'
[LOG 17:59:37.494] PartLoader: Compiling Part 'Squad/Parts/Engine/liquidEngineMk55/liquidEngineMk55/radialLiquidEngine1-2'
[LOG 17:59:37.500] PartLoader: Part 'Squad/Parts/Engine/liquidEngineMk55/liquidEngineMk55/radialLiquidEngine1-2' has no database record. Creating.
[LOG 17:59:37.500] [DragCubeSystem]: Drag cubes not found or cannot be read for part Part. Generating New drag cubes.
[LOG 17:59:37.500] [KSPCF/DragCubeGeneration] Creating drag cubes for part 'radialLiquidEngine1-2'
[LOG 17:59:37.506] PartLoader: Compiling Part 'Squad/Parts/Engine/liquidEnginePoodle_v2/liquidEnginePoodle_v2/liquidEngine2-2_v2'
[LOG 17:59:37.515] PartLoader: Part 'Squad/Parts/Engine/liquidEnginePoodle_v2/liquidEnginePoodle_v2/liquidEngine2-2_v2' has no database record. Creating.
[LOG 17:59:37.516] PartLoader: Compiling Part 'Squad/Parts/Engine/liquidEngineSkipper_v2/skipperLiquidEngine_v2/engineLargeSkipper_v2'
[LOG 17:59:37.525] PartLoader: Part 'Squad/Parts/Engine/liquidEngineSkipper_v2/skipperLiquidEngine_v2/engineLargeSkipper_v2' has no database record. Creating.
[LOG 17:59:37.525] [DragCubeSystem]: Drag cubes not found or cannot be read for part Part. Generating New drag cubes.
[LOG 17:59:37.525] [KSPCF/DragCubeGeneration] Creating drag cubes for part 'engineLargeSkipper.v2'
[LOG 17:59:37.552] PartLoader: Compiling Part 'Squad/Parts/Engine/liquidEngineSSME/SSME/SSME'
[LOG 17:59:37.563] PartLoader: Part 'Squad/Parts/Engine/liquidEngineSSME/SSME/SSME' has no database record. Creating.
[LOG 17:59:37.564] [DragCubeSystem]: Drag cubes not found or cannot be read for part Part. Generating New drag cubes.
[LOG 17:59:37.564] [KSPCF/DragCubeGeneration] Creating drag cubes for part 'SSME'
[LOG 17:59:37.580] PartLoader: Compiling Part 'Squad/Parts/Engine/MassiveSRB/part/MassiveBooster'
[LOG 17:59:37.591] PartLoader: Part 'Squad/Parts/Engine/MassiveSRB/part/MassiveBooster' has no database record. Creating.
[LOG 17:59:37.591] [DragCubeSystem]: Drag cubes not found or cannot be read for part Part. Generating New drag cubes.
[LOG 17:59:37.591] [KSPCF/DragCubeGeneration] Creating drag cubes for part 'MassiveBooster'
[LOG 17:59:37.596] PartLoader: Compiling Part 'Squad/Parts/Engine/miniJet/SmallJetEngine/miniJetEngine'
[LOG 17:59:37.604] PartLoader: Part 'Squad/Parts/Engine/miniJet/SmallJetEngine/miniJetEngine' has no database record. Creating.
[LOG 17:59:37.604] [DragCubeSystem]: Drag cubes not found or cannot be read for part Part. Generating New drag cubes.
[LOG 17:59:37.604] [KSPCF/DragCubeGeneration] Creating drag cubes for part 'miniJetEngine'
[LOG 17:59:37.613] PartLoader: Compiling Part 'Squad/Parts/Engine/OMSEngine/omsEngine/omsEngine'
[LOG 17:59:37.621] PartLoader: Part 'Squad/Parts/Engine/OMSEngine/omsEngine/omsEngine' has no database record. Creating.
[LOG 17:59:37.621] [DragCubeSystem]: Drag cubes not found or cannot be read for part Part. Generating New drag cubes.
[LOG 17:59:37.621] [KSPCF/DragCubeGeneration] Creating drag cubes for part 'omsEngine'
[LOG 17:59:37.626] PartLoader: Compiling Part 'Squad/Parts/Engine/rapierEngine/rapierEngine/RAPIER'
[LOG 17:59:37.638] PartLoader: Part 'Squad/Parts/Engine/rapierEngine/rapierEngine/RAPIER' has no database record. Creating.
[LOG 17:59:37.638] [DragCubeSystem]: Drag cubes not found or cannot be read for part Part. Generating New drag cubes.
[LOG 17:59:37.638] [KSPCF/DragCubeGeneration] Creating drag cubes for part 'RAPIER'
[LOG 17:59:37.654] PartLoader: Compiling Part 'Squad/Parts/Engine/Size1_SRBs/solidBoosterRT-10_v2/solidBooster_v2'
[LOG 17:59:37.661] PartLoader: Part 'Squad/Parts/Engine/Size1_SRBs/solidBoosterRT-10_v2/solidBooster_v2' has no database record. Creating.
[LOG 17:59:37.661] [DragCubeSystem]: Drag cubes not found or cannot be read for part Part. Generating New drag cubes.
[LOG 17:59:37.661] [KSPCF/DragCubeGeneration] Creating drag cubes for part 'solidBooster.v2'
[LOG 17:59:37.673] PartLoader: Compiling Part 'Squad/Parts/Engine/Size1_SRBs/solidBoosterRT-5_v2/solidBooster_sm_v2'
[LOG 17:59:37.680] PartLoader: Part 'Squad/Parts/Engine/Size1_SRBs/solidBoosterRT-5_v2/solidBooster_sm_v2' has no database record. Creating.
[LOG 17:59:37.680] [DragCubeSystem]: Drag cubes not found or cannot be read for part Part. Generating New drag cubes.
[LOG 17:59:37.680] [KSPCF/DragCubeGeneration] Creating drag cubes for part 'solidBooster.sm.v2'
[LOG 17:59:37.693] PartLoader: Compiling Part 'Squad/Parts/Engine/Size2LFB/part/Size2LFB'
[LOG 17:59:37.700] PartLoader: Part 'Squad/Parts/Engine/Size2LFB/part/Size2LFB' has no database record. Creating.
[LOG 17:59:37.700] [DragCubeSystem]: Drag cubes not found or cannot be read for part Part. Generating New drag cubes.
[LOG 17:59:37.700] [KSPCF/DragCubeGeneration] Creating drag cubes for part 'Size2LFB'
[LOG 17:59:37.705] PartLoader: Compiling Part 'Squad/Parts/Engine/Size2LFB_v2/part/Size2LFB_v2'
[LOG 17:59:37.713] PartLoader: Part 'Squad/Parts/Engine/Size2LFB_v2/part/Size2LFB_v2' has no database record. Creating.
[LOG 17:59:37.713] [DragCubeSystem]: Drag cubes not found or cannot be read for part Part. Generating New drag cubes.
[LOG 17:59:37.713] [KSPCF/DragCubeGeneration] Creating drag cubes for part 'Size2LFB.v2'
[LOG 17:59:37.718] PartLoader: Compiling Part 'Squad/Parts/Engine/Size3AdvancedEngine/part/Size3AdvancedEngine'
[LOG 17:59:37.727] PartLoader: Part 'Squad/Parts/Engine/Size3AdvancedEngine/part/Size3AdvancedEngine' has no database record. Creating.
[LOG 17:59:37.727] [DragCubeSystem]: Drag cubes not found or cannot be read for part Part. Generating New drag cubes.
[LOG 17:59:37.727] [KSPCF/DragCubeGeneration] Creating drag cubes for part 'Size3AdvancedEngine'
[LOG 17:59:37.742] PartLoader: Compiling Part 'Squad/Parts/Engine/Size3EngineCluster/part/Size3EngineCluster'
[LOG 17:59:37.750] PartLoader: Part 'Squad/Parts/Engine/Size3EngineCluster/part/Size3EngineCluster' has no database record. Creating.
[LOG 17:59:37.750] [DragCubeSystem]: Drag cubes not found or cannot be read for part Part. Generating New drag cubes.
[LOG 17:59:37.750] [KSPCF/DragCubeGeneration] Creating drag cubes for part 'Size3EngineCluster'
[LOG 17:59:37.756] PartLoader: Compiling Part 'Squad/Parts/Engine/solidBoosterBACC/solidBoosterBACC/solidBooster1-1'
[LOG 17:59:37.763] PartLoader: Part 'Squad/Parts/Engine/solidBoosterBACC/solidBoosterBACC/solidBooster1-1' has no database record. Creating.
[LOG 17:59:37.763] [DragCubeSystem]: Drag cubes not found or cannot be read for part Part. Generating New drag cubes.
[LOG 17:59:37.763] [KSPCF/DragCubeGeneration] Creating drag cubes for part 'solidBooster1-1'
[LOG 17:59:37.768] PartLoader: Compiling Part 'Squad/Parts/Engine/solidBoosterS2-17/solidBoosterS2-17/Thoroughbred'
[LOG 17:59:37.777] PartLoader: Part 'Squad/Parts/Engine/solidBoosterS2-17/solidBoosterS2-17/Thoroughbred' has no database record. Creating.
[LOG 17:59:37.777] [DragCubeSystem]: Drag cubes not found or cannot be read for part Part. Generating New drag cubes.
[LOG 17:59:37.777] [KSPCF/DragCubeGeneration] Creating drag cubes for part 'Thoroughbred'
[LOG 17:59:37.782] PartLoader: Compiling Part 'Squad/Parts/Engine/solidBoosterS2-33/solidBoosterS2-33/Clydesdale'
[LOG 17:59:37.788] PartLoader: Part 'Squad/Parts/Engine/solidBoosterS2-33/solidBoosterS2-33/Clydesdale' has no database record. Creating.
[LOG 17:59:37.788] [DragCubeSystem]: Drag cubes not found or cannot be read for part Part. Generating New drag cubes.
[LOG 17:59:37.788] [KSPCF/DragCubeGeneration] Creating drag cubes for part 'Clydesdale'
[LOG 17:59:37.794] PartLoader: Compiling Part 'Squad/Parts/Engine/solidBoosterSep/solidBoosterSep/sepMotor1'
[LOG 17:59:37.797] [ModuleCargoPart]: Setting stackableQuantity to 1 as sepMotor1 contains resources
[LOG 17:59:37.798] PartLoader: Part 'Squad/Parts/Engine/solidBoosterSep/solidBoosterSep/sepMotor1' has no database record. Creating.
[LOG 17:59:37.799] [DragCubeSystem]: Drag cubes not found or cannot be read for part Part. Generating New drag cubes.
[LOG 17:59:37.799] [KSPCF/DragCubeGeneration] Creating drag cubes for part 'sepMotor1'
[LOG 17:59:37.804] PartLoader: Compiling Part 'Squad/Parts/Engine/SolidBoostersF/SolidBoosterF3S0/Shrimp'
[LOG 17:59:37.811] PartLoader: Part 'Squad/Parts/Engine/SolidBoostersF/SolidBoosterF3S0/Shrimp' has no database record. Creating.
[LOG 17:59:37.811] [DragCubeSystem]: Drag cubes not found or cannot be read for part Part. Generating New drag cubes.
[LOG 17:59:37.811] [KSPCF/DragCubeGeneration] Creating drag cubes for part 'Shrimp'
[LOG 17:59:37.816] PartLoader: Compiling Part 'Squad/Parts/Engine/SolidBoostersF/SolidBoosterFM1/Mite'
[LOG 17:59:37.822] PartLoader: Part 'Squad/Parts/Engine/SolidBoostersF/SolidBoosterFM1/Mite' has no database record. Creating.
[LOG 17:59:37.822] [DragCubeSystem]: Drag cubes not found or cannot be read for part Part. Generating New drag cubes.
[LOG 17:59:37.822] [KSPCF/DragCubeGeneration] Creating drag cubes for part 'Mite'
[LOG 17:59:37.827] PartLoader: Compiling Part 'Squad/Parts/FuelTank/adapterTanks/Mk3-Mk2/adapterMk3-Mk2'
[LOG 17:59:37.829] PartLoader: Part 'Squad/Parts/FuelTank/adapterTanks/Mk3-Mk2/adapterMk3-Mk2' has no database record. Creating.
[LOG 17:59:37.829] [DragCubeSystem]: Drag cubes not found or cannot be read for part Part. Generating New drag cubes.
[LOG 17:59:37.829] [KSPCF/DragCubeGeneration] Creating drag cubes for part 'adapterMk3-Mk2'
[LOG 17:59:37.834] PartLoader: Compiling Part 'Squad/Parts/FuelTank/adapterTanks/Mk3-ShuttleAdapter/adapterEngines'
[LOG 17:59:37.836] PartLoader: Part 'Squad/Parts/FuelTank/adapterTanks/Mk3-ShuttleAdapter/adapterEngines' has no database record. Creating.
[LOG 17:59:37.836] [DragCubeSystem]: Drag cubes not found or cannot be read for part Part. Generating New drag cubes.
[LOG 17:59:37.836] [KSPCF/DragCubeGeneration] Creating drag cubes for part 'adapterEngines'
[LOG 17:59:37.840] PartLoader: Compiling Part 'Squad/Parts/FuelTank/adapterTanks/Mk3-Size2/adapterMk3-Size2'
[LOG 17:59:37.842] PartLoader: Part 'Squad/Parts/FuelTank/adapterTanks/Mk3-Size2/adapterMk3-Size2' has no database record. Creating.
[LOG 17:59:37.842] [DragCubeSystem]: Drag cubes not found or cannot be read for part Part. Generating New drag cubes.
[LOG 17:59:37.842] [KSPCF/DragCubeGeneration] Creating drag cubes for part 'adapterMk3-Size2'
[LOG 17:59:37.847] PartLoader: Compiling Part 'Squad/Parts/FuelTank/adapterTanks/Mk3-Size2Slant/adapterMk3-Size2Slant'
[LOG 17:59:37.850] PartLoader: Part 'Squad/Parts/FuelTank/adapterTanks/Mk3-Size2Slant/adapterMk3-Size2Slant' has no database record. Creating.
[LOG 17:59:37.850] [DragCubeSystem]: Drag cubes not found or cannot be read for part Part. Generating New drag cubes.
[LOG 17:59:37.850] [KSPCF/DragCubeGeneration] Creating drag cubes for part 'adapterMk3-Size2Slant'
[LOG 17:59:37.854] PartLoader: Compiling Part 'Squad/Parts/FuelTank/adapterTanks/Size2-Mk2/adapterSize2-Mk2'
[LOG 17:59:37.857] PartLoader: Part 'Squad/Parts/FuelTank/adapterTanks/Size2-Mk2/adapterSize2-Mk2' has no database record. Creating.
[LOG 17:59:37.857] [DragCubeSystem]: Drag cubes not found or cannot be read for part Part. Generating New drag cubes.
[LOG 17:59:37.857] [KSPCF/DragCubeGeneration] Creating drag cubes for part 'adapterSize2-Mk2'
[LOG 17:59:37.861] PartLoader: Compiling Part 'Squad/Parts/FuelTank/adapterTanks/Size2-Size1/adapterSize2-Size1'
[LOG 17:59:37.863] PartLoader: Part 'Squad/Parts/FuelTank/adapterTanks/Size2-Size1/adapterSize2-Size1' has no database record. Creating.
[LOG 17:59:37.863] [DragCubeSystem]: Drag cubes not found or cannot be read for part Part. Generating New drag cubes.
[LOG 17:59:37.863] [KSPCF/DragCubeGeneration] Creating drag cubes for part 'adapterSize2-Size1'
[LOG 17:59:37.867] PartLoader: Compiling Part 'Squad/Parts/FuelTank/adapterTanks/Size2-Size1Slant/adapterSize2-Size1Slant'
[LOG 17:59:37.870] PartLoader: Part 'Squad/Parts/FuelTank/adapterTanks/Size2-Size1Slant/adapterSize2-Size1Slant' has no database record. Creating.
[LOG 17:59:37.870] [DragCubeSystem]: Drag cubes not found or cannot be read for part Part. Generating New drag cubes.
[LOG 17:59:37.870] [KSPCF/DragCubeGeneration] Creating drag cubes for part 'adapterSize2-Size1Slant'
[LOG 17:59:37.874] PartLoader: Compiling Part 'Squad/Parts/FuelTank/adapterTanks/Size3-Mk3/adapterSize3-Mk3'
[LOG 17:59:37.876] PartLoader: Part 'Squad/Parts/FuelTank/adapterTanks/Size3-Mk3/adapterSize3-Mk3' has no database record. Creating.
[LOG 17:59:37.877] [DragCubeSystem]: Drag cubes not found or cannot be read for part Part. Generating New drag cubes.
[LOG 17:59:37.877] [KSPCF/DragCubeGeneration] Creating drag cubes for part 'adapterSize3-Mk3'
[LOG 17:59:37.882] PartLoader: Compiling Part 'Squad/Parts/FuelTank/drainTankFTE-1/ReleaseValve/ReleaseValve'
[LOG 17:59:37.893] PartLoader: Part 'Squad/Parts/FuelTank/drainTankFTE-1/ReleaseValve/ReleaseValve' has no database record. Creating.
[LOG 17:59:37.893] [DragCubeSystem]: Drag cubes not found or cannot be read for part Part. Generating New drag cubes.
[LOG 17:59:37.893] [KSPCF/DragCubeGeneration] Creating drag cubes for part 'ReleaseValve'
[LOG 17:59:37.897] PartLoader: Compiling Part 'Squad/Parts/FuelTank/FoilTanks/RadialTank_Capsule/externalTankCapsule'
[LOG 17:59:37.900] PartLoader: Part 'Squad/Parts/FuelTank/FoilTanks/RadialTank_Capsule/externalTankCapsule' has no database record. Creating.
[LOG 17:59:37.900] [DragCubeSystem]: Drag cubes not found or cannot be read for part Part. Generating New drag cubes.
[LOG 17:59:37.900] [KSPCF/DragCubeGeneration] Creating drag cubes for part 'externalTankCapsule'
[LOG 17:59:37.905] PartLoader: Compiling Part 'Squad/Parts/FuelTank/FoilTanks/RadialTank_Round/externalTankRound'
[LOG 17:59:37.908] PartLoader: Part 'Squad/Parts/FuelTank/FoilTanks/RadialTank_Round/externalTankRound' has no database record. Creating.
[LOG 17:59:37.908] [DragCubeSystem]: Drag cubes not found or cannot be read for part Part. Generating New drag cubes.
[LOG 17:59:37.908] [KSPCF/DragCubeGeneration] Creating drag cubes for part 'externalTankRound'
[LOG 17:59:37.913] PartLoader: Compiling Part 'Squad/Parts/FuelTank/FoilTanks/ToroidTank/externalTankToroid'
[LOG 17:59:37.917] PartLoader: Part 'Squad/Parts/FuelTank/FoilTanks/ToroidTank/externalTankToroid' has no database record. Creating.
[LOG 17:59:37.917] [DragCubeSystem]: Drag cubes not found or cannot be read for part Part. Generating New drag cubes.
[LOG 17:59:37.918] [KSPCF/DragCubeGeneration] Creating drag cubes for part 'externalTankToroid'
[LOG 17:59:37.922] PartLoader: Compiling Part 'Squad/Parts/FuelTank/fuelTankOscarB/fuelTankOscarB/miniFuelTank'
[LOG 17:59:37.925] PartLoader: Part 'Squad/Parts/FuelTank/fuelTankOscarB/fuelTankOscarB/miniFuelTank' has no database record. Creating.
[LOG 17:59:37.925] [DragCubeSystem]: Drag cubes not found or cannot be read for part Part. Generating New drag cubes.
[LOG 17:59:37.925] [KSPCF/DragCubeGeneration] Creating drag cubes for part 'miniFuelTank'
[LOG 17:59:37.930] PartLoader: Compiling Part 'Squad/Parts/FuelTank/miniFuselage/miniFuselage/miniFuselage'
[LOG 17:59:37.932] PartLoader: Part 'Squad/Parts/FuelTank/miniFuselage/miniFuselage/miniFuselage' has no database record. Creating.
[LOG 17:59:37.932] [DragCubeSystem]: Drag cubes not found or cannot be read for part Part. Generating New drag cubes.
[LOG 17:59:37.932] [KSPCF/DragCubeGeneration] Creating drag cubes for part 'miniFuselage'
[LOG 17:59:37.937] PartLoader: Compiling Part 'Squad/Parts/FuelTank/mk2Adapters/bicoupler/mk2_1m_Bicoupler'
[LOG 17:59:37.940] PartLoader: Part 'Squad/Parts/FuelTank/mk2Adapters/bicoupler/mk2_1m_Bicoupler' has no database record. Creating.
[LOG 17:59:37.940] [DragCubeSystem]: Drag cubes not found or cannot be read for part Part. Generating New drag cubes.
[LOG 17:59:37.940] [KSPCF/DragCubeGeneration] Creating drag cubes for part 'mk2.1m.Bicoupler'
[LOG 17:59:37.945] PartLoader: Compiling Part 'Squad/Parts/FuelTank/mk2Adapters/long/mk2_1m_AdapterLong'
[LOG 17:59:37.947] PartLoader: Part 'Squad/Parts/FuelTank/mk2Adapters/long/mk2_1m_AdapterLong' has no database record. Creating.
[LOG 17:59:37.947] [DragCubeSystem]: Drag cubes not found or cannot be read for part Part. Generating New drag cubes.
[LOG 17:59:37.947] [KSPCF/DragCubeGeneration] Creating drag cubes for part 'mk2.1m.AdapterLong'
[LOG 17:59:37.953] PartLoader: Compiling Part 'Squad/Parts/FuelTank/mk2Adapters/standard/mk2SpacePlaneAdapter'
[LOG 17:59:37.957] PartLoader: Part 'Squad/Parts/FuelTank/mk2Adapters/standard/mk2SpacePlaneAdapter' has no database record. Creating.
[LOG 17:59:37.957] [DragCubeSystem]: Drag cubes not found or cannot be read for part Part. Generating New drag cubes.
[LOG 17:59:37.958] [KSPCF/DragCubeGeneration] Creating drag cubes for part 'mk2SpacePlaneAdapter'
[LOG 17:59:37.962] PartLoader: Compiling Part 'Squad/Parts/FuelTank/mk2FuselageLong/LFO_long/mk2FuselageLongLFO'
[LOG 17:59:37.965] PartLoader: Part 'Squad/Parts/FuelTank/mk2FuselageLong/LFO_long/mk2FuselageLongLFO' has no database record. Creating.
[LOG 17:59:37.965] [DragCubeSystem]: Drag cubes not found or cannot be read for part Part. Generating New drag cubes.
[LOG 17:59:37.965] [KSPCF/DragCubeGeneration] Creating drag cubes for part 'mk2FuselageLongLFO'
[LOG 17:59:37.970] PartLoader: Compiling Part 'Squad/Parts/FuelTank/mk2FuselageLong/L_long/mk2Fuselage'
[LOG 17:59:37.972] PartLoader: Part 'Squad/Parts/FuelTank/mk2FuselageLong/L_long/mk2Fuselage' has no database record. Creating.
[LOG 17:59:37.972] [DragCubeSystem]: Drag cubes not found or cannot be read for part Part. Generating New drag cubes.
[LOG 17:59:37.972] [KSPCF/DragCubeGeneration] Creating drag cubes for part 'mk2Fuselage'
[LOG 17:59:37.976] PartLoader: Compiling Part 'Squad/Parts/FuelTank/mk2FuselageShort/LFO_short/mk2FuselageShortLFO'
[LOG 17:59:37.979] PartLoader: Part 'Squad/Parts/FuelTank/mk2FuselageShort/LFO_short/mk2FuselageShortLFO' has no database record. Creating.
[LOG 17:59:37.979] [DragCubeSystem]: Drag cubes not found or cannot be read for part Part. Generating New drag cubes.
[LOG 17:59:37.979] [KSPCF/DragCubeGeneration] Creating drag cubes for part 'mk2FuselageShortLFO'
[LOG 17:59:37.984] PartLoader: Compiling Part 'Squad/Parts/FuelTank/mk2FuselageShort/L_short/mk2FuselageShortLiquid'
[LOG 17:59:37.989] PartLoader: Part 'Squad/Parts/FuelTank/mk2FuselageShort/L_short/mk2FuselageShortLiquid' has no database record. Creating.
[LOG 17:59:37.989] [DragCubeSystem]: Drag cubes not found or cannot be read for part Part. Generating New drag cubes.
[LOG 17:59:37.989] [KSPCF/DragCubeGeneration] Creating drag cubes for part 'mk2FuselageShortLiquid'
[LOG 17:59:37.994] PartLoader: Compiling Part 'Squad/Parts/FuelTank/mk2FuselageShort/Mono_short/mk2FuselageShortMono'
[LOG 17:59:37.998] PartLoader: Part 'Squad/Parts/FuelTank/mk2FuselageShort/Mono_short/mk2FuselageShortMono' has no database record. Creating.
[LOG 17:59:37.998] [DragCubeSystem]: Drag cubes not found or cannot be read for part Part. Generating New drag cubes.
[LOG 17:59:37.998] [KSPCF/DragCubeGeneration] Creating drag cubes for part 'mk2FuselageShortMono'
[LOG 17:59:38.003] PartLoader: Compiling Part 'Squad/Parts/FuelTank/mk3Fuselage/CREW/mk3CrewCabin'
[LOG 17:59:38.007] PartLoader: Part 'Squad/Parts/FuelTank/mk3Fuselage/CREW/mk3CrewCabin' has no database record. Creating.
[LOG 17:59:38.007] [DragCubeSystem]: Drag cubes not found or cannot be read for part Part. Generating New drag cubes.
[LOG 17:59:38.007] [KSPCF/DragCubeGeneration] Creating drag cubes for part 'mk3CrewCabin'
[LOG 17:59:38.012] PartLoader: Compiling Part 'Squad/Parts/FuelTank/mk3Fuselage/LFO_100/mk3FuselageLFO_100'
[LOG 17:59:38.014] PartLoader: Part 'Squad/Parts/FuelTank/mk3Fuselage/LFO_100/mk3FuselageLFO_100' has no database record. Creating.
[LOG 17:59:38.014] [DragCubeSystem]: Drag cubes not found or cannot be read for part Part. Generating New drag cubes.
[LOG 17:59:38.014] [KSPCF/DragCubeGeneration] Creating drag cubes for part 'mk3FuselageLFO.100'
[LOG 17:59:38.019] PartLoader: Compiling Part 'Squad/Parts/FuelTank/mk3Fuselage/LFO_25/mk3FuselageLFO_25'
[LOG 17:59:38.023] PartLoader: Part 'Squad/Parts/FuelTank/mk3Fuselage/LFO_25/mk3FuselageLFO_25' has no database record. Creating.
[LOG 17:59:38.023] [DragCubeSystem]: Drag cubes not found or cannot be read for part Part. Generating New drag cubes.
[LOG 17:59:38.023] [KSPCF/DragCubeGeneration] Creating drag cubes for part 'mk3FuselageLFO.25'
[LOG 17:59:38.027] PartLoader: Compiling Part 'Squad/Parts/FuelTank/mk3Fuselage/LFO_50/mk3FuselageLFO_50'
[LOG 17:59:38.029] PartLoader: Part 'Squad/Parts/FuelTank/mk3Fuselage/LFO_50/mk3FuselageLFO_50' has no database record. Creating.
[LOG 17:59:38.029] [DragCubeSystem]: Drag cubes not found or cannot be read for part Part. Generating New drag cubes.
[LOG 17:59:38.030] [KSPCF/DragCubeGeneration] Creating drag cubes for part 'mk3FuselageLFO.50'
[LOG 17:59:38.034] PartLoader: Compiling Part 'Squad/Parts/FuelTank/mk3Fuselage/LF_100/mk3FuselageLF_100'
[LOG 17:59:38.036] PartLoader: Part 'Squad/Parts/FuelTank/mk3Fuselage/LF_100/mk3FuselageLF_100' has no database record. Creating.
[LOG 17:59:38.036] [DragCubeSystem]: Drag cubes not found or cannot be read for part Part. Generating New drag cubes.
[LOG 17:59:38.036] [KSPCF/DragCubeGeneration] Creating drag cubes for part 'mk3FuselageLF.100'
[LOG 17:59:38.040] PartLoader: Compiling Part 'Squad/Parts/FuelTank/mk3Fuselage/LF_25/mk3FuselageLF_25'
[LOG 17:59:38.042] PartLoader: Part 'Squad/Parts/FuelTank/mk3Fuselage/LF_25/mk3FuselageLF_25' has no database record. Creating.
[LOG 17:59:38.042] [DragCubeSystem]: Drag cubes not found or cannot be read for part Part. Generating New drag cubes.
[LOG 17:59:38.042] [KSPCF/DragCubeGeneration] Creating drag cubes for part 'mk3FuselageLF.25'
[LOG 17:59:38.047] PartLoader: Compiling Part 'Squad/Parts/FuelTank/mk3Fuselage/LF_50/mk3FuselageLF_50'
[LOG 17:59:38.049] PartLoader: Part 'Squad/Parts/FuelTank/mk3Fuselage/LF_50/mk3FuselageLF_50' has no database record. Creating.
[LOG 17:59:38.049] [DragCubeSystem]: Drag cubes not found or cannot be read for part Part. Generating New drag cubes.
[LOG 17:59:38.049] [KSPCF/DragCubeGeneration] Creating drag cubes for part 'mk3FuselageLF.50'
[LOG 17:59:38.053] PartLoader: Compiling Part 'Squad/Parts/FuelTank/mk3Fuselage/MONO/mk3FuselageMONO'
[LOG 17:59:38.056] PartLoader: Part 'Squad/Parts/FuelTank/mk3Fuselage/MONO/mk3FuselageMONO' has no database record. Creating.
[LOG 17:59:38.056] [DragCubeSystem]: Drag cubes not found or cannot be read for part Part. Generating New drag cubes.
[LOG 17:59:38.056] [KSPCF/DragCubeGeneration] Creating drag cubes for part 'mk3FuselageMONO'
[LOG 17:59:38.060] PartLoader: Compiling Part 'Squad/Parts/FuelTank/RCSFuelTankR1/RCSFuelTankR1/RCSTank1-2'
[LOG 17:59:38.063] PartLoader: Part 'Squad/Parts/FuelTank/RCSFuelTankR1/RCSFuelTankR1/RCSTank1-2' has no database record. Creating.
[LOG 17:59:38.063] [DragCubeSystem]: Drag cubes not found or cannot be read for part Part. Generating New drag cubes.
[LOG 17:59:38.063] [KSPCF/DragCubeGeneration] Creating drag cubes for part 'RCSTank1-2'
[LOG 17:59:38.068] PartLoader: Compiling Part 'Squad/Parts/FuelTank/RCSFuelTankR10/RCSFuelTankR10/rcsTankMini'
[LOG 17:59:38.070] PartLoader: Part 'Squad/Parts/FuelTank/RCSFuelTankR10/RCSFuelTankR10/rcsTankMini' has no database record. Creating.
[LOG 17:59:38.070] [DragCubeSystem]: Drag cubes not found or cannot be read for part Part. Generating New drag cubes.
[LOG 17:59:38.070] [KSPCF/DragCubeGeneration] Creating drag cubes for part 'rcsTankMini'
[LOG 17:59:38.074] PartLoader: Compiling Part 'Squad/Parts/FuelTank/RCSFuelTankR25/RCSFuelTankR25/RCSFuelTank'
[LOG 17:59:38.077] PartLoader: Part 'Squad/Parts/FuelTank/RCSFuelTankR25/RCSFuelTankR25/RCSFuelTank' has no database record. Creating.
[LOG 17:59:38.077] [DragCubeSystem]: Drag cubes not found or cannot be read for part Part. Generating New drag cubes.
[LOG 17:59:38.077] [KSPCF/DragCubeGeneration] Creating drag cubes for part 'RCSFuelTank'
[LOG 17:59:38.081] PartLoader: Compiling Part 'Squad/Parts/FuelTank/RCSTankRadial/radialRCSTank/radialRCSTank'
[LOG 17:59:38.083] PartLoader: Part 'Squad/Parts/FuelTank/RCSTankRadial/radialRCSTank/radialRCSTank' has no database record. Creating.
[LOG 17:59:38.084] [DragCubeSystem]: Drag cubes not found or cannot be read for part Part. Generating New drag cubes.
[LOG 17:59:38.084] [KSPCF/DragCubeGeneration] Creating drag cubes for part 'radialRCSTank'
[LOG 17:59:38.088] PartLoader: Compiling Part 'Squad/Parts/FuelTank/RCStankRadialLong/RCSTankRadialLong/rcsTankRadialLong'
[LOG 17:59:38.091] PartLoader: Part 'Squad/Parts/FuelTank/RCStankRadialLong/RCSTankRadialLong/rcsTankRadialLong' has no database record. Creating.
[LOG 17:59:38.092] [DragCubeSystem]: Drag cubes not found or cannot be read for part Part. Generating New drag cubes.
[LOG 17:59:38.092] [KSPCF/DragCubeGeneration] Creating drag cubes for part 'rcsTankRadialLong'
[LOG 17:59:38.096] PartLoader: Compiling Part 'Squad/Parts/FuelTank/RockomaxTanks/Rockomax16/Rockomax16_BW'
[LOG 17:59:38.099] PartLoader: Part 'Squad/Parts/FuelTank/RockomaxTanks/Rockomax16/Rockomax16_BW' has no database record. Creating.
[LOG 17:59:38.099] [DragCubeSystem]: Drag cubes not found or cannot be read for part Part. Generating New drag cubes.
[LOG 17:59:38.099] [KSPCF/DragCubeGeneration] Creating drag cubes for part 'Rockomax16.BW'
[LOG 17:59:38.104] PartLoader: Compiling Part 'Squad/Parts/FuelTank/RockomaxTanks/Rockomax32/Rockomax32_BW'
[LOG 17:59:38.108] PartLoader: Part 'Squad/Parts/FuelTank/RockomaxTanks/Rockomax32/Rockomax32_BW' has no database record. Creating.
[LOG 17:59:38.108] [DragCubeSystem]: Drag cubes not found or cannot be read for part Part. Generating New drag cubes.
[LOG 17:59:38.108] [KSPCF/DragCubeGeneration] Creating drag cubes for part 'Rockomax32.BW'
[LOG 17:59:38.124] PartLoader: Compiling Part 'Squad/Parts/FuelTank/RockomaxTanks/Rockomax64/Rockomax64_BW'
[LOG 17:59:38.127] PartLoader: Part 'Squad/Parts/FuelTank/RockomaxTanks/Rockomax64/Rockomax64_BW' has no database record. Creating.
[LOG 17:59:38.127] [DragCubeSystem]: Drag cubes not found or cannot be read for part Part. Generating New drag cubes.
[LOG 17:59:38.127] [KSPCF/DragCubeGeneration] Creating drag cubes for part 'Rockomax64.BW'
[LOG 17:59:38.137] PartLoader: Compiling Part 'Squad/Parts/FuelTank/RockomaxTanks/Rockomax8/Rockomax8BW'
[LOG 17:59:38.140] PartLoader: Part 'Squad/Parts/FuelTank/RockomaxTanks/Rockomax8/Rockomax8BW' has no database record. Creating.
[LOG 17:59:38.140] [DragCubeSystem]: Drag cubes not found or cannot be read for part Part. Generating New drag cubes.
[LOG 17:59:38.140] [KSPCF/DragCubeGeneration] Creating drag cubes for part 'Rockomax8BW'
[LOG 17:59:38.151] PartLoader: Compiling Part 'Squad/Parts/FuelTank/Size1_Tanks/fuelTankT100/fuelTankSmallFlat'
[LOG 17:59:38.154] PartLoader: Part 'Squad/Parts/FuelTank/Size1_Tanks/fuelTankT100/fuelTankSmallFlat' has no database record. Creating.
[LOG 17:59:38.154] [DragCubeSystem]: Drag cubes not found or cannot be read for part Part. Generating New drag cubes.
[LOG 17:59:38.154] [KSPCF/DragCubeGeneration] Creating drag cubes for part 'fuelTankSmallFlat'
[LOG 17:59:38.159] PartLoader: Compiling Part 'Squad/Parts/FuelTank/Size1_Tanks/fuelTankT200/fuelTankSmall'
[LOG 17:59:38.162] PartLoader: Part 'Squad/Parts/FuelTank/Size1_Tanks/fuelTankT200/fuelTankSmall' has no database record. Creating.
[LOG 17:59:38.162] [DragCubeSystem]: Drag cubes not found or cannot be read for part Part. Generating New drag cubes.
[LOG 17:59:38.162] [KSPCF/DragCubeGeneration] Creating drag cubes for part 'fuelTankSmall'
[LOG 17:59:38.167] PartLoader: Compiling Part 'Squad/Parts/FuelTank/Size1_Tanks/fuelTankT400/fuelTank'
[LOG 17:59:38.170] PartLoader: Part 'Squad/Parts/FuelTank/Size1_Tanks/fuelTankT400/fuelTank' has no database record. Creating.
[LOG 17:59:38.170] [DragCubeSystem]: Drag cubes not found or cannot be read for part Part. Generating New drag cubes.
[LOG 17:59:38.170] [KSPCF/DragCubeGeneration] Creating drag cubes for part 'fuelTank'
[LOG 17:59:38.174] PartLoader: Compiling Part 'Squad/Parts/FuelTank/Size1_Tanks/fuelTankT800/fuelTank_long'
[LOG 17:59:38.177] PartLoader: Part 'Squad/Parts/FuelTank/Size1_Tanks/fuelTankT800/fuelTank_long' has no database record. Creating.
[LOG 17:59:38.177] [DragCubeSystem]: Drag cubes not found or cannot be read for part Part. Generating New drag cubes.
[LOG 17:59:38.177] [KSPCF/DragCubeGeneration] Creating drag cubes for part 'fuelTank.long'
[LOG 17:59:38.183] PartLoader: Compiling Part 'Squad/Parts/FuelTank/Size3Tanks/large/Size3LargeTank'
[LOG 17:59:38.185] PartLoader: Part 'Squad/Parts/FuelTank/Size3Tanks/large/Size3LargeTank' has no database record. Creating.
[LOG 17:59:38.186] [DragCubeSystem]: Drag cubes not found or cannot be read for part Part. Generating New drag cubes.
[LOG 17:59:38.186] [KSPCF/DragCubeGeneration] Creating drag cubes for part 'Size3LargeTank'
[LOG 17:59:38.190] PartLoader: Compiling Part 'Squad/Parts/FuelTank/Size3Tanks/medium/Size3MediumTank'
[LOG 17:59:38.193] PartLoader: Part 'Squad/Parts/FuelTank/Size3Tanks/medium/Size3MediumTank' has no database record. Creating.
[LOG 17:59:38.193] [DragCubeSystem]: Drag cubes not found or cannot be read for part Part. Generating New drag cubes.
[LOG 17:59:38.193] [KSPCF/DragCubeGeneration] Creating drag cubes for part 'Size3MediumTank'
[LOG 17:59:38.198] PartLoader: Compiling Part 'Squad/Parts/FuelTank/Size3Tanks/small/Size3SmallTank'
[LOG 17:59:38.201] PartLoader: Part 'Squad/Parts/FuelTank/Size3Tanks/small/Size3SmallTank' has no database record. Creating.
[LOG 17:59:38.201] [DragCubeSystem]: Drag cubes not found or cannot be read for part Part. Generating New drag cubes.
[LOG 17:59:38.201] [KSPCF/DragCubeGeneration] Creating drag cubes for part 'Size3SmallTank'
[LOG 17:59:38.206] PartLoader: Compiling Part 'Squad/Parts/FuelTank/xenonTank/xenonTank/xenonTank'
[LOG 17:59:38.209] PartLoader: Part 'Squad/Parts/FuelTank/xenonTank/xenonTank/xenonTank' has no database record. Creating.
[LOG 17:59:38.209] [DragCubeSystem]: Drag cubes not found or cannot be read for part Part. Generating New drag cubes.
[LOG 17:59:38.209] [KSPCF/DragCubeGeneration] Creating drag cubes for part 'xenonTank'
[LOG 17:59:38.214] PartLoader: Compiling Part 'Squad/Parts/FuelTank/xenonTankLarge/xenonTankLarge/xenonTankLarge'
[LOG 17:59:38.217] PartLoader: Part 'Squad/Parts/FuelTank/xenonTankLarge/xenonTankLarge/xenonTankLarge' has no database record. Creating.
[LOG 17:59:38.217] [DragCubeSystem]: Drag cubes not found or cannot be read for part Part. Generating New drag cubes.
[LOG 17:59:38.217] [KSPCF/DragCubeGeneration] Creating drag cubes for part 'xenonTankLarge'
[LOG 17:59:38.222] PartLoader: Compiling Part 'Squad/Parts/FuelTank/xenonTankRadial/xenonTankRadial/xenonTankRadial'
[LOG 17:59:38.225] PartLoader: Part 'Squad/Parts/FuelTank/xenonTankRadial/xenonTankRadial/xenonTankRadial' has no database record. Creating.
[LOG 17:59:38.225] [DragCubeSystem]: Drag cubes not found or cannot be read for part Part. Generating New drag cubes.
[LOG 17:59:38.225] [KSPCF/DragCubeGeneration] Creating drag cubes for part 'xenonTankRadial'
[LOG 17:59:38.229] PartLoader: Compiling Part 'Squad/Parts/Misc/AsteroidDay/CamSat/InfraredTelescope'
[LOG 17:59:38.235] PartLoader: Part 'Squad/Parts/Misc/AsteroidDay/CamSat/InfraredTelescope' has no database record. Creating.
[LOG 17:59:38.235] [DragCubeSystem]: Drag cubes not found or cannot be read for part Part. Generating New drag cubes.
[LOG 17:59:38.235] [KSPCF/DragCubeGeneration] Creating drag cubes for part 'InfraredTelescope'
[LOG 17:59:38.240] PartLoader: Compiling Part 'Squad/Parts/Misc/AsteroidDay/HECS2/HECS2_ProbeCore'
[LOG 17:59:38.245] PartLoader: Part 'Squad/Parts/Misc/AsteroidDay/HECS2/HECS2_ProbeCore' has no database record. Creating.
[LOG 17:59:38.245] [DragCubeSystem]: Drag cubes not found or cannot be read for part Part. Generating New drag cubes.
[LOG 17:59:38.245] [KSPCF/DragCubeGeneration] Creating drag cubes for part 'HECS2.ProbeCore'
[LOG 17:59:38.251] PartLoader: Compiling Part 'Squad/Parts/Misc/AsteroidDay/HighGainAntenna/HighGainAntenna'
[LOG 17:59:38.259] PartLoader: Part 'Squad/Parts/Misc/AsteroidDay/HighGainAntenna/HighGainAntenna' has no database record. Creating.
[LOG 17:59:38.259] [DragCubeSystem]: Drag cubes not found or cannot be read for part Part. Generating New drag cubes.
[LOG 17:59:38.259] [KSPCF/DragCubeGeneration] Creating drag cubes for part 'HighGainAntenna'
[LOG 17:59:38.272] PartLoader: Compiling Part 'Squad/Parts/Misc/AsteroidDay/LgRadialSolar/LgRadialSolarPanel'
[LOG 17:59:38.275] PartLoader: Part 'Squad/Parts/Misc/AsteroidDay/LgRadialSolar/LgRadialSolarPanel' has no database record. Creating.
[LOG 17:59:38.275] [DragCubeSystem]: Drag cubes not found or cannot be read for part Part. Generating New drag cubes.
[LOG 17:59:38.275] [KSPCF/DragCubeGeneration] Creating drag cubes for part 'LgRadialSolarPanel'
[LOG 17:59:38.282] PartLoader: Compiling Part 'Squad/Parts/Misc/PotatoComet/part/PotatoComet'
[LOG 17:59:38.294] PartLoader: Part 'Squad/Parts/Misc/PotatoComet/part/PotatoComet' has no database record. Creating.
[LOG 17:59:38.294] PartLoader: Compiling Part 'Squad/Parts/Misc/PotatoRoid/part/PotatoRoid'
[LOG 17:59:38.304] PartLoader: Part 'Squad/Parts/Misc/PotatoRoid/part/PotatoRoid' has no database record. Creating.
[LOG 17:59:38.304] PartLoader: Compiling Part 'Squad/Parts/Prebuilt/flag/flag'
[LOG 17:59:38.307] PartLoader: Compiling Part 'Squad/Parts/Prebuilt/kerbalEVA/kerbalEVA'
[LOG 17:59:38.324] PartLoader: Compiling Part 'Squad/Parts/Prebuilt/kerbalEVAfemale/kerbalEVAfemale'
[LOG 17:59:38.329] PartLoader: Compiling Part 'Squad/Parts/Prebuilt/kerbalEVASlimSuit/kerbalEVASlimSuit'
[LOG 17:59:38.335] PartLoader: Compiling Part 'Squad/Parts/Prebuilt/kerbalEVASlimSuitFemale/kerbalEVASlimSuitFemale'
[LOG 17:59:38.341] PartLoader: Compiling Part 'Squad/Parts/Resources/FuelCell/FuelCell/FuelCell'
[LOG 17:59:38.349] PartLoader: Part 'Squad/Parts/Resources/FuelCell/FuelCell/FuelCell' has no database record. Creating.
[LOG 17:59:38.349] [DragCubeSystem]: Drag cubes not found or cannot be read for part Part. Generating New drag cubes.
[LOG 17:59:38.349] [KSPCF/DragCubeGeneration] Creating drag cubes for part 'FuelCell'
[LOG 17:59:38.356] PartLoader: Compiling Part 'Squad/Parts/Resources/FuelCell/FuelCellArray/FuelCellArray'
[LOG 17:59:38.359] PartLoader: Part 'Squad/Parts/Resources/FuelCell/FuelCellArray/FuelCellArray' has no database record. Creating.
[LOG 17:59:38.359] [DragCubeSystem]: Drag cubes not found or cannot be read for part Part. Generating New drag cubes.
[LOG 17:59:38.359] [KSPCF/DragCubeGeneration] Creating drag cubes for part 'FuelCellArray'
[LOG 17:59:38.364] PartLoader: Compiling Part 'Squad/Parts/Resources/ISRU/ISRU/ISRU'
[LOG 17:59:38.373] PartLoader: Part 'Squad/Parts/Resources/ISRU/ISRU/ISRU' has no database record. Creating.
[LOG 17:59:38.373] [DragCubeSystem]: Drag cubes not found or cannot be read for part Part. Generating New drag cubes.
[LOG 17:59:38.373] [KSPCF/DragCubeGeneration] Creating drag cubes for part 'ISRU'
[LOG 17:59:38.385] PartLoader: Compiling Part 'Squad/Parts/Resources/LargeTank/LargeTank/LargeTank'
[LOG 17:59:38.390] PartLoader: Part 'Squad/Parts/Resources/LargeTank/LargeTank/LargeTank' has no database record. Creating.
[LOG 17:59:38.390] [DragCubeSystem]: Drag cubes not found or cannot be read for part Part. Generating New drag cubes.
[LOG 17:59:38.390] [KSPCF/DragCubeGeneration] Creating drag cubes for part 'LargeTank'
[LOG 17:59:38.395] PartLoader: Compiling Part 'Squad/Parts/Resources/MiniDrill/MiniDrill/MiniDrill'
[LOG 17:59:38.411] PartLoader: Part 'Squad/Parts/Resources/MiniDrill/MiniDrill/MiniDrill' has no database record. Creating.
[LOG 17:59:38.411] [DragCubeSystem]: Drag cubes not found or cannot be read for part Part. Generating New drag cubes.
[LOG 17:59:38.412] [KSPCF/DragCubeGeneration] Creating drag cubes for part 'MiniDrill'
[LOG 17:59:38.436] PartLoader: Compiling Part 'Squad/Parts/Resources/MiniISRU/MiniISRU/MiniISRU'
[LOG 17:59:38.442] PartLoader: Part 'Squad/Parts/Resources/MiniISRU/MiniISRU/MiniISRU' has no database record. Creating.
[LOG 17:59:38.442] [DragCubeSystem]: Drag cubes not found or cannot be read for part Part. Generating New drag cubes.
[LOG 17:59:38.442] [KSPCF/DragCubeGeneration] Creating drag cubes for part 'MiniISRU'
[LOG 17:59:38.446] PartLoader: Compiling Part 'Squad/Parts/Resources/OrbitalScanner/OrbitalScanner/OrbitalScanner'
[LOG 17:59:38.455] PartLoader: Part 'Squad/Parts/Resources/OrbitalScanner/OrbitalScanner/OrbitalScanner' has no database record. Creating.
[LOG 17:59:38.455] [DragCubeSystem]: Drag cubes not found or cannot be read for part Part. Generating New drag cubes.
[LOG 17:59:38.455] [KSPCF/DragCubeGeneration] Creating drag cubes for part 'OrbitalScanner'
[LOG 17:59:38.466] PartLoader: Compiling Part 'Squad/Parts/Resources/RadialDrill/RadialDrill/RadialDrill'
[LOG 17:59:38.473] PartLoader: Part 'Squad/Parts/Resources/RadialDrill/RadialDrill/RadialDrill' has no database record. Creating.
[LOG 17:59:38.473] [DragCubeSystem]: Drag cubes not found or cannot be read for part Part. Generating New drag cubes.
[LOG 17:59:38.473] [KSPCF/DragCubeGeneration] Creating drag cubes for part 'RadialDrill'
[LOG 17:59:38.495] PartLoader: Compiling Part 'Squad/Parts/Resources/RadialTank/RadialTank/RadialOreTank'
[LOG 17:59:38.497] PartLoader: Part 'Squad/Parts/Resources/RadialTank/RadialTank/RadialOreTank' has no database record. Creating.
[LOG 17:59:38.497] [DragCubeSystem]: Drag cubes not found or cannot be read for part Part. Generating New drag cubes.
[LOG 17:59:38.497] [KSPCF/DragCubeGeneration] Creating drag cubes for part 'RadialOreTank'
[LOG 17:59:38.501] PartLoader: Compiling Part 'Squad/Parts/Resources/SmallTank/SmallTank/SmallTank'
[LOG 17:59:38.504] PartLoader: Part 'Squad/Parts/Resources/SmallTank/SmallTank/SmallTank' has no database record. Creating.
[LOG 17:59:38.504] [DragCubeSystem]: Drag cubes not found or cannot be read for part Part. Generating New drag cubes.
[LOG 17:59:38.504] [KSPCF/DragCubeGeneration] Creating drag cubes for part 'SmallTank'
[LOG 17:59:38.508] PartLoader: Compiling Part 'Squad/Parts/Resources/SurfaceScanner/SurfaceScanner/SurfaceScanner'
[LOG 17:59:38.521] PartLoader: Part 'Squad/Parts/Resources/SurfaceScanner/SurfaceScanner/SurfaceScanner' has no database record. Creating.
[LOG 17:59:38.521] [DragCubeSystem]: Drag cubes not found or cannot be read for part Part. Generating New drag cubes.
[LOG 17:59:38.521] [KSPCF/DragCubeGeneration] Creating drag cubes for part 'SurfaceScanner'
[LOG 17:59:38.526] PartLoader: Compiling Part 'Squad/Parts/Resources/SurveyScanner/SurveyScanner/SurveyScanner'
[LOG 17:59:38.536] PartLoader: Part 'Squad/Parts/Resources/SurveyScanner/SurveyScanner/SurveyScanner' has no database record. Creating.
[LOG 17:59:38.536] [DragCubeSystem]: Drag cubes not found or cannot be read for part Part. Generating New drag cubes.
[LOG 17:59:38.536] [KSPCF/DragCubeGeneration] Creating drag cubes for part 'SurveyScanner'
[LOG 17:59:38.548] PartLoader: Compiling Part 'Squad/Parts/Science/AtmosphereSensor/sensorAtmosphere/sensorAtmosphere'
[LOG 17:59:38.551] PartLoader: Part 'Squad/Parts/Science/AtmosphereSensor/sensorAtmosphere/sensorAtmosphere' has no database record. Creating.
[LOG 17:59:38.551] [DragCubeSystem]: Drag cubes not found or cannot be read for part Part. Generating New drag cubes.
[LOG 17:59:38.551] [KSPCF/DragCubeGeneration] Creating drag cubes for part 'sensorAtmosphere'
[LOG 17:59:38.556] PartLoader: Compiling Part 'Squad/Parts/Science/GooExperiment/gooExperiment/GooExperiment'
[LOG 17:59:38.560] PartLoader: Part 'Squad/Parts/Science/GooExperiment/gooExperiment/GooExperiment' has no database record. Creating.
[LOG 17:59:38.561] [DragCubeSystem]: Drag cubes not found or cannot be read for part Part. Generating New drag cubes.
[LOG 17:59:38.561] [KSPCF/DragCubeGeneration] Creating drag cubes for part 'GooExperiment'
[LOG 17:59:38.573] PartLoader: Compiling Part 'Squad/Parts/Science/LargeCrewedLab/largeCrewedLab/Large_Crewed_Lab'
[LOG 17:59:38.591] PartLoader: Part 'Squad/Parts/Science/LargeCrewedLab/largeCrewedLab/Large_Crewed_Lab' has no database record. Creating.
[LOG 17:59:38.591] [DragCubeSystem]: Drag cubes not found or cannot be read for part Part. Generating New drag cubes.
[LOG 17:59:38.591] [KSPCF/DragCubeGeneration] Creating drag cubes for part 'Large.Crewed.Lab'
[LOG 17:59:38.598] PartLoader: Compiling Part 'Squad/Parts/Science/Magnetometer/Magnetometer/Magnetometer'
[LOG 17:59:38.608] PartLoader: Part 'Squad/Parts/Science/Magnetometer/Magnetometer/Magnetometer' has no database record. Creating.
[LOG 17:59:38.608] [DragCubeSystem]: Drag cubes not found or cannot be read for part Part. Generating New drag cubes.
[LOG 17:59:38.608] [KSPCF/DragCubeGeneration] Creating drag cubes for part 'Magnetometer'
[LOG 17:59:38.624] PartLoader: Compiling Part 'Squad/Parts/Science/MaterialBay/materialBay/science_module'
[LOG 17:59:38.628] PartLoader: Part 'Squad/Parts/Science/MaterialBay/materialBay/science_module' has no database record. Creating.
[LOG 17:59:38.629] [DragCubeSystem]: Drag cubes not found or cannot be read for part Part. Generating New drag cubes.
[LOG 17:59:38.629] [KSPCF/DragCubeGeneration] Creating drag cubes for part 'science.module'
[LOG 17:59:38.640] PartLoader: Compiling Part 'Squad/Parts/Science/ScienceBox/ScienceBox/ScienceBox'
[LOG 17:59:38.643] PartLoader: Part 'Squad/Parts/Science/ScienceBox/ScienceBox/ScienceBox' has no database record. Creating.
[LOG 17:59:38.643] [DragCubeSystem]: Drag cubes not found or cannot be read for part Part. Generating New drag cubes.
[LOG 17:59:38.643] [KSPCF/DragCubeGeneration] Creating drag cubes for part 'ScienceBox'
[LOG 17:59:38.648] PartLoader: Compiling Part 'Squad/Parts/Science/sensorAccelerometer/sensorAccelerometer/sensorAccelerometer'
[LOG 17:59:38.654] PartLoader: Part 'Squad/Parts/Science/sensorAccelerometer/sensorAccelerometer/sensorAccelerometer' has no database record. Creating.
[LOG 17:59:38.654] [DragCubeSystem]: Drag cubes not found or cannot be read for part Part. Generating New drag cubes.
[LOG 17:59:38.654] [KSPCF/DragCubeGeneration] Creating drag cubes for part 'sensorAccelerometer'
[LOG 17:59:38.659] PartLoader: Compiling Part 'Squad/Parts/Science/sensorBarometer/sensorBarometer/sensorBarometer'
[LOG 17:59:38.662] PartLoader: Part 'Squad/Parts/Science/sensorBarometer/sensorBarometer/sensorBarometer' has no database record. Creating.
[LOG 17:59:38.662] [DragCubeSystem]: Drag cubes not found or cannot be read for part Part. Generating New drag cubes.
[LOG 17:59:38.662] [KSPCF/DragCubeGeneration] Creating drag cubes for part 'sensorBarometer'
[LOG 17:59:38.666] PartLoader: Compiling Part 'Squad/Parts/Science/sensorGravimeter/sensorGravimeter/sensorGravimeter'
[LOG 17:59:38.671] PartLoader: Part 'Squad/Parts/Science/sensorGravimeter/sensorGravimeter/sensorGravimeter' has no database record. Creating.
[LOG 17:59:38.672] [DragCubeSystem]: Drag cubes not found or cannot be read for part Part. Generating New drag cubes.
[LOG 17:59:38.672] [KSPCF/DragCubeGeneration] Creating drag cubes for part 'sensorGravimeter'
[LOG 17:59:38.676] PartLoader: Compiling Part 'Squad/Parts/Science/sensorThermometer/sensorThermometer/sensorThermometer'
[LOG 17:59:38.683] PartLoader: Part 'Squad/Parts/Science/sensorThermometer/sensorThermometer/sensorThermometer' has no database record. Creating.
[LOG 17:59:38.683] [DragCubeSystem]: Drag cubes not found or cannot be read for part Part. Generating New drag cubes.
[LOG 17:59:38.683] [KSPCF/DragCubeGeneration] Creating drag cubes for part 'sensorThermometer'
[LOG 17:59:38.687] PartLoader: Compiling Part 'Squad/Parts/Structural/FLAdapters/adapterSmallMiniShort/adapterSmallMiniShort'
[LOG 17:59:38.690] PartLoader: Part 'Squad/Parts/Structural/FLAdapters/adapterSmallMiniShort/adapterSmallMiniShort' has no database record. Creating.
[LOG 17:59:38.690] [DragCubeSystem]: Drag cubes not found or cannot be read for part Part. Generating New drag cubes.
[LOG 17:59:38.690] [KSPCF/DragCubeGeneration] Creating drag cubes for part 'adapterSmallMiniShort'
[LOG 17:59:38.694] PartLoader: Compiling Part 'Squad/Parts/Structural/FLAdapters/adapterSmallMiniTall/adapterSmallMiniTall'
[LOG 17:59:38.697] PartLoader: Part 'Squad/Parts/Structural/FLAdapters/adapterSmallMiniTall/adapterSmallMiniTall' has no database record. Creating.
[LOG 17:59:38.697] [DragCubeSystem]: Drag cubes not found or cannot be read for part Part. Generating New drag cubes.
[LOG 17:59:38.697] [KSPCF/DragCubeGeneration] Creating drag cubes for part 'adapterSmallMiniTall'
[LOG 17:59:38.701] PartLoader: Compiling Part 'Squad/Parts/Structural/mk1Parts/engineBodyRadial/radialEngineBody'
[LOG 17:59:38.706] PartLoader: Part 'Squad/Parts/Structural/mk1Parts/engineBodyRadial/radialEngineBody' has no database record. Creating.
[LOG 17:59:38.706] [DragCubeSystem]: Drag cubes not found or cannot be read for part Part. Generating New drag cubes.
[LOG 17:59:38.706] [KSPCF/DragCubeGeneration] Creating drag cubes for part 'radialEngineBody'
[LOG 17:59:38.711] PartLoader: Compiling Part 'Squad/Parts/Structural/mk1Parts/engineNacelle/nacelleBody'
[LOG 17:59:38.714] PartLoader: Part 'Squad/Parts/Structural/mk1Parts/engineNacelle/nacelleBody' has no database record. Creating.
[LOG 17:59:38.714] [DragCubeSystem]: Drag cubes not found or cannot be read for part Part. Generating New drag cubes.
[LOG 17:59:38.714] [KSPCF/DragCubeGeneration] Creating drag cubes for part 'nacelleBody'
[LOG 17:59:38.719] PartLoader: Compiling Part 'Squad/Parts/Structural/mk1Parts/mk1Fuselage/MK1Fuselage'
[LOG 17:59:38.721] PartLoader: Part 'Squad/Parts/Structural/mk1Parts/mk1Fuselage/MK1Fuselage' has no database record. Creating.
[LOG 17:59:38.722] [DragCubeSystem]: Drag cubes not found or cannot be read for part Part. Generating New drag cubes.
[LOG 17:59:38.722] [KSPCF/DragCubeGeneration] Creating drag cubes for part 'MK1Fuselage'
[LOG 17:59:38.726] PartLoader: Compiling Part 'Squad/Parts/Structural/mk1Parts/mk1FuselageIntake/MK1IntakeFuselage'
[LOG 17:59:38.729] PartLoader: Part 'Squad/Parts/Structural/mk1Parts/mk1FuselageIntake/MK1IntakeFuselage' has no database record. Creating.
[LOG 17:59:38.729] [DragCubeSystem]: Drag cubes not found or cannot be read for part Part. Generating New drag cubes.
[LOG 17:59:38.729] [KSPCF/DragCubeGeneration] Creating drag cubes for part 'MK1IntakeFuselage'
[LOG 17:59:38.733] PartLoader: Compiling Part 'Squad/Parts/Structural/mk1Parts/mk1Structural/Mk1FuselageStructural'
[LOG 17:59:38.736] PartLoader: Part 'Squad/Parts/Structural/mk1Parts/mk1Structural/Mk1FuselageStructural' has no database record. Creating.
[LOG 17:59:38.736] PartLoader: Compiling Part 'Squad/Parts/Structural/Size3To2Adapter_v2/Size2to3_v2/Size3To2Adapter_v2'
[LOG 17:59:38.738] PartLoader: Part 'Squad/Parts/Structural/Size3To2Adapter_v2/Size2to3_v2/Size3To2Adapter_v2' has no database record. Creating.
[LOG 17:59:38.739] PartLoader: Compiling Part 'Squad/Parts/Structural/stackAdapters/adapterLargeSmallBi/adapterLargeSmallBi'
[LOG 17:59:38.746] PartLoader: Part 'Squad/Parts/Structural/stackAdapters/adapterLargeSmallBi/adapterLargeSmallBi' has no database record. Creating.
[LOG 17:59:38.746] [DragCubeSystem]: Drag cubes not found or cannot be read for part Part. Generating New drag cubes.
[LOG 17:59:38.746] [KSPCF/DragCubeGeneration] Creating drag cubes for part 'adapterLargeSmallBi'
[LOG 17:59:38.750] PartLoader: Compiling Part 'Squad/Parts/Structural/stackAdapters/adapterLargeSmallQuad/adapterLargeSmallQuad'
[LOG 17:59:38.754] PartLoader: Part 'Squad/Parts/Structural/stackAdapters/adapterLargeSmallQuad/adapterLargeSmallQuad' has no database record. Creating.
[LOG 17:59:38.754] [DragCubeSystem]: Drag cubes not found or cannot be read for part Part. Generating New drag cubes.
[LOG 17:59:38.754] [KSPCF/DragCubeGeneration] Creating drag cubes for part 'adapterLargeSmallQuad'
[LOG 17:59:38.758] PartLoader: Compiling Part 'Squad/Parts/Structural/stackAdapters/adapterLargeSmallTri/adapterLargeSmallTri'
[LOG 17:59:38.762] PartLoader: Part 'Squad/Parts/Structural/stackAdapters/adapterLargeSmallTri/adapterLargeSmallTri' has no database record. Creating.
[LOG 17:59:38.762] [DragCubeSystem]: Drag cubes not found or cannot be read for part Part. Generating New drag cubes.
[LOG 17:59:38.762] [KSPCF/DragCubeGeneration] Creating drag cubes for part 'adapterLargeSmallTri'
[LOG 17:59:38.766] PartLoader: Compiling Part 'Squad/Parts/Structural/stationHub/stationHub/stationHub'
[LOG 17:59:38.769] PartLoader: Part 'Squad/Parts/Structural/stationHub/stationHub/stationHub' has no database record. Creating.
[LOG 17:59:38.769] [DragCubeSystem]: Drag cubes not found or cannot be read for part Part. Generating New drag cubes.
[LOG 17:59:38.769] [KSPCF/DragCubeGeneration] Creating drag cubes for part 'stationHub'
[LOG 17:59:38.773] PartLoader: Compiling Part 'Squad/Parts/Structural/structuralIBeam200/structuralIBeam200/structuralIBeam2'
[LOG 17:59:38.780] PartLoader: Part 'Squad/Parts/Structural/structuralIBeam200/structuralIBeam200/structuralIBeam2' has no database record. Creating.
[LOG 17:59:38.781] [DragCubeSystem]: Drag cubes not found or cannot be read for part Part. Generating New drag cubes.
[LOG 17:59:38.781] [KSPCF/DragCubeGeneration] Creating drag cubes for part 'structuralIBeam2'
[LOG 17:59:38.784] PartLoader: Compiling Part 'Squad/Parts/Structural/structuralIBeam200Pocket/structuralIBeam200Pocket/structuralIBeam3'
[LOG 17:59:38.787] PartLoader: Part 'Squad/Parts/Structural/structuralIBeam200Pocket/structuralIBeam200Pocket/structuralIBeam3' has no database record. Creating.
[LOG 17:59:38.787] [DragCubeSystem]: Drag cubes not found or cannot be read for part Part. Generating New drag cubes.
[LOG 17:59:38.787] [KSPCF/DragCubeGeneration] Creating drag cubes for part 'structuralIBeam3'
[LOG 17:59:38.790] PartLoader: Compiling Part 'Squad/Parts/Structural/structuralIBeam650/structuralIBeam650/structuralIBeam1'
[LOG 17:59:38.793] PartLoader: Part 'Squad/Parts/Structural/structuralIBeam650/structuralIBeam650/structuralIBeam1' has no database record. Creating.
[LOG 17:59:38.793] [DragCubeSystem]: Drag cubes not found or cannot be read for part Part. Generating New drag cubes.
[LOG 17:59:38.793] [KSPCF/DragCubeGeneration] Creating drag cubes for part 'structuralIBeam1'
[LOG 17:59:38.797] PartLoader: Compiling Part 'Squad/Parts/Structural/structuralMicronode/structuralMicronode/structuralMiniNode'
[LOG 17:59:38.800] PartLoader: Part 'Squad/Parts/Structural/structuralMicronode/structuralMicronode/structuralMiniNode' has no database record. Creating.
[LOG 17:59:38.800] [DragCubeSystem]: Drag cubes not found or cannot be read for part Part. Generating New drag cubes.
[LOG 17:59:38.800] [KSPCF/DragCubeGeneration] Creating drag cubes for part 'structuralMiniNode'
[LOG 17:59:38.804] PartLoader: Compiling Part 'Squad/Parts/Structural/structuralPanel1x1/structuralPanel1x1/structuralPanel1'
[LOG 17:59:38.807] PartLoader: Part 'Squad/Parts/Structural/structuralPanel1x1/structuralPanel1x1/structuralPanel1' has no database record. Creating.
[LOG 17:59:38.807] [DragCubeSystem]: Drag cubes not found or cannot be read for part Part. Generating New drag cubes.
[LOG 17:59:38.807] [KSPCF/DragCubeGeneration] Creating drag cubes for part 'structuralPanel1'
[LOG 17:59:38.814] PartLoader: Compiling Part 'Squad/Parts/Structural/structuralPanel2x2/structuralPanel2x2/structuralPanel2'
[LOG 17:59:38.817] PartLoader: Part 'Squad/Parts/Structural/structuralPanel2x2/structuralPanel2x2/structuralPanel2' has no database record. Creating.
[LOG 17:59:38.817] [DragCubeSystem]: Drag cubes not found or cannot be read for part Part. Generating New drag cubes.
[LOG 17:59:38.817] [KSPCF/DragCubeGeneration] Creating drag cubes for part 'structuralPanel2'
[LOG 17:59:38.821] PartLoader: Compiling Part 'Squad/Parts/Structural/structuralPylons/smallHardpoint/smallHardpoint'
[LOG 17:59:38.826] PartLoader: Part 'Squad/Parts/Structural/structuralPylons/smallHardpoint/smallHardpoint' has no database record. Creating.
[LOG 17:59:38.826] [DragCubeSystem]: Drag cubes not found or cannot be read for part Part. Generating New drag cubes.
[LOG 17:59:38.826] [KSPCF/DragCubeGeneration] Creating drag cubes for part 'smallHardpoint'
[LOG 17:59:38.830] PartLoader: Compiling Part 'Squad/Parts/Structural/structuralPylons/structuralPylon/structuralPylon'
[LOG 17:59:38.835] PartLoader: Part 'Squad/Parts/Structural/structuralPylons/structuralPylon/structuralPylon' has no database record. Creating.
[LOG 17:59:38.836] [DragCubeSystem]: Drag cubes not found or cannot be read for part Part. Generating New drag cubes.
[LOG 17:59:38.836] [KSPCF/DragCubeGeneration] Creating drag cubes for part 'structuralPylon'
[LOG 17:59:38.839] PartLoader: Compiling Part 'Squad/Parts/Structural/strutCubicOcto/strutCubicOcto/strutCube'
[LOG 17:59:38.842] PartLoader: Part 'Squad/Parts/Structural/strutCubicOcto/strutCubicOcto/strutCube' has no database record. Creating.
[LOG 17:59:38.842] [DragCubeSystem]: Drag cubes not found or cannot be read for part Part. Generating New drag cubes.
[LOG 17:59:38.842] [KSPCF/DragCubeGeneration] Creating drag cubes for part 'strutCube'
[LOG 17:59:38.855] PartLoader: Compiling Part 'Squad/Parts/Structural/strutOcto/strutOcto/strutOcto'
[LOG 17:59:38.858] PartLoader: Part 'Squad/Parts/Structural/strutOcto/strutOcto/strutOcto' has no database record. Creating.
[LOG 17:59:38.858] [DragCubeSystem]: Drag cubes not found or cannot be read for part Part. Generating New drag cubes.
[LOG 17:59:38.858] [KSPCF/DragCubeGeneration] Creating drag cubes for part 'strutOcto'
[LOG 17:59:38.862] PartLoader: Compiling Part 'Squad/Parts/Structural/trussGirderAdapter/trussGirderAdapter/trussAdapter'
[LOG 17:59:38.865] PartLoader: Part 'Squad/Parts/Structural/trussGirderAdapter/trussGirderAdapter/trussAdapter' has no database record. Creating.
[LOG 17:59:38.865] [DragCubeSystem]: Drag cubes not found or cannot be read for part Part. Generating New drag cubes.
[LOG 17:59:38.865] [KSPCF/DragCubeGeneration] Creating drag cubes for part 'trussAdapter'
[LOG 17:59:38.869] PartLoader: Compiling Part 'Squad/Parts/Structural/trussGirderL/trussGirderL/trussPiece1x'
[LOG 17:59:38.871] PartLoader: Part 'Squad/Parts/Structural/trussGirderL/trussGirderL/trussPiece1x' has no database record. Creating.
[LOG 17:59:38.871] [DragCubeSystem]: Drag cubes not found or cannot be read for part Part. Generating New drag cubes.
[LOG 17:59:38.871] [KSPCF/DragCubeGeneration] Creating drag cubes for part 'trussPiece1x'
[LOG 17:59:38.875] PartLoader: Compiling Part 'Squad/Parts/Structural/trussGirderXL/trussGirderXL/trussPiece3x'
[LOG 17:59:38.878] PartLoader: Part 'Squad/Parts/Structural/trussGirderXL/trussGirderXL/trussPiece3x' has no database record. Creating.
[LOG 17:59:38.878] [DragCubeSystem]: Drag cubes not found or cannot be read for part Part. Generating New drag cubes.
[LOG 17:59:38.878] [KSPCF/DragCubeGeneration] Creating drag cubes for part 'trussPiece3x'
[LOG 17:59:38.882] PartLoader: Compiling Part 'Squad/Parts/Thermal/FoldingRadiators/foldingRadLarge/foldingRadLarge'
[LOG 17:59:38.895] PartLoader: Part 'Squad/Parts/Thermal/FoldingRadiators/foldingRadLarge/foldingRadLarge' has no database record. Creating.
[LOG 17:59:38.896] PartLoader: Compiling Part 'Squad/Parts/Thermal/FoldingRadiators/foldingRadMed/foldingRadMed'
[LOG 17:59:38.901] PartLoader: Part 'Squad/Parts/Thermal/FoldingRadiators/foldingRadMed/foldingRadMed' has no database record. Creating.
[LOG 17:59:38.902] PartLoader: Compiling Part 'Squad/Parts/Thermal/FoldingRadiators/foldingRadSmall/foldingRadSmall'
[LOG 17:59:38.906] PartLoader: Part 'Squad/Parts/Thermal/FoldingRadiators/foldingRadSmall/foldingRadSmall' has no database record. Creating.
[LOG 17:59:38.906] PartLoader: Compiling Part 'Squad/Parts/Thermal/RadiatorPanels/radPanelEdge/radPanelEdge'
[LOG 17:59:38.909] PartLoader: Part 'Squad/Parts/Thermal/RadiatorPanels/radPanelEdge/radPanelEdge' has no database record. Creating.
[LOG 17:59:38.909] [DragCubeSystem]: Drag cubes not found or cannot be read for part Part. Generating New drag cubes.
[LOG 17:59:38.909] [KSPCF/DragCubeGeneration] Creating drag cubes for part 'radPanelEdge'
[LOG 17:59:38.914] PartLoader: Compiling Part 'Squad/Parts/Thermal/RadiatorPanels/radPanelLg/radPanelLg'
[LOG 17:59:38.918] PartLoader: Part 'Squad/Parts/Thermal/RadiatorPanels/radPanelLg/radPanelLg' has no database record. Creating.
[LOG 17:59:38.918] [DragCubeSystem]: Drag cubes not found or cannot be read for part Part. Generating New drag cubes.
[LOG 17:59:38.918] [KSPCF/DragCubeGeneration] Creating drag cubes for part 'radPanelLg'
[LOG 17:59:38.922] PartLoader: Compiling Part 'Squad/Parts/Thermal/RadiatorPanels/radPanelSm/radPanelSm'
[LOG 17:59:38.926] PartLoader: Part 'Squad/Parts/Thermal/RadiatorPanels/radPanelSm/radPanelSm' has no database record. Creating.
[LOG 17:59:38.926] [DragCubeSystem]: Drag cubes not found or cannot be read for part Part. Generating New drag cubes.
[LOG 17:59:38.926] [KSPCF/DragCubeGeneration] Creating drag cubes for part 'radPanelSm'
[LOG 17:59:38.930] PartLoader: Compiling Part 'Squad/Parts/Utility/commDish88-88/commDish88-88/commDish'
[LOG 17:59:38.936] PartLoader: Part 'Squad/Parts/Utility/commDish88-88/commDish88-88/commDish' has no database record. Creating.
[LOG 17:59:38.936] [DragCubeSystem]: Drag cubes not found or cannot be read for part Part. Generating New drag cubes.
[LOG 17:59:38.936] [KSPCF/DragCubeGeneration] Creating drag cubes for part 'commDish'
[LOG 17:59:38.952] PartLoader: Compiling Part 'Squad/Parts/Utility/commsAntennaDTS-M1/commsAntennaDTS-M1/mediumDishAntenna'
[LOG 17:59:38.956] PartLoader: Part 'Squad/Parts/Utility/commsAntennaDTS-M1/commsAntennaDTS-M1/mediumDishAntenna' has no database record. Creating.
[LOG 17:59:38.956] [DragCubeSystem]: Drag cubes not found or cannot be read for part Part. Generating New drag cubes.
[LOG 17:59:38.956] [KSPCF/DragCubeGeneration] Creating drag cubes for part 'mediumDishAntenna'
[LOG 17:59:38.968] PartLoader: Compiling Part 'Squad/Parts/Utility/commsDish16/commsAntenna16/longAntenna'
[LOG 17:59:38.973] PartLoader: Part 'Squad/Parts/Utility/commsDish16/commsAntenna16/longAntenna' has no database record. Creating.
[LOG 17:59:38.973] [DragCubeSystem]: Drag cubes not found or cannot be read for part Part. Generating New drag cubes.
[LOG 17:59:38.974] [KSPCF/DragCubeGeneration] Creating drag cubes for part 'longAntenna'
[LOG 17:59:38.985] PartLoader: Compiling Part 'Squad/Parts/Utility/decouplerRadialHDM/decouplerRadialHDM/radialDecoupler1-2'
[LOG 17:59:38.992] PartLoader: Part 'Squad/Parts/Utility/decouplerRadialHDM/decouplerRadialHDM/radialDecoupler1-2' has no database record. Creating.
[LOG 17:59:38.992] [DragCubeSystem]: Drag cubes not found or cannot be read for part Part. Generating New drag cubes.
[LOG 17:59:38.992] [KSPCF/DragCubeGeneration] Creating drag cubes for part 'radialDecoupler1-2'
[LOG 17:59:38.997] PartLoader: Compiling Part 'Squad/Parts/Utility/decouplerRadialTT-38K/decouplerRadialTT-38K/radialDecoupler'
[LOG 17:59:39.003] PartLoader: Part 'Squad/Parts/Utility/decouplerRadialTT-38K/decouplerRadialTT-38K/radialDecoupler' has no database record. Creating.
[LOG 17:59:39.003] [DragCubeSystem]: Drag cubes not found or cannot be read for part Part. Generating New drag cubes.
[LOG 17:59:39.003] [KSPCF/DragCubeGeneration] Creating drag cubes for part 'radialDecoupler'
[LOG 17:59:39.007] PartLoader: Compiling Part 'Squad/Parts/Utility/decouplerRadialTT-70/decouplerRadialTT-70/radialDecoupler2'
[LOG 17:59:39.011] PartLoader: Part 'Squad/Parts/Utility/decouplerRadialTT-70/decouplerRadialTT-70/radialDecoupler2' has no database record. Creating.
[LOG 17:59:39.011] [DragCubeSystem]: Drag cubes not found or cannot be read for part Part. Generating New drag cubes.
[LOG 17:59:39.012] [KSPCF/DragCubeGeneration] Creating drag cubes for part 'radialDecoupler2'
[LOG 17:59:39.016] PartLoader: Compiling Part 'Squad/Parts/Utility/DirectAntennas/C16S/SurfAntenna'
[LOG 17:59:39.020] PartLoader: Part 'Squad/Parts/Utility/DirectAntennas/C16S/SurfAntenna' has no database record. Creating.
[LOG 17:59:39.020] [DragCubeSystem]: Drag cubes not found or cannot be read for part Part. Generating New drag cubes.
[LOG 17:59:39.020] [KSPCF/DragCubeGeneration] Creating drag cubes for part 'SurfAntenna'
[LOG 17:59:39.024] PartLoader: Compiling Part 'Squad/Parts/Utility/DirectAntennas/HG-5/HighGainAntenna5'
[LOG 17:59:39.028] PartLoader: Part 'Squad/Parts/Utility/DirectAntennas/HG-5/HighGainAntenna5' has no database record. Creating.
[LOG 17:59:39.028] [DragCubeSystem]: Drag cubes not found or cannot be read for part Part. Generating New drag cubes.
[LOG 17:59:39.028] [KSPCF/DragCubeGeneration] Creating drag cubes for part 'HighGainAntenna5'
[LOG 17:59:39.039] PartLoader: Compiling Part 'Squad/Parts/Utility/DirectAntennas/HG-5_v2/HighGainAntenna5_v2'
[LOG 17:59:39.043] PartLoader: Part 'Squad/Parts/Utility/DirectAntennas/HG-5_v2/HighGainAntenna5_v2' has no database record. Creating.
[LOG 17:59:39.043] [DragCubeSystem]: Drag cubes not found or cannot be read for part Part. Generating New drag cubes.
[LOG 17:59:39.043] [KSPCF/DragCubeGeneration] Creating drag cubes for part 'HighGainAntenna5.v2'
[LOG 17:59:39.054] PartLoader: Compiling Part 'Squad/Parts/Utility/dockingPort/dockingPort/dockingPort2'
[LOG 17:59:39.064] PartLoader: Part 'Squad/Parts/Utility/dockingPort/dockingPort/dockingPort2' has no database record. Creating.
[LOG 17:59:39.064] [DragCubeSystem]: Drag cubes not found or cannot be read for part Part. Generating New drag cubes.
[LOG 17:59:39.064] [KSPCF/DragCubeGeneration] Creating drag cubes for part 'dockingPort2'
[LOG 17:59:39.069] PartLoader: Compiling Part 'Squad/Parts/Utility/dockingPortInline/dockingPortInline/dockingPortLateral'
[LOG 17:59:39.075] PartLoader: Part 'Squad/Parts/Utility/dockingPortInline/dockingPortInline/dockingPortLateral' has no database record. Creating.
[LOG 17:59:39.075] [DragCubeSystem]: Drag cubes not found or cannot be read for part Part. Generating New drag cubes.
[LOG 17:59:39.075] [KSPCF/DragCubeGeneration] Creating drag cubes for part 'dockingPortLateral'
[LOG 17:59:39.086] PartLoader: Compiling Part 'Squad/Parts/Utility/dockingPortJr/dockingPortJr/dockingPort3'
[LOG 17:59:39.090] PartLoader: Part 'Squad/Parts/Utility/dockingPortJr/dockingPortJr/dockingPort3' has no database record. Creating.
[LOG 17:59:39.090] [DragCubeSystem]: Drag cubes not found or cannot be read for part Part. Generating New drag cubes.
[LOG 17:59:39.090] [KSPCF/DragCubeGeneration] Creating drag cubes for part 'dockingPort3'
[LOG 17:59:39.094] PartLoader: Compiling Part 'Squad/Parts/Utility/dockingPortShielded/dockingPortShielded/dockingPort1'
[LOG 17:59:39.099] PartLoader: Part 'Squad/Parts/Utility/dockingPortShielded/dockingPortShielded/dockingPort1' has no database record. Creating.
[LOG 17:59:39.100] [DragCubeSystem]: Drag cubes not found or cannot be read for part Part. Generating New drag cubes.
[LOG 17:59:39.100] [KSPCF/DragCubeGeneration] Creating drag cubes for part 'dockingPort1'
[LOG 17:59:39.111] PartLoader: Compiling Part 'Squad/Parts/Utility/dockingPortSr/dockingPortSr/dockingPortLarge'
[LOG 17:59:39.116] PartLoader: Part 'Squad/Parts/Utility/dockingPortSr/dockingPortSr/dockingPortLarge' has no database record. Creating.
[LOG 17:59:39.116] [DragCubeSystem]: Drag cubes not found or cannot be read for part Part. Generating New drag cubes.
[LOG 17:59:39.116] [KSPCF/DragCubeGeneration] Creating drag cubes for part 'dockingPortLarge'
[LOG 17:59:39.120] PartLoader: Compiling Part 'Squad/Parts/Utility/Fireworks/fireworksLauncherBig/fireworksLauncherBig'
[LOG 17:59:39.132] PartLoader: Part 'Squad/Parts/Utility/Fireworks/fireworksLauncherBig/fireworksLauncherBig' has no database record. Creating.
[LOG 17:59:39.133] [DragCubeSystem]: Drag cubes not found or cannot be read for part Part. Generating New drag cubes.
[LOG 17:59:39.133] [KSPCF/DragCubeGeneration] Creating drag cubes for part 'fireworksLauncherBig'
[LOG 17:59:39.137] PartLoader: Compiling Part 'Squad/Parts/Utility/Fireworks/fireworksLauncherSmall/fireworksLauncherSmall'
[LOG 17:59:39.145] PartLoader: Part 'Squad/Parts/Utility/Fireworks/fireworksLauncherSmall/fireworksLauncherSmall' has no database record. Creating.
[LOG 17:59:39.145] [DragCubeSystem]: Drag cubes not found or cannot be read for part Part. Generating New drag cubes.
[LOG 17:59:39.145] [KSPCF/DragCubeGeneration] Creating drag cubes for part 'fireworksLauncherSmall'
[LOG 17:59:39.149] PartLoader: Compiling Part 'Squad/Parts/Utility/flags/flagFlat/flagFlat/flagPartFlat'
[LOG 17:59:39.157] PartLoader: Part 'Squad/Parts/Utility/flags/flagFlat/flagFlat/flagPartFlat' has no database record. Creating.
[LOG 17:59:39.158] [DragCubeSystem]: Drag cubes not found or cannot be read for part Part. Generating New drag cubes.
[LOG 17:59:39.158] [KSPCF/DragCubeGeneration] Creating drag cubes for part 'flagPartFlat'
[LOG 17:59:39.162] PartLoader: Compiling Part 'Squad/Parts/Utility/flags/flagSize0/flagSize0/flagPartSize0'
[LOG 17:59:39.167] PartLoader: Part 'Squad/Parts/Utility/flags/flagSize0/flagSize0/flagPartSize0' has no database record. Creating.
[LOG 17:59:39.167] [DragCubeSystem]: Drag cubes not found or cannot be read for part Part. Generating New drag cubes.
[LOG 17:59:39.167] [KSPCF/DragCubeGeneration] Creating drag cubes for part 'flagPartSize0'
[LOG 17:59:39.171] PartLoader: Compiling Part 'Squad/Parts/Utility/flags/flagSize1/flagSize1/flagPartSize1'
[LOG 17:59:39.176] PartLoader: Part 'Squad/Parts/Utility/flags/flagSize1/flagSize1/flagPartSize1' has no database record. Creating.
[LOG 17:59:39.176] [DragCubeSystem]: Drag cubes not found or cannot be read for part Part. Generating New drag cubes.
[LOG 17:59:39.176] [KSPCF/DragCubeGeneration] Creating drag cubes for part 'flagPartSize1'
[LOG 17:59:39.182] PartLoader: Compiling Part 'Squad/Parts/Utility/flags/flagSize2/flagSize2/flagPartSize2'
[LOG 17:59:39.190] PartLoader: Part 'Squad/Parts/Utility/flags/flagSize2/flagSize2/flagPartSize2' has no database record. Creating.
[LOG 17:59:39.190] [DragCubeSystem]: Drag cubes not found or cannot be read for part Part. Generating New drag cubes.
[LOG 17:59:39.190] [KSPCF/DragCubeGeneration] Creating drag cubes for part 'flagPartSize2'
[LOG 17:59:39.194] PartLoader: Compiling Part 'Squad/Parts/Utility/flags/flagSize3/flagSize3/flagPartSize3'
[LOG 17:59:39.199] PartLoader: Part 'Squad/Parts/Utility/flags/flagSize3/flagSize3/flagPartSize3' has no database record. Creating.
[LOG 17:59:39.199] [DragCubeSystem]: Drag cubes not found or cannot be read for part Part. Generating New drag cubes.
[LOG 17:59:39.199] [KSPCF/DragCubeGeneration] Creating drag cubes for part 'flagPartSize3'
[LOG 17:59:39.204] PartLoader: Compiling Part 'Squad/Parts/Utility/GrapplingDevice/part/GrapplingDevice'
[LOG 17:59:39.217] PartLoader: Part 'Squad/Parts/Utility/GrapplingDevice/part/GrapplingDevice' has no database record. Creating.
[LOG 17:59:39.217] [DragCubeSystem]: Drag cubes not found or cannot be read for part Part. Generating New drag cubes.
[LOG 17:59:39.217] [KSPCF/DragCubeGeneration] Creating drag cubes for part 'GrapplingDevice'
[LOG 17:59:39.234] PartLoader: Compiling Part 'Squad/Parts/Utility/ladderRadial/ladderRadial/ladder1'
[LOG 17:59:39.237] PartLoader: Part 'Squad/Parts/Utility/ladderRadial/ladderRadial/ladder1' has no database record. Creating.
[LOG 17:59:39.237] [DragCubeSystem]: Drag cubes not found or cannot be read for part Part. Generating New drag cubes.
[LOG 17:59:39.237] [KSPCF/DragCubeGeneration] Creating drag cubes for part 'ladder1'
[LOG 17:59:39.241] PartLoader: Compiling Part 'Squad/Parts/Utility/ladderTelescopic/ladderTelescopic/telescopicLadder'
[LOG 17:59:39.247] PartLoader: Part 'Squad/Parts/Utility/ladderTelescopic/ladderTelescopic/telescopicLadder' has no database record. Creating.
[LOG 17:59:39.247] [DragCubeSystem]: Drag cubes not found or cannot be read for part Part. Generating New drag cubes.
[LOG 17:59:39.247] [KSPCF/DragCubeGeneration] Creating drag cubes for part 'telescopicLadder'
[LOG 17:59:39.259] PartLoader: Compiling Part 'Squad/Parts/Utility/ladderTelescopicBay/ladderTelescopicBay/telescopicLadderBay'
[LOG 17:59:39.272] PartLoader: Part 'Squad/Parts/Utility/ladderTelescopicBay/ladderTelescopicBay/telescopicLadderBay' has no database record. Creating.
[LOG 17:59:39.272] [DragCubeSystem]: Drag cubes not found or cannot be read for part Part. Generating New drag cubes.
[LOG 17:59:39.272] [KSPCF/DragCubeGeneration] Creating drag cubes for part 'telescopicLadderBay'
[LOG 17:59:39.286] PartLoader: Compiling Part 'Squad/Parts/Utility/landingLegLT-1/landingLegLT-1/landingLeg1'
[LOG 17:59:39.313] PartLoader: Part 'Squad/Parts/Utility/landingLegLT-1/landingLegLT-1/landingLeg1' has no database record. Creating.
[LOG 17:59:39.313] [DragCubeSystem]: Drag cubes not found or cannot be read for part Part. Generating New drag cubes.
[LOG 17:59:39.313] [KSPCF/DragCubeGeneration] Creating drag cubes for part 'landingLeg1'
[LOG 17:59:39.327] PartLoader: Compiling Part 'Squad/Parts/Utility/landingLegLT-2/landingLegLT-2/landingLeg1-2'
[LOG 17:59:39.333] PartLoader: Part 'Squad/Parts/Utility/landingLegLT-2/landingLegLT-2/landingLeg1-2' has no database record. Creating.
[LOG 17:59:39.333] [DragCubeSystem]: Drag cubes not found or cannot be read for part Part. Generating New drag cubes.
[LOG 17:59:39.333] [KSPCF/DragCubeGeneration] Creating drag cubes for part 'landingLeg1-2'
[LOG 17:59:39.345] PartLoader: Compiling Part 'Squad/Parts/Utility/landingLegLT-5/landingLegLT-5/miniLandingLeg'
[LOG 17:59:39.352] PartLoader: Part 'Squad/Parts/Utility/landingLegLT-5/landingLegLT-5/miniLandingLeg' has no database record. Creating.
[LOG 17:59:39.352] [DragCubeSystem]: Drag cubes not found or cannot be read for part Part. Generating New drag cubes.
[LOG 17:59:39.352] [KSPCF/DragCubeGeneration] Creating drag cubes for part 'miniLandingLeg'
[LOG 17:59:39.363] PartLoader: Compiling Part 'Squad/Parts/Utility/launchClamp1/launchClamp1/launchClamp1'
[LOG 17:59:39.370] PartLoader: Part 'Squad/Parts/Utility/launchClamp1/launchClamp1/launchClamp1' has no database record. Creating.
[LOG 17:59:39.371] [DragCubeSystem]: Drag cubes not found or cannot be read for part Part. Generating New drag cubes.
[LOG 17:59:39.371] [KSPCF/DragCubeGeneration] Creating drag cubes for part 'launchClamp1'
[LOG 17:59:39.375] PartLoader: Compiling Part 'Squad/Parts/Utility/launchEscapeSystem/part/LaunchEscapeSystem'
[LOG 17:59:39.380] PartLoader: Part 'Squad/Parts/Utility/launchEscapeSystem/part/LaunchEscapeSystem' has no database record. Creating.
[LOG 17:59:39.381] [DragCubeSystem]: Drag cubes not found or cannot be read for part Part. Generating New drag cubes.
[LOG 17:59:39.381] [KSPCF/DragCubeGeneration] Creating drag cubes for part 'LaunchEscapeSystem'
[LOG 17:59:39.386] PartLoader: Compiling Part 'Squad/Parts/Utility/Lights/domeLight1/domeLight1'
[LOG 17:59:39.390] PartLoader: Part 'Squad/Parts/Utility/Lights/domeLight1/domeLight1' has no database record. Creating.
[LOG 17:59:39.390] [DragCubeSystem]: Drag cubes not found or cannot be read for part Part. Generating New drag cubes.
[LOG 17:59:39.390] [KSPCF/DragCubeGeneration] Creating drag cubes for part 'domeLight1'
[LOG 17:59:39.396] PartLoader: Compiling Part 'Squad/Parts/Utility/Lights/groundLight1/groundLight1'
[LOG 17:59:39.401] PartLoader: Part 'Squad/Parts/Utility/Lights/groundLight1/groundLight1' has no database record. Creating.
[LOG 17:59:39.401] [DragCubeSystem]: Drag cubes not found or cannot be read for part Part. Generating New drag cubes.
[LOG 17:59:39.401] [KSPCF/DragCubeGeneration] Creating drag cubes for part 'groundLight1'
[LOG 17:59:39.405] PartLoader: Compiling Part 'Squad/Parts/Utility/Lights/groundLight2/groundLight2'
[LOG 17:59:39.409] PartLoader: Part 'Squad/Parts/Utility/Lights/groundLight2/groundLight2' has no database record. Creating.
[LOG 17:59:39.410] [DragCubeSystem]: Drag cubes not found or cannot be read for part Part. Generating New drag cubes.
[LOG 17:59:39.410] [KSPCF/DragCubeGeneration] Creating drag cubes for part 'groundLight2'
[LOG 17:59:39.414] PartLoader: Compiling Part 'Squad/Parts/Utility/Lights/navLight1/navLight1'
[LOG 17:59:39.418] PartLoader: Part 'Squad/Parts/Utility/Lights/navLight1/navLight1' has no database record. Creating.
[LOG 17:59:39.418] [DragCubeSystem]: Drag cubes not found or cannot be read for part Part. Generating New drag cubes.
[LOG 17:59:39.418] [KSPCF/DragCubeGeneration] Creating drag cubes for part 'navLight1'
[LOG 17:59:39.423] PartLoader: Compiling Part 'Squad/Parts/Utility/Lights/spotLight1/spotLight3'
[LOG 17:59:39.427] PartLoader: Part 'Squad/Parts/Utility/Lights/spotLight1/spotLight3' has no database record. Creating.
[LOG 17:59:39.427] [DragCubeSystem]: Drag cubes not found or cannot be read for part Part. Generating New drag cubes.
[LOG 17:59:39.428] [KSPCF/DragCubeGeneration] Creating drag cubes for part 'spotLight3'
[LOG 17:59:39.433] PartLoader: Compiling Part 'Squad/Parts/Utility/Lights/stripLight1/stripLight1'
[LOG 17:59:39.437] PartLoader: Part 'Squad/Parts/Utility/Lights/stripLight1/stripLight1' has no database record. Creating.
[LOG 17:59:39.437] [DragCubeSystem]: Drag cubes not found or cannot be read for part Part. Generating New drag cubes.
[LOG 17:59:39.437] [KSPCF/DragCubeGeneration] Creating drag cubes for part 'stripLight1'
[LOG 17:59:39.441] PartLoader: Compiling Part 'Squad/Parts/Utility/linearVernorRCS/linearRCS/linearRcs'
[LOG 17:59:39.448] PartLoader: Part 'Squad/Parts/Utility/linearVernorRCS/linearRCS/linearRcs' has no database record. Creating.
[LOG 17:59:39.449] [DragCubeSystem]: Drag cubes not found or cannot be read for part Part. Generating New drag cubes.
[LOG 17:59:39.449] [KSPCF/DragCubeGeneration] Creating drag cubes for part 'linearRcs'
[LOG 17:59:39.453] PartLoader: Compiling Part 'Squad/Parts/Utility/linearVernorRCS/vernorEngine/vernierEngine'
[LOG 17:59:39.458] PartLoader: Part 'Squad/Parts/Utility/linearVernorRCS/vernorEngine/vernierEngine' has no database record. Creating.
[LOG 17:59:39.458] [DragCubeSystem]: Drag cubes not found or cannot be read for part Part. Generating New drag cubes.
[LOG 17:59:39.458] [KSPCF/DragCubeGeneration] Creating drag cubes for part 'vernierEngine'
[LOG 17:59:39.463] PartLoader: Compiling Part 'Squad/Parts/Utility/mk2CargoBay/BayL/mk2CargoBayL'
[LOG 17:59:39.467] PartLoader: Part 'Squad/Parts/Utility/mk2CargoBay/BayL/mk2CargoBayL' has no database record. Creating.
[LOG 17:59:39.467] PartLoader: Compiling Part 'Squad/Parts/Utility/mk2CargoBay/BayS/mk2CargoBayS'
[LOG 17:59:39.471] PartLoader: Part 'Squad/Parts/Utility/mk2CargoBay/BayS/mk2CargoBayS' has no database record. Creating.
[LOG 17:59:39.471] PartLoader: Compiling Part 'Squad/Parts/Utility/mk2CrewCabin/mk2CrewCabin/mk2CrewCabin'
[WRN 17:59:39.473] [Part]: Cannot have ModuleCargoPart and ModuleInventoryPart on same Part [mk2CrewCabin'. Removed ModuleCargoPart
[LOG 17:59:39.476] PartLoader: Part 'Squad/Parts/Utility/mk2CrewCabin/mk2CrewCabin/mk2CrewCabin' has no database record. Creating.
[LOG 17:59:39.476] [DragCubeSystem]: Drag cubes not found or cannot be read for part Part. Generating New drag cubes.
[LOG 17:59:39.476] [KSPCF/DragCubeGeneration] Creating drag cubes for part 'mk2CrewCabin'
[LOG 17:59:39.481] PartLoader: Compiling Part 'Squad/Parts/Utility/mk2DockingPort/mk2DockingPort/mk2DockingPort'
[LOG 17:59:39.487] PartLoader: Part 'Squad/Parts/Utility/mk2DockingPort/mk2DockingPort/mk2DockingPort' has no database record. Creating.
[LOG 17:59:39.487] PartLoader: Compiling Part 'Squad/Parts/Utility/mk3CargoBay/long/mk3CargoBayL'
[LOG 17:59:39.490] PartLoader: Part 'Squad/Parts/Utility/mk3CargoBay/long/mk3CargoBayL' has no database record. Creating.
[LOG 17:59:39.491] PartLoader: Compiling Part 'Squad/Parts/Utility/mk3CargoBay/medium/mk3CargoBayM'
[LOG 17:59:39.494] PartLoader: Part 'Squad/Parts/Utility/mk3CargoBay/medium/mk3CargoBayM' has no database record. Creating.
[LOG 17:59:39.494] PartLoader: Compiling Part 'Squad/Parts/Utility/mk3CargoBay/ramp/mk3CargoRamp'
[LOG 17:59:39.497] PartLoader: Part 'Squad/Parts/Utility/mk3CargoBay/ramp/mk3CargoRamp' has no database record. Creating.
[LOG 17:59:39.497] PartLoader: Compiling Part 'Squad/Parts/Utility/mk3CargoBay/short/mk3CargoBayS'
[LOG 17:59:39.500] PartLoader: Part 'Squad/Parts/Utility/mk3CargoBay/short/mk3CargoBayS' has no database record. Creating.
[LOG 17:59:39.501] PartLoader: Compiling Part 'Squad/Parts/Utility/parachuteMk1/parachuteMk1/parachuteSingle'
[LOG 17:59:39.511] PartLoader: Part 'Squad/Parts/Utility/parachuteMk1/parachuteMk1/parachuteSingle' has no database record. Creating.
[LOG 17:59:39.511] [DragCubeSystem]: Drag cubes not found or cannot be read for part Part. Generating New drag cubes.
[LOG 17:59:39.511] [KSPCF/DragCubeGeneration] Creating drag cubes for part 'parachuteSingle'
[LOG 17:59:39.528] PartLoader: Compiling Part 'Squad/Parts/Utility/parachuteMk12-R/parachuteMk12-R/radialDrogue'
[LOG 17:59:39.532] PartLoader: Part 'Squad/Parts/Utility/parachuteMk12-R/parachuteMk12-R/radialDrogue' has no database record. Creating.
[LOG 17:59:39.532] [DragCubeSystem]: Drag cubes not found or cannot be read for part Part. Generating New drag cubes.
[LOG 17:59:39.532] [KSPCF/DragCubeGeneration] Creating drag cubes for part 'radialDrogue'
[LOG 17:59:39.547] PartLoader: Compiling Part 'Squad/Parts/Utility/parachuteMk16-XL/parachuteMk16-XL/parachuteLarge'
[LOG 17:59:39.551] PartLoader: Part 'Squad/Parts/Utility/parachuteMk16-XL/parachuteMk16-XL/parachuteLarge' has no database record. Creating.
[LOG 17:59:39.551] [DragCubeSystem]: Drag cubes not found or cannot be read for part Part. Generating New drag cubes.
[LOG 17:59:39.551] [KSPCF/DragCubeGeneration] Creating drag cubes for part 'parachuteLarge'
[LOG 17:59:39.566] PartLoader: Compiling Part 'Squad/Parts/Utility/parachuteMk2-R/parachuteMk2-R/parachuteRadial'
[LOG 17:59:39.571] PartLoader: Part 'Squad/Parts/Utility/parachuteMk2-R/parachuteMk2-R/parachuteRadial' has no database record. Creating.
[LOG 17:59:39.571] [DragCubeSystem]: Drag cubes not found or cannot be read for part Part. Generating New drag cubes.
[LOG 17:59:39.571] [KSPCF/DragCubeGeneration] Creating drag cubes for part 'parachuteRadial'
[LOG 17:59:39.585] PartLoader: Compiling Part 'Squad/Parts/Utility/parachuteMk25/parachuteMk25/parachuteDrogue'
[LOG 17:59:39.589] PartLoader: Part 'Squad/Parts/Utility/parachuteMk25/parachuteMk25/parachuteDrogue' has no database record. Creating.
[LOG 17:59:39.589] [DragCubeSystem]: Drag cubes not found or cannot be read for part Part. Generating New drag cubes.
[LOG 17:59:39.589] [KSPCF/DragCubeGeneration] Creating drag cubes for part 'parachuteDrogue'
[LOG 17:59:39.604] PartLoader: Compiling Part 'Squad/Parts/Utility/radialAttachmentPoint/radialAttachmentPoint/stackPoint1'
[LOG 17:59:39.607] PartLoader: Part 'Squad/Parts/Utility/radialAttachmentPoint/radialAttachmentPoint/stackPoint1' has no database record. Creating.
[LOG 17:59:39.607] [DragCubeSystem]: Drag cubes not found or cannot be read for part Part. Generating New drag cubes.
[LOG 17:59:39.607] [KSPCF/DragCubeGeneration] Creating drag cubes for part 'stackPoint1'
[LOG 17:59:39.611] PartLoader: Compiling Part 'Squad/Parts/Utility/rcsBlockRV-105_v2/rcsBlockRV-105/RCSBlock_v2'
[LOG 17:59:39.617] PartLoader: Part 'Squad/Parts/Utility/rcsBlockRV-105_v2/rcsBlockRV-105/RCSBlock_v2' has no database record. Creating.
[LOG 17:59:39.617] [DragCubeSystem]: Drag cubes not found or cannot be read for part Part. Generating New drag cubes.
[LOG 17:59:39.617] [KSPCF/DragCubeGeneration] Creating drag cubes for part 'RCSBlock.v2'
[LOG 17:59:39.641] PartLoader: Compiling Part 'Squad/Parts/Utility/rcsBlockRV-105_v2/RCSblock_01_small/RCSblock_01_small'
[LOG 17:59:39.648] PartLoader: Part 'Squad/Parts/Utility/rcsBlockRV-105_v2/RCSblock_01_small/RCSblock_01_small' has no database record. Creating.
[LOG 17:59:39.648] [DragCubeSystem]: Drag cubes not found or cannot be read for part Part. Generating New drag cubes.
[LOG 17:59:39.648] [KSPCF/DragCubeGeneration] Creating drag cubes for part 'RCSblock.01.small'
[LOG 17:59:39.672] PartLoader: Compiling Part 'Squad/Parts/Utility/rcsSmallLinear/RCSLinearSmall/RCSLinearSmall'
[LOG 17:59:39.678] PartLoader: Part 'Squad/Parts/Utility/rcsSmallLinear/RCSLinearSmall/RCSLinearSmall' has no database record. Creating.
[LOG 17:59:39.678] [DragCubeSystem]: Drag cubes not found or cannot be read for part Part. Generating New drag cubes.
[LOG 17:59:39.678] [KSPCF/DragCubeGeneration] Creating drag cubes for part 'RCSLinearSmall'
[LOG 17:59:39.689] PartLoader: Compiling Part 'Squad/Parts/Utility/RelayAntennas/RA-100/RelayAntenna100'
[LOG 17:59:39.692] PartLoader: Part 'Squad/Parts/Utility/RelayAntennas/RA-100/RelayAntenna100' has no database record. Creating.
[LOG 17:59:39.693] [DragCubeSystem]: Drag cubes not found or cannot be read for part Part. Generating New drag cubes.
[LOG 17:59:39.693] [KSPCF/DragCubeGeneration] Creating drag cubes for part 'RelayAntenna100'
[LOG 17:59:39.697] PartLoader: Compiling Part 'Squad/Parts/Utility/RelayAntennas/RA-5/RelayAntenna5'
[LOG 17:59:39.700] PartLoader: Part 'Squad/Parts/Utility/RelayAntennas/RA-5/RelayAntenna5' has no database record. Creating.
[LOG 17:59:39.701] [DragCubeSystem]: Drag cubes not found or cannot be read for part Part. Generating New drag cubes.
[LOG 17:59:39.701] [KSPCF/DragCubeGeneration] Creating drag cubes for part 'RelayAntenna5'
[LOG 17:59:39.704] PartLoader: Compiling Part 'Squad/Parts/Utility/RelayAntennas/RA-50/RelayAntenna50'
[LOG 17:59:39.708] PartLoader: Part 'Squad/Parts/Utility/RelayAntennas/RA-50/RelayAntenna50' has no database record. Creating.
[LOG 17:59:39.708] [DragCubeSystem]: Drag cubes not found or cannot be read for part Part. Generating New drag cubes.
[LOG 17:59:39.708] [KSPCF/DragCubeGeneration] Creating drag cubes for part 'RelayAntenna50'
[LOG 17:59:39.712] PartLoader: Compiling Part 'Squad/Parts/Utility/rockomaxAdapters/largeAdapter/largeAdapter'
[LOG 17:59:39.715] PartLoader: Part 'Squad/Parts/Utility/rockomaxAdapters/largeAdapter/largeAdapter' has no database record. Creating.
[LOG 17:59:39.715] [DragCubeSystem]: Drag cubes not found or cannot be read for part Part. Generating New drag cubes.
[LOG 17:59:39.715] [KSPCF/DragCubeGeneration] Creating drag cubes for part 'largeAdapter'
[LOG 17:59:39.720] PartLoader: Compiling Part 'Squad/Parts/Utility/rockomaxAdapters/largeAdapterShort/largeAdapter2'
[LOG 17:59:39.723] PartLoader: Part 'Squad/Parts/Utility/rockomaxAdapters/largeAdapterShort/largeAdapter2' has no database record. Creating.
[LOG 17:59:39.723] [DragCubeSystem]: Drag cubes not found or cannot be read for part Part. Generating New drag cubes.
[LOG 17:59:39.723] [KSPCF/DragCubeGeneration] Creating drag cubes for part 'largeAdapter2'
[LOG 17:59:39.727] PartLoader: Compiling Part 'Squad/Parts/Utility/ServiceBay_v2/ServiceBay_125_v2/ServiceBay_125_v2'
[LOG 17:59:39.732] PartLoader: Part 'Squad/Parts/Utility/ServiceBay_v2/ServiceBay_125_v2/ServiceBay_125_v2' has no database record. Creating.
[LOG 17:59:39.732] [DragCubeSystem]: Drag cubes not found or cannot be read for part Part. Generating New drag cubes.
[LOG 17:59:39.732] [KSPCF/DragCubeGeneration] Creating drag cubes for part 'ServiceBay.125.v2'
[LOG 17:59:39.743] PartLoader: Compiling Part 'Squad/Parts/Utility/ServiceBay_v2/ServiceBay_250_v2/ServiceBay_250_v2'
[LOG 17:59:39.748] PartLoader: Part 'Squad/Parts/Utility/ServiceBay_v2/ServiceBay_250_v2/ServiceBay_250_v2' has no database record. Creating.
[LOG 17:59:39.748] [DragCubeSystem]: Drag cubes not found or cannot be read for part Part. Generating New drag cubes.
[LOG 17:59:39.748] [KSPCF/DragCubeGeneration] Creating drag cubes for part 'ServiceBay.250.v2'
[LOG 17:59:39.759] PartLoader: Compiling Part 'Squad/Parts/Utility/smallClaw/smallClaw/smallClaw'
[LOG 17:59:39.768] PartLoader: Part 'Squad/Parts/Utility/smallClaw/smallClaw/smallClaw' has no database record. Creating.
[LOG 17:59:39.768] [DragCubeSystem]: Drag cubes not found or cannot be read for part Part. Generating New drag cubes.
[LOG 17:59:39.768] [KSPCF/DragCubeGeneration] Creating drag cubes for part 'smallClaw'
[LOG 17:59:39.783] PartLoader: Compiling Part 'Squad/Parts/Utility/spotLightMk1/spotLightMk1/spotLight1'
[LOG 17:59:39.787] PartLoader: Part 'Squad/Parts/Utility/spotLightMk1/spotLightMk1/spotLight1' has no database record. Creating.
[LOG 17:59:39.787] [DragCubeSystem]: Drag cubes not found or cannot be read for part Part. Generating New drag cubes.
[LOG 17:59:39.787] [KSPCF/DragCubeGeneration] Creating drag cubes for part 'spotLight1'
[LOG 17:59:39.791] PartLoader: Compiling Part 'Squad/Parts/Utility/spotLightMk1_v2/spotLightMk1_v2/spotLight1_v2'
[LOG 17:59:39.795] PartLoader: Part 'Squad/Parts/Utility/spotLightMk1_v2/spotLightMk1_v2/spotLight1_v2' has no database record. Creating.
[LOG 17:59:39.795] [DragCubeSystem]: Drag cubes not found or cannot be read for part Part. Generating New drag cubes.
[LOG 17:59:39.795] [KSPCF/DragCubeGeneration] Creating drag cubes for part 'spotLight1.v2'
[LOG 17:59:39.799] PartLoader: Compiling Part 'Squad/Parts/Utility/spotLightMk2/spotLightMk2/spotLight2'
[LOG 17:59:39.803] PartLoader: Part 'Squad/Parts/Utility/spotLightMk2/spotLightMk2/spotLight2' has no database record. Creating.
[LOG 17:59:39.803] [DragCubeSystem]: Drag cubes not found or cannot be read for part Part. Generating New drag cubes.
[LOG 17:59:39.803] [KSPCF/DragCubeGeneration] Creating drag cubes for part 'spotLight2'
[LOG 17:59:39.806] PartLoader: Compiling Part 'Squad/Parts/Utility/spotLightMk2_v2/spotLightMk2_v2/spotLight2_v2'
[LOG 17:59:39.811] PartLoader: Part 'Squad/Parts/Utility/spotLightMk2_v2/spotLightMk2_v2/spotLight2_v2' has no database record. Creating.
[LOG 17:59:39.811] [DragCubeSystem]: Drag cubes not found or cannot be read for part Part. Generating New drag cubes.
[LOG 17:59:39.811] [KSPCF/DragCubeGeneration] Creating drag cubes for part 'spotLight2.v2'
[LOG 17:59:39.816] PartLoader: Compiling Part 'Squad/Parts/Utility/stackCouplers/stackBiCoupler_v2/stackBiCoupler_v2'
[LOG 17:59:39.821] PartLoader: Part 'Squad/Parts/Utility/stackCouplers/stackBiCoupler_v2/stackBiCoupler_v2' has no database record. Creating.
[LOG 17:59:39.821] [DragCubeSystem]: Drag cubes not found or cannot be read for part Part. Generating New drag cubes.
[LOG 17:59:39.821] [KSPCF/DragCubeGeneration] Creating drag cubes for part 'stackBiCoupler.v2'
[LOG 17:59:39.824] PartLoader: Compiling Part 'Squad/Parts/Utility/stackCouplers/stackQuadCoupler/stackQuadCoupler'
[LOG 17:59:39.828] PartLoader: Part 'Squad/Parts/Utility/stackCouplers/stackQuadCoupler/stackQuadCoupler' has no database record. Creating.
[LOG 17:59:39.828] [DragCubeSystem]: Drag cubes not found or cannot be read for part Part. Generating New drag cubes.
[LOG 17:59:39.828] [KSPCF/DragCubeGeneration] Creating drag cubes for part 'stackQuadCoupler'
[LOG 17:59:39.832] PartLoader: Compiling Part 'Squad/Parts/Utility/stackCouplers/stackTriCoupler_v2/stackTriCoupler_v2'
[LOG 17:59:39.836] PartLoader: Part 'Squad/Parts/Utility/stackCouplers/stackTriCoupler_v2/stackTriCoupler_v2' has no database record. Creating.
[LOG 17:59:39.837] [DragCubeSystem]: Drag cubes not found or cannot be read for part Part. Generating New drag cubes.
[LOG 17:59:39.837] [KSPCF/DragCubeGeneration] Creating drag cubes for part 'stackTriCoupler.v2'
[LOG 17:59:39.840] PartLoader: Compiling Part 'Squad/Parts/Wheel/LandingGear/GearExtraLarge/GearLarge'
[LOG 17:59:39.856] PartLoader: Part 'Squad/Parts/Wheel/LandingGear/GearExtraLarge/GearLarge' has no database record. Creating.
[LOG 17:59:39.856] [DragCubeSystem]: Drag cubes not found or cannot be read for part Part. Generating New drag cubes.
[LOG 17:59:39.856] [KSPCF/DragCubeGeneration] Creating drag cubes for part 'GearLarge'
[LOG 17:59:39.870] PartLoader: Compiling Part 'Squad/Parts/Wheel/LandingGear/GearFixed/GearFixed'
[LOG 17:59:39.875] PartLoader: Part 'Squad/Parts/Wheel/LandingGear/GearFixed/GearFixed' has no database record. Creating.
[LOG 17:59:39.875] [DragCubeSystem]: Drag cubes not found or cannot be read for part Part. Generating New drag cubes.
[LOG 17:59:39.875] [KSPCF/DragCubeGeneration] Creating drag cubes for part 'GearFixed'
[LOG 17:59:39.878] PartLoader: Compiling Part 'Squad/Parts/Wheel/LandingGear/GearFree/GearFree'
[LOG 17:59:39.887] PartLoader: Part 'Squad/Parts/Wheel/LandingGear/GearFree/GearFree' has no database record. Creating.
[LOG 17:59:39.887] [DragCubeSystem]: Drag cubes not found or cannot be read for part Part. Generating New drag cubes.
[LOG 17:59:39.887] [KSPCF/DragCubeGeneration] Creating drag cubes for part 'GearFree'
[LOG 17:59:39.892] PartLoader: Compiling Part 'Squad/Parts/Wheel/LandingGear/GearLarge/GearMedium'
[LOG 17:59:39.903] PartLoader: Part 'Squad/Parts/Wheel/LandingGear/GearLarge/GearMedium' has no database record. Creating.
[LOG 17:59:39.903] [DragCubeSystem]: Drag cubes not found or cannot be read for part Part. Generating New drag cubes.
[LOG 17:59:39.903] [KSPCF/DragCubeGeneration] Creating drag cubes for part 'GearMedium'
[LOG 17:59:39.918] PartLoader: Compiling Part 'Squad/Parts/Wheel/LandingGear/GearMedium/GearSmall'
[LOG 17:59:39.929] PartLoader: Part 'Squad/Parts/Wheel/LandingGear/GearMedium/GearSmall' has no database record. Creating.
[LOG 17:59:39.929] [DragCubeSystem]: Drag cubes not found or cannot be read for part Part. Generating New drag cubes.
[LOG 17:59:39.929] [KSPCF/DragCubeGeneration] Creating drag cubes for part 'GearSmall'
[LOG 17:59:39.943] PartLoader: Compiling Part 'Squad/Parts/Wheel/LandingGear/GearSmall/SmallGearBay'
[LOG 17:59:39.957] PartLoader: Part 'Squad/Parts/Wheel/LandingGear/GearSmall/SmallGearBay' has no database record. Creating.
[LOG 17:59:39.957] [DragCubeSystem]: Drag cubes not found or cannot be read for part Part. Generating New drag cubes.
[LOG 17:59:39.957] [KSPCF/DragCubeGeneration] Creating drag cubes for part 'SmallGearBay'
[LOG 17:59:39.973] PartLoader: Compiling Part 'Squad/Parts/Wheel/roverWheelM1/roverWheelM1/roverWheel1'
[LOG 17:59:39.987] PartLoader: Part 'Squad/Parts/Wheel/roverWheelM1/roverWheelM1/roverWheel1' has no database record. Creating.
[LOG 17:59:39.987] [DragCubeSystem]: Drag cubes not found or cannot be read for part Part. Generating New drag cubes.
[LOG 17:59:39.987] [KSPCF/DragCubeGeneration] Creating drag cubes for part 'roverWheel1'
[LOG 17:59:39.993] PartLoader: Compiling Part 'Squad/Parts/Wheel/roverWheelS2/roverWheelS2/roverWheel2'
[LOG 17:59:40.006] PartLoader: Part 'Squad/Parts/Wheel/roverWheelS2/roverWheelS2/roverWheel2' has no database record. Creating.
[LOG 17:59:40.006] [DragCubeSystem]: Drag cubes not found or cannot be read for part Part. Generating New drag cubes.
[LOG 17:59:40.007] [KSPCF/DragCubeGeneration] Creating drag cubes for part 'roverWheel2'
[LOG 17:59:40.011] PartLoader: Compiling Part 'Squad/Parts/Wheel/roverWheelTR-2L/roverWheelTR-2L/wheelMed'
[LOG 17:59:40.020] PartLoader: Part 'Squad/Parts/Wheel/roverWheelTR-2L/roverWheelTR-2L/wheelMed' has no database record. Creating.
[LOG 17:59:40.020] [DragCubeSystem]: Drag cubes not found or cannot be read for part Part. Generating New drag cubes.
[LOG 17:59:40.020] [KSPCF/DragCubeGeneration] Creating drag cubes for part 'wheelMed'
[LOG 17:59:40.025] PartLoader: Compiling Part 'Squad/Parts/Wheel/roverWheelXL3/roverWheelXL3/roverWheel3'
[LOG 17:59:40.047] PartLoader: Part 'Squad/Parts/Wheel/roverWheelXL3/roverWheelXL3/roverWheel3' has no database record. Creating.
[LOG 17:59:40.047] [DragCubeSystem]: Drag cubes not found or cannot be read for part Part. Generating New drag cubes.
[LOG 17:59:40.047] [KSPCF/DragCubeGeneration] Creating drag cubes for part 'roverWheel3'
[LOG 17:59:40.052] PartLoader: Compiling Part 'SquadExpansion/MakingHistory/Parts/Aero/protectiveRocketNoseMk16/rocketNoseCone_size4/rocketNoseConeSize4'
[LOG 17:59:40.055] PartLoader: Part 'SquadExpansion/MakingHistory/Parts/Aero/protectiveRocketNoseMk16/rocketNoseCone_size4/rocketNoseConeSize4' has no database record. Creating.
[LOG 17:59:40.055] [DragCubeSystem]: Drag cubes not found or cannot be read for part Part. Generating New drag cubes.
[LOG 17:59:40.055] [KSPCF/DragCubeGeneration] Creating drag cubes for part 'rocketNoseConeSize4'
[LOG 17:59:40.058] PartLoader: Compiling Part 'SquadExpansion/MakingHistory/Parts/Aero/protectiveRocketNoseMk5A/Size_1_5_Cone/Size_1_5_Cone'
[LOG 17:59:40.061] PartLoader: Part 'SquadExpansion/MakingHistory/Parts/Aero/protectiveRocketNoseMk5A/Size_1_5_Cone/Size_1_5_Cone' has no database record. Creating.
[LOG 17:59:40.061] [DragCubeSystem]: Drag cubes not found or cannot be read for part Part. Generating New drag cubes.
[LOG 17:59:40.061] [KSPCF/DragCubeGeneration] Creating drag cubes for part 'Size.1.5.Cone'
[LOG 17:59:40.065] PartLoader: Compiling Part 'SquadExpansion/MakingHistory/Parts/Coupling/Decoupler_1p5/Decoupler_1p5'
[LOG 17:59:40.070] PartLoader: Part 'SquadExpansion/MakingHistory/Parts/Coupling/Decoupler_1p5/Decoupler_1p5' has no database record. Creating.
[LOG 17:59:40.071] PartLoader: Compiling Part 'SquadExpansion/MakingHistory/Parts/Coupling/Decoupler_4/Decoupler_4'
[LOG 17:59:40.074] PartLoader: Part 'SquadExpansion/MakingHistory/Parts/Coupling/Decoupler_4/Decoupler_4' has no database record. Creating.
[LOG 17:59:40.075] PartLoader: Compiling Part 'SquadExpansion/MakingHistory/Parts/Coupling/EnginePlate_1p5/EnginePlate1p5'
[LOG 17:59:40.085] PartLoader: Part 'SquadExpansion/MakingHistory/Parts/Coupling/EnginePlate_1p5/EnginePlate1p5' has no database record. Creating.
[LOG 17:59:40.086] [DragCubeSystem]: Drag cubes not found or cannot be read for part Part. Generating New drag cubes.
[LOG 17:59:40.086] [KSPCF/DragCubeGeneration] Part 'EnginePlate1p5' has defined a procedural drag cube setup
[LOG 17:59:40.086] PartLoader: Compiling Part 'SquadExpansion/MakingHistory/Parts/Coupling/EnginePlate_2/EnginePlate2'
[LOG 17:59:40.095] PartLoader: Part 'SquadExpansion/MakingHistory/Parts/Coupling/EnginePlate_2/EnginePlate2' has no database record. Creating.
[LOG 17:59:40.095] [DragCubeSystem]: Drag cubes not found or cannot be read for part Part. Generating New drag cubes.
[LOG 17:59:40.095] [KSPCF/DragCubeGeneration] Part 'EnginePlate2' has defined a procedural drag cube setup
[LOG 17:59:40.096] PartLoader: Compiling Part 'SquadExpansion/MakingHistory/Parts/Coupling/EnginePlate_3/EnginePlate3'
[LOG 17:59:40.103] PartLoader: Part 'SquadExpansion/MakingHistory/Parts/Coupling/EnginePlate_3/EnginePlate3' has no database record. Creating.
[LOG 17:59:40.103] [DragCubeSystem]: Drag cubes not found or cannot be read for part Part. Generating New drag cubes.
[LOG 17:59:40.103] [KSPCF/DragCubeGeneration] Part 'EnginePlate3' has defined a procedural drag cube setup
[LOG 17:59:40.104] PartLoader: Compiling Part 'SquadExpansion/MakingHistory/Parts/Coupling/EnginePlate_4/EnginePlate4'
[LOG 17:59:40.109] PartLoader: Part 'SquadExpansion/MakingHistory/Parts/Coupling/EnginePlate_4/EnginePlate4' has no database record. Creating.
[LOG 17:59:40.109] [DragCubeSystem]: Drag cubes not found or cannot be read for part Part. Generating New drag cubes.
[LOG 17:59:40.109] [KSPCF/DragCubeGeneration] Part 'EnginePlate4' has defined a procedural drag cube setup
[LOG 17:59:40.110] PartLoader: Compiling Part 'SquadExpansion/MakingHistory/Parts/Coupling/EnginePlate_5/EnginePlate5'
[LOG 17:59:40.115] PartLoader: Part 'SquadExpansion/MakingHistory/Parts/Coupling/EnginePlate_5/EnginePlate5' has no database record. Creating.
[LOG 17:59:40.115] [DragCubeSystem]: Drag cubes not found or cannot be read for part Part. Generating New drag cubes.
[LOG 17:59:40.115] [KSPCF/DragCubeGeneration] Part 'EnginePlate5' has defined a procedural drag cube setup
[LOG 17:59:40.116] PartLoader: Compiling Part 'SquadExpansion/MakingHistory/Parts/Coupling/InflatableAirlock/InflatableAirlock'
[LOG 17:59:40.121] PartLoader: Part 'SquadExpansion/MakingHistory/Parts/Coupling/InflatableAirlock/InflatableAirlock' has no database record. Creating.
[LOG 17:59:40.122] [DragCubeSystem]: Drag cubes not found or cannot be read for part Part. Generating New drag cubes.
[LOG 17:59:40.122] [KSPCF/DragCubeGeneration] Creating drag cubes for part 'InflatableAirlock'
[LOG 17:59:40.133] PartLoader: Compiling Part 'SquadExpansion/MakingHistory/Parts/Coupling/Separator_1p5/Separator_1p5'
[LOG 17:59:40.138] PartLoader: Part 'SquadExpansion/MakingHistory/Parts/Coupling/Separator_1p5/Separator_1p5' has no database record. Creating.
[LOG 17:59:40.139] PartLoader: Compiling Part 'SquadExpansion/MakingHistory/Parts/Coupling/Separator_4/Separator_4'
[LOG 17:59:40.143] PartLoader: Part 'SquadExpansion/MakingHistory/Parts/Coupling/Separator_4/Separator_4' has no database record. Creating.
[LOG 17:59:40.143] PartLoader: Compiling Part 'SquadExpansion/MakingHistory/Parts/Coupling/Size1p5_Strut_Decoupler/Size1p5_Strut_Decoupler'
[LOG 17:59:40.147] PartLoader: Part 'SquadExpansion/MakingHistory/Parts/Coupling/Size1p5_Strut_Decoupler/Size1p5_Strut_Decoupler' has no database record. Creating.
[LOG 17:59:40.148] PartLoader: Compiling Part 'SquadExpansion/MakingHistory/Parts/Engine/LiquidEngineKE-1/LiquidEngineKE-1'
[LOG 17:59:40.156] PartLoader: Part 'SquadExpansion/MakingHistory/Parts/Engine/LiquidEngineKE-1/LiquidEngineKE-1' has no database record. Creating.
[LOG 17:59:40.156] [DragCubeSystem]: Drag cubes not found or cannot be read for part Part. Generating New drag cubes.
[LOG 17:59:40.156] [KSPCF/DragCubeGeneration] Creating drag cubes for part 'LiquidEngineKE-1'
[LOG 17:59:40.188] PartLoader: Compiling Part 'SquadExpansion/MakingHistory/Parts/Engine/LiquidEngineLV-T91/LiquidEngineLV-T91'
[LOG 17:59:40.196] PartLoader: Part 'SquadExpansion/MakingHistory/Parts/Engine/LiquidEngineLV-T91/LiquidEngineLV-T91' has no database record. Creating.
[LOG 17:59:40.196] [DragCubeSystem]: Drag cubes not found or cannot be read for part Part. Generating New drag cubes.
[LOG 17:59:40.196] [KSPCF/DragCubeGeneration] Creating drag cubes for part 'LiquidEngineLV-T91'
[LOG 17:59:40.221] PartLoader: Compiling Part 'SquadExpansion/MakingHistory/Parts/Engine/LiquidEngineLV-TX87/LiquidEngineLV-TX87'
[LOG 17:59:40.229] PartLoader: Part 'SquadExpansion/MakingHistory/Parts/Engine/LiquidEngineLV-TX87/LiquidEngineLV-TX87' has no database record. Creating.
[LOG 17:59:40.229] [DragCubeSystem]: Drag cubes not found or cannot be read for part Part. Generating New drag cubes.
[LOG 17:59:40.229] [KSPCF/DragCubeGeneration] Creating drag cubes for part 'LiquidEngineLV-TX87'
[LOG 17:59:40.253] PartLoader: Compiling Part 'SquadExpansion/MakingHistory/Parts/Engine/LiquidEngineRE-I2/LiquidEngineRE-I2'
[LOG 17:59:40.261] PartLoader: Part 'SquadExpansion/MakingHistory/Parts/Engine/LiquidEngineRE-I2/LiquidEngineRE-I2' has no database record. Creating.
[LOG 17:59:40.261] [DragCubeSystem]: Drag cubes not found or cannot be read for part Part. Generating New drag cubes.
[LOG 17:59:40.261] [KSPCF/DragCubeGeneration] Creating drag cubes for part 'LiquidEngineRE-I2'
[LOG 17:59:40.285] PartLoader: Compiling Part 'SquadExpansion/MakingHistory/Parts/Engine/LiquidEngineRE-J10/LiquidEngineRE-J10'
[LOG 17:59:40.293] PartLoader: Part 'SquadExpansion/MakingHistory/Parts/Engine/LiquidEngineRE-J10/LiquidEngineRE-J10' has no database record. Creating.
[LOG 17:59:40.294] [DragCubeSystem]: Drag cubes not found or cannot be read for part Part. Generating New drag cubes.
[LOG 17:59:40.294] [KSPCF/DragCubeGeneration] Creating drag cubes for part 'LiquidEngineRE-J10'
[LOG 17:59:40.318] PartLoader: Compiling Part 'SquadExpansion/MakingHistory/Parts/Engine/LiquidEngineRK-7/LiquidEngineRK-7'
[LOG 17:59:40.325] PartLoader: Part 'SquadExpansion/MakingHistory/Parts/Engine/LiquidEngineRK-7/LiquidEngineRK-7' has no database record. Creating.
[LOG 17:59:40.325] [DragCubeSystem]: Drag cubes not found or cannot be read for part Part. Generating New drag cubes.
[LOG 17:59:40.325] [KSPCF/DragCubeGeneration] Creating drag cubes for part 'LiquidEngineRK-7'
[LOG 17:59:40.354] PartLoader: Compiling Part 'SquadExpansion/MakingHistory/Parts/Engine/LiquidEngineRV-1/LiquidEngineRV-1'
[LOG 17:59:40.360] PartLoader: Part 'SquadExpansion/MakingHistory/Parts/Engine/LiquidEngineRV-1/LiquidEngineRV-1' has no database record. Creating.
[LOG 17:59:40.360] [DragCubeSystem]: Drag cubes not found or cannot be read for part Part. Generating New drag cubes.
[LOG 17:59:40.360] [KSPCF/DragCubeGeneration] Creating drag cubes for part 'LiquidEngineRV-1'
[LOG 17:59:40.365] PartLoader: Compiling Part 'SquadExpansion/MakingHistory/Parts/Engine/solidBoosterTHK/solidBoosterTHK/Pollux'
[LOG 17:59:40.370] PartLoader: Part 'SquadExpansion/MakingHistory/Parts/Engine/solidBoosterTHK/solidBoosterTHK/Pollux' has no database record. Creating.
[LOG 17:59:40.370] [DragCubeSystem]: Drag cubes not found or cannot be read for part Part. Generating New drag cubes.
[LOG 17:59:40.370] [KSPCF/DragCubeGeneration] Creating drag cubes for part 'Pollux'
[LOG 17:59:40.375] PartLoader: Compiling Part 'SquadExpansion/MakingHistory/Parts/FuelTank/MonoPropMini/monopropMiniSphere'
[LOG 17:59:40.378] PartLoader: Part 'SquadExpansion/MakingHistory/Parts/FuelTank/MonoPropMini/monopropMiniSphere' has no database record. Creating.
[LOG 17:59:40.378] [DragCubeSystem]: Drag cubes not found or cannot be read for part Part. Generating New drag cubes.
[LOG 17:59:40.378] [KSPCF/DragCubeGeneration] Creating drag cubes for part 'monopropMiniSphere'
[LOG 17:59:40.383] PartLoader: Compiling Part 'SquadExpansion/MakingHistory/Parts/FuelTank/Size1p5_Monoprop/Size1p5_Monoprop'
[LOG 17:59:40.387] PartLoader: Part 'SquadExpansion/MakingHistory/Parts/FuelTank/Size1p5_Monoprop/Size1p5_Monoprop' has no database record. Creating.
[LOG 17:59:40.387] [DragCubeSystem]: Drag cubes not found or cannot be read for part Part. Generating New drag cubes.
[LOG 17:59:40.388] [KSPCF/DragCubeGeneration] Creating drag cubes for part 'Size1p5.Monoprop'
[LOG 17:59:40.392] PartLoader: Compiling Part 'SquadExpansion/MakingHistory/Parts/FuelTank/Size1p5_Size0_Adapter_01/Size1p5_Size0_Adapter_01'
[LOG 17:59:40.395] PartLoader: Part 'SquadExpansion/MakingHistory/Parts/FuelTank/Size1p5_Size0_Adapter_01/Size1p5_Size0_Adapter_01' has no database record. Creating.
[LOG 17:59:40.395] [DragCubeSystem]: Drag cubes not found or cannot be read for part Part. Generating New drag cubes.
[LOG 17:59:40.395] [KSPCF/DragCubeGeneration] Creating drag cubes for part 'Size1p5.Size0.Adapter.01'
[LOG 17:59:40.399] PartLoader: Compiling Part 'SquadExpansion/MakingHistory/Parts/FuelTank/Size1p5_Size1_Adapter_01/Size1p5_Size1_Adapter_01'
[LOG 17:59:40.401] PartLoader: Part 'SquadExpansion/MakingHistory/Parts/FuelTank/Size1p5_Size1_Adapter_01/Size1p5_Size1_Adapter_01' has no database record. Creating.
[LOG 17:59:40.402] [DragCubeSystem]: Drag cubes not found or cannot be read for part Part. Generating New drag cubes.
[LOG 17:59:40.402] [KSPCF/DragCubeGeneration] Creating drag cubes for part 'Size1p5.Size1.Adapter.01'
[LOG 17:59:40.406] PartLoader: Compiling Part 'SquadExpansion/MakingHistory/Parts/FuelTank/Size1p5_Size1_Adapter_02/Size1p5_Size1_Adapter_02'
[LOG 17:59:40.408] PartLoader: Part 'SquadExpansion/MakingHistory/Parts/FuelTank/Size1p5_Size1_Adapter_02/Size1p5_Size1_Adapter_02' has no database record. Creating.
[LOG 17:59:40.408] [DragCubeSystem]: Drag cubes not found or cannot be read for part Part. Generating New drag cubes.
[LOG 17:59:40.408] [KSPCF/DragCubeGeneration] Creating drag cubes for part 'Size1p5.Size1.Adapter.02'
[LOG 17:59:40.413] PartLoader: Compiling Part 'SquadExpansion/MakingHistory/Parts/FuelTank/Size1p5_Size2_Adapter_01/Size1p5_Size2_Adapter_01'
[LOG 17:59:40.416] PartLoader: Part 'SquadExpansion/MakingHistory/Parts/FuelTank/Size1p5_Size2_Adapter_01/Size1p5_Size2_Adapter_01' has no database record. Creating.
[LOG 17:59:40.417] [DragCubeSystem]: Drag cubes not found or cannot be read for part Part. Generating New drag cubes.
[LOG 17:59:40.417] [KSPCF/DragCubeGeneration] Creating drag cubes for part 'Size1p5.Size2.Adapter.01'
[LOG 17:59:40.421] PartLoader: Compiling Part 'SquadExpansion/MakingHistory/Parts/FuelTank/Size1p5_Tank_01/Size1p5_Tank_01'
[LOG 17:59:40.424] PartLoader: Part 'SquadExpansion/MakingHistory/Parts/FuelTank/Size1p5_Tank_01/Size1p5_Tank_01' has no database record. Creating.
[LOG 17:59:40.425] [DragCubeSystem]: Drag cubes not found or cannot be read for part Part. Generating New drag cubes.
[LOG 17:59:40.425] [KSPCF/DragCubeGeneration] Creating drag cubes for part 'Size1p5.Tank.01'
[LOG 17:59:40.429] PartLoader: Compiling Part 'SquadExpansion/MakingHistory/Parts/FuelTank/Size1p5_Tank_02/Size1p5_Tank_02'
[LOG 17:59:40.432] PartLoader: Part 'SquadExpansion/MakingHistory/Parts/FuelTank/Size1p5_Tank_02/Size1p5_Tank_02' has no database record. Creating.
[LOG 17:59:40.432] [DragCubeSystem]: Drag cubes not found or cannot be read for part Part. Generating New drag cubes.
[LOG 17:59:40.432] [KSPCF/DragCubeGeneration] Creating drag cubes for part 'Size1p5.Tank.02'
[LOG 17:59:40.437] PartLoader: Compiling Part 'SquadExpansion/MakingHistory/Parts/FuelTank/Size1p5_Tank_03/Size1p5_Tank_03'
[LOG 17:59:40.440] PartLoader: Part 'SquadExpansion/MakingHistory/Parts/FuelTank/Size1p5_Tank_03/Size1p5_Tank_03' has no database record. Creating.
[LOG 17:59:40.440] [DragCubeSystem]: Drag cubes not found or cannot be read for part Part. Generating New drag cubes.
[LOG 17:59:40.440] [KSPCF/DragCubeGeneration] Creating drag cubes for part 'Size1p5.Tank.03'
[LOG 17:59:40.444] PartLoader: Compiling Part 'SquadExpansion/MakingHistory/Parts/FuelTank/Size1p5_Tank_04/Size1p5_Tank_04'
[LOG 17:59:40.447] PartLoader: Part 'SquadExpansion/MakingHistory/Parts/FuelTank/Size1p5_Tank_04/Size1p5_Tank_04' has no database record. Creating.
[LOG 17:59:40.447] [DragCubeSystem]: Drag cubes not found or cannot be read for part Part. Generating New drag cubes.
[LOG 17:59:40.447] [KSPCF/DragCubeGeneration] Creating drag cubes for part 'Size1p5.Tank.04'
[LOG 17:59:40.453] PartLoader: Compiling Part 'SquadExpansion/MakingHistory/Parts/FuelTank/Size1p5_Tank_05/Size1p5_Tank_05'
[LOG 17:59:40.457] PartLoader: Part 'SquadExpansion/MakingHistory/Parts/FuelTank/Size1p5_Tank_05/Size1p5_Tank_05' has no database record. Creating.
[LOG 17:59:40.457] [DragCubeSystem]: Drag cubes not found or cannot be read for part Part. Generating New drag cubes.
[LOG 17:59:40.457] [KSPCF/DragCubeGeneration] Creating drag cubes for part 'Size1p5.Tank.05'
[LOG 17:59:40.463] PartLoader: Compiling Part 'SquadExpansion/MakingHistory/Parts/FuelTank/Size3_Size4_Adapter_01/Size3_Size4_Adapter_01'
[LOG 17:59:40.466] PartLoader: Part 'SquadExpansion/MakingHistory/Parts/FuelTank/Size3_Size4_Adapter_01/Size3_Size4_Adapter_01' has no database record. Creating.
[LOG 17:59:40.466] [DragCubeSystem]: Drag cubes not found or cannot be read for part Part. Generating New drag cubes.
[LOG 17:59:40.466] [KSPCF/DragCubeGeneration] Creating drag cubes for part 'Size3.Size4.Adapter.01'
[LOG 17:59:40.470] PartLoader: Compiling Part 'SquadExpansion/MakingHistory/Parts/FuelTank/Size4_EngineAdapter_01/Size4_EngineAdapter_01'
[LOG 17:59:40.473] PartLoader: Part 'SquadExpansion/MakingHistory/Parts/FuelTank/Size4_EngineAdapter_01/Size4_EngineAdapter_01' has no database record. Creating.
[LOG 17:59:40.473] [DragCubeSystem]: Drag cubes not found or cannot be read for part Part. Generating New drag cubes.
[LOG 17:59:40.473] [KSPCF/DragCubeGeneration] Creating drag cubes for part 'Size4.EngineAdapter.01'
[LOG 17:59:40.478] PartLoader: Compiling Part 'SquadExpansion/MakingHistory/Parts/FuelTank/Size4_Tank_01/Size4_Tank_01'
[LOG 17:59:40.480] PartLoader: Part 'SquadExpansion/MakingHistory/Parts/FuelTank/Size4_Tank_01/Size4_Tank_01' has no database record. Creating.
[LOG 17:59:40.480] [DragCubeSystem]: Drag cubes not found or cannot be read for part Part. Generating New drag cubes.
[LOG 17:59:40.480] [KSPCF/DragCubeGeneration] Creating drag cubes for part 'Size4.Tank.01'
[LOG 17:59:40.484] PartLoader: Compiling Part 'SquadExpansion/MakingHistory/Parts/FuelTank/Size4_Tank_02/Size4_Tank_02'
[LOG 17:59:40.488] PartLoader: Part 'SquadExpansion/MakingHistory/Parts/FuelTank/Size4_Tank_02/Size4_Tank_02' has no database record. Creating.
[LOG 17:59:40.488] [DragCubeSystem]: Drag cubes not found or cannot be read for part Part. Generating New drag cubes.
[LOG 17:59:40.488] [KSPCF/DragCubeGeneration] Creating drag cubes for part 'Size4.Tank.02'
[LOG 17:59:40.492] PartLoader: Compiling Part 'SquadExpansion/MakingHistory/Parts/FuelTank/Size4_Tank_03/Size4_Tank_03'
[LOG 17:59:40.495] PartLoader: Part 'SquadExpansion/MakingHistory/Parts/FuelTank/Size4_Tank_03/Size4_Tank_03' has no database record. Creating.
[LOG 17:59:40.495] [DragCubeSystem]: Drag cubes not found or cannot be read for part Part. Generating New drag cubes.
[LOG 17:59:40.495] [KSPCF/DragCubeGeneration] Creating drag cubes for part 'Size4.Tank.03'
[LOG 17:59:40.499] PartLoader: Compiling Part 'SquadExpansion/MakingHistory/Parts/FuelTank/Size4_Tank_04/Size4_Tank_04'
[LOG 17:59:40.502] PartLoader: Part 'SquadExpansion/MakingHistory/Parts/FuelTank/Size4_Tank_04/Size4_Tank_04' has no database record. Creating.
[LOG 17:59:40.502] [DragCubeSystem]: Drag cubes not found or cannot be read for part Part. Generating New drag cubes.
[LOG 17:59:40.502] [KSPCF/DragCubeGeneration] Creating drag cubes for part 'Size4.Tank.04'
[LOG 17:59:40.506] PartLoader: Compiling Part 'SquadExpansion/MakingHistory/Parts/Ground/RoverWheel/roverWheelM1-F'
[LOG 17:59:40.515] PartLoader: Part 'SquadExpansion/MakingHistory/Parts/Ground/RoverWheel/roverWheelM1-F' has no database record. Creating.
[LOG 17:59:40.515] [DragCubeSystem]: Drag cubes not found or cannot be read for part Part. Generating New drag cubes.
[LOG 17:59:40.515] [KSPCF/DragCubeGeneration] Creating drag cubes for part 'roverWheelM1-F'
[LOG 17:59:40.529] PartLoader: Compiling Part 'SquadExpansion/MakingHistory/Parts/Payload/fairingSize1p5/fairingSize1p5'
[LOG 17:59:40.539] PartLoader: Part 'SquadExpansion/MakingHistory/Parts/Payload/fairingSize1p5/fairingSize1p5' has no database record. Creating.
[LOG 17:59:40.539] [DragCubeSystem]: Drag cubes not found or cannot be read for part Part. Generating New drag cubes.
[LOG 17:59:40.539] [KSPCF/DragCubeGeneration] Creating drag cubes for part 'fairingSize1p5'
[LOG 17:59:40.544] PartLoader: Compiling Part 'SquadExpansion/MakingHistory/Parts/Payload/fairingSize4/fairingSize4'
[LOG 17:59:40.553] PartLoader: Part 'SquadExpansion/MakingHistory/Parts/Payload/fairingSize4/fairingSize4' has no database record. Creating.
[LOG 17:59:40.553] [DragCubeSystem]: Drag cubes not found or cannot be read for part Part. Generating New drag cubes.
[LOG 17:59:40.553] [KSPCF/DragCubeGeneration] Creating drag cubes for part 'fairingSize4'
[LOG 17:59:40.557] PartLoader: Compiling Part 'SquadExpansion/MakingHistory/Parts/Payload/Size1to0ServiceModule/Size1to0ServiceModule'
[LOG 17:59:40.566] PartLoader: Part 'SquadExpansion/MakingHistory/Parts/Payload/Size1to0ServiceModule/Size1to0ServiceModule' has no database record. Creating.
[LOG 17:59:40.566] [DragCubeSystem]: Drag cubes not found or cannot be read for part Part. Generating New drag cubes.
[LOG 17:59:40.566] [KSPCF/DragCubeGeneration] Part 'Size1to0ServiceModule' has defined a procedural drag cube setup
[LOG 17:59:40.567] PartLoader: Compiling Part 'SquadExpansion/MakingHistory/Parts/Payload/SM18/ServiceModule18'
[LOG 17:59:40.573] PartLoader: Part 'SquadExpansion/MakingHistory/Parts/Payload/SM18/ServiceModule18' has no database record. Creating.
[LOG 17:59:40.573] [DragCubeSystem]: Drag cubes not found or cannot be read for part Part. Generating New drag cubes.
[LOG 17:59:40.573] [KSPCF/DragCubeGeneration] Part 'ServiceModule18' has defined a procedural drag cube setup
[LOG 17:59:40.573] PartLoader: Compiling Part 'SquadExpansion/MakingHistory/Parts/Payload/SM25/ServiceModule25'
[LOG 17:59:40.578] PartLoader: Part 'SquadExpansion/MakingHistory/Parts/Payload/SM25/ServiceModule25' has no database record. Creating.
[LOG 17:59:40.579] [DragCubeSystem]: Drag cubes not found or cannot be read for part Part. Generating New drag cubes.
[LOG 17:59:40.579] [KSPCF/DragCubeGeneration] Part 'ServiceModule25' has defined a procedural drag cube setup
[LOG 17:59:40.579] PartLoader: Compiling Part 'SquadExpansion/MakingHistory/Parts/Pods/KV1Pod/kv1Pod'
[WRN 17:59:40.583] [Part]: Cannot have ModuleCargoPart and ModuleInventoryPart on same Part [kv1Pod'. Removed ModuleCargoPart
[LOG 17:59:40.586] PartLoader: Part 'SquadExpansion/MakingHistory/Parts/Pods/KV1Pod/kv1Pod' has no database record. Creating.
[LOG 17:59:40.589] PartLoader: Compiling Part 'SquadExpansion/MakingHistory/Parts/Pods/KV2Pod/kv2Pod'
[WRN 17:59:40.593] [Part]: Cannot have ModuleCargoPart and ModuleInventoryPart on same Part [kv2Pod'. Removed ModuleCargoPart
[LOG 17:59:40.597] PartLoader: Part 'SquadExpansion/MakingHistory/Parts/Pods/KV2Pod/kv2Pod' has no database record. Creating.
[LOG 17:59:40.600] PartLoader: Compiling Part 'SquadExpansion/MakingHistory/Parts/Pods/KV3Pod/kv3Pod'
[WRN 17:59:40.606] [Part]: Cannot have ModuleCargoPart and ModuleInventoryPart on same Part [kv3Pod'. Removed ModuleCargoPart
[LOG 17:59:40.611] PartLoader: Part 'SquadExpansion/MakingHistory/Parts/Pods/KV3Pod/kv3Pod' has no database record. Creating.
[LOG 17:59:40.613] PartLoader: Compiling Part 'SquadExpansion/MakingHistory/Parts/Pods/Mk2Pod/Mk2Pod'
[WRN 17:59:40.616] [Part]: Cannot have ModuleCargoPart and ModuleInventoryPart on same Part [Mk2Pod'. Removed ModuleCargoPart
[LOG 17:59:40.619] PartLoader: Part 'SquadExpansion/MakingHistory/Parts/Pods/Mk2Pod/Mk2Pod' has no database record. Creating.
[LOG 17:59:40.619] [DragCubeSystem]: Drag cubes not found or cannot be read for part Part. Generating New drag cubes.
[LOG 17:59:40.619] [KSPCF/DragCubeGeneration] Creating drag cubes for part 'Mk2Pod'
[LOG 17:59:40.625] PartLoader: Compiling Part 'SquadExpansion/MakingHistory/Parts/Pods/Size1_5_Lander/MEMLander'
[WRN 17:59:40.630] [Part]: Cannot add ModuleCargoPart as this Part 'MEMLander' already has a ModuleInventoryPart PartModule and they are mutually exclusive.
[LOG 17:59:40.635] PartLoader: Part 'SquadExpansion/MakingHistory/Parts/Pods/Size1_5_Lander/MEMLander' has no database record. Creating.
[LOG 17:59:40.635] [DragCubeSystem]: Drag cubes not found or cannot be read for part Part. Generating New drag cubes.
[LOG 17:59:40.635] [KSPCF/DragCubeGeneration] Creating drag cubes for part 'MEMLander'
[LOG 17:59:40.641] PartLoader: Compiling Part 'SquadExpansion/MakingHistory/Parts/Prebuilt/kerbalEVAfemaleVintage/kerbalEVAfemaleVintage'
[LOG 17:59:40.648] PartLoader: Compiling Part 'SquadExpansion/MakingHistory/Parts/Prebuilt/kerbalEVAVintage/kerbalEVAVintage'
[LOG 17:59:40.653] PartLoader: Compiling Part 'SquadExpansion/MakingHistory/Parts/Structural/EquiTriangle0/EquiTriangle0'
[LOG 17:59:40.659] PartLoader: Part 'SquadExpansion/MakingHistory/Parts/Structural/EquiTriangle0/EquiTriangle0' has no database record. Creating.
[LOG 17:59:40.659] [DragCubeSystem]: Drag cubes not found or cannot be read for part Part. Generating New drag cubes.
[LOG 17:59:40.659] [KSPCF/DragCubeGeneration] Creating drag cubes for part 'EquiTriangle0'
[LOG 17:59:40.663] PartLoader: Compiling Part 'SquadExpansion/MakingHistory/Parts/Structural/EquiTriangle1/EquiTriangle1'
[LOG 17:59:40.666] PartLoader: Part 'SquadExpansion/MakingHistory/Parts/Structural/EquiTriangle1/EquiTriangle1' has no database record. Creating.
[LOG 17:59:40.667] [DragCubeSystem]: Drag cubes not found or cannot be read for part Part. Generating New drag cubes.
[LOG 17:59:40.668] [KSPCF/DragCubeGeneration] Creating drag cubes for part 'EquiTriangle1'
[LOG 17:59:40.672] PartLoader: Compiling Part 'SquadExpansion/MakingHistory/Parts/Structural/EquiTriangle1p5/EquiTriangle1p5'
[LOG 17:59:40.675] PartLoader: Part 'SquadExpansion/MakingHistory/Parts/Structural/EquiTriangle1p5/EquiTriangle1p5' has no database record. Creating.
[LOG 17:59:40.675] [DragCubeSystem]: Drag cubes not found or cannot be read for part Part. Generating New drag cubes.
[LOG 17:59:40.675] [KSPCF/DragCubeGeneration] Creating drag cubes for part 'EquiTriangle1p5'
[LOG 17:59:40.679] PartLoader: Compiling Part 'SquadExpansion/MakingHistory/Parts/Structural/EquiTriangle2/EquiTriangle2'
[LOG 17:59:40.683] PartLoader: Part 'SquadExpansion/MakingHistory/Parts/Structural/EquiTriangle2/EquiTriangle2' has no database record. Creating.
[LOG 17:59:40.683] [DragCubeSystem]: Drag cubes not found or cannot be read for part Part. Generating New drag cubes.
[LOG 17:59:40.683] [KSPCF/DragCubeGeneration] Creating drag cubes for part 'EquiTriangle2'
[LOG 17:59:40.687] PartLoader: Compiling Part 'SquadExpansion/MakingHistory/Parts/Structural/Panel0/Panel0'
[LOG 17:59:40.690] PartLoader: Part 'SquadExpansion/MakingHistory/Parts/Structural/Panel0/Panel0' has no database record. Creating.
[LOG 17:59:40.690] [DragCubeSystem]: Drag cubes not found or cannot be read for part Part. Generating New drag cubes.
[LOG 17:59:40.690] [KSPCF/DragCubeGeneration] Creating drag cubes for part 'Panel0'
[LOG 17:59:40.694] PartLoader: Compiling Part 'SquadExpansion/MakingHistory/Parts/Structural/Panel1/Panel1'
[LOG 17:59:40.697] PartLoader: Part 'SquadExpansion/MakingHistory/Parts/Structural/Panel1/Panel1' has no database record. Creating.
[LOG 17:59:40.697] [DragCubeSystem]: Drag cubes not found or cannot be read for part Part. Generating New drag cubes.
[LOG 17:59:40.697] [KSPCF/DragCubeGeneration] Creating drag cubes for part 'Panel1'
[LOG 17:59:40.703] PartLoader: Compiling Part 'SquadExpansion/MakingHistory/Parts/Structural/Panel1p5/Panel1p5'
[LOG 17:59:40.706] PartLoader: Part 'SquadExpansion/MakingHistory/Parts/Structural/Panel1p5/Panel1p5' has no database record. Creating.
[LOG 17:59:40.706] [DragCubeSystem]: Drag cubes not found or cannot be read for part Part. Generating New drag cubes.
[LOG 17:59:40.706] [KSPCF/DragCubeGeneration] Creating drag cubes for part 'Panel1p5'
[LOG 17:59:40.710] PartLoader: Compiling Part 'SquadExpansion/MakingHistory/Parts/Structural/Panel2/Panel2'
[LOG 17:59:40.713] PartLoader: Part 'SquadExpansion/MakingHistory/Parts/Structural/Panel2/Panel2' has no database record. Creating.
[LOG 17:59:40.713] [DragCubeSystem]: Drag cubes not found or cannot be read for part Part. Generating New drag cubes.
[LOG 17:59:40.713] [KSPCF/DragCubeGeneration] Creating drag cubes for part 'Panel2'
[LOG 17:59:40.718] PartLoader: Compiling Part 'SquadExpansion/MakingHistory/Parts/Structural/Triangle0/Triangle0'
[LOG 17:59:40.721] PartLoader: Part 'SquadExpansion/MakingHistory/Parts/Structural/Triangle0/Triangle0' has no database record. Creating.
[LOG 17:59:40.721] [DragCubeSystem]: Drag cubes not found or cannot be read for part Part. Generating New drag cubes.
[LOG 17:59:40.721] [KSPCF/DragCubeGeneration] Creating drag cubes for part 'Triangle0'
[LOG 17:59:40.725] PartLoader: Compiling Part 'SquadExpansion/MakingHistory/Parts/Structural/Triangle1/Triangle1'
[LOG 17:59:40.729] PartLoader: Part 'SquadExpansion/MakingHistory/Parts/Structural/Triangle1/Triangle1' has no database record. Creating.
[LOG 17:59:40.729] [DragCubeSystem]: Drag cubes not found or cannot be read for part Part. Generating New drag cubes.
[LOG 17:59:40.729] [KSPCF/DragCubeGeneration] Creating drag cubes for part 'Triangle1'
[LOG 17:59:40.733] PartLoader: Compiling Part 'SquadExpansion/MakingHistory/Parts/Structural/Triangle1p5/Triangle1p5'
[LOG 17:59:40.737] PartLoader: Part 'SquadExpansion/MakingHistory/Parts/Structural/Triangle1p5/Triangle1p5' has no database record. Creating.
[LOG 17:59:40.737] [DragCubeSystem]: Drag cubes not found or cannot be read for part Part. Generating New drag cubes.
[LOG 17:59:40.737] [KSPCF/DragCubeGeneration] Creating drag cubes for part 'Triangle1p5'
[LOG 17:59:40.742] PartLoader: Compiling Part 'SquadExpansion/MakingHistory/Parts/Structural/Triangle2/Triangle2'
[LOG 17:59:40.747] PartLoader: Part 'SquadExpansion/MakingHistory/Parts/Structural/Triangle2/Triangle2' has no database record. Creating.
[LOG 17:59:40.747] [DragCubeSystem]: Drag cubes not found or cannot be read for part Part. Generating New drag cubes.
[LOG 17:59:40.747] [KSPCF/DragCubeGeneration] Creating drag cubes for part 'Triangle2'
[LOG 17:59:40.751] PartLoader: Compiling Part 'SquadExpansion/MakingHistory/Parts/Structural/Tube1/Tube1'
[LOG 17:59:40.755] PartLoader: Part 'SquadExpansion/MakingHistory/Parts/Structural/Tube1/Tube1' has no database record. Creating.
[LOG 17:59:40.755] PartLoader: Compiling Part 'SquadExpansion/MakingHistory/Parts/Structural/Tube1p5/Tube1p5'
[LOG 17:59:40.759] PartLoader: Part 'SquadExpansion/MakingHistory/Parts/Structural/Tube1p5/Tube1p5' has no database record. Creating.
[LOG 17:59:40.759] PartLoader: Compiling Part 'SquadExpansion/MakingHistory/Parts/Structural/Tube2/Tube2'
[LOG 17:59:40.763] PartLoader: Part 'SquadExpansion/MakingHistory/Parts/Structural/Tube2/Tube2' has no database record. Creating.
[LOG 17:59:40.763] PartLoader: Compiling Part 'SquadExpansion/MakingHistory/Parts/Structural/Tube3/Tube3'
[LOG 17:59:40.766] PartLoader: Part 'SquadExpansion/MakingHistory/Parts/Structural/Tube3/Tube3' has no database record. Creating.
[LOG 17:59:40.767] PartLoader: Compiling Part 'SquadExpansion/MakingHistory/Parts/Structural/Tube4/Tube4'
[LOG 17:59:40.770] PartLoader: Part 'SquadExpansion/MakingHistory/Parts/Structural/Tube4/Tube4' has no database record. Creating.
[LOG 17:59:40.771] PartLoader: Compiling Part 'SquadExpansion/MakingHistory/Parts/Thermal/HeatShield1p5/HeatShield1p5'
[LOG 17:59:40.780] PartLoader: Part 'SquadExpansion/MakingHistory/Parts/Thermal/HeatShield1p5/HeatShield1p5' has no database record. Creating.
[LOG 17:59:40.780] [DragCubeSystem]: Drag cubes not found or cannot be read for part Part. Generating New drag cubes.
[LOG 17:59:40.780] [KSPCF/DragCubeGeneration] Creating drag cubes for part 'HeatShield1p5'
[LOG 17:59:40.792] PartLoader: Compiling Part 'SquadExpansion/MakingHistory/Parts/Utility/flags/flagSize1p5/flagSize1p5/flagPartSize1p5'
[LOG 17:59:40.797] PartLoader: Part 'SquadExpansion/MakingHistory/Parts/Utility/flags/flagSize1p5/flagSize1p5/flagPartSize1p5' has no database record. Creating.
[LOG 17:59:40.797] [DragCubeSystem]: Drag cubes not found or cannot be read for part Part. Generating New drag cubes.
[LOG 17:59:40.797] [KSPCF/DragCubeGeneration] Creating drag cubes for part 'flagPartSize1p5'
[LOG 17:59:40.801] PartLoader: Compiling Part 'SquadExpansion/MakingHistory/Parts/Utility/flags/flagSize4/flagSize4/flagPartSize4'
[LOG 17:59:40.806] PartLoader: Part 'SquadExpansion/MakingHistory/Parts/Utility/flags/flagSize4/flagSize4/flagPartSize4' has no database record. Creating.
[LOG 17:59:40.806] [DragCubeSystem]: Drag cubes not found or cannot be read for part Part. Generating New drag cubes.
[LOG 17:59:40.806] [KSPCF/DragCubeGeneration] Creating drag cubes for part 'flagPartSize4'
[LOG 17:59:40.810] PartLoader: Compiling Part 'SquadExpansion/Serenity/Parts/Aero/FanShroud_01/FanShroud_01'
[LOG 17:59:40.813] PartLoader: Part 'SquadExpansion/Serenity/Parts/Aero/FanShroud_01/FanShroud_01' has no database record. Creating.
[LOG 17:59:40.813] [DragCubeSystem]: Drag cubes not found or cannot be read for part Part. Generating New drag cubes.
[LOG 17:59:40.813] [KSPCF/DragCubeGeneration] Creating drag cubes for part 'FanShroud.01'
[LOG 17:59:40.817] PartLoader: Compiling Part 'SquadExpansion/Serenity/Parts/Aero/FanShroud_02/FanShroud_02'
[LOG 17:59:40.820] PartLoader: Part 'SquadExpansion/Serenity/Parts/Aero/FanShroud_02/FanShroud_02' has no database record. Creating.
[LOG 17:59:40.820] [DragCubeSystem]: Drag cubes not found or cannot be read for part Part. Generating New drag cubes.
[LOG 17:59:40.821] [KSPCF/DragCubeGeneration] Creating drag cubes for part 'FanShroud.02'
[LOG 17:59:40.825] PartLoader: Compiling Part 'SquadExpansion/Serenity/Parts/Aero/FanShroud_03/FanShroud_03'
[LOG 17:59:40.828] PartLoader: Part 'SquadExpansion/Serenity/Parts/Aero/FanShroud_03/FanShroud_03' has no database record. Creating.
[LOG 17:59:40.829] [DragCubeSystem]: Drag cubes not found or cannot be read for part Part. Generating New drag cubes.
[LOG 17:59:40.829] [KSPCF/DragCubeGeneration] Creating drag cubes for part 'FanShroud.03'
[LOG 17:59:40.832] PartLoader: Compiling Part 'SquadExpansion/Serenity/Parts/Aero/noseconeTiny/noseconeTiny'
[LOG 17:59:40.835] PartLoader: Part 'SquadExpansion/Serenity/Parts/Aero/noseconeTiny/noseconeTiny' has no database record. Creating.
[LOG 17:59:40.835] [DragCubeSystem]: Drag cubes not found or cannot be read for part Part. Generating New drag cubes.
[LOG 17:59:40.835] [KSPCF/DragCubeGeneration] Creating drag cubes for part 'noseconeTiny'
[LOG 17:59:40.839] PartLoader: Compiling Part 'SquadExpansion/Serenity/Parts/Aero/noseconeVS/noseconeVS'
[LOG 17:59:40.842] PartLoader: Part 'SquadExpansion/Serenity/Parts/Aero/noseconeVS/noseconeVS' has no database record. Creating.
[LOG 17:59:40.842] [DragCubeSystem]: Drag cubes not found or cannot be read for part Part. Generating New drag cubes.
[LOG 17:59:40.842] [KSPCF/DragCubeGeneration] Creating drag cubes for part 'noseconeVS'
[LOG 17:59:40.846] PartLoader: Compiling Part 'SquadExpansion/Serenity/Parts/DeployedScience/centralStation/DeployedCentralStation'
[LOG 17:59:40.855] PartLoader: Part 'SquadExpansion/Serenity/Parts/DeployedScience/centralStation/DeployedCentralStation' has no database record. Creating.
[LOG 17:59:40.856] [DragCubeSystem]: Drag cubes not found or cannot be read for part Part. Generating New drag cubes.
[LOG 17:59:40.856] [KSPCF/DragCubeGeneration] Creating drag cubes for part 'DeployedCentralStation'
[LOG 17:59:40.877] PartLoader: Compiling Part 'SquadExpansion/Serenity/Parts/DeployedScience/gooObservation/DeployedGoExOb'
[LOG 17:59:40.886] PartLoader: Part 'SquadExpansion/Serenity/Parts/DeployedScience/gooObservation/DeployedGoExOb' has no database record. Creating.
[LOG 17:59:40.886] [DragCubeSystem]: Drag cubes not found or cannot be read for part Part. Generating New drag cubes.
[LOG 17:59:40.886] [KSPCF/DragCubeGeneration] Creating drag cubes for part 'DeployedGoExOb'
[LOG 17:59:40.910] PartLoader: Compiling Part 'SquadExpansion/Serenity/Parts/DeployedScience/ionCollector/DeployedIONExp'
[LOG 17:59:40.914] PartLoader: Part 'SquadExpansion/Serenity/Parts/DeployedScience/ionCollector/DeployedIONExp' has no database record. Creating.
[LOG 17:59:40.914] [DragCubeSystem]: Drag cubes not found or cannot be read for part Part. Generating New drag cubes.
[LOG 17:59:40.914] [KSPCF/DragCubeGeneration] Creating drag cubes for part 'DeployedIONExp'
[LOG 17:59:40.927] PartLoader: Compiling Part 'SquadExpansion/Serenity/Parts/DeployedScience/rtg/DeployedRTG'
[LOG 17:59:40.935] PartLoader: Part 'SquadExpansion/Serenity/Parts/DeployedScience/rtg/DeployedRTG' has no database record. Creating.
[LOG 17:59:40.935] [DragCubeSystem]: Drag cubes not found or cannot be read for part Part. Generating New drag cubes.
[LOG 17:59:40.935] [KSPCF/DragCubeGeneration] Creating drag cubes for part 'DeployedRTG'
[LOG 17:59:40.949] PartLoader: Compiling Part 'SquadExpansion/Serenity/Parts/DeployedScience/satDish/DeployedSatDish'
[LOG 17:59:40.957] PartLoader: Part 'SquadExpansion/Serenity/Parts/DeployedScience/satDish/DeployedSatDish' has no database record. Creating.
[LOG 17:59:40.957] [DragCubeSystem]: Drag cubes not found or cannot be read for part Part. Generating New drag cubes.
[LOG 17:59:40.957] [KSPCF/DragCubeGeneration] Creating drag cubes for part 'DeployedSatDish'
[LOG 17:59:40.971] PartLoader: Compiling Part 'SquadExpansion/Serenity/Parts/DeployedScience/seismicSensor/DeployedSeismicSensor'
[LOG 17:59:40.976] PartLoader: Part 'SquadExpansion/Serenity/Parts/DeployedScience/seismicSensor/DeployedSeismicSensor' has no database record. Creating.
[LOG 17:59:40.976] [DragCubeSystem]: Drag cubes not found or cannot be read for part Part. Generating New drag cubes.
[LOG 17:59:40.976] [KSPCF/DragCubeGeneration] Creating drag cubes for part 'DeployedSeismicSensor'
[LOG 17:59:40.989] PartLoader: Compiling Part 'SquadExpansion/Serenity/Parts/DeployedScience/solarPanel/DeployedSolarPanel'
[LOG 17:59:40.993] PartLoader: Part 'SquadExpansion/Serenity/Parts/DeployedScience/solarPanel/DeployedSolarPanel' has no database record. Creating.
[LOG 17:59:40.993] [DragCubeSystem]: Drag cubes not found or cannot be read for part Part. Generating New drag cubes.
[LOG 17:59:40.993] [KSPCF/DragCubeGeneration] Creating drag cubes for part 'DeployedSolarPanel'
[LOG 17:59:41.007] PartLoader: Compiling Part 'SquadExpansion/Serenity/Parts/DeployedScience/weatherStation/DeployedWeatherStn'
[LOG 17:59:41.013] PartLoader: Part 'SquadExpansion/Serenity/Parts/DeployedScience/weatherStation/DeployedWeatherStn' has no database record. Creating.
[LOG 17:59:41.013] [DragCubeSystem]: Drag cubes not found or cannot be read for part Part. Generating New drag cubes.
[LOG 17:59:41.013] [KSPCF/DragCubeGeneration] Creating drag cubes for part 'DeployedWeatherStn'
[LOG 17:59:41.035] PartLoader: Compiling Part 'SquadExpansion/Serenity/Parts/Prebuilt/kerbalEVA/kerbalEVA'
[LOG 17:59:41.037] PartLoader: Compiling Part 'SquadExpansion/Serenity/Parts/Prebuilt/kerbalEVAfemale/kerbalEVAfemale'
[LOG 17:59:41.038] PartLoader: Compiling Part 'SquadExpansion/Serenity/Parts/Prebuilt/kerbalEVAfemaleFuture/kerbalEVAfemaleFuture'
[LOG 17:59:41.045] PartLoader: Compiling Part 'SquadExpansion/Serenity/Parts/Prebuilt/kerbalEVAfemaleVintage/kerbalEVAfemaleVintage'
[LOG 17:59:41.046] PartLoader: Compiling Part 'SquadExpansion/Serenity/Parts/Prebuilt/kerbalEVAFuture/kerbalEVAFuture'
[LOG 17:59:41.053] PartLoader: Compiling Part 'SquadExpansion/Serenity/Parts/Prebuilt/kerbalEVASlimSuit/kerbalEVASlimSuit'
[LOG 17:59:41.054] PartLoader: Compiling Part 'SquadExpansion/Serenity/Parts/Prebuilt/kerbalEVASlimSuitFemale/kerbalEVASlimSuitFemale'
[LOG 17:59:41.056] PartLoader: Compiling Part 'SquadExpansion/Serenity/Parts/Prebuilt/kerbalEVAVintage/kerbalEVAVintage'
[LOG 17:59:41.057] PartLoader: Compiling Part 'SquadExpansion/Serenity/Parts/Propellers/largeFanBlade/largeFanBlade'
[LOG 17:59:41.061] PartLoader: Part 'SquadExpansion/Serenity/Parts/Propellers/largeFanBlade/largeFanBlade' has no database record. Creating.
[LOG 17:59:41.061] [DragCubeSystem]: Drag cubes not found or cannot be read for part Part. Generating New drag cubes.
[LOG 17:59:41.061] [KSPCF/DragCubeGeneration] Creating drag cubes for part 'largeFanBlade'
[LOG 17:59:41.077] PartLoader: Compiling Part 'SquadExpansion/Serenity/Parts/Propellers/largeHeliBlade/largeHeliBlade'
[LOG 17:59:41.082] PartLoader: Part 'SquadExpansion/Serenity/Parts/Propellers/largeHeliBlade/largeHeliBlade' has no database record. Creating.
[LOG 17:59:41.082] [DragCubeSystem]: Drag cubes not found or cannot be read for part Part. Generating New drag cubes.
[LOG 17:59:41.082] [KSPCF/DragCubeGeneration] Creating drag cubes for part 'largeHeliBlade'
[LOG 17:59:41.096] PartLoader: Compiling Part 'SquadExpansion/Serenity/Parts/Propellers/largePropeller/largePropeller'
[LOG 17:59:41.100] PartLoader: Part 'SquadExpansion/Serenity/Parts/Propellers/largePropeller/largePropeller' has no database record. Creating.
[LOG 17:59:41.101] [DragCubeSystem]: Drag cubes not found or cannot be read for part Part. Generating New drag cubes.
[LOG 17:59:41.101] [KSPCF/DragCubeGeneration] Creating drag cubes for part 'largePropeller'
[LOG 17:59:41.115] PartLoader: Compiling Part 'SquadExpansion/Serenity/Parts/Propellers/mediumFanBlade/mediumFanBlade'
[LOG 17:59:41.120] PartLoader: Part 'SquadExpansion/Serenity/Parts/Propellers/mediumFanBlade/mediumFanBlade' has no database record. Creating.
[LOG 17:59:41.120] [DragCubeSystem]: Drag cubes not found or cannot be read for part Part. Generating New drag cubes.
[LOG 17:59:41.120] [KSPCF/DragCubeGeneration] Creating drag cubes for part 'mediumFanBlade'
[LOG 17:59:41.135] PartLoader: Compiling Part 'SquadExpansion/Serenity/Parts/Propellers/mediumHeliBlade/mediumHeliBlade'
[LOG 17:59:41.140] PartLoader: Part 'SquadExpansion/Serenity/Parts/Propellers/mediumHeliBlade/mediumHeliBlade' has no database record. Creating.
[LOG 17:59:41.140] [DragCubeSystem]: Drag cubes not found or cannot be read for part Part. Generating New drag cubes.
[LOG 17:59:41.140] [KSPCF/DragCubeGeneration] Creating drag cubes for part 'mediumHeliBlade'
[LOG 17:59:41.153] PartLoader: Compiling Part 'SquadExpansion/Serenity/Parts/Propellers/mediumPropeller/mediumPropeller'
[LOG 17:59:41.158] PartLoader: Part 'SquadExpansion/Serenity/Parts/Propellers/mediumPropeller/mediumPropeller' has no database record. Creating.
[LOG 17:59:41.158] [DragCubeSystem]: Drag cubes not found or cannot be read for part Part. Generating New drag cubes.
[LOG 17:59:41.158] [KSPCF/DragCubeGeneration] Creating drag cubes for part 'mediumPropeller'
[LOG 17:59:41.172] PartLoader: Compiling Part 'SquadExpansion/Serenity/Parts/Propellers/smallFanBlade/smallFanBlade'
[LOG 17:59:41.177] PartLoader: Part 'SquadExpansion/Serenity/Parts/Propellers/smallFanBlade/smallFanBlade' has no database record. Creating.
[LOG 17:59:41.177] [DragCubeSystem]: Drag cubes not found or cannot be read for part Part. Generating New drag cubes.
[LOG 17:59:41.177] [KSPCF/DragCubeGeneration] Creating drag cubes for part 'smallFanBlade'
[LOG 17:59:41.191] PartLoader: Compiling Part 'SquadExpansion/Serenity/Parts/Propellers/smallHeliBlade/smallHeliBlade'
[LOG 17:59:41.196] PartLoader: Part 'SquadExpansion/Serenity/Parts/Propellers/smallHeliBlade/smallHeliBlade' has no database record. Creating.
[LOG 17:59:41.196] [DragCubeSystem]: Drag cubes not found or cannot be read for part Part. Generating New drag cubes.
[LOG 17:59:41.196] [KSPCF/DragCubeGeneration] Creating drag cubes for part 'smallHeliBlade'
[LOG 17:59:41.209] PartLoader: Compiling Part 'SquadExpansion/Serenity/Parts/Propellers/smallPropeller/smallPropeller'
[LOG 17:59:41.213] PartLoader: Part 'SquadExpansion/Serenity/Parts/Propellers/smallPropeller/smallPropeller' has no database record. Creating.
[LOG 17:59:41.213] [DragCubeSystem]: Drag cubes not found or cannot be read for part Part. Generating New drag cubes.
[LOG 17:59:41.214] [KSPCF/DragCubeGeneration] Creating drag cubes for part 'smallPropeller'
[LOG 17:59:41.227] PartLoader: Compiling Part 'SquadExpansion/Serenity/Parts/Robotics/hinge_01/hinge_01'
[LOG 17:59:41.241] PartLoader: Part 'SquadExpansion/Serenity/Parts/Robotics/hinge_01/hinge_01' has no database record. Creating.
[LOG 17:59:41.241] [DragCubeSystem]: Drag cubes not found or cannot be read for part Part. Generating New drag cubes.
[LOG 17:59:41.241] [KSPCF/DragCubeGeneration] Creating drag cubes for part 'hinge.01'
[LOG 17:59:41.246] PartLoader: Compiling Part 'SquadExpansion/Serenity/Parts/Robotics/hinge_01_s/hinge_01_s'
[LOG 17:59:41.252] PartLoader: Part 'SquadExpansion/Serenity/Parts/Robotics/hinge_01_s/hinge_01_s' has no database record. Creating.
[LOG 17:59:41.252] [DragCubeSystem]: Drag cubes not found or cannot be read for part Part. Generating New drag cubes.
[LOG 17:59:41.252] [KSPCF/DragCubeGeneration] Creating drag cubes for part 'hinge.01.s'
[LOG 17:59:41.258] PartLoader: Compiling Part 'SquadExpansion/Serenity/Parts/Robotics/hinge_03/hinge_03'
[LOG 17:59:41.264] PartLoader: Part 'SquadExpansion/Serenity/Parts/Robotics/hinge_03/hinge_03' has no database record. Creating.
[LOG 17:59:41.264] PartLoader: Compiling Part 'SquadExpansion/Serenity/Parts/Robotics/hinge_03_s/hinge_03_s'
[LOG 17:59:41.273] PartLoader: Part 'SquadExpansion/Serenity/Parts/Robotics/hinge_03_s/hinge_03_s' has no database record. Creating.
[LOG 17:59:41.274] PartLoader: Compiling Part 'SquadExpansion/Serenity/Parts/Robotics/hinge_04/hinge_04'
[LOG 17:59:41.280] PartLoader: Part 'SquadExpansion/Serenity/Parts/Robotics/hinge_04/hinge_04' has no database record. Creating.
[LOG 17:59:41.281] PartLoader: Compiling Part 'SquadExpansion/Serenity/Parts/Robotics/piston_01/piston_01'
[LOG 17:59:41.292] PartLoader: Part 'SquadExpansion/Serenity/Parts/Robotics/piston_01/piston_01' has no database record. Creating.
[LOG 17:59:41.292] PartLoader: Compiling Part 'SquadExpansion/Serenity/Parts/Robotics/piston_02/piston_02'
[LOG 17:59:41.298] PartLoader: Part 'SquadExpansion/Serenity/Parts/Robotics/piston_02/piston_02' has no database record. Creating.
[LOG 17:59:41.299] PartLoader: Compiling Part 'SquadExpansion/Serenity/Parts/Robotics/piston_03/piston_03'
[LOG 17:59:41.304] PartLoader: Part 'SquadExpansion/Serenity/Parts/Robotics/piston_03/piston_03' has no database record. Creating.
[LOG 17:59:41.305] PartLoader: Compiling Part 'SquadExpansion/Serenity/Parts/Robotics/piston_04/piston_04'
[LOG 17:59:41.311] PartLoader: Part 'SquadExpansion/Serenity/Parts/Robotics/piston_04/piston_04' has no database record. Creating.
[LOG 17:59:41.311] PartLoader: Compiling Part 'SquadExpansion/Serenity/Parts/Robotics/RotorEngine_02/RotorEngine_02'
[LOG 17:59:41.323] PartLoader: Part 'SquadExpansion/Serenity/Parts/Robotics/RotorEngine_02/RotorEngine_02' has no database record. Creating.
[LOG 17:59:41.323] [DragCubeSystem]: Drag cubes not found or cannot be read for part Part. Generating New drag cubes.
[LOG 17:59:41.323] [KSPCF/DragCubeGeneration] Creating drag cubes for part 'RotorEngine.02'
[LOG 17:59:41.329] PartLoader: Compiling Part 'SquadExpansion/Serenity/Parts/Robotics/RotorEngine_03/RotorEngine_03'
[LOG 17:59:41.335] PartLoader: Part 'SquadExpansion/Serenity/Parts/Robotics/RotorEngine_03/RotorEngine_03' has no database record. Creating.
[LOG 17:59:41.335] [DragCubeSystem]: Drag cubes not found or cannot be read for part Part. Generating New drag cubes.
[LOG 17:59:41.335] [KSPCF/DragCubeGeneration] Creating drag cubes for part 'RotorEngine.03'
[LOG 17:59:41.341] PartLoader: Compiling Part 'SquadExpansion/Serenity/Parts/Robotics/rotor_01/rotor_01'
[LOG 17:59:41.351] PartLoader: Part 'SquadExpansion/Serenity/Parts/Robotics/rotor_01/rotor_01' has no database record. Creating.
[LOG 17:59:41.351] [DragCubeSystem]: Drag cubes not found or cannot be read for part Part. Generating New drag cubes.
[LOG 17:59:41.351] [KSPCF/DragCubeGeneration] Creating drag cubes for part 'rotor.01'
[LOG 17:59:41.361] PartLoader: Compiling Part 'SquadExpansion/Serenity/Parts/Robotics/rotor_01s/rotor_01s'
[LOG 17:59:41.369] PartLoader: Part 'SquadExpansion/Serenity/Parts/Robotics/rotor_01s/rotor_01s' has no database record. Creating.
[LOG 17:59:41.369] [DragCubeSystem]: Drag cubes not found or cannot be read for part Part. Generating New drag cubes.
[LOG 17:59:41.369] [KSPCF/DragCubeGeneration] Creating drag cubes for part 'rotor.01s'
[LOG 17:59:41.374] PartLoader: Compiling Part 'SquadExpansion/Serenity/Parts/Robotics/rotor_02/rotor_02'
[LOG 17:59:41.382] PartLoader: Part 'SquadExpansion/Serenity/Parts/Robotics/rotor_02/rotor_02' has no database record. Creating.
[LOG 17:59:41.382] [DragCubeSystem]: Drag cubes not found or cannot be read for part Part. Generating New drag cubes.
[LOG 17:59:41.382] [KSPCF/DragCubeGeneration] Creating drag cubes for part 'rotor.02'
[LOG 17:59:41.388] PartLoader: Compiling Part 'SquadExpansion/Serenity/Parts/Robotics/rotor_02s/rotor_02s'
[LOG 17:59:41.400] PartLoader: Part 'SquadExpansion/Serenity/Parts/Robotics/rotor_02s/rotor_02s' has no database record. Creating.
[LOG 17:59:41.400] [DragCubeSystem]: Drag cubes not found or cannot be read for part Part. Generating New drag cubes.
[LOG 17:59:41.400] [KSPCF/DragCubeGeneration] Creating drag cubes for part 'rotor.02s'
[LOG 17:59:41.405] PartLoader: Compiling Part 'SquadExpansion/Serenity/Parts/Robotics/rotor_03/rotor_03'
[LOG 17:59:41.413] PartLoader: Part 'SquadExpansion/Serenity/Parts/Robotics/rotor_03/rotor_03' has no database record. Creating.
[LOG 17:59:41.413] [DragCubeSystem]: Drag cubes not found or cannot be read for part Part. Generating New drag cubes.
[LOG 17:59:41.413] [KSPCF/DragCubeGeneration] Creating drag cubes for part 'rotor.03'
[LOG 17:59:41.419] PartLoader: Compiling Part 'SquadExpansion/Serenity/Parts/Robotics/rotor_03s/rotor_03s'
[LOG 17:59:41.427] PartLoader: Part 'SquadExpansion/Serenity/Parts/Robotics/rotor_03s/rotor_03s' has no database record. Creating.
[LOG 17:59:41.427] [DragCubeSystem]: Drag cubes not found or cannot be read for part Part. Generating New drag cubes.
[LOG 17:59:41.427] [KSPCF/DragCubeGeneration] Creating drag cubes for part 'rotor.03s'
[LOG 17:59:41.444] PartLoader: Compiling Part 'SquadExpansion/Serenity/Parts/Robotics/rotoServo_00/rotoServo_00'
[LOG 17:59:41.456] PartLoader: Part 'SquadExpansion/Serenity/Parts/Robotics/rotoServo_00/rotoServo_00' has no database record. Creating.
[LOG 17:59:41.456] [DragCubeSystem]: Drag cubes not found or cannot be read for part Part. Generating New drag cubes.
[LOG 17:59:41.456] [KSPCF/DragCubeGeneration] Creating drag cubes for part 'rotoServo.00'
[LOG 17:59:41.462] PartLoader: Compiling Part 'SquadExpansion/Serenity/Parts/Robotics/rotoServo_02/rotoServo_02'
[LOG 17:59:41.469] PartLoader: Part 'SquadExpansion/Serenity/Parts/Robotics/rotoServo_02/rotoServo_02' has no database record. Creating.
[LOG 17:59:41.469] [DragCubeSystem]: Drag cubes not found or cannot be read for part Part. Generating New drag cubes.
[LOG 17:59:41.469] [KSPCF/DragCubeGeneration] Creating drag cubes for part 'rotoServo.02'
[LOG 17:59:41.475] PartLoader: Compiling Part 'SquadExpansion/Serenity/Parts/Robotics/rotoServo_03/rotoServo_03'
[LOG 17:59:41.481] PartLoader: Part 'SquadExpansion/Serenity/Parts/Robotics/rotoServo_03/rotoServo_03' has no database record. Creating.
[LOG 17:59:41.481] [DragCubeSystem]: Drag cubes not found or cannot be read for part Part. Generating New drag cubes.
[LOG 17:59:41.481] [KSPCF/DragCubeGeneration] Creating drag cubes for part 'rotoServo.03'
[LOG 17:59:41.486] PartLoader: Compiling Part 'SquadExpansion/Serenity/Parts/Robotics/rotoServo_04/rotoServo_04'
[LOG 17:59:41.491] PartLoader: Part 'SquadExpansion/Serenity/Parts/Robotics/rotoServo_04/rotoServo_04' has no database record. Creating.
[LOG 17:59:41.491] [DragCubeSystem]: Drag cubes not found or cannot be read for part Part. Generating New drag cubes.
[LOG 17:59:41.491] [KSPCF/DragCubeGeneration] Creating drag cubes for part 'rotoServo.04'
[LOG 17:59:41.496] PartLoader: Compiling Part 'SquadExpansion/Serenity/Parts/Robotics/Controllers/KAL1000/controller1000'
[LOG 17:59:41.507] PartLoader: Part 'SquadExpansion/Serenity/Parts/Robotics/Controllers/KAL1000/controller1000' has no database record. Creating.
[LOG 17:59:41.507] [DragCubeSystem]: Drag cubes not found or cannot be read for part Part. Generating New drag cubes.
[LOG 17:59:41.507] [KSPCF/DragCubeGeneration] Creating drag cubes for part 'controller1000'
[LOG 17:59:41.512] PartLoader: Compiling Part 'SquadExpansion/Serenity/Parts/Science/RobotArmScanner/RobotArmScanner_S1/RobotArmScanner_S1'
[LOG 17:59:41.524] PartLoader: Part 'SquadExpansion/Serenity/Parts/Science/RobotArmScanner/RobotArmScanner_S1/RobotArmScanner_S1' has no database record. Creating.
[LOG 17:59:41.524] [DragCubeSystem]: Drag cubes not found or cannot be read for part Part. Generating New drag cubes.
[LOG 17:59:41.524] [KSPCF/DragCubeGeneration] Creating drag cubes for part 'RobotArmScanner.S1'
[LOG 17:59:41.542] PartLoader: Compiling Part 'SquadExpansion/Serenity/Parts/Science/RobotArmScanner/RobotArmScanner_S2/RobotArmScanner_S2'
[LOG 17:59:41.548] PartLoader: Part 'SquadExpansion/Serenity/Parts/Science/RobotArmScanner/RobotArmScanner_S2/RobotArmScanner_S2' has no database record. Creating.
[LOG 17:59:41.548] [DragCubeSystem]: Drag cubes not found or cannot be read for part Part. Generating New drag cubes.
[LOG 17:59:41.548] [KSPCF/DragCubeGeneration] Creating drag cubes for part 'RobotArmScanner.S2'
[LOG 17:59:41.564] PartLoader: Compiling Part 'SquadExpansion/Serenity/Parts/Science/RobotArmScanner/RobotArmScanner_S3/RobotArmScanner_S3'
[LOG 17:59:41.572] PartLoader: Part 'SquadExpansion/Serenity/Parts/Science/RobotArmScanner/RobotArmScanner_S3/RobotArmScanner_S3' has no database record. Creating.
[LOG 17:59:41.572] [DragCubeSystem]: Drag cubes not found or cannot be read for part Part. Generating New drag cubes.
[LOG 17:59:41.572] [KSPCF/DragCubeGeneration] Creating drag cubes for part 'RobotArmScanner.S3'
[LOG 17:59:41.591] PartLoader: Compiling Part 'SquadExpansion/Serenity/Parts/Structural/gripPads/lGripPad/lGripPad'
[LOG 17:59:41.599] PartLoader: Part 'SquadExpansion/Serenity/Parts/Structural/gripPads/lGripPad/lGripPad' has no database record. Creating.
[LOG 17:59:41.599] [DragCubeSystem]: Drag cubes not found or cannot be read for part Part. Generating New drag cubes.
[LOG 17:59:41.599] [KSPCF/DragCubeGeneration] Creating drag cubes for part 'lGripPad'
[LOG 17:59:41.609] PartLoader: Compiling Part 'SquadExpansion/Serenity/Parts/Structural/gripPads/lGripStrip/lGripStrip'
[LOG 17:59:41.613] PartLoader: Part 'SquadExpansion/Serenity/Parts/Structural/gripPads/lGripStrip/lGripStrip' has no database record. Creating.
[LOG 17:59:41.613] [DragCubeSystem]: Drag cubes not found or cannot be read for part Part. Generating New drag cubes.
[LOG 17:59:41.613] [KSPCF/DragCubeGeneration] Creating drag cubes for part 'lGripStrip'
[LOG 17:59:41.617] PartLoader: Compiling Part 'SquadExpansion/Serenity/Parts/Structural/gripPads/mGripPad/mGripPad'
[LOG 17:59:41.620] PartLoader: Part 'SquadExpansion/Serenity/Parts/Structural/gripPads/mGripPad/mGripPad' has no database record. Creating.
[LOG 17:59:41.620] [DragCubeSystem]: Drag cubes not found or cannot be read for part Part. Generating New drag cubes.
[LOG 17:59:41.620] [KSPCF/DragCubeGeneration] Creating drag cubes for part 'mGripPad'
[LOG 17:59:41.630] PartLoader: Compiling Part 'SquadExpansion/Serenity/Parts/Structural/gripPads/sGripPad/sGripPad'
[LOG 17:59:41.634] PartLoader: Part 'SquadExpansion/Serenity/Parts/Structural/gripPads/sGripPad/sGripPad' has no database record. Creating.
[LOG 17:59:41.634] [DragCubeSystem]: Drag cubes not found or cannot be read for part Part. Generating New drag cubes.
[LOG 17:59:41.634] [KSPCF/DragCubeGeneration] Creating drag cubes for part 'sGripPad'
[LOG 17:59:41.645] PartLoader: Compiling Part 'SquadExpansion/Serenity/Parts/Structural/gripPads/sGripStrip/sGripStrip'
[LOG 17:59:41.649] PartLoader: Part 'SquadExpansion/Serenity/Parts/Structural/gripPads/sGripStrip/sGripStrip' has no database record. Creating.
[LOG 17:59:41.649] [DragCubeSystem]: Drag cubes not found or cannot be read for part Part. Generating New drag cubes.
[LOG 17:59:41.649] [KSPCF/DragCubeGeneration] Creating drag cubes for part 'sGripStrip'
[LOG 17:59:41.655] PartLoader: Compiling Internal Prop 'Squad/Props/AltimeterThreeHands/prop/AltimeterThreeHands'
[LOG 17:59:41.658] PartLoader: Compiling Internal Prop 'Squad/Props/AtmosphereDepth/prop/AtmosphereDepth'
[LOG 17:59:41.660] PartLoader: Compiling Internal Prop 'Squad/Props/AxisIndicator/pitchConfig/AxisIndicatorPitch'
[LOG 17:59:41.661] PartLoader: Compiling Internal Prop 'Squad/Props/AxisIndicator/rollConfig/AxisIndicatorRoll'
[LOG 17:59:41.662] PartLoader: Compiling Internal Prop 'Squad/Props/AxisIndicator/yawConfig/AxisIndicatorYaw'
[LOG 17:59:41.663] PartLoader: Compiling Internal Prop 'Squad/Props/buttonsGeneric/circularButton/genericCircularButton'
[LOG 17:59:41.664] PartLoader: Compiling Internal Prop 'Squad/Props/buttonsGeneric/clusterButtons/genericClusterButtons'
[LOG 17:59:41.665] PartLoader: Compiling Internal Prop 'Squad/Props/buttonsGeneric/clusterButtons2/genericClusterButtons2'
[LOG 17:59:41.665] PartLoader: Compiling Internal Prop 'Squad/Props/buttonsGeneric/clusterKnob/genericClusterKnobs'
[LOG 17:59:41.666] PartLoader: Compiling Internal Prop 'Squad/Props/buttonsGeneric/clusterKnob2/genericClusterKnobs2'
[LOG 17:59:41.666] PartLoader: Compiling Internal Prop 'Squad/Props/buttonsGeneric/clusterMixed/genericClusterMixed'
[LOG 17:59:41.667] PartLoader: Compiling Internal Prop 'Squad/Props/buttonsGeneric/clusterSwitches01/genericClusterSwitches01'
[LOG 17:59:41.667] PartLoader: Compiling Internal Prop 'Squad/Props/buttonsGeneric/clusterSwitches02/genericClusterSwitches02'
[LOG 17:59:41.668] PartLoader: Compiling Internal Prop 'Squad/Props/buttonsGeneric/clusterSwitches03/genericClusterSwitches03'
[LOG 17:59:41.668] PartLoader: Compiling Internal Prop 'Squad/Props/buttonsGeneric/clusterSwitches04/genericClusterSwitches04'
[LOG 17:59:41.669] PartLoader: Compiling Internal Prop 'Squad/Props/buttonsGeneric/clusterSwitches05/genericClusterSwitches05'
[LOG 17:59:41.669] PartLoader: Compiling Internal Prop 'Squad/Props/buttonsGeneric/clusterSwitches06/genericClusterSwitches06'
[LOG 17:59:41.670] PartLoader: Compiling Internal Prop 'Squad/Props/buttonsGeneric/clusterSwitches07/genericClusterSwitches07'
[LOG 17:59:41.671] PartLoader: Compiling Internal Prop 'Squad/Props/buttonsGeneric/directionalKnob/genericDirectionalKnob'
[LOG 17:59:41.671] PartLoader: Compiling Internal Prop 'Squad/Props/buttonsGeneric/directionalKnob2/genericDirectionalKnob2'
[LOG 17:59:41.672] PartLoader: Compiling Internal Prop 'Squad/Props/buttonsGeneric/pullSwitch/genericPullSwitch'
[LOG 17:59:41.672] PartLoader: Compiling Internal Prop 'Squad/Props/buttonsGeneric/squareButton/genericSquareButton'
[LOG 17:59:41.673] PartLoader: Compiling Internal Prop 'Squad/Props/buttonsGeneric/standingSwitch/genericStandingSwitch'
[LOG 17:59:41.673] PartLoader: Compiling Internal Prop 'Squad/Props/buttonsGeneric/switch/genericSwitch'
[LOG 17:59:41.674] PartLoader: Compiling Internal Prop 'Squad/Props/buttonsGeneric/switchWithGuards/genericSwitchWithGuards'
[LOG 17:59:41.674] PartLoader: Compiling Internal Prop 'Squad/Props/ButtonSquare/prop/ButtonSquare'
[LOG 17:59:41.676] PartLoader: Compiling Internal Prop 'Squad/Props/circularButton/prop/circularButton'
[LOG 17:59:41.677] PartLoader: Compiling Internal Prop 'Squad/Props/Compass/prop/Compass'
[LOG 17:59:41.678] PartLoader: Compiling Internal Prop 'Squad/Props/directionalKnob/prop/directionalKnob'
[LOG 17:59:41.678] PartLoader: Compiling Internal Prop 'Squad/Props/directionalKnob2/prop/directionalKnob2'
[LOG 17:59:41.679] PartLoader: Compiling Internal Prop 'Squad/Props/IndicatorPanel/prop/IndicatorPanel'
[LOG 17:59:41.681] PartLoader: Compiling Internal Prop 'Squad/Props/IVANavBall/prop/NavBall'
[LOG 17:59:41.684] PartLoader: Compiling Internal Prop 'Squad/Props/IVANavBallNoBase/prop/NavBallNoBase'
[LOG 17:59:41.684] PartLoader: Compiling Internal Prop 'Squad/Props/ledPanelSpeed/prop/ledPanelSpeed'
[LOG 17:59:41.686] PartLoader: Compiling Internal Prop 'Squad/Props/Monitor/DockingMode/MonitorDockingMode'
[LOG 17:59:41.687] PartLoader: Compiling Internal Prop 'Squad/Props/NavBall/prop/NavBall'
[LOG 17:59:41.687] PartLoader: Compiling Internal Prop 'Squad/Props/PropsGeneric/Button_DockingMode/Button_DockingMode'
[LOG 17:59:41.688] PartLoader: Compiling Internal Prop 'Squad/Props/PropsGeneric/CargoBagA/CargoBagA'
[LOG 17:59:41.688] PartLoader: Compiling Internal Prop 'Squad/Props/PropsGeneric/CargoBagB/CargoBagB'
[LOG 17:59:41.689] PartLoader: Compiling Internal Prop 'Squad/Props/PropsGeneric/CargoBagC/CargoBagC'
[LOG 17:59:41.689] PartLoader: Compiling Internal Prop 'Squad/Props/PropsGeneric/Hatch_Plane/Hatch_Plane'
[LOG 17:59:41.690] PartLoader: Compiling Internal Prop 'Squad/Props/PropsGeneric/Hatch_Plane_Curve90/Hatch_Plane_Curve90'
[LOG 17:59:41.690] PartLoader: Compiling Internal Prop 'Squad/Props/PropsGeneric/Hatch_Plane_Frame/Hatch_Plane_Frame'
[LOG 17:59:41.691] PartLoader: Compiling Internal Prop 'Squad/Props/PropsGeneric/Seat_Passenger/Seat_Passenger'
[LOG 17:59:41.692] PartLoader: Compiling Internal Prop 'Squad/Props/PropsGeneric/Seat_Pilot/Seat_Pilot'
[LOG 17:59:41.692] PartLoader: Compiling Internal Prop 'Squad/Props/PropsGeneric/Seat_Pilot_Helmet/Seat_Pilot_Helmet'
[LOG 17:59:41.693] PartLoader: Compiling Internal Prop 'Squad/Props/PropsGeneric/SideStick/SideStick'
[LOG 17:59:41.693] PartLoader: Compiling Internal Prop 'Squad/Props/pullSwitch/prop/pullSwitch'
[LOG 17:59:41.694] PartLoader: Compiling Internal Prop 'Squad/Props/radarAltitude/prop/RadarAltimeter'
[LOG 17:59:41.695] PartLoader: Compiling Internal Prop 'Squad/Props/squareButton/prop/squareButton'
[LOG 17:59:41.696] PartLoader: Compiling Internal Prop 'Squad/Props/standingSwitch/prop/standingSwitch'
[LOG 17:59:41.697] PartLoader: Compiling Internal Prop 'Squad/Props/switch/prop/switch'
[LOG 17:59:41.697] PartLoader: Compiling Internal Prop 'Squad/Props/switchGuard/prop/switchGuard'
[LOG 17:59:41.698] PartLoader: Compiling Internal Prop 'Squad/Props/switchWithGuards/prop/switchWithGuards'
[LOG 17:59:41.698] PartLoader: Compiling Internal Prop 'Squad/Props/throttle/prop/throttle'
[LOG 17:59:41.700] PartLoader: Compiling Internal Prop 'Squad/Props/VSI/prop/VSI'
[LOG 17:59:41.701] PartLoader: Compiling Internal Space 'Squad/Spaces/crewCabinInternals/internal/crewCabinInternals'
[LOG 17:59:41.709] PartLoader: Compiling Internal Space 'Squad/Spaces/cupolaInternal/internal/cupolaInternal'
[LOG 17:59:41.721] PartLoader: Compiling Internal Space 'Squad/Spaces/GenericSpace1/internal/GenericSpace1'
[LOG 17:59:41.722] PartLoader: Compiling Internal Space 'Squad/Spaces/GenericSpace3/internal/GenericSpace3'
[LOG 17:59:41.724] PartLoader: Compiling Internal Space 'Squad/Spaces/landerCabinInternals/internal/landerCabinInternals'
[LOG 17:59:41.726] PartLoader: Compiling Internal Space 'Squad/Spaces/landerCabinSmallInternal/internal/landerCabinSmallInternal'
[LOG 17:59:41.729] PartLoader: Compiling Internal Space 'Squad/Spaces/LargeCrewedLabInternals/internal/Mobile_Processing_Lab_Int'
[LOG 17:59:41.732] PartLoader: Compiling Internal Space 'Squad/Spaces/Mk1-3/internal/Mk1-3'
[LOG 17:59:41.738] PartLoader: Compiling Internal Space 'Squad/Spaces/mk1CabinInternal/internal/mk1CabinInternal'
[LOG 17:59:41.743] PartLoader: Compiling Internal Space 'Squad/Spaces/mk1CockpitInternal/internal/mk1CockpitInternal'
[LOG 17:59:41.751] PartLoader: Compiling Internal Space 'Squad/Spaces/mk1InlineInternal/internal/mk1InlineInternal'
[LOG 17:59:41.756] PartLoader: Compiling Internal Space 'Squad/Spaces/mk1PodCockpit/internal/mk1PodCockpit'
[LOG 17:59:41.759] PartLoader: Compiling Internal Space 'Squad/Spaces/mk1pod_IVA/mk1pod_Internal/mk1pod_IVA'
[LOG 17:59:41.765] PartLoader: Compiling Internal Space 'Squad/Spaces/mk2CockpitStandardInternal/internal/mk2CockpitStandardInternals'
[LOG 17:59:41.772] PartLoader: Compiling Internal Space 'Squad/Spaces/Mk2CrewCabinInternal/internal_MK2_CrewCab/MK2_CrewCab_Int'
[LOG 17:59:41.777] PartLoader: Compiling Internal Space 'Squad/Spaces/mk2InlineInternal/internal/mk2InlineInternal'
[LOG 17:59:41.788] PartLoader: Compiling Internal Space 'Squad/Spaces/mk2LanderCanInternal/internal/mk2LanderCanInternal'
[LOG 17:59:41.794] PartLoader: Compiling Internal Space 'Squad/Spaces/MK3CockpitInternal/internal_MK3/MK3_Cockpit_Int'
[LOG 17:59:41.806] PartLoader: Compiling Internal Space 'Squad/Spaces/MK3_CrewCab_Int/internal_MK3_CrewCab/MK3_CrewCab_Int'
[LOG 17:59:41.809] InternalSeat: Cannot find portraitCamera of name 'Camera_Left003'
[LOG 17:59:41.816] PartLoader: Compiling Internal Space 'Squad/Spaces/Placeholder/internal/Placeholder'
[LOG 17:59:41.824] PartLoader: Compiling Internal Space 'Squad/Spaces/PodCockpit/internal/PodCockpit'
[LOG 17:59:41.831] PartLoader: Compiling Internal Space 'SquadExpansion/MakingHistory/Spaces/KVPods/Airlock_Internal/Airlock_IVA'
[LOG 17:59:41.832] PartLoader: Compiling Internal Space 'SquadExpansion/MakingHistory/Spaces/KVPods/KV1_Internal/KV1_IVA'
[LOG 17:59:41.836] PartLoader: Compiling Internal Space 'SquadExpansion/MakingHistory/Spaces/KVPods/KV2_Internal/KV2_IVA'
[LOG 17:59:41.840] PartLoader: Compiling Internal Space 'SquadExpansion/MakingHistory/Spaces/KVPods/KV3_Internal/KV3_IVA'
[LOG 17:59:41.845] PartLoader: Compiling Internal Space 'SquadExpansion/MakingHistory/Spaces/MEM/MEM_IVA/MEM_IVA'
[LOG 17:59:41.854] PartLoader: Compiling Internal Space 'SquadExpansion/MakingHistory/Spaces/Mk2Pod/Mk2Pod_Internal/MK2POD_IVA'
[LOG 17:59:42.782] Assets:
[LOG 17:59:42.782] anim_missionsapp_idle.anim
[LOG 17:59:42.782] anim_missionsapp_idle_warning.anim
[LOG 17:59:42.782] anim_missionsapp_warning.anim
[LOG 17:59:42.782] anim_missionssapp.anim
[LOG 17:59:42.782] animcontroller_missionsappmaster.controller
[LOG 17:59:42.782] app_bg.tif
[LOG 17:59:42.783] app_bottom_gray.tif
[LOG 17:59:42.783] app_divider_pulldown_body.tif
[LOG 17:59:42.783] app_divider_pulldown_footer.tif
[LOG 17:59:42.783] app_divider_pulldown_header.tif
[LOG 17:59:42.783] app_divider_pulldown_header_over.tif
[LOG 17:59:42.783] app_header_gray.tif
[LOG 17:59:42.783] app_missions_icon_active.tif
[LOG 17:59:42.783] app_missions_icon_complete.tif
[LOG 17:59:42.783] app_missions_icon_failed.tif
[LOG 17:59:42.783] app_missions_icon_inactive.tif
[LOG 17:59:42.783] spritesheet_missionsapp.tif
[LOG 17:59:42.783] spritesheet_missionsappwarning.tif
[LOG 17:59:42.783] missionbriefingdialog.prefab
[LOG 17:59:42.783] missionbriefingtag.prefab
[LOG 17:59:42.783] awardwidget.prefab
[LOG 17:59:42.783] missionenddialog.prefab
[LOG 17:59:42.783] missionitemwidget.prefab
[LOG 17:59:42.783] missionplaybutton.prefab
[LOG 17:59:42.783] missionplaydialog.prefab
[LOG 17:59:42.783] missionsteamitemwidget.prefab
[LOG 17:59:42.783] missionvalidationdialog.prefab
[LOG 17:59:42.783] validationentry.prefab
[LOG 17:59:42.783] comettoken.fbx
[LOG 17:59:42.783] comettoken.jpg
[LOG 17:59:42.783] placementegizmo_comet.mat
[LOG 17:59:42.783] placementegizmo_comet_tail.mat
[LOG 17:59:42.783] femalevintagepreview.prefab
[LOG 17:59:42.784] malevintagepreview.prefab
[LOG 17:59:42.784] checkpointentrywidget.prefab
[LOG 17:59:42.784] crewmanagementdialog.prefab
[LOG 17:59:42.784] listitem_vesseltitle.prefab
[LOG 17:59:42.784] missionbrowser.prefab
[LOG 17:59:42.784] missioncheckpointbrowser.prefab
[LOG 17:59:42.784] missioncrewlistitem.prefab
[LOG 17:59:42.784] missionentrywidget.prefab
[LOG 17:59:42.784] missiontemplateentrywidget.prefab
[LOG 17:59:42.784] partcategorizerbutton.prefab
[LOG 17:59:42.784] partselectorbrowser.prefab
[LOG 17:59:42.784] partselectorentry.prefab
[LOG 17:59:42.784] gaputil_vesselframe.prefab
[LOG 17:59:42.784] meguiconnector.prefab
[LOG 17:59:42.784] meguinode.prefab
[LOG 17:59:42.784] meguinodecategorybutton.prefab
[LOG 17:59:42.784] meguinodeicon.prefab
[LOG 17:59:42.784] meguinodeicongroup.prefab
[LOG 17:59:42.784] meguiscrollviewitem.prefab
[LOG 17:59:42.784] meiconloaderbasicnode.prefab
[LOG 17:59:42.784] meiconloadergap.prefab
[LOG 17:59:42.784] meiconloadernodecategorizer.prefab
[LOG 17:59:42.784] menodecanvas.prefab
[LOG 17:59:42.784] missioneditorscreen.prefab
[LOG 17:59:42.784] nodelisttooltip.prefab
[LOG 17:59:42.784] nodelisttooltipextinfolistspacer.prefab
[LOG 17:59:42.784] orbitgizmo.prefab
[LOG 17:59:42.784] biomeshighlight.shader
[LOG 17:59:42.784] projector-surfacegizmo.shader
[LOG 17:59:42.785] scaledplanetbiomeshighlight.shader
[LOG 17:59:42.785] sprites-alwaysover.shader
[LOG 17:59:42.785] ui-unlit-infinite.shader
[LOG 17:59:42.785] ui-unlit-solid.shader
[LOG 17:59:42.785] assetgraph_connectionpoint_inputmark.png
[LOG 17:59:42.785] assetgraph_inputbg.png
[LOG 17:59:42.785] boldly.png
[LOG 17:59:42.785] carpool.png
[LOG 17:59:42.785] frugal.png
[LOG 17:59:42.785] homesick.png
[LOG 17:59:42.785] keys.png
[LOG 17:59:42.785] saint.png
[LOG 17:59:42.785] sinner.png
[LOG 17:59:42.785] thespot.png
[LOG 17:59:42.785] timekeeper.png
[LOG 17:59:42.785] helmetbronze.png
[LOG 17:59:42.785] helmetgold.png
[LOG 17:59:42.785] helmetsilver.png
[LOG 17:59:42.785] action-part-resource-drain.png
[LOG 17:59:42.785] change-part-resource-levels.png
[LOG 17:59:42.785] create-asteroid.png
[LOG 17:59:42.785] create-kerbal.png
[LOG 17:59:42.785] create-vessel.png
[LOG 17:59:42.785] crew-assignment.png
[LOG 17:59:42.785] dialog-message.png
[LOG 17:59:42.785] display-message.png
[LOG 17:59:42.785] fail-part.png
[LOG 17:59:42.786] fly-through.png
[LOG 17:59:42.786] funds-recovery.png
[LOG 17:59:42.786] generic-node.png
[LOG 17:59:42.786] go-to.png
[LOG 17:59:42.786] kerbal-boarded.png
[LOG 17:59:42.786] kerbal-recovery.png
[LOG 17:59:42.786] kerbal-rescue.png
[LOG 17:59:42.786] launch-site.png
[LOG 17:59:42.786] leave-soi.png
[LOG 17:59:42.786] orbit.png
[LOG 17:59:42.786] part-explode.png
[LOG 17:59:42.786] plant-flag.png
[LOG 17:59:42.786] reach-soi.png
[LOG 17:59:42.786] repair-part.png
[LOG 17:59:42.786] resource-amount.png
[LOG 17:59:42.786] resource-recovery.png
[LOG 17:59:42.786] science-experiment.png
[LOG 17:59:42.786] score.png
[LOG 17:59:42.786] take-tourist.png
[LOG 17:59:42.786] test-altitude.png
[LOG 17:59:42.786] test-eva.png
[LOG 17:59:42.786] test-grapple.png
[LOG 17:59:42.786] time-of-flight.png
[LOG 17:59:42.786] time-of-mission.png
[LOG 17:59:42.786] time-since-node.png
[LOG 17:59:42.786] vessel-crashed.png
[LOG 17:59:42.786] vessel-crew-count.png
[LOG 17:59:42.787] vessel-explode.png
[LOG 17:59:42.787] vessel-flying.png
[LOG 17:59:42.787] vessel-landed.png
[LOG 17:59:42.787] vessel-mass.png
[LOG 17:59:42.787] vessel-splashed.png
[LOG 17:59:42.787] vessel-stage-activated.png
[LOG 17:59:42.787] vessel-stage.png
[LOG 17:59:42.787] arrange-graph.png
[LOG 17:59:42.787] builderbuttons_briefing.png
[LOG 17:59:42.787] builderbuttons_reset.png
[LOG 17:59:42.787] builderbuttons_trackingstation.png
[LOG 17:59:42.787] frame-graph.png
[LOG 17:59:42.787] lock.png
[LOG 17:59:42.787] maximize.png
[LOG 17:59:42.787] minimize.png
[LOG 17:59:42.787] pin.png
[LOG 17:59:42.787] pin_down.png
[LOG 17:59:42.787] redo.png
[LOG 17:59:42.787] reset.png
[LOG 17:59:42.787] tracking-station.png
[LOG 17:59:42.787] undo.png
[LOG 17:59:42.787] visible-in-gap.png
[LOG 17:59:42.787] location.png
[LOG 17:59:42.787] logic.png
[LOG 17:59:42.787] science.png
[LOG 17:59:42.787] utility.png
[LOG 17:59:42.787] vessel.png
[LOG 17:59:42.787] eye.png
[LOG 17:59:42.787] iconmb.png
[LOG 17:59:42.788] me_btn_generic_normal.tif
[LOG 17:59:42.788] me_button_generic_normal.tif
[LOG 17:59:42.788] nodecat_bg.png
[LOG 17:59:42.788] nodecat_divider.tif
[LOG 17:59:42.788] nodecat_divider_bottom.tif
[LOG 17:59:42.788] pholderwarningicon.png
[LOG 17:59:42.788] reseticon.png
[LOG 17:59:42.788] validityindicator.controller
[LOG 17:59:42.788] validtyinidicatorpulse.anim
[LOG 17:59:42.788] broadorbittoggle button.png
[LOG 17:59:42.788] maneuvertoggle button.png
[LOG 17:59:42.788] orbitalgizmoicons.png
[LOG 17:59:42.788] reset orbit button.png
[LOG 17:59:42.788] nodelabel.prefab
[LOG 17:59:42.788] kerbaleva_female_exp.prefab
[LOG 17:59:42.788] kerbaleva_rd_exp.prefab
[LOG 17:59:42.788] missioneditorevabody.mat
[LOG 17:59:42.788] missioneditorevabodyalternate.mat
[LOG 17:59:42.788] missioneditorevabodybrown.mat
[LOG 17:59:42.788] missioneditorevaeyeballs.mat
[LOG 17:59:42.788] missioneditorevaeyes.mat
[LOG 17:59:42.788] missioneditorevahead.mat
[LOG 17:59:42.788] missioneditorevahelmet.mat
[LOG 17:59:42.788] missioneditorevahelmetred.mat
[LOG 17:59:42.788] missioneditorevajetpack.mat
[LOG 17:59:42.788] missioneditorevalight.mat
[LOG 17:59:42.788] kbevafemalevintage.prefab
[LOG 17:59:42.788] kbevavintage.prefab
[LOG 17:59:42.789] evalight.fbx
[LOG 17:59:42.789] kbeva@new.fbx
[LOG 17:59:42.789] kbeva@newfem.fbx
[LOG 17:59:42.789] mevahelmetlight.fbx
[LOG 17:59:42.789] evajetpackscondary.dds
[LOG 17:59:42.789] evajetpacksecondary_n.dds
[LOG 17:59:42.789] evalight.png
[LOG 17:59:42.789] kerbalmainnrm.dds
[LOG 17:59:42.789] me_suit_difuse_blue.dds
[LOG 17:59:42.789] me_suit_difuse_low_polybrown.dds
[LOG 17:59:42.789] me_suit_difuse_orange.dds
[LOG 17:59:42.789] kerbalfemalevintage.prefab
[LOG 17:59:42.789] kerbalmalevintage.prefab
[LOG 17:59:42.789] evahelmet.mat
[LOG 17:59:42.789] evatexture.mat
[LOG 17:59:42.789] kerbalgirl_06_basecolor.mat
[LOG 17:59:42.789] kerbalhead.mat
[LOG 17:59:42.789] lambert6.mat
[LOG 17:59:42.789] mat_eyeballs.mat
[LOG 17:59:42.789] mat_eyes01.mat
[LOG 17:59:42.789] material #4.mat
[LOG 17:59:42.789] mesh_female_kerbalastronaut01_kerbalgirl_export_15_lambert20.mat
[LOG 17:59:42.789] mesh_female_kerbalastronaut01_kerbalgirl_export_15_lambert21.mat
[LOG 17:59:42.789] kbfemale_iva_mecanim.fbx
[LOG 17:59:42.789] kbiva_mecanim.fbx
[LOG 17:59:42.789] kerbalicon_eva_female_vintage.tif
[LOG 17:59:42.789] kerbalicon_eva_vintage.tif
[LOG 17:59:42.789] kerbalicon_suit_female_vintage.tif
[LOG 17:59:42.789] kerbalicon_suit_orange_female_vintage.tif
[LOG 17:59:42.790] kerbalicon_suit_orange_vintage.tif
[LOG 17:59:42.790] kerbalicon_suit_vintage.tif
[LOG 17:59:42.790] gap_celestialbody_camerasetup.prefab
[LOG 17:59:42.790] gap_celestialbody_collisionsphere.prefab
[LOG 17:59:42.790] gap_celestialbody_surfacegizmo_area.prefab
[LOG 17:59:42.790] gap_celestialbody_surfacegizmo_basic.prefab
[LOG 17:59:42.790] gap_celestialbody_surfacegizmo_icon.prefab
[LOG 17:59:42.790] gap_celestialbody_surfacegizmo_vessel.prefab
[LOG 17:59:42.790] gap_celestialbody_surfacegizmo_volume.prefab
[LOG 17:59:42.790] gap_proceduralasteroid.prefab
[LOG 17:59:42.790] gap_proceduralcomet.prefab
[LOG 17:59:42.790] gapbuttonprefab.prefab
[LOG 17:59:42.790] gapkerbal_femaleveteran.prefab
[LOG 17:59:42.790] gapkerbal_femaleveteran_vintage.prefab
[LOG 17:59:42.790] gapkerbal_male_slimsuit.prefab
[LOG 17:59:42.790] gapkerbal_maleveteran.prefab
[LOG 17:59:42.790] gapkerbal_maleveteran_vintage.prefab
[LOG 17:59:42.790] gapscrollablesidebarbutton.prefab
[LOG 17:59:42.790] gapsidebarbutton.prefab
[LOG 17:59:42.790] gaptoggleprefab.prefab
[LOG 17:59:42.790] gaputil_biselector.prefab
[LOG 17:59:42.790] gaputil_celestialbody.prefab
[LOG 17:59:42.790] vesseldisplay_camerasetup.prefab
[LOG 17:59:42.790] desert_airfield.prefab
[LOG 17:59:42.790] desert_groundobjects.prefab
[LOG 17:59:42.790] desert_launch_site.prefab
[LOG 17:59:42.790] larkes.prefab
[LOG 17:59:42.790] floor bottom.mat
[LOG 17:59:42.790] floor top.mat
[LOG 17:59:42.790] legs.mat
[LOG 17:59:42.791] ramp.mat
[LOG 17:59:42.791] stairs grid lights pivot.mat
[LOG 17:59:42.791] supports 1.mat
[LOG 17:59:42.791] supports 2.mat
[LOG 17:59:42.791] tunnels.mat
[LOG 17:59:42.791] floor bottom.dds
[LOG 17:59:42.791] floor top.dds
[LOG 17:59:42.791] floor top_normal.dds
[LOG 17:59:42.791] legs.dds
[LOG 17:59:42.791] ramp.dds
[LOG 17:59:42.791] stairs grid lights pivot.dds
[LOG 17:59:42.791] supports 1.dds
[LOG 17:59:42.791] supports 2.dds
[LOG 17:59:42.791] tunnels.dds
[LOG 17:59:42.791] diffuse.mat
[LOG 17:59:42.791] floor bottom_base_color.mat
[LOG 17:59:42.791] floor top_base_color.mat
[LOG 17:59:42.791] legs_base_color.mat
[LOG 17:59:42.791] ramp_base_color.mat
[LOG 17:59:42.791] stairs grid lights pivot_base_colormodpsd.mat
[LOG 17:59:42.791] stairs_grid_lights_pivot_base_color.mat
[LOG 17:59:42.791] supports 1_base_color.mat
[LOG 17:59:42.791] supports 2_base_color.mat
[LOG 17:59:42.791] tunnels_base_color.mat
[LOG 17:59:42.791] mobilelaunchpad_19.fbx
[LOG 17:59:42.791] pontoons.fbx
[LOG 17:59:42.791] pontoons_diffuse.dds
[LOG 17:59:42.791] ramp_normal.png
[LOG 17:59:42.791] 1001_base_color.mat
[LOG 17:59:42.792] desert groundtransition.mat
[LOG 17:59:42.792] desert groundtransition_highquality.mat
[LOG 17:59:42.792] desert groundtransition_lowquality.mat
[LOG 17:59:42.792] desert groundtransition_mediumquality.mat
[LOG 17:59:42.792] desert groundtransition_ultraquality.mat
[LOG 17:59:42.792] desert runway sand.mat
[LOG 17:59:42.792] desert runway stone.mat
[LOG 17:59:42.792] mobilelaunchpad.prefab
[LOG 17:59:42.792] woomerang_groundobjects.prefab
[LOG 17:59:42.792] woomerang_launch_site.prefab
[LOG 17:59:42.793] Scenes:
[LOG 17:59:42.793] kspMissionEditor.unity
[LOG 17:59:51.926] Assets:
[LOG 17:59:51.926] appanim_missionsapp.prefab
[LOG 17:59:51.926] cascading_body_missionheader.prefab
[LOG 17:59:51.926] cascading_body_missioninfo.prefab
[LOG 17:59:51.926] cascading_body_missionobjective.prefab
[LOG 17:59:51.926] cascading_body_missionsvesselheader.prefab
[LOG 17:59:51.926] cascading_body_missionsvesselitem.prefab
[LOG 17:59:51.926] cascading_body_settingsbutton.prefab
[LOG 17:59:51.926] cascading_body_settingstoggle.prefab
[LOG 17:59:51.926] missionsapp.prefab
[LOG 17:59:51.926] axislimitline.prefab
[LOG 17:59:51.926] controlleraction.prefab
[LOG 17:59:51.926] controlleraxis.prefab
[LOG 17:59:51.926] controllerwindow.prefab
[LOG 17:59:51.926] curvepanelpoint.prefab
[LOG 17:59:51.926] curvepanelpointaction.prefab
[LOG 17:59:51.926] axis_align_ends.png
[LOG 17:59:51.926] axis_clamp_values.png
[LOG 17:59:51.926] axis_copy.png
[LOG 17:59:51.926] axis_flip_horizontal.png
[LOG 17:59:51.926] axis_flip_vertical.png
[LOG 17:59:51.926] axis_move_down-trackrow.png
[LOG 17:59:51.926] axis_move_down.png
[LOG 17:59:51.926] axis_move_up-trackrow.png
[LOG 17:59:51.926] axis_move_up.png
[LOG 17:59:51.926] axis_paste.png
[LOG 17:59:51.927] axis_preset_flat.png
[LOG 17:59:51.927] axis_preset_sawtooth.png
[LOG 17:59:51.927] axis_preset_sine.png
[LOG 17:59:51.927] axis_preset_square.png
[LOG 17:59:51.927] axis_preset_triangle.png
[LOG 17:59:51.927] axis_select_all.png
[LOG 17:59:51.927] background_squared_inset.png
[LOG 17:59:51.927] close.png
[LOG 17:59:51.927] direction_forward.png
[LOG 17:59:51.927] direction_reverse.png
[LOG 17:59:51.927] edit.png
[LOG 17:59:51.927] fieldlimitline.png
[LOG 17:59:51.927] keyframe_add.png
[LOG 17:59:51.927] keyframe_clamp_value.png
[LOG 17:59:51.927] keyframe_delete.png
[LOG 17:59:51.927] keyframe_linear.png
[LOG 17:59:51.927] keyframe_smooth.png
[LOG 17:59:51.927] keyframe_step_backward.png
[LOG 17:59:51.927] keyframe_step_forward.png
[LOG 17:59:51.927] line.png
[LOG 17:59:51.927] line_dashed.png
[LOG 17:59:51.927] loop_pingpong.png
[LOG 17:59:51.927] loop_playonce.png
[LOG 17:59:51.927] loop_repeat.png
[LOG 17:59:51.927] node.png
[LOG 17:59:51.927] node_circle.png
[LOG 17:59:51.927] node_square.png
[LOG 17:59:51.927] pause.png
[LOG 17:59:51.928] play.png
[LOG 17:59:51.928] pointer.png
[LOG 17:59:51.928] remove-axis.png
[LOG 17:59:51.928] remove_key.png
[LOG 17:59:51.928] resize_icon.png
[LOG 17:59:51.928] sequence_resize_button_states.png
[LOG 17:59:51.928] sequence_resize_maintain.png
[LOG 17:59:51.928] sequence_resize_scale.png
[LOG 17:59:51.928] sequence_speed.png
[LOG 17:59:51.928] tracking_editor_button_states.png
[LOG 17:59:51.928] femalefuturepreview.prefab
[LOG 17:59:51.928] malefuturepreview.prefab
[LOG 17:59:51.928] kbfemale@controlpanel_a.fbx
[LOG 17:59:51.928] kbfemale@controlpanel_b.fbx
[LOG 17:59:51.928] kbfemale@controlpanel_c.fbx
[LOG 17:59:51.928] kbfemale@rocksample.fbx
[LOG 17:59:51.928] hammerfemale.fbx
[LOG 17:59:51.928] hammermale.fbx
[LOG 17:59:51.928] kbeva@controlpanel_a.fbx
[LOG 17:59:51.928] kbeva@controlpanel_b.fbx
[LOG 17:59:51.928] kbeva@controlpanel_c.fbx
[LOG 17:59:51.928] kbeva@rocksample.fbx
[LOG 17:59:51.928] kerbaleva_female_future.prefab
[LOG 17:59:51.928] kerbaleva_rd_future.prefab
[LOG 17:59:51.928] futureevabody.mat
[LOG 17:59:51.928] futureevabodyalternate.mat
[LOG 17:59:51.928] futureevajetpack.mat
[LOG 17:59:51.928] futureevalight.mat
[LOG 17:59:51.928] futurehelmet.mat
[LOG 17:59:51.929] kbevafemalefuture.prefab
[LOG 17:59:51.929] kbevafuture.prefab
[LOG 17:59:51.929] kbeva@new.fbx
[LOG 17:59:51.929] kbeva@newfem.fbx
[LOG 17:59:51.929] mevahelmetlight.fbx
[LOG 17:59:51.929] serenityfemaleeva.fbx
[LOG 17:59:51.929] serenityflares.fbx
[LOG 17:59:51.929] serenitymaleeva.fbx
[LOG 17:59:51.929] evajetpacknrm.dds
[LOG 17:59:51.929] futuresuit_diffuse_orange.dds
[LOG 17:59:51.929] futuresuit_diffuse_whiteblue.dds
[LOG 17:59:51.929] futuresuit_diffuse_whiteorange.dds
[LOG 17:59:51.929] futuresuit_emissive.dds
[LOG 17:59:51.929] futuresuit_evalight.png
[LOG 17:59:51.929] futuresuitmainnrm.dds
[LOG 17:59:51.929] ksp_ig_jetpack_diffuse.jpg
[LOG 17:59:51.929] kerbalfemalefuture.prefab
[LOG 17:59:51.929] kerbalmalefuture.prefab
[LOG 17:59:51.929] futuresuit_diffuse.mat
[LOG 17:59:51.929] serenityfemaleiva.fbx
[LOG 17:59:51.929] serenitymaleiva.fbx
[LOG 17:59:51.929] kerbalicon_eva_female_future.tif
[LOG 17:59:51.929] kerbalicon_eva_future.tif
[LOG 17:59:51.929] kerbalicon_suit_female_future.tif
[LOG 17:59:51.929] kerbalicon_suit_future.tif
[LOG 17:59:51.929] kerbalicon_suit_orange_female_future.tif
[LOG 17:59:51.929] kerbalicon_suit_orange_future.tif
[LOG 17:59:51.929] bottom_emissor.mat
[LOG 17:59:51.930] burst_emissor.mat
[LOG 17:59:51.930] burstprojectiles_emissor.mat
[LOG 17:59:51.930] constantburst_emissor.mat
[LOG 17:59:51.930] snowflakes_emissor.mat
[LOG 17:59:51.930] vapor_emissor.mat
[LOG 17:59:51.930] base_0.mat
[LOG 17:59:51.930] base_1.mat
[LOG 17:59:51.930] base_2.mat
[LOG 17:59:51.930] base_3_1.mat
[LOG 17:59:51.930] base_3_2.mat
[LOG 17:59:51.930] vapor.mat
[LOG 17:59:51.930] burst.png
[LOG 17:59:51.930] cloud2.png
[LOG 17:59:51.930] v1.png
[LOG 17:59:51.930] v2.png
[LOG 17:59:51.930] v3.png
[LOG 17:59:51.930] v5.png
[LOG 17:59:51.930] gapkerbal_female_future.prefab
[LOG 17:59:51.930] gapkerbal_male_future.prefab
[LOG 17:59:51.930] hammerfemale.prefab
[LOG 17:59:51.930] hammermale.prefab
[LOG 17:59:51.930] bopgravelpile.prefab
[LOG 17:59:51.930] bopgravelpile.fbx
[LOG 17:59:51.930] bop_gravel pile_d.mat
[LOG 17:59:51.930] lambert1.mat
[LOG 17:59:51.930] bop_gravel pile_d.png
[LOG 17:59:51.930] bop_gravel pile_d.tga
[LOG 17:59:51.930] bop_gravel pile_n.png
[LOG 17:59:51.930] bop_gravel pile_s.png
[LOG 17:59:51.930] drescrater.prefab
[LOG 17:59:51.931] dresmeteorite.prefab
[LOG 17:59:51.931] drescrater.fbx
[LOG 17:59:51.931] dresmeteorite.fbx
[LOG 17:59:51.931] dres_crater_d.mat
[LOG 17:59:51.931] dres_meteorite_d.mat
[LOG 17:59:51.931] lambert1.mat
[LOG 17:59:51.931] dres_crater_d.tga
[LOG 17:59:51.931] dres_crater_n.png
[LOG 17:59:51.931] dres_meteorite_d.tga
[LOG 17:59:51.931] dres_meteorite_n.png
[LOG 17:59:51.931] dunablueberries.prefab
[LOG 17:59:51.931] dunadune.prefab
[LOG 17:59:51.931] dunameteorite.prefab
[LOG 17:59:51.931] dunastone.prefab
[LOG 17:59:51.931] dunaasteroid.fbx
[LOG 17:59:51.931] dunablueberries.fbx
[LOG 17:59:51.931] dunadune.fbx
[LOG 17:59:51.931] dunastone.fbx
[LOG 17:59:51.931] duna_asteroid_d.mat
[LOG 17:59:51.931] duna_dune_d.mat
[LOG 17:59:51.931] duna_stone_d.mat
[LOG 17:59:51.931] dune_blueberries_d.mat
[LOG 17:59:51.931] lambert1.mat
[LOG 17:59:51.931] duna_asteroid_d.tga
[LOG 17:59:51.931] duna_asteroid_n.png
[LOG 17:59:51.932] duna_dune_d.tga
[LOG 17:59:51.932] duna_dune_n.tga
[LOG 17:59:51.932] duna_stone_d.tga
[LOG 17:59:51.932] duna_stone_n.png
[LOG 17:59:51.932] dune_blueberries_d.tga
[LOG 17:59:51.932] dune_blueberries_n.png
[LOG 17:59:51.932] eelooberg.prefab
[LOG 17:59:51.932] eeloobrownboulder.prefab
[LOG 17:59:51.932] eelooicechunk.prefab
[LOG 17:59:51.932] eelooberg.fbx
[LOG 17:59:51.932] eelooboulder.fbx
[LOG 17:59:51.932] eelooicechunk.fbx
[LOG 17:59:51.932] eeloo_alien_glacier_d.mat
[LOG 17:59:51.932] eeloo_brown_ boulder_d.mat
[LOG 17:59:51.932] eeloo_ice chunk_d.mat
[LOG 17:59:51.932] lambert1.mat
[LOG 17:59:51.932] eeloo_alien_glacier_d.tga
[LOG 17:59:51.932] eeloo_alien_glacier_e.tga
[LOG 17:59:51.932] eeloo_alien_glacier_n.png
[LOG 17:59:51.932] eeloo_brown_ boulder_d.tga
[LOG 17:59:51.932] eeloo_brown_ boulder_n.png
[LOG 17:59:51.932] eeloo_ice chunk_d.tga
[LOG 17:59:51.932] eeloo_ice chunk_e.tga
[LOG 17:59:51.932] eeloo_ice chunk_n.png
[LOG 17:59:51.932] eeloo_ice chunk_s.tga
[LOG 17:59:51.932] evebasaltformation.prefab
[LOG 17:59:51.932] evepancakedome.prefab
[LOG 17:59:51.932] evevolcanicrock.prefab
[LOG 17:59:51.932] evebasaltformation.fbx
[LOG 17:59:51.933] evepancakeformation.fbx
[LOG 17:59:51.933] evevolcanicrock.fbx
[LOG 17:59:51.933] eve basalt formation_d.mat
[LOG 17:59:51.933] eve pancake formation_d.mat
[LOG 17:59:51.933] eve volcanic rock_d.mat
[LOG 17:59:51.933] lambert1.mat
[LOG 17:59:51.933] eve basalt formation_d.tga
[LOG 17:59:51.933] eve basalt formation_n.tga
[LOG 17:59:51.933] eve pancake formation_d.tga
[LOG 17:59:51.933] eve pancake formation_e.png
[LOG 17:59:51.933] eve pancake formation_n.png
[LOG 17:59:51.933] eve volcanic rock_d.tga
[LOG 17:59:51.933] eve volcanic rock_n.png
[LOG 17:59:51.933] gillyridgeline.fbx
[LOG 17:59:51.933] gilly ridegeline_d.mat
[LOG 17:59:51.933] lambert1.mat
[LOG 17:59:51.933] gillyridgeline.prefab
[LOG 17:59:51.933] gilly ridegeline_d.tga
[LOG 17:59:51.933] gilly ridegeline_n.png
[LOG 17:59:51.933] dunaejecta.prefab
[LOG 17:59:51.933] ikedunaejecta.fbx
[LOG 17:59:51.933] ike_duna_ejecta_mat.mat
[LOG 17:59:51.933] ike duna ejecta_d.tga
[LOG 17:59:51.933] ike duna ejecta_n.png
[LOG 17:59:51.933] kerbinbaobabtree.fbx
[LOG 17:59:51.933] kerbinquartz.fbx
[LOG 17:59:51.933] baobaptree.mat
[LOG 17:59:51.933] kerbin_baobab_tree_d.mat
[LOG 17:59:51.933] kerbin_boabob_tree_d.mat
[LOG 17:59:51.934] kerbin_giant_quartz_d.mat
[LOG 17:59:51.934] lambert1.mat
[LOG 17:59:51.934] lambert2.mat
[LOG 17:59:51.934] kerbinbaobabtree.prefab
[LOG 17:59:51.934] kerbinquartz.prefab
[LOG 17:59:51.934] kerbin_baobab_tree_alpha.png
[LOG 17:59:51.934] kerbin_baobab_tree_d.tga
[LOG 17:59:51.934] kerbin_baobab_tree_n.png
[LOG 17:59:51.934] kerbin_giant_quartz_d.tga
[LOG 17:59:51.934] kerbin_giant_quartz_e.tga
[LOG 17:59:51.934] kerbin_giant_quartz_n.tga
[LOG 17:59:51.934] kerbin_giant_quartz_s.tga
[LOG 17:59:51.934] laytheboulder.fbx
[LOG 17:59:51.934] laythegeyser.fbx
[LOG 17:59:51.934] laythestone.fbx
[LOG 17:59:51.934] lambert1.mat
[LOG 17:59:51.934] laythe_boulder_d.mat
[LOG 17:59:51.934] laythe_geyser_d.mat
[LOG 17:59:51.934] laythe_stone_d.mat
[LOG 17:59:51.934] laytheboulder.prefab
[LOG 17:59:51.934] laythegeyser.prefab
[LOG 17:59:51.934] laythestone.prefab
[LOG 17:59:51.934] laythe_boulder_d.tga
[LOG 17:59:51.934] laythe_boulder_n.png
[LOG 17:59:51.934] laythe_geyser_d.tga
[LOG 17:59:51.934] laythe_geyser_n.png
[LOG 17:59:51.934] laythe_stone_d.tga
[LOG 17:59:51.934] laythe_stone_n.png
[LOG 17:59:51.934] greensandstone.fbx
[LOG 17:59:51.935] lambert1.mat
[LOG 17:59:51.935] minmus_green_sandstone_d.mat
[LOG 17:59:51.935] minmus_olivine_formation_d.mat
[LOG 17:59:51.935] minmusolivineformation.fbx
[LOG 17:59:51.935] minmus_greensandstone.prefab
[LOG 17:59:51.935] minmus_olivineformation.prefab
[LOG 17:59:51.935] minmus_green_sandstone_d.tga
[LOG 17:59:51.935] minmus_green_sandstone_n.png
[LOG 17:59:51.935] minmus_olivine_formation_d.tga
[LOG 17:59:51.935] minmus_olivine_formation_n.png
[LOG 17:59:51.935] lambert1.mat
[LOG 17:59:51.935] moho wrinkleridge_d.mat
[LOG 17:59:51.935] moho_stone_d.mat
[LOG 17:59:51.935] mohostone.fbx
[LOG 17:59:51.935] mohowrinkleridge.fbx
[LOG 17:59:51.935] mohostone.prefab
[LOG 17:59:51.935] mohowrinkleridge.prefab
[LOG 17:59:51.935] moho wrinkleridge_d.tga
[LOG 17:59:51.935] moho wrinkleridge_e.png
[LOG 17:59:51.935] moho wrinkleridge_n.png
[LOG 17:59:51.935] moho_stone_d.tga
[LOG 17:59:51.935] moho_stone_n.png
[LOG 17:59:51.935] lambert1.mat
[LOG 17:59:51.935] mun_crater_d.mat
[LOG 17:59:51.935] mun_large_crater_d.mat
[LOG 17:59:51.935] mun_stone_d.mat
[LOG 17:59:51.935] muncrater.fbx
[LOG 17:59:51.935] munlargecrater.fbx
[LOG 17:59:51.935] munstone.fbx
[LOG 17:59:51.936] muncrater.prefab
[LOG 17:59:51.936] munlargecrater.prefab
[LOG 17:59:51.936] munstone.prefab
[LOG 17:59:51.936] mun_crater_d.tga
[LOG 17:59:51.936] mun_crater_n.png
[LOG 17:59:51.936] mun_large_crater_d.tga
[LOG 17:59:51.936] mun_large_crater_n.png
[LOG 17:59:51.936] mun_stone_d.tga
[LOG 17:59:51.936] mun_stone_n.png
[LOG 17:59:51.936] lambert1.mat
[LOG 17:59:51.936] pol_yellowstone_d.mat
[LOG 17:59:51.936] polyellowstone.fbx
[LOG 17:59:51.936] pol_yellowstones.prefab
[LOG 17:59:51.936] pol_yellowstone_d.png
[LOG 17:59:51.936] pol_yellowstone_n.png
[LOG 17:59:51.936] lambert1.mat
[LOG 17:59:51.936] tylo_checkerboard_d.mat
[LOG 17:59:51.936] tylo_dark boulder_d.mat
[LOG 17:59:51.936] tylo_light_d.mat
[LOG 17:59:51.936] tyloboulder.fbx
[LOG 17:59:51.936] tylocheckerboard.fbx
[LOG 17:59:51.936] tylolightstone.fbx
[LOG 17:59:51.936] tylo_ checkerboard_n.png
[LOG 17:59:51.936] tylo_checkerboard_d.png
[LOG 17:59:51.936] tylo_dark boulder_d.tga
[LOG 17:59:51.936] tylo_dark boulder_n.png
[LOG 17:59:51.936] tylo_light_d.tga
[LOG 17:59:51.936] tylo_light_n.png
[LOG 17:59:51.936] tylocheckerboard.prefab
[LOG 17:59:51.937] tylodarkboulder.prefab
[LOG 17:59:51.937] tylolightstone.prefab
[LOG 17:59:51.937] cryovolcano_d.mat
[LOG 17:59:51.937] lambert1.mat
[LOG 17:59:51.937] vallicechunk_d.mat
[LOG 17:59:51.937] vallstone_d.mat
[LOG 17:59:51.937] vall_cryovolcano.fbx
[LOG 17:59:51.937] vall_icechunk.fbx
[LOG 17:59:51.937] vall_stone.fbx
[LOG 17:59:51.937] cryovolcano_d.tga
[LOG 17:59:51.937] cryovolcano_e.png
[LOG 17:59:51.937] cryovolcano_n.jpg
[LOG 17:59:51.937] cryovolcano_s.jpg
[LOG 17:59:51.937] vallicechunk_d.jpg
[LOG 17:59:51.937] vallicechunk_e.jpg
[LOG 17:59:51.937] vallicechunk_n.jpg
[LOG 17:59:51.937] vallicechunk_s.jpg
[LOG 17:59:51.937] vallstone_d.jpg
[LOG 17:59:51.937] vallstone_e.jpg
[LOG 17:59:51.937] vallstone_n.jpg
[LOG 17:59:51.937] vallstone_s.jpg
[LOG 17:59:51.937] vallcryovolcano.prefab
[LOG 17:59:51.937] vallicechunk.prefab
[LOG 17:59:51.937] vallstone.prefab
[LOG 17:59:51.937] vfx_spark.mat
[LOG 17:59:51.937] vfx_welding_flare.mat
[LOG 17:59:51.937] cometdustmaterial.mat
[LOG 17:59:51.937] cometgeysermat.mat
[LOG 17:59:51.947] GetTypesOfModulesImplementingInterface2: Found 69 types with IPartModuleAdjuster interface in 17 assemblies.
[LOG 17:59:51.957] GetSubclassesOfParentClass: Found 0 types with ModuleActiveRadiator parent in 17 assemblies.
[LOG 17:59:51.965] GetSubclassesOfParentClass: Found 0 types with ModuleAlternator parent in 17 assemblies.
[LOG 17:59:51.973] GetSubclassesOfParentClass: Found 1 types with ModuleControlSurface parent in 17 assemblies.
[LOG 17:59:51.982] GetSubclassesOfParentClass: Found 0 types with ModuleDataTransmitter parent in 17 assemblies.
[LOG 17:59:51.990] GetSubclassesOfParentClass: Found 0 types with ModuleDeployableSolarPanel parent in 17 assemblies.
[LOG 17:59:51.999] GetSubclassesOfParentClass: Found 1 types with ModuleEngines parent in 17 assemblies.
[LOG 17:59:52.007] GetSubclassesOfParentClass: Found 0 types with ModuleGenerator parent in 17 assemblies.
[LOG 17:59:52.016] GetSubclassesOfParentClass: Found 0 types with ModuleGimbal parent in 17 assemblies.
[LOG 17:59:52.026] GetSubclassesOfParentClass: Found 2 types with ModuleLiftingSurface parent in 17 assemblies.
[LOG 17:59:52.035] GetSubclassesOfParentClass: Found 0 types with ModuleLight parent in 17 assemblies.
[LOG 17:59:52.043] GetSubclassesOfParentClass: Found 0 types with ModuleReactionWheel parent in 17 assemblies.
[LOG 17:59:52.052] GetSubclassesOfParentClass: Found 0 types with ModuleSAS parent in 17 assemblies.
[LOG 17:59:52.061] GetSubclassesOfParentClass: Found 0 types with ModuleWheelBrakes parent in 17 assemblies.
[LOG 17:59:52.070] GetSubclassesOfParentClass: Found 1 types with ModuleWheelMotor parent in 17 assemblies.
[LOG 17:59:52.070] GetSubclassesOfParentClass: Using cached results for ModuleActiveRadiator
[LOG 17:59:52.078] GetSubclassesOfParentClass: Found 0 types with ModuleAnchoredDecoupler parent in 17 assemblies.
[LOG 17:59:52.087] GetSubclassesOfParentClass: Found 0 types with ModuleCargoBay parent in 17 assemblies.
[LOG 17:59:52.087] GetSubclassesOfParentClass: Using cached results for ModuleControlSurface
[LOG 17:59:52.087] GetSubclassesOfParentClass: Using cached results for ModuleDataTransmitter
[LOG 17:59:52.095] GetSubclassesOfParentClass: Found 0 types with ModuleDecouple parent in 17 assemblies.
[LOG 17:59:52.104] GetSubclassesOfParentClass: Found 4 types with ModuleDeployablePart parent in 17 assemblies.
[LOG 17:59:52.112] GetSubclassesOfParentClass: Found 0 types with ModuleDockingNode parent in 17 assemblies.
[LOG 17:59:52.112] GetSubclassesOfParentClass: Using cached results for ModuleEngines
[LOG 17:59:52.121] GetSubclassesOfParentClass: Found 0 types with CModuleFuelLine parent in 17 assemblies.
[LOG 17:59:52.130] GetSubclassesOfParentClass: Found 0 types with ModuleGPS parent in 17 assemblies.
[LOG 17:59:52.139] GetSubclassesOfParentClass: Found 0 types with ModuleGrappleNode parent in 17 assemblies.
[LOG 17:59:52.139] GetSubclassesOfParentClass: Using cached results for ModuleGrappleNode
[LOG 17:59:52.147] GetSubclassesOfParentClass: Found 0 types with ModuleKerbNetAccess parent in 17 assemblies.
[LOG 17:59:52.147] GetSubclassesOfParentClass: Using cached results for ModuleLight
[LOG 17:59:52.147] GetSubclassesOfParentClass: Using cached results for ModuleLight
[LOG 17:59:52.156] GetSubclassesOfParentClass: Found 0 types with ModuleProbeControlPoint parent in 17 assemblies.
[LOG 17:59:52.165] GetSubclassesOfParentClass: Found 1 types with ModuleRCS parent in 17 assemblies.
[LOG 17:59:52.165] GetSubclassesOfParentClass: Using cached results for ModuleRCS
[LOG 17:59:52.165] GetSubclassesOfParentClass: Using cached results for ModuleReactionWheel
[LOG 17:59:52.165] GetSubclassesOfParentClass: Using cached results for ModuleReactionWheel
[LOG 17:59:52.175] GetSubclassesOfParentClass: Found 0 types with ModuleResourceIntake parent in 17 assemblies.
[LOG 17:59:52.184] GetSubclassesOfParentClass: Found 0 types with ModuleScienceExperiment parent in 17 assemblies.
[LOG 17:59:52.193] GetSubclassesOfParentClass: Found 0 types with ModuleToggleCrossfeed parent in 17 assemblies.
[LOG 17:59:52.203] GetSubclassesOfParentClass: Found 0 types with ModuleWheelDeployment parent in 17 assemblies.
[LOG 17:59:52.222] ExpansionsLoader: Expansions loaded in 10.291s
[LOG 17:59:52.222] Loading Systems: Elapsed time is 27.98355s
[LOG 17:59:55.496] [AddonLoader]: Instantiating addon 'Injector' from assembly 'Kopernicus'
[LOG 17:59:55.498] [Kopernicus] Running Kopernicus 1.12.1-248 on KSP 1.12.5
[LOG 17:59:55.687] [Kopernicus] Default logger initialized as Kopernicus
[LOG 17:59:55.720] [Kopernicus] ShaderLoader: Loading asset bundle at path D:/KSP-RSS-Dev/KSP_x64_Data/../GameData/Kopernicus/Shaders\kopernicusshaders-windows.unity3d
[LOG 17:59:55.722] [Kopernicus] ShaderLoader: adding Kopernicus/Rings
[LOG 17:59:55.941] [OD] Adding for sphere Ceres map named RSS-Textures/PluginData/CeresColor.dds
[LOG 17:59:55.947] [OD] Adding for sphere Ceres map named RSS-Textures/PluginData/CeresHeight.dds
[WRN 17:59:56.002] DontDestroyOnLoad only works for root GameObjects or components on root GameObjects.
[LOG 17:59:56.089] [OD] Adding for sphere Kerbin map named RSS-Textures/PluginData/EarthHeight.dds
[LOG 17:59:56.135] [OD] Adding for sphere Kerbin map named RSS-Textures/PluginData/EarthSurface.dds
[LOG 17:59:57.240] [OD] Adding for sphere Moon map named RSS-Textures/MoonColor.dds
[LOG 17:59:57.240] [OD] Adding for sphere Moon map named RSS-Textures/PluginData/MoonHeight.dds
[LOG 17:59:57.295] [OD] Adding for sphere Callisto map named RSS-Textures/PluginData/CallistoHeight.dds
[LOG 17:59:57.295] [OD] Adding for sphere Callisto map named RSS-Textures/PluginData/CallistoColor.dds
[LOG 17:59:57.343] [OD] Adding for sphere Europa map named RSS-Textures/PluginData/EuropaHeight.dds
[LOG 17:59:57.344] [OD] Adding for sphere Europa map named RSS-Textures/PluginData/EuropaColor.dds
[LOG 17:59:57.401] [OD] Adding for sphere Ganymede map named RSS-Textures/PluginData/GanymedeHeight.dds
[LOG 17:59:57.402] [OD] Adding for sphere Ganymede map named RSS-Textures/PluginData/GanymedeColor.dds
[LOG 17:59:57.449] [OD] Adding for sphere Io map named RSS-Textures/PluginData/IoHeight.dds
[LOG 17:59:57.450] [OD] Adding for sphere Io map named RSS-Textures/PluginData/IoColor.dds
[LOG 17:59:57.472] [Kopernicus] New Jool detected, shaders stripped!
[LOG 17:59:57.575] [OD] Adding for sphere Deimos map named RSS-Textures/PluginData/DeimosColor.dds
[LOG 17:59:57.576] [OD] Adding for sphere Deimos map named RSS-Textures/PluginData/DeimosHeight.dds
[LOG 17:59:57.631] [OD] Adding for sphere Mars map named RSS-Textures/PluginData/MarsHeight.dds
[LOG 17:59:57.632] [OD] Adding for sphere Mars map named RSS-Textures/PluginData/MarsColor.dds
[LOG 17:59:57.681] [OD] Adding for sphere Phobos map named RSS-Textures/PluginData/PhobosColor.dds
[LOG 17:59:57.681] [OD] Adding for sphere Phobos map named RSS-Textures/PluginData/PhobosHeight.dds
[LOG 17:59:57.741] [OD] Adding for sphere Mercury map named RSS-Textures/PluginData/MercuryColor.dds
[LOG 17:59:57.741] [OD] Adding for sphere Mercury map named RSS-Textures/PluginData/MercuryHeight.dds
[LOG 17:59:57.770] [Kopernicus] New Jool detected, shaders stripped!
[LOG 17:59:57.852] [OD] Adding for sphere Triton map named RSS-Textures/PluginData/TritonColor.dds
[LOG 17:59:57.932] [OD] Adding for sphere Charon map named RSS-Textures/PluginData/CharonColor.dds
[LOG 17:59:57.932] [OD] Adding for sphere Charon map named RSS-Textures/PluginData/CharonHeight.dds
[LOG 17:59:57.983] [OD] Adding for sphere Pluto map named RSS-Textures/PluginData/PlutoColor.dds
[LOG 17:59:57.983] [OD] Adding for sphere Pluto map named RSS-Textures/PluginData/PlutoHeight.dds
[LOG 17:59:58.040] [OD] Adding for sphere Dione map named RSS-Textures/PluginData/DioneColor.dds
[LOG 17:59:58.093] [OD] Adding for sphere Enceladus map named RSS-Textures/PluginData/EnceladusColor.dds
[LOG 17:59:58.169] [OD] Adding for sphere Iapetus map named RSS-Textures/PluginData/IapetusColor.dds
[LOG 17:59:58.248] [OD] Adding for sphere Mimas map named RSS-Textures/PluginData/MimasColor.dds
[LOG 17:59:58.341] [OD] Adding for sphere Rhea map named RSS-Textures/PluginData/RheaColor.dds
[LOG 17:59:58.364] [Kopernicus] New Jool detected, shaders stripped!
[LOG 17:59:58.448] [OD] Adding for sphere Tethys map named RSS-Textures/PluginData/TethysColor.dds
[LOG 17:59:58.504] [OD] Adding for sphere Titan map named RSS-Textures/PluginData/TitanHeight.dds
[LOG 17:59:58.505] [OD] Adding for sphere Titan map named RSS-Textures/PluginData/TitanColor.dds
[LOG 17:59:58.577] [OD] Adding for sphere Ariel map named RSS-Textures/PluginData/ArielColor.dds
[LOG 17:59:58.578] [OD] Adding for sphere Ariel map named RSS-Textures/PluginData/ArielHeight.dds
[LOG 17:59:58.646] [OD] Adding for sphere Miranda map named RSS-Textures/PluginData/MirandaColor.dds
[LOG 17:59:58.646] [OD] Adding for sphere Miranda map named RSS-Textures/PluginData/MirandaHeight.dds
[LOG 17:59:58.725] [OD] Adding for sphere Oberon map named RSS-Textures/PluginData/OberonColor.dds
[LOG 17:59:58.725] [OD] Adding for sphere Oberon map named RSS-Textures/PluginData/OberonHeight.dds
[LOG 17:59:58.777] [OD] Adding for sphere Titania map named RSS-Textures/PluginData/TitaniaColor.dds
[LOG 17:59:58.778] [OD] Adding for sphere Titania map named RSS-Textures/PluginData/TitaniaHeight.dds
[LOG 17:59:58.833] [OD] Adding for sphere Umbriel map named RSS-Textures/PluginData/UmbrielColor.dds
[LOG 17:59:58.834] [OD] Adding for sphere Umbriel map named RSS-Textures/PluginData/UmbrielHeight.dds
[LOG 17:59:58.856] [Kopernicus] New Jool detected, shaders stripped!
[LOG 17:59:58.937] [OD] Adding for sphere Venus map named RSS-Textures/PluginData/VenusHeight.dds
[LOG 17:59:58.938] [OD] Adding for sphere Venus map named RSS-Textures/PluginData/VenusColor.dds
[LOG 17:59:59.026] [OD] Adding for sphere Vesta map named RSS-Textures/PluginData/VestaColor.dds
[LOG 17:59:59.027] [OD] Adding for sphere Vesta map named RSS-Textures/PluginData/VestaHeight.dds
[LOG 17:59:59.096] [AddonLoader]: Instantiating addon 'ToolbarButton' from assembly 'Kopernicus'
[LOG 17:59:59.096] [AddonLoader]: Instantiating addon 'ShadowMan' from assembly 'Kopernicus'
[LOG 17:59:59.096] [AddonLoader]: Instantiating addon 'RenderTypeFixer' from assembly 'Kopernicus'
[LOG 17:59:59.096] [AddonLoader]: Instantiating addon 'AtmosphereFixer' from assembly 'Kopernicus'
[LOG 17:59:59.096] [AddonLoader]: Instantiating addon 'SinkingBugFix' from assembly 'Kopernicus'
[LOG 17:59:59.097] [AddonLoader]: Instantiating addon 'KSPCFFastLoaderPSystemSetup' from assembly 'KSPCommunityFixes'
[LOG 17:59:59.098] [AddonLoader]: Instantiating addon 'TimeWarpFixer' from assembly 'RealSolarSystem'
[LOG 17:59:59.411] [Agent]: Found 19 agent mentality types
[LOG 17:59:59.414] [AgentList]: 31 agents parsed and loaded.
[LOG 17:59:59.448] [UIMasterController]: HideUI
[LOG 17:59:59.555] [Kopernicus]: Loaded large map: D:/KSP-RSS-Dev/KSP_x64_Data/../GameData/RSS-Textures/PluginData/EarthHeight.dds
[LOG 17:59:59.557] [OD] ---> Map RSS-Textures/PluginData/EarthHeight.dds enabling self. Path = RSS-Textures/PluginData/EarthHeight.dds
[WRN 17:59:59.583] DontDestroyOnLoad only works for root GameObjects or components on root GameObjects.
[LOG 17:59:59.630] [OD] --> ScaledSpaceDemand.LoadTextures loading Mercury
[LOG 17:59:59.631] [OD] --> ScaledSpaceDemand.LoadTextures loading Miranda
[LOG 17:59:59.631] [OD] --> ScaledSpaceDemand.LoadTextures loading Ariel
[LOG 17:59:59.632] [OD] --> ScaledSpaceDemand.LoadTextures loading Uranus
[LOG 17:59:59.632] [OD] --> ScaledSpaceDemand.LoadTextures loading Umbriel
[LOG 17:59:59.632] [OD] --> ScaledSpaceDemand.LoadTextures loading Titania
[LOG 17:59:59.633] [OD] --> ScaledSpaceDemand.LoadTextures loading Oberon
[LOG 17:59:59.655] [OD] Loaded texture RSS-Textures/PluginData/ArielColor.dds
[LOG 17:59:59.655] [OD] Loaded texture RSS-Textures/PluginData/MercuryColor.dds
[LOG 17:59:59.656] [OD] Loaded texture RSS-Textures/PluginData/Miranda_NRM.dds
[LOG 17:59:59.656] [OD] Loaded texture RSS-Textures/PluginData/Ariel_NRM.dds
[LOG 17:59:59.656] [OD] Loaded texture RSS-Textures/PluginData/MirandaColor.dds
[LOG 17:59:59.656] [OD] Loaded texture RSS-Textures/PluginData/Mercury_NRM.dds
[LOG 17:59:59.656] [OD] Loaded texture RSS-Textures/PluginData/Flat_NRM.dds
[LOG 17:59:59.656] [OD] Loaded texture RSS-Textures/PluginData/UranusColor.dds
[LOG 17:59:59.656] [OD] Loaded texture RSS-Textures/PluginData/UmbrielColor.dds
[LOG 17:59:59.660] [OD] Loaded texture RSS-Textures/PluginData/Umbriel_NRM.dds
[LOG 17:59:59.661] [OD] Loaded texture RSS-Textures/PluginData/TitaniaColor.dds
[LOG 17:59:59.661] [OD] Loaded texture RSS-Textures/PluginData/Titania_NRM.dds
[LOG 17:59:59.661] [OD] Loaded texture RSS-Textures/PluginData/OberonColor.dds
[LOG 17:59:59.661] [OD] Loaded texture RSS-Textures/PluginData/Oberon_NRM.dds
[LOG 17:59:59.668] [Kopernicus]: Post-Spawn
[LOG 17:59:59.670] Found max distance 7285326303016.2
[LOG 17:59:59.691] PSystemSetup: Cannot add Stock launchsite named '#autoLOC_8006102' - Launchsite is not setup.
[LOG 17:59:59.839] [OD] Loading Kerbin
[LOG 17:59:59.840] [OD] ---> Map RSS-Textures/PluginData/EarthSurface.dds enabling self. Path = RSS-Textures/PluginData/EarthSurface.dds
[ERR 18:00:03.546] [LaunchSite]: unable to find LaunchSite Transform :Crater_Launch_Site

[LOG 18:00:03.546] PSystemSetup: Cannot add Stock launchsite named '#autoLOC_6006117' - Launchsite is not setup.
[ERR 18:00:03.548] [LaunchSite]: unable to find LaunchSite Transform :MahiMahi_Launch_Site

[LOG 18:00:03.548] PSystemSetup: Cannot add Stock launchsite named '#autoLOC_6006118' - Launchsite is not setup.
[ERR 18:00:03.549] [LaunchSite]: unable to find LaunchSite Transform :Cove_Launch_Site

[LOG 18:00:03.549] PSystemSetup: Cannot add Stock launchsite named '#autoLOC_6006119' - Launchsite is not setup.
[ERR 18:00:03.550] [LaunchSite]: unable to find LaunchSite Transform :GlacierLake_Launch_Site

[LOG 18:00:03.550] PSystemSetup: Cannot add Stock launchsite named '#autoLOC_6006120' - Launchsite is not setup.
[LOG 18:00:03.560] [UIMasterController]: HideUI
[LOG 18:00:03.568] [HighLogic]: =========================== Scene Change : From LOADING to MAINMENU =====================
[LOG 18:00:04.118] [AddonLoader]: Instantiating addon 'ContractDefs' from assembly 'KSP'
[LOG 18:00:04.145] [AddonLoader]: Instantiating addon 'DebugMenuScreen' from assembly 'KSPTextureLoader'
[LOG 18:00:04.146] [AddonLoader]: Instantiating addon 'ToolbarButton' from assembly 'Kopernicus'
[LOG 18:00:04.146] [AddonLoader]: Instantiating addon 'MissingTexturesPopupLauncher' from assembly 'Kopernicus'
[LOG 18:00:04.146] [AddonLoader]: Instantiating addon 'ShadowMan' from assembly 'Kopernicus'
[LOG 18:00:04.147] [AddonLoader]: Instantiating addon 'RenderTypeFixer' from assembly 'Kopernicus'
[LOG 18:00:04.147] [AddonLoader]: Instantiating addon 'AtmosphereFixer' from assembly 'Kopernicus'
[LOG 18:00:04.147] [AddonLoader]: Instantiating addon 'MainMenuFixer' from assembly 'Kopernicus'
[LOG 18:00:04.152] [AddonLoader]: Instantiating addon 'RuntimeUtility' from assembly 'Kopernicus'
[LOG 18:00:04.162] [AddonLoader]: Instantiating addon 'SinkingBugFix' from assembly 'Kopernicus'
[LOG 18:00:04.162] [AddonLoader]: Instantiating addon 'StarLightSwitcher' from assembly 'Kopernicus'
[LOG 18:00:04.163] [AddonLoader]: Instantiating addon 'KSPCFFastLoaderReport' from assembly 'KSPCommunityFixes'
[LOG 18:00:04.164] [AddonLoader]: Instantiating addon 'TimeWarpFixer' from assembly 'RealSolarSystem'
[LOG 18:00:04.185] [UIMasterController]: ShowUI
[LOG 18:00:04.447] [GameParameters]: Loaded custom parameter class CommNetParams.
[LOG 18:00:04.448] [GameParameters]: Loaded custom parameter class MissionParamsGeneral.
[LOG 18:00:04.448] [GameParameters]: Loaded custom parameter class MissionParamsFacilities.
[LOG 18:00:04.448] [GameParameters]: Loaded custom parameter class MissionParamsExtras.
[LOG 18:00:04.448] [GameParameters]: Loaded custom parameter class AdvancedParams.
[LOG 18:00:04.473] [ReflectionUtil]: Found 40 types with UpgradeModule attribute in 17 assemblies.
[LOG 18:00:04.533] [OD] --> OnDemandStorage.EnableBody loading Kerbin
[WRN 18:00:04.549] DontDestroyOnLoad only works for root GameObjects or components on root GameObjects.
[LOG 18:00:04.554] [KSPCF:FastLoader] Intel(R) Core(TM) i7-4790K CPU @ 4.00GHz | 32687 MB | NVIDIA GeForce GTX 1060 6GB (6029 MB)
Total loading time to main menu : 43.905s
- Configs and assemblies loaded in 5.583s
- Configs reload done in 1.321s
- Configs translated in 0.019s
- 2899 assets loaded in 3.622s :
  - 86 audio assets (79.689 MiB) in 0.427s, 186.436 MiB/s
  - 2185 texture assets (1.304 GiB) in 2.588s, 516.101 MiB/s
  - 626 model assets (64.41 MiB) in 0.604s, 106.58 MiB/s
- Asset bundles loaded in 0.510s
- GameDatabase (configs, resources, traits, upgrades...) loaded in 0.079s
- Built-in parts copied in 0.032s
- Part and internal configs extracted in 0.002s
- 483 parts and 1927 modules compiled in 6.696s
  - 4.0 modules/part, 13.864 ms/part, 3.475 ms/module
  - PartIcon compilation : 1.101s
- 27 internal spaces and 56 props compiled in 0.206s
- 2 DLC (Making History, Breaking Ground) loaded in 10.338s
- Planetary system loaded in 9.389s
[LOG 18:00:04.554] Texture queries : 1713, slow path : 1 (0.06 %)
[LOG 18:00:04.555] [ModuleManager] Total loading Time = 38.688s
[LOG 18:00:04.614] [ScenarioTypes]: List Created 24 scenario types loaded from 17 loaded assemblies.
[WRN 18:00:04.623] File 'D:/KSP-RSS-Dev/KSP_x64_Data/../Missions/MissionScoreInfo.cfg' does not exist
[LOG 18:00:04.625] [ApplicationLauncher] Awake False
[LOG 18:00:04.626] [ApplicationLauncher] SpawnSimpleLayout: VerticalTopDown
[LOG 18:00:04.640] [UiApp] Awake: 
[LOG 18:00:04.641] [ApplicationLauncher] OnSceneLoadedGUIReady: scene MAINMENU ShouldBeVisible() True ShouldBeOnTop() True iIsPositionedAtTop True
[LOG 18:00:04.644] [Kopernicus]: StarLightSwitcher: Set active star => Sun
[LOG 18:00:04.677] [UIApp] Adding  to Application Launcher
[LOG 18:00:04.680] [ApplicationLauncher] SetHidden: 
[LOG 18:00:04.685] [MessageSystem] OnAppInitialized
[LOG 18:00:04.685] [MessageSystem] Reposition 0.0428268 28771
[LOG 18:00:04.716] [ShadowMan][Debug] Kopernicus.ShadowMan setup done
[LOG 18:00:09.606] [KSPUpgradePipeline]: ClaudeRSS (1.12.5) is up to date.
[LOG 18:00:09.618] [ExperienceSystem]: Found 0 trait types
[LOG 18:00:09.628] [ExperienceSystem]: Found 20 effect types
[LOG 18:00:09.681] [ScenarioTypes]: List Created 24 scenario types loaded from 17 loaded assemblies.
[LOG 18:00:09.706] Game State Saved to saves/ClaudeRSS/persistent
[LOG 18:00:09.715] [MessageSystem] Load Messages
[LOG 18:00:09.725] [UIMasterController]: HideUI
[LOG 18:00:09.726] [HighLogic]: =========================== Scene Change : From MAINMENU to SPACECENTER =====================
[LOG 18:00:10.072] [AddonLoader]: Instantiating addon 'CustomConfigsManager' from assembly 'ModuleManager'
[LOG 18:00:10.075] [AddonLoader]: Instantiating addon 'ToolbarButton' from assembly 'Kopernicus'
[LOG 18:00:10.075] [AddonLoader]: Instantiating addon 'ShadowMan' from assembly 'Kopernicus'
[LOG 18:00:10.075] [AddonLoader]: Instantiating addon 'RenderTypeFixer' from assembly 'Kopernicus'
[LOG 18:00:10.076] [AddonLoader]: Instantiating addon 'AtmosphereFixer' from assembly 'Kopernicus'
[LOG 18:00:10.076] [AddonLoader]: Instantiating addon 'SinkingBugFix' from assembly 'Kopernicus'
[LOG 18:00:10.077] [AddonLoader]: Instantiating addon 'RSSCommNetSettings' from assembly 'RealSolarSystem'
[LOG 18:00:10.077] [AddonLoader]: Instantiating addon 'TimeWarpFixer' from assembly 'RealSolarSystem'
[LOG 18:00:10.078] [AddonLoader]: Instantiating addon 'RSSWatchDog' from assembly 'RealSolarSystem'
[LOG 18:00:11.761] [UIMasterController]: ShowUI
[LOG 18:00:12.092] [SceneLoadSpeedBoost] Save loaded from disk in 1ms
[LOG 18:00:12.164] GetSubclassesOfParentClass: Found 7 types with AlarmTypeBase parent in 17 assemblies.
[LOG 18:00:12.174] Loading Depletion Nodes
[LOG 18:00:12.174] DepNodeCount:  0
[LOG 18:00:12.174] Loading Biome Nodes
[LOG 18:00:12.174] BiomeNodeCount:  0
[LOG 18:00:12.174] Loading Planet Nodes
[LOG 18:00:12.174] PlanetNodeCount:  0
[LOG 18:00:12.188] [ScenarioDestructibles]: Loading... 0 objects registered
[LOG 18:00:12.242] [RealSolarSystem] Checking for custom CommNet settings...
[LOG 18:00:12.242] [RealSolarSystem] Updating the CommNet settings...
[LOG 18:00:12.286] [Kopernicus] Using Kopernicus Discoverable Object Spawner.
[LOG 18:00:12.292] [ShadowMan][Info] Running in unified camera mode
[LOG 18:00:12.293] [ShadowMan][Debug] Adding TweakShadowCascades: (0.002, 0.015, 0.035) to Camera Camera 00
[LOG 18:00:12.293] [ShadowMan][Debug] Default split: (0.050, 0.152, 0.264)
[LOG 18:00:12.300] [ShadowMan][Debug] ShaderReplacer instance created
[LOG 18:00:12.300] [ShadowMan][Debug] Setting shadowmap resolution to: 8192 on SunLight
[LOG 18:00:12.304] [ShadowMan][Debug] Found rings for Saturn
[LOG 18:00:12.307] [ShadowMan][Debug] Kopernicus.ShadowMan setup done
[LOG 18:00:12.312] [RealSolarSystem] Setting TimeWarp rates...
[LOG 18:00:12.329] [OD] <--- ScaledSpaceDemand.UnloadTextures unloading Mercury
[LOG 18:00:12.329] [OD] Unloading RSS-Textures/PluginData/MercuryColor.dds
[LOG 18:00:12.329] [OD] Unloading RSS-Textures/PluginData/Mercury_NRM.dds
[LOG 18:00:12.329] [OD] <--- ScaledSpaceDemand.UnloadTextures unloading Uranus
[LOG 18:00:12.329] [OD] Unloading RSS-Textures/PluginData/UranusColor.dds
[LOG 18:00:12.329] [OD] Unloading RSS-Textures/PluginData/Flat_NRM.dds
[LOG 18:00:12.329] [OD] <--- ScaledSpaceDemand.UnloadTextures unloading Miranda
[LOG 18:00:12.330] [OD] Unloading RSS-Textures/PluginData/MirandaColor.dds
[LOG 18:00:12.330] [OD] Unloading RSS-Textures/PluginData/Miranda_NRM.dds
[LOG 18:00:12.330] [OD] <--- ScaledSpaceDemand.UnloadTextures unloading Ariel
[LOG 18:00:12.330] [OD] Unloading RSS-Textures/PluginData/ArielColor.dds
[LOG 18:00:12.330] [OD] Unloading RSS-Textures/PluginData/Ariel_NRM.dds
[LOG 18:00:12.330] [OD] <--- ScaledSpaceDemand.UnloadTextures unloading Umbriel
[LOG 18:00:12.330] [OD] Unloading RSS-Textures/PluginData/UmbrielColor.dds
[LOG 18:00:12.330] [OD] Unloading RSS-Textures/PluginData/Umbriel_NRM.dds
[LOG 18:00:12.330] [OD] <--- ScaledSpaceDemand.UnloadTextures unloading Titania
[LOG 18:00:12.330] [OD] Unloading RSS-Textures/PluginData/TitaniaColor.dds
[LOG 18:00:12.330] [OD] Unloading RSS-Textures/PluginData/Titania_NRM.dds
[LOG 18:00:12.330] [OD] <--- ScaledSpaceDemand.UnloadTextures unloading Oberon
[LOG 18:00:12.330] [OD] Unloading RSS-Textures/PluginData/OberonColor.dds
[LOG 18:00:12.330] [OD] Unloading RSS-Textures/PluginData/Oberon_NRM.dds
[LOG 18:00:12.364] [UiApp] Awake: KSPedia
[LOG 18:00:12.364] [UiApp] Awake: Missions App
[LOG 18:00:12.364] [UiApp] Awake: AlarmClock
[LOG 18:00:12.365] [GenericAppFrame] Reposition 0 30530
[LOG 18:00:12.366] [ApplicationLauncher] OnSceneLoadedGUIReady: scene SPACECENTER ShouldBeVisible() True ShouldBeOnTop() False iIsPositionedAtTop True
[LOG 18:00:12.366] [ApplicationLauncher] SpawnSimpleLayout: HorizontalRightLeft
[LOG 18:00:12.368] [ApplicationLauncher] SetVisible: 
[LOG 18:00:12.369] ScaleModList: listSize 41 maxListSize 1148
[LOG 18:00:12.370] ScaleModList: listSize 41 maxListSize 1139
[LOG 18:00:12.370] [Kopernicus]: StarLightSwitcher: Set active star => Sun
[LOG 18:00:12.416] [UIApp] OnDestroy: Contracts
[LOG 18:00:12.428] [MessageSystem] Reposition 0.02 30531
[LOG 18:00:12.428] [GenericAppFrame] Reposition 0.02 30531
[LOG 18:00:12.428] [GenericAppFrame] Reposition 0.02 30531
[LOG 18:00:12.833] [UIApp] Adding AlarmClock to Application Launcher
[LOG 18:00:12.834] ScaleModList: listSize 41 maxListSize 1098
[LOG 18:00:12.834] [UIApp] Adding Missions App to Application Launcher
[LOG 18:00:12.835] ScaleModList: listSize 41 maxListSize 1057
[LOG 18:00:12.863] [GenericAppFrame] Reposition 0.1737304 30537
[LOG 18:00:12.867] [MissionsApp] OnAppStarted(): id: -390368
[LOG 18:00:12.867] MissionsApp does not execute in this game mode, destroying this instance
[LOG 18:00:12.867] [UIApp] OnDestroy: Missions App
[LOG 18:00:12.869] ScaleModList: listSize 41 maxListSize 1057
[LOG 18:00:12.880] [UIApp] Adding KSPedia to Application Launcher
[LOG 18:00:12.880] ScaleModList: listSize 41 maxListSize 1057
[LOG 18:00:13.100] [Kopernicus] AtmosphereFixer => Patched AtmosphereFromGround for Uranus
[LOG 18:00:13.100] [Kopernicus] AtmosphereFixer => Patched AtmosphereFromGround for Titan
[LOG 18:00:13.100] [Kopernicus] AtmosphereFixer => Patched AtmosphereFromGround for Saturn
[LOG 18:00:13.100] [Kopernicus] AtmosphereFixer => Patched AtmosphereFromGround for Jupiter
[LOG 18:00:13.100] [Kopernicus] AtmosphereFixer => Patched AtmosphereFromGround for Mars
[LOG 18:00:13.100] [Kopernicus] AtmosphereFixer => Patched AtmosphereFromGround for Earth
[LOG 18:00:13.100] [Kopernicus] AtmosphereFixer => Patched AtmosphereFromGround for Venus
[LOG 18:00:13.591] [RealSolarSystem] Watchdog: Setting camera Camera 00 far clip to 1875000 so camera now has 1875000
[LOG 18:00:13.932] Game Paused!
[LOG 18:00:13.933] [UIMasterController]: ShowUI
[LOG 18:00:16.280] [KSPUpgradePipeline]: ClaudeRSS (1.12.5) is up to date.
[LOG 18:00:16.349] [ScenarioTypes]: List Created 24 scenario types loaded from 17 loaded assemblies.
[LOG 18:00:16.350] [MessageSystem] Load Messages
[LOG 18:00:16.353] [UIMasterController]: HideUI
[LOG 18:00:16.363] [HighLogic]: =========================== Scene Change : From SPACECENTER to FLIGHT =====================
[LOG 18:00:16.366] Game Unpaused!
[LOG 18:00:16.373] [Kopernicus] Delaying ResetAndWait of body Charon until scene switch is complete
[LOG 18:00:16.373] [Kopernicus] Delaying ResetAndWait of body Pluto until scene switch is complete
[LOG 18:00:16.373] [Kopernicus] Delaying ResetAndWait of body Triton until scene switch is complete
[LOG 18:00:16.373] [Kopernicus] Delaying ResetAndWait of body Neptune until scene switch is complete
[LOG 18:00:16.373] [Kopernicus] Delaying ResetAndWait of body Neptune until scene switch is complete
[LOG 18:00:16.374] [Kopernicus] Delaying ResetAndWait of body Oberon until scene switch is complete
[LOG 18:00:16.374] [Kopernicus] Delaying ResetAndWait of body Titania until scene switch is complete
[LOG 18:00:16.374] [Kopernicus] Delaying ResetAndWait of body Umbriel until scene switch is complete
[LOG 18:00:16.374] [Kopernicus] Delaying ResetAndWait of body Ariel until scene switch is complete
[LOG 18:00:16.374] [Kopernicus] Delaying ResetAndWait of body Miranda until scene switch is complete
[LOG 18:00:16.374] [Kopernicus] Delaying ResetAndWait of body Uranus until scene switch is complete
[LOG 18:00:16.374] [Kopernicus] Delaying ResetAndWait of body Uranus until scene switch is complete
[LOG 18:00:16.374] [Kopernicus] Delaying ResetAndWait of body Iapetus until scene switch is complete
[LOG 18:00:16.374] [Kopernicus] Delaying ResetAndWait of body Titan until scene switch is complete
[LOG 18:00:16.374] [Kopernicus] Delaying ResetAndWait of body Rhea until scene switch is complete
[LOG 18:00:16.374] [Kopernicus] Delaying ResetAndWait of body Dione until scene switch is complete
[LOG 18:00:16.374] [Kopernicus] Delaying ResetAndWait of body Tethys until scene switch is complete
[LOG 18:00:16.374] [Kopernicus] Delaying ResetAndWait of body Enceladus until scene switch is complete
[LOG 18:00:16.374] [Kopernicus] Delaying ResetAndWait of body Mimas until scene switch is complete
[LOG 18:00:16.374] [Kopernicus] Delaying ResetAndWait of body Saturn until scene switch is complete
[LOG 18:00:16.374] [Kopernicus] Delaying ResetAndWait of body Saturn until scene switch is complete
[LOG 18:00:16.374] [Kopernicus] Delaying ResetAndWait of body Callisto until scene switch is complete
[LOG 18:00:16.374] [Kopernicus] Delaying ResetAndWait of body Ganymede until scene switch is complete
[LOG 18:00:16.374] [Kopernicus] Delaying ResetAndWait of body Europa until scene switch is complete
[LOG 18:00:16.374] [Kopernicus] Delaying ResetAndWait of body Io until scene switch is complete
[LOG 18:00:16.374] [Kopernicus] Delaying ResetAndWait of body Jupiter until scene switch is complete
[LOG 18:00:16.374] [Kopernicus] Delaying ResetAndWait of body Jupiter until scene switch is complete
[LOG 18:00:16.375] [Kopernicus] Delaying ResetAndWait of body Ceres until scene switch is complete
[LOG 18:00:16.375] [Kopernicus] Delaying ResetAndWait of body Vesta until scene switch is complete
[LOG 18:00:16.375] [Kopernicus] Delaying ResetAndWait of body Deimos until scene switch is complete
[LOG 18:00:16.375] [Kopernicus] Delaying ResetAndWait of body Phobos until scene switch is complete
[LOG 18:00:16.375] [Kopernicus] Delaying ResetAndWait of body Mars until scene switch is complete
[LOG 18:00:16.375] [Kopernicus] Delaying ResetAndWait of body Moon until scene switch is complete
[LOG 18:00:16.375] [Kopernicus] Delaying ResetAndWait of body Venus until scene switch is complete
[LOG 18:00:16.375] [Kopernicus] Delaying ResetAndWait of body Mercury until scene switch is complete
[LOG 18:00:16.650] [UIApp] OnDestroy: AlarmClock
[LOG 18:00:16.650] ScaleModList: listSize 41 maxListSize 1057
[LOG 18:00:16.653] ScaleModList: listSize 41 maxListSize 1057
[LOG 18:00:16.654] [UIApp] OnDestroy: KSPedia
[LOG 18:00:16.654] ScaleModList: listSize 41 maxListSize 1057
[LOG 18:00:16.660] [KSPCF:MemoryLeaks] Removed a onPlanetariumTargetChange callback owned by a destroyed Assembly-CSharp:CommNetVessel instance
[LOG 18:00:16.674] [KSPCF:MemoryLeaks] Leaving scene "SpaceCenter", cleaned 5 memory leaks in 0.018s. GameEvents callbacks : 692. Allocated memory : 705.051 MiB (managed heap), 2.221 GiB (unmanaged)
[LOG 18:00:16.685] UICanvasPrefabSpawner FlightUI spawning Flight
[LOG 18:00:16.719] UICanvasPrefabSpawner FlightUI spawning VesselLabels
[LOG 18:00:16.719] [UiApp] Awake: ResourceDisplay
[LOG 18:00:16.811] [AddonLoader]: Instantiating addon 'AeroGUI' from assembly 'KSP'
[LOG 18:00:16.826] [AddonLoader]: Instantiating addon 'ToolbarButton' from assembly 'Kopernicus'
[LOG 18:00:16.826] [AddonLoader]: Instantiating addon 'ShadowMan' from assembly 'Kopernicus'
[LOG 18:00:16.826] [AddonLoader]: Instantiating addon 'RenderTypeFixer' from assembly 'Kopernicus'
[LOG 18:00:16.826] [AddonLoader]: Instantiating addon 'AtmosphereFixer' from assembly 'Kopernicus'
[LOG 18:00:16.826] [AddonLoader]: Instantiating addon 'SinkingBugFix' from assembly 'Kopernicus'
[LOG 18:00:16.827] [AddonLoader]: Instantiating addon 'RealSolarSystemEditor' from assembly 'RealSolarSystem'
[LOG 18:00:16.828] [AddonLoader]: Instantiating addon 'RSSRunwayFix' from assembly 'RealSolarSystem'
[LOG 18:00:16.829] [AddonLoader]: Instantiating addon 'TimeWarpFixer' from assembly 'RealSolarSystem'
[LOG 18:00:16.829] [AddonLoader]: Instantiating addon 'VesselGroundPositionEnhancer' from assembly 'RealSolarSystem'
[LOG 18:00:16.829] [AddonLoader]: Instantiating addon 'RSSWatchDog' from assembly 'RealSolarSystem'
[LOG 18:00:16.829] [AddonLoader]: Instantiating addon 'TerrainPrecisionFixDiag2Mod' from assembly 'TerrainPrecisionFixDiag2Mod'
[LOG 18:00:16.830] [AddonLoader]: Instantiating addon 'TerrainPrecisionFixDiagMod' from assembly 'TerrainPrecisionFixDiagMod'
[LOG 18:00:16.833] [PlanetariumCamera]: Focus: Earth
[LOG 18:00:16.834] [UIMasterController]: HideUI
[LOG 18:00:17.144] [UIMasterController]: HideUI
[LOG 18:00:17.144] ------------------- initializing flight mode... ------------------
[LOG 18:00:17.145] GetSubclassesOfParentClass: Using cached results for AlarmTypeBase
[LOG 18:00:17.146] Loading Depletion Nodes
[LOG 18:00:17.146] DepNodeCount:  0
[LOG 18:00:17.146] Loading Biome Nodes
[LOG 18:00:17.146] BiomeNodeCount:  0
[LOG 18:00:17.146] Loading Planet Nodes
[LOG 18:00:17.146] PlanetNodeCount:  0
[LOG 18:00:17.149] [ScenarioDestructibles]: Loading... 0 objects registered
[LOG 18:00:17.151] Crewmember Jebediah Kerman has respawned!
[LOG 18:00:17.183] Target vessel index: 12  vessel count: 13
[LOG 18:00:17.184] [FLIGHT GLOBALS]: Switching To Vessel Capsule ---------------------- 
[LOG 18:00:17.185] setting new dominant body: Earth
FlightGlobals.mainBody: Earth
[LOG 18:00:17.187] Reference Frame: Rotating
[LOG 18:00:17.206] [Capsule]: landed - waiting for ground contact to resume physics...
[LOG 18:00:17.219] Camera Mode: AUTO
[LOG 18:00:18.816] all systems started
[LOG 18:00:18.926] [ModularFlightIntegrator] MFI Start
[LOG 18:00:18.928] [ModularFlightIntegrator] Start. VesselModule on vessel : 
  ModularFlightIntegrator
  AxisGroupsModule
  CometVessel
  SuspensionLoadBalancer
  CommNetVessel

[LOG 18:00:18.944] [Kopernicus] Using Kopernicus Discoverable Object Spawner.
[LOG 18:00:19.015] [ShadowMan][Info] Running in unified camera mode
[LOG 18:00:19.015] [ShadowMan][Debug] Adding TweakShadowCascades: (0.002, 0.015, 0.035) to Camera Camera 00
[LOG 18:00:19.015] [ShadowMan][Debug] Default split: (0.050, 0.152, 0.264)
[LOG 18:00:19.015] [ShadowMan][Debug] Setting shadowmap resolution to: 8192 on SunLight
[LOG 18:00:19.023] [ShadowMan][Debug] Found rings for Saturn
[LOG 18:00:19.027] [ShadowMan][Debug] Kopernicus.ShadowMan setup done
[LOG 18:00:19.061] [RealSolarSystem] Setting TimeWarp rates...
[LOG 18:00:19.080] [PlanetariumCamera]: Focus: Moon
[LOG 18:00:19.081] [PlanetariumCamera]: Focus: Earth
[LOG 18:00:19.179] [UiApp] Awake: CurrencyWidgetsApp
[LOG 18:00:19.180] [UiApp] Awake: ResourceDisplay
[LOG 18:00:19.180] [UiApp] Awake: KSPedia
[LOG 18:00:19.180] [UiApp] Awake: Missions App
[LOG 18:00:19.180] [UiApp] Awake: DeltaVApp
[LOG 18:00:19.180] [UiApp] Awake: ActionGroupsApp
[LOG 18:00:19.180] [UiApp] Awake: Construction
[LOG 18:00:19.180] [UiApp] Awake: Cargo
[LOG 18:00:19.180] [UiApp] Awake: AlarmClock
[LOG 18:00:19.180] [UiApp] Awake: ManeuverTool
[LOG 18:00:19.180] [ApplicationLauncher] OnSceneLoadedGUIReady: scene FLIGHT ShouldBeVisible() True ShouldBeOnTop() True iIsPositionedAtTop False
[LOG 18:00:19.180] [ApplicationLauncher] SpawnSimpleLayout: VerticalTopDown
[LOG 18:00:19.185] [KnowledgeBase] OnAppLauncherReady 31196
[LOG 18:00:19.194] [Kopernicus]: StarLightSwitcher: Set active star => Sun
[LOG 18:00:19.214] [UIApp] OnDestroy: Contracts
[LOG 18:00:19.241] [FlightIntegrator]: Reloaded drag cube for zeroed cube root part fuelTankSmallFlat (Capsule) on vessel Capsule
[LOG 18:00:19.260] [MessageSystem] Reposition 0.02 31197
[LOG 18:00:19.260] [GenericAppFrame] Reposition 0.02 31197
[LOG 18:00:19.260] [GenericAppFrame] Reposition 0.02 31197
[LOG 18:00:19.581] [PlanetariumCamera]: Focus: Capsule
[LOG 18:00:19.690] [UIApp] Adding ResourceDisplay to Application Launcher
[LOG 18:00:19.692] [UIApp] Adding ResourceDisplay to Application Launcher
[LOG 18:00:19.719] [ResourceDisplay] OnAppStarted(): id: -412908
[LOG 18:00:19.720] [GenericAppFrame] Reposition 0.1690426 31201
[LOG 18:00:19.721] [ResourceDisplay] OnAppStarted(): id: 264390
[LOG 18:00:19.721] ResourceDisplay already exist, destroying this instance
[LOG 18:00:19.721] [UIApp] OnDestroy: ResourceDisplay
[LOG 18:00:19.738] [UIApp] Adding AlarmClock to Application Launcher
[LOG 18:00:19.739] [UIApp] Adding ActionGroupsApp to Application Launcher
[LOG 18:00:19.740] [UIApp] Adding Missions App to Application Launcher
[LOG 18:00:19.742] CURRENCY WIDGET False False False
[LOG 18:00:19.745] [UIApp] OnDestroy: CurrencyWidgetsApp
[LOG 18:00:19.767] [GenericAppFrame] Reposition 0.2044556 31203
[LOG 18:00:19.770] [ActionGroupsApp] OnAppStarted(): id: -412932
[LOG 18:00:19.771] [GenericAppFrame] Reposition 0.2044556 31203
[LOG 18:00:19.772] [UIApp] Adding DeltaVApp to Application Launcher
[LOG 18:00:19.773] [MissionsApp] OnAppStarted(): id: -412920
[LOG 18:00:19.773] MissionsApp does not execute in this game mode, destroying this instance
[LOG 18:00:19.774] [UIApp] OnDestroy: Missions App
[LOG 18:00:19.785] [GenericAppFrame] Reposition 0.2344024 31204
[LOG 18:00:19.798] [UIApp] Adding Cargo to Application Launcher
[LOG 18:00:19.799] [UIApp] Adding Construction to Application Launcher
[LOG 18:00:19.800] [UIApp] Adding KSPedia to Application Launcher
[WRN 18:00:19.809] HighlightingSystem : Framebuffer depth data is not available and can't be used to occlude highlighting. Highlighting occluders enabled.
[LOG 18:00:19.821] [UIApp] Adding ManeuverTool to Application Launcher
[LOG 18:00:19.823] [ApplicationLauncher] SetHidden: 
[LOG 18:00:19.837] [GenericAppFrame] Reposition 0.2842687 31207
[LOG 18:00:19.848] [ManeuverTool]: Found 1 transfer types
[LOG 18:00:19.909] Flight State Captured
[LOG 18:00:19.913] Saving Achievements Tree...
[LOG 18:00:19.914] Saving Achievements Tree...
[LOG 18:00:19.914] Saving Achievements Tree...
[LOG 18:00:19.916] [MessageSystem] Save Messages
[LOG 18:00:19.950] Game State Saved as persistent
[LOG 18:00:20.013] [Kopernicus] AtmosphereFixer => Patched AtmosphereFromGround for Uranus
[LOG 18:00:20.014] [Kopernicus] AtmosphereFixer => Patched AtmosphereFromGround for Titan
[LOG 18:00:20.014] [Kopernicus] AtmosphereFixer => Patched AtmosphereFromGround for Saturn
[LOG 18:00:20.014] [Kopernicus] AtmosphereFixer => Patched AtmosphereFromGround for Jupiter
[LOG 18:00:20.014] [Kopernicus] AtmosphereFixer => Patched AtmosphereFromGround for Mars
[LOG 18:00:20.014] [Kopernicus] AtmosphereFixer => Patched AtmosphereFromGround for Earth
[LOG 18:00:20.014] [Kopernicus] AtmosphereFixer => Patched AtmosphereFromGround for Venus
[LOG 18:00:20.494] [RealSolarSystem] Watchdog: Setting camera Camera 00 far clip to 1875000 so camera now has 1875000
[LOG 18:00:20.565] [Capsule]: ground contact! - error. Moving Vessel  up 0.259m
[LOG 18:00:20.566] Unpacking Capsule
[LOG 18:00:20.570] [RSS-VGPE] Vessel going off rails in PRELAUNCH, skipping 100 frames on CollisionEnhancer.
[LOG 18:00:20.581] [UIMasterController]: ShowUI
[LOG 18:00:28.542] Game Paused!
[LOG 18:00:28.543] [UIMasterController]: ShowUI
[LOG 18:00:29.338] [SceneLoadSpeedBoost] Save loaded from disk in 4ms
[LOG 18:00:30.755] [KSPUpgradePipeline]: ClaudeRSS (1.12.5) is up to date.
[LOG 18:00:31.016] [ScenarioTypes]: List Created 24 scenario types loaded from 17 loaded assemblies.
[LOG 18:00:31.016] [MessageSystem] Load Messages
[LOG 18:00:31.019] [UIMasterController]: HideUI
[LOG 18:00:31.111] [HighLogic]: =========================== Scene Change : From FLIGHT to FLIGHT =====================
[LOG 18:00:31.113] Game Unpaused!
[LOG 18:00:31.135] [Kopernicus] Delaying ResetAndWait of body Charon until scene switch is complete
[LOG 18:00:31.135] [Kopernicus] Delaying ResetAndWait of body Pluto until scene switch is complete
[LOG 18:00:31.135] [Kopernicus] Delaying ResetAndWait of body Triton until scene switch is complete
[LOG 18:00:31.135] [Kopernicus] Delaying ResetAndWait of body Neptune until scene switch is complete
[LOG 18:00:31.135] [Kopernicus] Delaying ResetAndWait of body Neptune until scene switch is complete
[LOG 18:00:31.135] [Kopernicus] Delaying ResetAndWait of body Oberon until scene switch is complete
[LOG 18:00:31.135] [Kopernicus] Delaying ResetAndWait of body Titania until scene switch is complete
[LOG 18:00:31.135] [Kopernicus] Delaying ResetAndWait of body Umbriel until scene switch is complete
[LOG 18:00:31.135] [Kopernicus] Delaying ResetAndWait of body Ariel until scene switch is complete
[LOG 18:00:31.135] [Kopernicus] Delaying ResetAndWait of body Miranda until scene switch is complete
[LOG 18:00:31.135] [Kopernicus] Delaying ResetAndWait of body Uranus until scene switch is complete
[LOG 18:00:31.135] [Kopernicus] Delaying ResetAndWait of body Uranus until scene switch is complete
[LOG 18:00:31.135] [Kopernicus] Delaying ResetAndWait of body Iapetus until scene switch is complete
[LOG 18:00:31.135] [Kopernicus] Delaying ResetAndWait of body Titan until scene switch is complete
[LOG 18:00:31.135] [Kopernicus] Delaying ResetAndWait of body Rhea until scene switch is complete
[LOG 18:00:31.135] [Kopernicus] Delaying ResetAndWait of body Dione until scene switch is complete
[LOG 18:00:31.135] [Kopernicus] Delaying ResetAndWait of body Tethys until scene switch is complete
[LOG 18:00:31.135] [Kopernicus] Delaying ResetAndWait of body Enceladus until scene switch is complete
[LOG 18:00:31.135] [Kopernicus] Delaying ResetAndWait of body Mimas until scene switch is complete
[LOG 18:00:31.135] [Kopernicus] Delaying ResetAndWait of body Saturn until scene switch is complete
[LOG 18:00:31.136] [Kopernicus] Delaying ResetAndWait of body Saturn until scene switch is complete
[LOG 18:00:31.136] [Kopernicus] Delaying ResetAndWait of body Callisto until scene switch is complete
[LOG 18:00:31.136] [Kopernicus] Delaying ResetAndWait of body Ganymede until scene switch is complete
[LOG 18:00:31.136] [Kopernicus] Delaying ResetAndWait of body Europa until scene switch is complete
[LOG 18:00:31.136] [Kopernicus] Delaying ResetAndWait of body Io until scene switch is complete
[LOG 18:00:31.136] [Kopernicus] Delaying ResetAndWait of body Jupiter until scene switch is complete
[LOG 18:00:31.136] [Kopernicus] Delaying ResetAndWait of body Jupiter until scene switch is complete
[LOG 18:00:31.136] [Kopernicus] Delaying ResetAndWait of body Ceres until scene switch is complete
[LOG 18:00:31.136] [Kopernicus] Delaying ResetAndWait of body Vesta until scene switch is complete
[LOG 18:00:31.136] [Kopernicus] Delaying ResetAndWait of body Deimos until scene switch is complete
[LOG 18:00:31.136] [Kopernicus] Delaying ResetAndWait of body Phobos until scene switch is complete
[LOG 18:00:31.136] [Kopernicus] Delaying ResetAndWait of body Mars until scene switch is complete
[LOG 18:00:31.136] [Kopernicus] Delaying ResetAndWait of body Moon until scene switch is complete
[LOG 18:00:31.136] [Kopernicus] Delaying ResetAndWait of body Venus until scene switch is complete
[LOG 18:00:31.136] [Kopernicus] Delaying ResetAndWait of body Mercury until scene switch is complete
[LOG 18:00:31.276] KbApp.OnDestroy Unowned Info
[LOG 18:00:31.277] KbApp.OnDestroy Planet Parameters
[LOG 18:00:31.277] KbApp.OnDestroy Vessel Crew
[LOG 18:00:31.278] KbApp.OnDestroy Planet Info
[LOG 18:00:31.282] [UIApp] OnDestroy: Construction
[LOG 18:00:31.282] [UIApp] OnDestroy: ActionGroupsApp
[LOG 18:00:31.284] [UIApp] OnDestroy: KSPedia
[LOG 18:00:31.285] [PlanetariumCamera]: Focus: Earth
[LOG 18:00:31.286] KbApp.OnDestroy NullName
[LOG 18:00:31.286] KbApp.OnDestroy Vessel Info
[LOG 18:00:31.286] [UIApp] OnDestroy: Cargo
[LOG 18:00:31.287] [UIApp] OnDestroy: ManeuverTool
[LOG 18:00:31.288] KbApp.OnDestroy Planet Resources
[LOG 18:00:31.288] [UIApp] OnDestroy: DeltaVApp
[LOG 18:00:31.289] [UIApp] OnDestroy: AlarmClock
[LOG 18:00:31.289] [UIApp] OnDestroy: ResourceDisplay
[LOG 18:00:31.291] [KSPCF:MemoryLeaks] Removed a OnMapExited callback owned by a destroyed Assembly-CSharp:NavBallToggle instance
[LOG 18:00:31.291] [KSPCF:MemoryLeaks] Removed a OnGameSettingsApplied callback owned by a destroyed Assembly-CSharp:VesselAutopilotUI instance
[LOG 18:00:31.291] [KSPCF:MemoryLeaks] Removed a onPartActionUICreate callback owned by a destroyed Assembly-CSharp:ModuleInventoryPart instance
[LOG 18:00:31.291] [KSPCF:MemoryLeaks] Removed a onModuleInventoryChanged callback owned by a destroyed Assembly-CSharp:ModuleInventoryPart instance
[LOG 18:00:31.292] [KSPCF:MemoryLeaks] Removed a OnDestructibleLoaded callback owned by a destroyed Assembly-CSharp:RunwayCollisionHandler instance
[LOG 18:00:31.292] [KSPCF:MemoryLeaks] Removed a OnClick callback owned by a destroyed Assembly-CSharp:EVAConstructionModeEditor instance
[LOG 18:00:31.293] [KSPCF:MemoryLeaks] Removed a TimingManager.Instance.timing5.onLateUpdate callback owned by a destroyed Assembly-CSharp:MapView instance
[LOG 18:00:31.293] [KSPCF:MemoryLeaks] Leaving scene "Flight", cleaned 25 memory leaks in 0.003s. GameEvents callbacks : 745. Allocated memory : 716.762 MiB (managed heap), 2.22 GiB (unmanaged)
[LOG 18:00:31.302] UICanvasPrefabSpawner FlightUI spawning Flight
[LOG 18:00:31.320] UICanvasPrefabSpawner FlightUI spawning VesselLabels
[LOG 18:00:31.321] [UiApp] Awake: ResourceDisplay
[LOG 18:00:31.414] [AddonLoader]: Instantiating addon 'AeroGUI' from assembly 'KSP'
[LOG 18:00:31.429] [AddonLoader]: Instantiating addon 'ToolbarButton' from assembly 'Kopernicus'
[LOG 18:00:31.429] [AddonLoader]: Instantiating addon 'ShadowMan' from assembly 'Kopernicus'
[LOG 18:00:31.429] [AddonLoader]: Instantiating addon 'RenderTypeFixer' from assembly 'Kopernicus'
[LOG 18:00:31.429] [AddonLoader]: Instantiating addon 'AtmosphereFixer' from assembly 'Kopernicus'
[LOG 18:00:31.429] [AddonLoader]: Instantiating addon 'SinkingBugFix' from assembly 'Kopernicus'
[LOG 18:00:31.430] [AddonLoader]: Instantiating addon 'RealSolarSystemEditor' from assembly 'RealSolarSystem'
[LOG 18:00:31.431] [AddonLoader]: Instantiating addon 'RSSRunwayFix' from assembly 'RealSolarSystem'
[LOG 18:00:31.431] [AddonLoader]: Instantiating addon 'TimeWarpFixer' from assembly 'RealSolarSystem'
[LOG 18:00:31.431] [AddonLoader]: Instantiating addon 'VesselGroundPositionEnhancer' from assembly 'RealSolarSystem'
[LOG 18:00:31.431] [AddonLoader]: Instantiating addon 'RSSWatchDog' from assembly 'RealSolarSystem'
[LOG 18:00:31.431] [AddonLoader]: Instantiating addon 'TerrainPrecisionFixDiag2Mod' from assembly 'TerrainPrecisionFixDiag2Mod'
[LOG 18:00:31.431] [AddonLoader]: Instantiating addon 'TerrainPrecisionFixDiagMod' from assembly 'TerrainPrecisionFixDiagMod'
[LOG 18:00:31.431] [PlanetariumCamera]: Focus: Earth
[LOG 18:00:31.432] [UIMasterController]: HideUI
[LOG 18:00:31.759] [UIMasterController]: HideUI
[LOG 18:00:31.759] ------------------- initializing flight mode... ------------------
[LOG 18:00:31.760] GetSubclassesOfParentClass: Using cached results for AlarmTypeBase
[LOG 18:00:31.761] Loading Depletion Nodes
[LOG 18:00:31.761] DepNodeCount:  0
[LOG 18:00:31.761] Loading Biome Nodes
[LOG 18:00:31.761] BiomeNodeCount:  0
[LOG 18:00:31.761] Loading Planet Nodes
[LOG 18:00:31.761] PlanetNodeCount:  0
[LOG 18:00:31.762] [ScenarioDestructibles]: Loading... 0 objects registered
[LOG 18:00:31.764] Crewmember Jebediah Kerman has respawned!
[LOG 18:00:31.793] Target vessel index: 12  vessel count: 13
[LOG 18:00:31.793] [FLIGHT GLOBALS]: Switching To Vessel Capsule ---------------------- 
[LOG 18:00:31.793] setting new dominant body: Earth
FlightGlobals.mainBody: Earth
[LOG 18:00:31.793] Reference Frame: Rotating
[LOG 18:00:31.800] [Capsule]: landed - waiting for ground contact to resume physics...
[LOG 18:00:31.801] Camera Mode: AUTO
[LOG 18:00:33.390] all systems started
[LOG 18:00:33.436] [ModularFlightIntegrator] MFI Start
[LOG 18:00:33.436] [ModularFlightIntegrator] Start. VesselModule on vessel : 
  ModularFlightIntegrator
  AxisGroupsModule
  CometVessel
  SuspensionLoadBalancer
  CommNetVessel

[LOG 18:00:33.446] [Kopernicus] Using Kopernicus Discoverable Object Spawner.
[LOG 18:00:33.488] [ShadowMan][Info] Running in unified camera mode
[LOG 18:00:33.488] [ShadowMan][Debug] Adding TweakShadowCascades: (0.002, 0.015, 0.035) to Camera Camera 00
[LOG 18:00:33.488] [ShadowMan][Debug] Default split: (0.050, 0.152, 0.264)
[LOG 18:00:33.488] [ShadowMan][Debug] Setting shadowmap resolution to: 8192 on SunLight
[LOG 18:00:33.492] [ShadowMan][Debug] Found rings for Saturn
[LOG 18:00:33.496] [ShadowMan][Debug] Kopernicus.ShadowMan setup done
[LOG 18:00:33.506] [RealSolarSystem] Setting TimeWarp rates...
[LOG 18:00:33.554] [UiApp] Awake: CurrencyWidgetsApp
[LOG 18:00:33.554] [UiApp] Awake: ResourceDisplay
[LOG 18:00:33.554] [UiApp] Awake: KSPedia
[LOG 18:00:33.554] [UiApp] Awake: Missions App
[LOG 18:00:33.554] [UiApp] Awake: DeltaVApp
[LOG 18:00:33.554] [UiApp] Awake: ActionGroupsApp
[LOG 18:00:33.555] [UiApp] Awake: Construction
[LOG 18:00:33.555] [UiApp] Awake: Cargo
[LOG 18:00:33.555] [UiApp] Awake: AlarmClock
[LOG 18:00:33.555] [UiApp] Awake: ManeuverTool
[LOG 18:00:33.555] [ApplicationLauncher] OnSceneLoadedGUIReady: scene FLIGHT ShouldBeVisible() True ShouldBeOnTop() True iIsPositionedAtTop True
[LOG 18:00:33.558] [KnowledgeBase] OnAppLauncherReady 32685
[LOG 18:00:33.566] [Kopernicus]: StarLightSwitcher: Set active star => Sun
[LOG 18:00:33.668] [UIApp] OnDestroy: Contracts
[LOG 18:00:33.681] [FlightIntegrator]: Reloaded drag cube for zeroed cube root part fuelTankSmallFlat (Capsule) on vessel Capsule
[LOG 18:00:33.683] [MessageSystem] Reposition 0.02 32686
[LOG 18:00:33.683] [GenericAppFrame] Reposition 0.02 32686
[LOG 18:00:33.683] [GenericAppFrame] Reposition 0.02 32686
[LOG 18:00:33.954] [PlanetariumCamera]: Focus: Capsule
[LOG 18:00:33.972] [UIApp] Adding ResourceDisplay to Application Launcher
[LOG 18:00:33.974] [UIApp] Adding ResourceDisplay to Application Launcher
[LOG 18:00:33.983] [ResourceDisplay] OnAppStarted(): id: -457444
[LOG 18:00:33.984] [GenericAppFrame] Reposition 0.1325755 32690
[LOG 18:00:33.984] [ResourceDisplay] OnAppStarted(): id: 264522
[LOG 18:00:33.984] ResourceDisplay already exist, destroying this instance
[LOG 18:00:33.984] [UIApp] OnDestroy: ResourceDisplay
[LOG 18:00:33.998] [UIApp] Adding AlarmClock to Application Launcher
[LOG 18:00:33.998] [UIApp] Adding ActionGroupsApp to Application Launcher
[LOG 18:00:33.999] [UIApp] Adding Missions App to Application Launcher
[LOG 18:00:34.000] CURRENCY WIDGET False False False
[LOG 18:00:34.002] [UIApp] OnDestroy: CurrencyWidgetsApp
[LOG 18:00:34.022] [GenericAppFrame] Reposition 0.1584973 32692
[LOG 18:00:34.024] [ActionGroupsApp] OnAppStarted(): id: -457468
[LOG 18:00:34.025] [GenericAppFrame] Reposition 0.1584973 32692
[LOG 18:00:34.025] [UIApp] Adding DeltaVApp to Application Launcher
[LOG 18:00:34.026] [MissionsApp] OnAppStarted(): id: -457456
[LOG 18:00:34.026] MissionsApp does not execute in this game mode, destroying this instance
[LOG 18:00:34.026] [UIApp] OnDestroy: Missions App
[LOG 18:00:34.038] [GenericAppFrame] Reposition 0.1856521 32693
[LOG 18:00:34.048] [UIApp] Adding Cargo to Application Launcher
[LOG 18:00:34.049] [UIApp] Adding Construction to Application Launcher
[LOG 18:00:34.050] [UIApp] Adding KSPedia to Application Launcher
[LOG 18:00:34.061] [UIApp] Adding ManeuverTool to Application Launcher
[LOG 18:00:34.063] [ApplicationLauncher] SetHidden: 
[LOG 18:00:34.078] [GenericAppFrame] Reposition 0.2233582 32696
[LOG 18:00:34.089] [ManeuverTool]: Found 1 transfer types
[LOG 18:00:34.124] Flight State Captured
[LOG 18:00:34.125] Saving Achievements Tree...
[LOG 18:00:34.125] Saving Achievements Tree...
[LOG 18:00:34.125] Saving Achievements Tree...
[LOG 18:00:34.125] [MessageSystem] Save Messages
[LOG 18:00:34.156] Game State Saved as persistent
[LOG 18:00:34.291] [Kopernicus] AtmosphereFixer => Patched AtmosphereFromGround for Uranus
[LOG 18:00:34.291] [Kopernicus] AtmosphereFixer => Patched AtmosphereFromGround for Titan
[LOG 18:00:34.291] [Kopernicus] AtmosphereFixer => Patched AtmosphereFromGround for Saturn
[LOG 18:00:34.291] [Kopernicus] AtmosphereFixer => Patched AtmosphereFromGround for Jupiter
[LOG 18:00:34.291] [Kopernicus] AtmosphereFixer => Patched AtmosphereFromGround for Mars
[LOG 18:00:34.291] [Kopernicus] AtmosphereFixer => Patched AtmosphereFromGround for Earth
[LOG 18:00:34.291] [Kopernicus] AtmosphereFixer => Patched AtmosphereFromGround for Venus
[LOG 18:00:34.777] [RealSolarSystem] Watchdog: Setting camera Camera 00 far clip to 1875000 so camera now has 1875000
[LOG 18:00:34.857] [Capsule]: ground contact! - error. Moving Vessel  up 0.180m
[LOG 18:00:34.857] Unpacking Capsule
[LOG 18:00:34.857] [RSS-VGPE] Vessel going off rails in PRELAUNCH, skipping 100 frames on CollisionEnhancer.
[LOG 18:00:34.863] [UIMasterController]: ShowUI
[LOG 18:00:39.424] Game Paused!
[LOG 18:00:39.424] [UIMasterController]: ShowUI
[LOG 18:00:39.972] [SceneLoadSpeedBoost] Save loaded from disk in 6ms
[LOG 18:00:41.587] [KSPUpgradePipeline]: ClaudeRSS (1.12.5) is up to date.
[LOG 18:00:41.658] [ScenarioTypes]: List Created 24 scenario types loaded from 17 loaded assemblies.
[LOG 18:00:41.658] [MessageSystem] Load Messages
[LOG 18:00:41.658] [UIMasterController]: HideUI
[LOG 18:00:41.750] [HighLogic]: =========================== Scene Change : From FLIGHT to FLIGHT =====================
[LOG 18:00:41.751] Game Unpaused!
[LOG 18:00:41.767] [Kopernicus] Delaying ResetAndWait of body Charon until scene switch is complete
[LOG 18:00:41.767] [Kopernicus] Delaying ResetAndWait of body Pluto until scene switch is complete
[LOG 18:00:41.767] [Kopernicus] Delaying ResetAndWait of body Triton until scene switch is complete
[LOG 18:00:41.767] [Kopernicus] Delaying ResetAndWait of body Neptune until scene switch is complete
[LOG 18:00:41.767] [Kopernicus] Delaying ResetAndWait of body Neptune until scene switch is complete
[LOG 18:00:41.767] [Kopernicus] Delaying ResetAndWait of body Oberon until scene switch is complete
[LOG 18:00:41.767] [Kopernicus] Delaying ResetAndWait of body Titania until scene switch is complete
[LOG 18:00:41.767] [Kopernicus] Delaying ResetAndWait of body Umbriel until scene switch is complete
[LOG 18:00:41.767] [Kopernicus] Delaying ResetAndWait of body Ariel until scene switch is complete
[LOG 18:00:41.767] [Kopernicus] Delaying ResetAndWait of body Miranda until scene switch is complete
[LOG 18:00:41.767] [Kopernicus] Delaying ResetAndWait of body Uranus until scene switch is complete
[LOG 18:00:41.767] [Kopernicus] Delaying ResetAndWait of body Uranus until scene switch is complete
[LOG 18:00:41.767] [Kopernicus] Delaying ResetAndWait of body Iapetus until scene switch is complete
[LOG 18:00:41.767] [Kopernicus] Delaying ResetAndWait of body Titan until scene switch is complete
[LOG 18:00:41.767] [Kopernicus] Delaying ResetAndWait of body Rhea until scene switch is complete
[LOG 18:00:41.767] [Kopernicus] Delaying ResetAndWait of body Dione until scene switch is complete
[LOG 18:00:41.768] [Kopernicus] Delaying ResetAndWait of body Tethys until scene switch is complete
[LOG 18:00:41.768] [Kopernicus] Delaying ResetAndWait of body Enceladus until scene switch is complete
[LOG 18:00:41.768] [Kopernicus] Delaying ResetAndWait of body Mimas until scene switch is complete
[LOG 18:00:41.768] [Kopernicus] Delaying ResetAndWait of body Saturn until scene switch is complete
[LOG 18:00:41.768] [Kopernicus] Delaying ResetAndWait of body Saturn until scene switch is complete
[LOG 18:00:41.768] [Kopernicus] Delaying ResetAndWait of body Callisto until scene switch is complete
[LOG 18:00:41.768] [Kopernicus] Delaying ResetAndWait of body Ganymede until scene switch is complete
[LOG 18:00:41.768] [Kopernicus] Delaying ResetAndWait of body Europa until scene switch is complete
[LOG 18:00:41.768] [Kopernicus] Delaying ResetAndWait of body Io until scene switch is complete
[LOG 18:00:41.768] [Kopernicus] Delaying ResetAndWait of body Jupiter until scene switch is complete
[LOG 18:00:41.768] [Kopernicus] Delaying ResetAndWait of body Jupiter until scene switch is complete
[LOG 18:00:41.768] [Kopernicus] Delaying ResetAndWait of body Ceres until scene switch is complete
[LOG 18:00:41.768] [Kopernicus] Delaying ResetAndWait of body Vesta until scene switch is complete
[LOG 18:00:41.768] [Kopernicus] Delaying ResetAndWait of body Deimos until scene switch is complete
[LOG 18:00:41.768] [Kopernicus] Delaying ResetAndWait of body Phobos until scene switch is complete
[LOG 18:00:41.768] [Kopernicus] Delaying ResetAndWait of body Mars until scene switch is complete
[LOG 18:00:41.768] [Kopernicus] Delaying ResetAndWait of body Moon until scene switch is complete
[LOG 18:00:41.768] [Kopernicus] Delaying ResetAndWait of body Venus until scene switch is complete
[LOG 18:00:41.768] [Kopernicus] Delaying ResetAndWait of body Mercury until scene switch is complete
[LOG 18:00:41.914] [UIApp] OnDestroy: Cargo
[LOG 18:00:41.914] KbApp.OnDestroy Vessel Info
[LOG 18:00:41.914] KbApp.OnDestroy Unowned Info
[LOG 18:00:41.914] [UIApp] OnDestroy: AlarmClock
[LOG 18:00:41.915] [PlanetariumCamera]: Focus: Earth
[LOG 18:00:41.915] [UIApp] OnDestroy: KSPedia
[LOG 18:00:41.915] KbApp.OnDestroy NullName
[LOG 18:00:41.916] [UIApp] OnDestroy: Construction
[LOG 18:00:41.916] [UIApp] OnDestroy: ManeuverTool
[LOG 18:00:41.916] KbApp.OnDestroy Vessel Crew
[LOG 18:00:41.916] [UIApp] OnDestroy: ActionGroupsApp
[LOG 18:00:41.917] [UIApp] OnDestroy: DeltaVApp
[LOG 18:00:41.917] KbApp.OnDestroy Planet Parameters
[LOG 18:00:41.918] KbApp.OnDestroy Planet Info
[LOG 18:00:41.918] KbApp.OnDestroy Planet Resources
[LOG 18:00:41.918] [UIApp] OnDestroy: ResourceDisplay
[LOG 18:00:41.920] [KSPCF:MemoryLeaks] Removed a OnMapExited callback owned by a destroyed Assembly-CSharp:NavBallToggle instance
[LOG 18:00:41.920] [KSPCF:MemoryLeaks] Removed a OnGameSettingsApplied callback owned by a destroyed Assembly-CSharp:VesselAutopilotUI instance
[LOG 18:00:41.920] [KSPCF:MemoryLeaks] Removed a onPartActionUICreate callback owned by a destroyed Assembly-CSharp:ModuleInventoryPart instance
[LOG 18:00:41.921] [KSPCF:MemoryLeaks] Removed a onModuleInventoryChanged callback owned by a destroyed Assembly-CSharp:ModuleInventoryPart instance
[LOG 18:00:41.922] [KSPCF:MemoryLeaks] Removed a OnDestructibleLoaded callback owned by a destroyed Assembly-CSharp:RunwayCollisionHandler instance
[LOG 18:00:41.922] [KSPCF:MemoryLeaks] Removed a OnClick callback owned by a destroyed Assembly-CSharp:EVAConstructionModeEditor instance
[LOG 18:00:41.922] [KSPCF:MemoryLeaks] Removed a TimingManager.Instance.timing5.onLateUpdate callback owned by a destroyed Assembly-CSharp:MapView instance
[LOG 18:00:41.922] [KSPCF:MemoryLeaks] Leaving scene "Flight", cleaned 25 memory leaks in 0.003s. GameEvents callbacks : 745. Allocated memory : 761.133 MiB (managed heap), 2.222 GiB (unmanaged)
[LOG 18:00:41.932] UICanvasPrefabSpawner FlightUI spawning Flight
[LOG 18:00:41.953] UICanvasPrefabSpawner FlightUI spawning VesselLabels
[LOG 18:00:41.953] [UiApp] Awake: ResourceDisplay
[LOG 18:00:42.056] [AddonLoader]: Instantiating addon 'AeroGUI' from assembly 'KSP'
[LOG 18:00:42.071] [AddonLoader]: Instantiating addon 'ToolbarButton' from assembly 'Kopernicus'
[LOG 18:00:42.072] [AddonLoader]: Instantiating addon 'ShadowMan' from assembly 'Kopernicus'
[LOG 18:00:42.072] [AddonLoader]: Instantiating addon 'RenderTypeFixer' from assembly 'Kopernicus'
[LOG 18:00:42.072] [AddonLoader]: Instantiating addon 'AtmosphereFixer' from assembly 'Kopernicus'
[LOG 18:00:42.072] [AddonLoader]: Instantiating addon 'SinkingBugFix' from assembly 'Kopernicus'
[LOG 18:00:42.073] [AddonLoader]: Instantiating addon 'RealSolarSystemEditor' from assembly 'RealSolarSystem'
[LOG 18:00:42.074] [AddonLoader]: Instantiating addon 'RSSRunwayFix' from assembly 'RealSolarSystem'
[LOG 18:00:42.074] [AddonLoader]: Instantiating addon 'TimeWarpFixer' from assembly 'RealSolarSystem'
[LOG 18:00:42.074] [AddonLoader]: Instantiating addon 'VesselGroundPositionEnhancer' from assembly 'RealSolarSystem'
[LOG 18:00:42.074] [AddonLoader]: Instantiating addon 'RSSWatchDog' from assembly 'RealSolarSystem'
[LOG 18:00:42.074] [AddonLoader]: Instantiating addon 'TerrainPrecisionFixDiag2Mod' from assembly 'TerrainPrecisionFixDiag2Mod'
[LOG 18:00:42.074] [AddonLoader]: Instantiating addon 'TerrainPrecisionFixDiagMod' from assembly 'TerrainPrecisionFixDiagMod'
[LOG 18:00:42.074] [PlanetariumCamera]: Focus: Earth
[LOG 18:00:42.075] [UIMasterController]: HideUI
[LOG 18:00:42.403] [UIMasterController]: HideUI
[LOG 18:00:42.403] ------------------- initializing flight mode... ------------------
[LOG 18:00:42.404] GetSubclassesOfParentClass: Using cached results for AlarmTypeBase
[LOG 18:00:42.405] Loading Depletion Nodes
[LOG 18:00:42.405] DepNodeCount:  0
[LOG 18:00:42.405] Loading Biome Nodes
[LOG 18:00:42.405] BiomeNodeCount:  0
[LOG 18:00:42.405] Loading Planet Nodes
[LOG 18:00:42.405] PlanetNodeCount:  0
[LOG 18:00:42.407] [ScenarioDestructibles]: Loading... 0 objects registered
[LOG 18:00:42.409] Crewmember Jebediah Kerman has respawned!
[LOG 18:00:42.441] Target vessel index: 12  vessel count: 13
[LOG 18:00:42.442] [FLIGHT GLOBALS]: Switching To Vessel Capsule ---------------------- 
[LOG 18:00:42.442] setting new dominant body: Earth
FlightGlobals.mainBody: Earth
[LOG 18:00:42.442] Reference Frame: Rotating
[LOG 18:00:42.450] [Capsule]: landed - waiting for ground contact to resume physics...
[LOG 18:00:42.451] Camera Mode: AUTO
[LOG 18:00:44.021] all systems started
[LOG 18:00:44.068] [ModularFlightIntegrator] MFI Start
[LOG 18:00:44.068] [ModularFlightIntegrator] Start. VesselModule on vessel : 
  ModularFlightIntegrator
  AxisGroupsModule
  CometVessel
  SuspensionLoadBalancer
  CommNetVessel

[LOG 18:00:44.078] [Kopernicus] Using Kopernicus Discoverable Object Spawner.
[LOG 18:00:44.119] [ShadowMan][Info] Running in unified camera mode
[LOG 18:00:44.120] [ShadowMan][Debug] Adding TweakShadowCascades: (0.002, 0.015, 0.035) to Camera Camera 00
[LOG 18:00:44.120] [ShadowMan][Debug] Default split: (0.050, 0.152, 0.264)
[LOG 18:00:44.120] [ShadowMan][Debug] Setting shadowmap resolution to: 8192 on SunLight
[LOG 18:00:44.124] [ShadowMan][Debug] Found rings for Saturn
[LOG 18:00:44.128] [ShadowMan][Debug] Kopernicus.ShadowMan setup done
[LOG 18:00:44.138] [RealSolarSystem] Setting TimeWarp rates...
[LOG 18:00:44.181] [UiApp] Awake: CurrencyWidgetsApp
[LOG 18:00:44.181] [UiApp] Awake: ResourceDisplay
[LOG 18:00:44.181] [UiApp] Awake: KSPedia
[LOG 18:00:44.181] [UiApp] Awake: Missions App
[LOG 18:00:44.181] [UiApp] Awake: DeltaVApp
[LOG 18:00:44.181] [UiApp] Awake: ActionGroupsApp
[LOG 18:00:44.181] [UiApp] Awake: Construction
[LOG 18:00:44.182] [UiApp] Awake: Cargo
[LOG 18:00:44.182] [UiApp] Awake: AlarmClock
[LOG 18:00:44.182] [UiApp] Awake: ManeuverTool
[LOG 18:00:44.182] [ApplicationLauncher] OnSceneLoadedGUIReady: scene FLIGHT ShouldBeVisible() True ShouldBeOnTop() True iIsPositionedAtTop True
[LOG 18:00:44.184] [KnowledgeBase] OnAppLauncherReady 33679
[LOG 18:00:44.191] [Kopernicus]: StarLightSwitcher: Set active star => Sun
[LOG 18:00:44.291] [UIApp] OnDestroy: Contracts
[LOG 18:00:44.304] [FlightIntegrator]: Reloaded drag cube for zeroed cube root part fuelTankSmallFlat (Capsule) on vessel Capsule
[LOG 18:00:44.306] [MessageSystem] Reposition 0.02 33680
[LOG 18:00:44.306] [GenericAppFrame] Reposition 0.02 33680
[LOG 18:00:44.306] [GenericAppFrame] Reposition 0.02 33680
[LOG 18:00:44.580] [PlanetariumCamera]: Focus: Capsule
[LOG 18:00:44.597] [UIApp] Adding ResourceDisplay to Application Launcher
[LOG 18:00:44.599] [UIApp] Adding ResourceDisplay to Application Launcher
[LOG 18:00:44.609] [ResourceDisplay] OnAppStarted(): id: -501696
[LOG 18:00:44.609] [GenericAppFrame] Reposition 0.1317899 33684
[LOG 18:00:44.609] [ResourceDisplay] OnAppStarted(): id: 264654
[LOG 18:00:44.609] ResourceDisplay already exist, destroying this instance
[LOG 18:00:44.609] [UIApp] OnDestroy: ResourceDisplay
[LOG 18:00:44.622] [UIApp] Adding AlarmClock to Application Launcher
[LOG 18:00:44.622] [UIApp] Adding ActionGroupsApp to Application Launcher
[LOG 18:00:44.623] [UIApp] Adding Missions App to Application Launcher
[LOG 18:00:44.624] CURRENCY WIDGET False False False
[LOG 18:00:44.626] [UIApp] OnDestroy: CurrencyWidgetsApp
[LOG 18:00:44.647] [GenericAppFrame] Reposition 0.157623 33686
[LOG 18:00:44.649] [ActionGroupsApp] OnAppStarted(): id: -501720
[LOG 18:00:44.650] [GenericAppFrame] Reposition 0.157623 33686
[LOG 18:00:44.650] [UIApp] Adding DeltaVApp to Application Launcher
[LOG 18:00:44.651] [MissionsApp] OnAppStarted(): id: -501708
[LOG 18:00:44.651] MissionsApp does not execute in this game mode, destroying this instance
[LOG 18:00:44.651] [UIApp] OnDestroy: Missions App
[LOG 18:00:44.663] [GenericAppFrame] Reposition 0.1852778 33687
[LOG 18:00:44.675] [UIApp] Adding Cargo to Application Launcher
[LOG 18:00:44.675] [UIApp] Adding Construction to Application Launcher
[LOG 18:00:44.676] [UIApp] Adding KSPedia to Application Launcher
[LOG 18:00:44.688] [UIApp] Adding ManeuverTool to Application Launcher
[LOG 18:00:44.690] [ApplicationLauncher] SetHidden: 
[LOG 18:00:44.705] [GenericAppFrame] Reposition 0.2241726 33690
[LOG 18:00:44.715] [ManeuverTool]: Found 1 transfer types
[LOG 18:00:44.750] Flight State Captured
[LOG 18:00:44.750] Saving Achievements Tree...
[LOG 18:00:44.750] Saving Achievements Tree...
[LOG 18:00:44.750] Saving Achievements Tree...
[LOG 18:00:44.751] [MessageSystem] Save Messages
[LOG 18:00:44.784] Game State Saved as persistent
[LOG 18:00:44.924] [Kopernicus] AtmosphereFixer => Patched AtmosphereFromGround for Uranus
[LOG 18:00:44.924] [Kopernicus] AtmosphereFixer => Patched AtmosphereFromGround for Titan
[LOG 18:00:44.924] [Kopernicus] AtmosphereFixer => Patched AtmosphereFromGround for Saturn
[LOG 18:00:44.924] [Kopernicus] AtmosphereFixer => Patched AtmosphereFromGround for Jupiter
[LOG 18:00:44.924] [Kopernicus] AtmosphereFixer => Patched AtmosphereFromGround for Mars
[LOG 18:00:44.924] [Kopernicus] AtmosphereFixer => Patched AtmosphereFromGround for Earth
[LOG 18:00:44.924] [Kopernicus] AtmosphereFixer => Patched AtmosphereFromGround for Venus
[LOG 18:00:45.406] [RealSolarSystem] Watchdog: Setting camera Camera 00 far clip to 1875000 so camera now has 1875000
[LOG 18:00:45.470] Unpacking Capsule
[LOG 18:00:45.471] [RSS-VGPE] Vessel going off rails in PRELAUNCH, skipping 100 frames on CollisionEnhancer.
[LOG 18:00:45.477] [UIMasterController]: ShowUI
[LOG 18:00:51.630] Game Paused!
[LOG 18:00:51.630] [UIMasterController]: ShowUI
[LOG 18:00:52.097] [SceneLoadSpeedBoost] Save loaded from disk in 8ms
[LOG 18:00:53.060] [KSPUpgradePipeline]: ClaudeRSS (1.12.5) is up to date.
[LOG 18:00:53.154] [ScenarioTypes]: List Created 24 scenario types loaded from 17 loaded assemblies.
[LOG 18:00:53.154] [MessageSystem] Load Messages
[LOG 18:00:53.155] [UIMasterController]: HideUI
[LOG 18:00:53.245] [HighLogic]: =========================== Scene Change : From FLIGHT to FLIGHT =====================
[LOG 18:00:53.246] Game Unpaused!
[LOG 18:00:53.262] [Kopernicus] Delaying ResetAndWait of body Charon until scene switch is complete
[LOG 18:00:53.262] [Kopernicus] Delaying ResetAndWait of body Pluto until scene switch is complete
[LOG 18:00:53.263] [Kopernicus] Delaying ResetAndWait of body Triton until scene switch is complete
[LOG 18:00:53.263] [Kopernicus] Delaying ResetAndWait of body Neptune until scene switch is complete
[LOG 18:00:53.263] [Kopernicus] Delaying ResetAndWait of body Neptune until scene switch is complete
[LOG 18:00:53.263] [Kopernicus] Delaying ResetAndWait of body Oberon until scene switch is complete
[LOG 18:00:53.263] [Kopernicus] Delaying ResetAndWait of body Titania until scene switch is complete
[LOG 18:00:53.263] [Kopernicus] Delaying ResetAndWait of body Umbriel until scene switch is complete
[LOG 18:00:53.263] [Kopernicus] Delaying ResetAndWait of body Ariel until scene switch is complete
[LOG 18:00:53.263] [Kopernicus] Delaying ResetAndWait of body Miranda until scene switch is complete
[LOG 18:00:53.263] [Kopernicus] Delaying ResetAndWait of body Uranus until scene switch is complete
[LOG 18:00:53.263] [Kopernicus] Delaying ResetAndWait of body Uranus until scene switch is complete
[LOG 18:00:53.263] [Kopernicus] Delaying ResetAndWait of body Iapetus until scene switch is complete
[LOG 18:00:53.263] [Kopernicus] Delaying ResetAndWait of body Titan until scene switch is complete
[LOG 18:00:53.263] [Kopernicus] Delaying ResetAndWait of body Rhea until scene switch is complete
[LOG 18:00:53.263] [Kopernicus] Delaying ResetAndWait of body Dione until scene switch is complete
[LOG 18:00:53.263] [Kopernicus] Delaying ResetAndWait of body Tethys until scene switch is complete
[LOG 18:00:53.263] [Kopernicus] Delaying ResetAndWait of body Enceladus until scene switch is complete
[LOG 18:00:53.263] [Kopernicus] Delaying ResetAndWait of body Mimas until scene switch is complete
[LOG 18:00:53.263] [Kopernicus] Delaying ResetAndWait of body Saturn until scene switch is complete
[LOG 18:00:53.263] [Kopernicus] Delaying ResetAndWait of body Saturn until scene switch is complete
[LOG 18:00:53.263] [Kopernicus] Delaying ResetAndWait of body Callisto until scene switch is complete
[LOG 18:00:53.263] [Kopernicus] Delaying ResetAndWait of body Ganymede until scene switch is complete
[LOG 18:00:53.263] [Kopernicus] Delaying ResetAndWait of body Europa until scene switch is complete
[LOG 18:00:53.264] [Kopernicus] Delaying ResetAndWait of body Io until scene switch is complete
[LOG 18:00:53.264] [Kopernicus] Delaying ResetAndWait of body Jupiter until scene switch is complete
[LOG 18:00:53.264] [Kopernicus] Delaying ResetAndWait of body Jupiter until scene switch is complete
[LOG 18:00:53.264] [Kopernicus] Delaying ResetAndWait of body Ceres until scene switch is complete
[LOG 18:00:53.264] [Kopernicus] Delaying ResetAndWait of body Vesta until scene switch is complete
[LOG 18:00:53.264] [Kopernicus] Delaying ResetAndWait of body Deimos until scene switch is complete
[LOG 18:00:53.264] [Kopernicus] Delaying ResetAndWait of body Phobos until scene switch is complete
[LOG 18:00:53.264] [Kopernicus] Delaying ResetAndWait of body Mars until scene switch is complete
[LOG 18:00:53.264] [Kopernicus] Delaying ResetAndWait of body Moon until scene switch is complete
[LOG 18:00:53.264] [Kopernicus] Delaying ResetAndWait of body Venus until scene switch is complete
[LOG 18:00:53.264] [Kopernicus] Delaying ResetAndWait of body Mercury until scene switch is complete
[LOG 18:00:53.405] KbApp.OnDestroy Planet Parameters
[LOG 18:00:53.405] [UIApp] OnDestroy: ActionGroupsApp
[LOG 18:00:53.405] [UIApp] OnDestroy: ResourceDisplay
[LOG 18:00:53.406] [UIApp] OnDestroy: ManeuverTool
[LOG 18:00:53.406] KbApp.OnDestroy Planet Resources
[LOG 18:00:53.406] KbApp.OnDestroy Planet Info
[LOG 18:00:53.406] KbApp.OnDestroy NullName
[LOG 18:00:53.406] [UIApp] OnDestroy: Cargo
[LOG 18:00:53.406] [UIApp] OnDestroy: Construction
[LOG 18:00:53.406] KbApp.OnDestroy Vessel Info
[LOG 18:00:53.406] KbApp.OnDestroy Unowned Info
[LOG 18:00:53.407] [PlanetariumCamera]: Focus: Earth
[LOG 18:00:53.407] [UIApp] OnDestroy: AlarmClock
[LOG 18:00:53.407] [UIApp] OnDestroy: DeltaVApp
[LOG 18:00:53.407] [UIApp] OnDestroy: KSPedia
[LOG 18:00:53.407] KbApp.OnDestroy Vessel Crew
[LOG 18:00:53.409] [KSPCF:MemoryLeaks] Removed a OnMapExited callback owned by a destroyed Assembly-CSharp:NavBallToggle instance
[LOG 18:00:53.409] [KSPCF:MemoryLeaks] Removed a OnGameSettingsApplied callback owned by a destroyed Assembly-CSharp:VesselAutopilotUI instance
[LOG 18:00:53.409] [KSPCF:MemoryLeaks] Removed a onPartActionUICreate callback owned by a destroyed Assembly-CSharp:ModuleInventoryPart instance
[LOG 18:00:53.410] [KSPCF:MemoryLeaks] Removed a onModuleInventoryChanged callback owned by a destroyed Assembly-CSharp:ModuleInventoryPart instance
[LOG 18:00:53.411] [KSPCF:MemoryLeaks] Removed a OnDestructibleLoaded callback owned by a destroyed Assembly-CSharp:RunwayCollisionHandler instance
[LOG 18:00:53.411] [KSPCF:MemoryLeaks] Removed a OnClick callback owned by a destroyed Assembly-CSharp:EVAConstructionModeEditor instance
[LOG 18:00:53.411] [KSPCF:MemoryLeaks] Removed a TimingManager.Instance.timing5.onLateUpdate callback owned by a destroyed Assembly-CSharp:MapView instance
[LOG 18:00:53.411] [KSPCF:MemoryLeaks] Leaving scene "Flight", cleaned 25 memory leaks in 0.003s. GameEvents callbacks : 745. Allocated memory : 723.02 MiB (managed heap), 2.226 GiB (unmanaged)
[LOG 18:00:53.420] UICanvasPrefabSpawner FlightUI spawning Flight
[LOG 18:00:53.439] UICanvasPrefabSpawner FlightUI spawning VesselLabels
[LOG 18:00:53.439] [UiApp] Awake: ResourceDisplay
[LOG 18:00:53.533] [AddonLoader]: Instantiating addon 'AeroGUI' from assembly 'KSP'
[LOG 18:00:53.547] [AddonLoader]: Instantiating addon 'ToolbarButton' from assembly 'Kopernicus'
[LOG 18:00:53.547] [AddonLoader]: Instantiating addon 'ShadowMan' from assembly 'Kopernicus'
[LOG 18:00:53.547] [AddonLoader]: Instantiating addon 'RenderTypeFixer' from assembly 'Kopernicus'
[LOG 18:00:53.547] [AddonLoader]: Instantiating addon 'AtmosphereFixer' from assembly 'Kopernicus'
[LOG 18:00:53.548] [AddonLoader]: Instantiating addon 'SinkingBugFix' from assembly 'Kopernicus'
[LOG 18:00:53.549] [AddonLoader]: Instantiating addon 'RealSolarSystemEditor' from assembly 'RealSolarSystem'
[LOG 18:00:53.549] [AddonLoader]: Instantiating addon 'RSSRunwayFix' from assembly 'RealSolarSystem'
[LOG 18:00:53.549] [AddonLoader]: Instantiating addon 'TimeWarpFixer' from assembly 'RealSolarSystem'
[LOG 18:00:53.549] [AddonLoader]: Instantiating addon 'VesselGroundPositionEnhancer' from assembly 'RealSolarSystem'
[LOG 18:00:53.549] [AddonLoader]: Instantiating addon 'RSSWatchDog' from assembly 'RealSolarSystem'
[LOG 18:00:53.549] [AddonLoader]: Instantiating addon 'TerrainPrecisionFixDiag2Mod' from assembly 'TerrainPrecisionFixDiag2Mod'
[LOG 18:00:53.549] [AddonLoader]: Instantiating addon 'TerrainPrecisionFixDiagMod' from assembly 'TerrainPrecisionFixDiagMod'
[LOG 18:00:53.550] [PlanetariumCamera]: Focus: Earth
[LOG 18:00:53.550] [UIMasterController]: HideUI
[LOG 18:00:53.866] [UIMasterController]: HideUI
[LOG 18:00:53.866] ------------------- initializing flight mode... ------------------
[LOG 18:00:53.867] GetSubclassesOfParentClass: Using cached results for AlarmTypeBase
[LOG 18:00:53.867] Loading Depletion Nodes
[LOG 18:00:53.867] DepNodeCount:  0
[LOG 18:00:53.867] Loading Biome Nodes
[LOG 18:00:53.867] BiomeNodeCount:  0
[LOG 18:00:53.867] Loading Planet Nodes
[LOG 18:00:53.867] PlanetNodeCount:  0
[LOG 18:00:53.869] [ScenarioDestructibles]: Loading... 0 objects registered
[LOG 18:00:53.871] Crewmember Jebediah Kerman has respawned!
[LOG 18:00:53.901] Target vessel index: 12  vessel count: 13
[LOG 18:00:53.901] [FLIGHT GLOBALS]: Switching To Vessel Capsule ---------------------- 
[LOG 18:00:53.902] setting new dominant body: Earth
FlightGlobals.mainBody: Earth
[LOG 18:00:53.902] Reference Frame: Rotating
[LOG 18:00:53.908] [Capsule]: landed - waiting for ground contact to resume physics...
[LOG 18:00:53.909] Camera Mode: AUTO
[LOG 18:00:55.479] all systems started
[LOG 18:00:55.525] [ModularFlightIntegrator] MFI Start
[LOG 18:00:55.525] [ModularFlightIntegrator] Start. VesselModule on vessel : 
  ModularFlightIntegrator
  AxisGroupsModule
  CometVessel
  SuspensionLoadBalancer
  CommNetVessel

[LOG 18:00:55.536] [Kopernicus] Using Kopernicus Discoverable Object Spawner.
[LOG 18:00:55.575] [ShadowMan][Info] Running in unified camera mode
[LOG 18:00:55.576] [ShadowMan][Debug] Adding TweakShadowCascades: (0.002, 0.015, 0.035) to Camera Camera 00
[LOG 18:00:55.576] [ShadowMan][Debug] Default split: (0.050, 0.152, 0.264)
[LOG 18:00:55.576] [ShadowMan][Debug] Setting shadowmap resolution to: 8192 on SunLight
[LOG 18:00:55.580] [ShadowMan][Debug] Found rings for Saturn
[LOG 18:00:55.584] [ShadowMan][Debug] Kopernicus.ShadowMan setup done
[LOG 18:00:55.594] [RealSolarSystem] Setting TimeWarp rates...
[LOG 18:00:55.638] [UiApp] Awake: CurrencyWidgetsApp
[LOG 18:00:55.638] [UiApp] Awake: ResourceDisplay
[LOG 18:00:55.638] [UiApp] Awake: KSPedia
[LOG 18:00:55.638] [UiApp] Awake: Missions App
[LOG 18:00:55.638] [UiApp] Awake: DeltaVApp
[LOG 18:00:55.638] [UiApp] Awake: ActionGroupsApp
[LOG 18:00:55.638] [UiApp] Awake: Construction
[LOG 18:00:55.639] [UiApp] Awake: Cargo
[LOG 18:00:55.639] [UiApp] Awake: AlarmClock
[LOG 18:00:55.639] [UiApp] Awake: ManeuverTool
[LOG 18:00:55.639] [ApplicationLauncher] OnSceneLoadedGUIReady: scene FLIGHT ShouldBeVisible() True ShouldBeOnTop() True iIsPositionedAtTop True
[LOG 18:00:55.641] [KnowledgeBase] OnAppLauncherReady 34762
[LOG 18:00:55.647] [Kopernicus]: StarLightSwitcher: Set active star => Sun
[LOG 18:00:55.747] [UIApp] OnDestroy: Contracts
[LOG 18:00:55.760] [FlightIntegrator]: Reloaded drag cube for zeroed cube root part fuelTankSmallFlat (Capsule) on vessel Capsule
[LOG 18:00:55.762] [MessageSystem] Reposition 0.02 34763
[LOG 18:00:55.762] [GenericAppFrame] Reposition 0.02 34763
[LOG 18:00:55.762] [GenericAppFrame] Reposition 0.02 34763
[LOG 18:00:56.031] [PlanetariumCamera]: Focus: Capsule
[LOG 18:00:56.049] [UIApp] Adding ResourceDisplay to Application Launcher
[LOG 18:00:56.050] [UIApp] Adding ResourceDisplay to Application Launcher
[LOG 18:00:56.062] [ResourceDisplay] OnAppStarted(): id: -545914
[LOG 18:00:56.062] [GenericAppFrame] Reposition 0.134455 34767
[LOG 18:00:56.063] [ResourceDisplay] OnAppStarted(): id: 264786
[LOG 18:00:56.063] ResourceDisplay already exist, destroying this instance
[LOG 18:00:56.063] [UIApp] OnDestroy: ResourceDisplay
[LOG 18:00:56.076] [UIApp] Adding AlarmClock to Application Launcher
[LOG 18:00:56.077] [UIApp] Adding ActionGroupsApp to Application Launcher
[LOG 18:00:56.078] [UIApp] Adding Missions App to Application Launcher
[LOG 18:00:56.079] CURRENCY WIDGET False False False
[LOG 18:00:56.081] [UIApp] OnDestroy: CurrencyWidgetsApp
[LOG 18:00:56.101] [GenericAppFrame] Reposition 0.1613963 34769
[LOG 18:00:56.104] [ActionGroupsApp] OnAppStarted(): id: -545938
[LOG 18:00:56.104] [GenericAppFrame] Reposition 0.1613963 34769
[LOG 18:00:56.105] [UIApp] Adding DeltaVApp to Application Launcher
[LOG 18:00:56.106] [MissionsApp] OnAppStarted(): id: -545926
[LOG 18:00:56.106] MissionsApp does not execute in this game mode, destroying this instance
[LOG 18:00:56.106] [UIApp] OnDestroy: Missions App
[LOG 18:00:56.117] [GenericAppFrame] Reposition 0.1883684 34770
[LOG 18:00:56.127] [UIApp] Adding Cargo to Application Launcher
[LOG 18:00:56.128] [UIApp] Adding Construction to Application Launcher
[LOG 18:00:56.129] [UIApp] Adding KSPedia to Application Launcher
[LOG 18:00:56.138] [UIApp] Adding ManeuverTool to Application Launcher
[LOG 18:00:56.139] [ApplicationLauncher] SetHidden: 
[LOG 18:00:56.155] [GenericAppFrame] Reposition 0.2224543 34773
[LOG 18:00:56.165] [ManeuverTool]: Found 1 transfer types
[LOG 18:00:56.202] Flight State Captured
[LOG 18:00:56.202] Saving Achievements Tree...
[LOG 18:00:56.202] Saving Achievements Tree...
[LOG 18:00:56.202] Saving Achievements Tree...
[LOG 18:00:56.202] [MessageSystem] Save Messages
[LOG 18:00:56.235] Game State Saved as persistent
[LOG 18:00:56.370] [Kopernicus] AtmosphereFixer => Patched AtmosphereFromGround for Uranus
[LOG 18:00:56.370] [Kopernicus] AtmosphereFixer => Patched AtmosphereFromGround for Titan
[LOG 18:00:56.370] [Kopernicus] AtmosphereFixer => Patched AtmosphereFromGround for Saturn
[LOG 18:00:56.370] [Kopernicus] AtmosphereFixer => Patched AtmosphereFromGround for Jupiter
[LOG 18:00:56.370] [Kopernicus] AtmosphereFixer => Patched AtmosphereFromGround for Mars
[LOG 18:00:56.370] [Kopernicus] AtmosphereFixer => Patched AtmosphereFromGround for Earth
[LOG 18:00:56.370] [Kopernicus] AtmosphereFixer => Patched AtmosphereFromGround for Venus
[LOG 18:00:56.857] [RealSolarSystem] Watchdog: Setting camera Camera 00 far clip to 1875000 so camera now has 1875000
[LOG 18:00:56.936] Unpacking Capsule
[LOG 18:00:56.936] [RSS-VGPE] Vessel going off rails in PRELAUNCH, skipping 100 frames on CollisionEnhancer.
[LOG 18:00:56.941] [UIMasterController]: ShowUI
[LOG 18:00:57.678] [Progress Node Reached]: RecordsDistance
[LOG 18:00:57.710] [Progress Node Reached]: RecordsSpeed
[LOG 18:01:21.666] Game Paused!
[LOG 18:01:21.666] [UIMasterController]: ShowUI
[LOG 18:01:22.366] [SceneLoadSpeedBoost] Save loaded from disk in 10ms
[LOG 18:01:23.374] [KSPUpgradePipeline]: ClaudeRSS (1.12.5) is up to date.
[LOG 18:01:23.444] [ScenarioTypes]: List Created 24 scenario types loaded from 17 loaded assemblies.
[LOG 18:01:23.444] [MessageSystem] Load Messages
[LOG 18:01:23.445] [UIMasterController]: HideUI
[LOG 18:01:23.536] [HighLogic]: =========================== Scene Change : From FLIGHT to FLIGHT =====================
[LOG 18:01:23.537] Game Unpaused!
[LOG 18:01:23.553] [Kopernicus] Delaying ResetAndWait of body Charon until scene switch is complete
[LOG 18:01:23.553] [Kopernicus] Delaying ResetAndWait of body Pluto until scene switch is complete
[LOG 18:01:23.553] [Kopernicus] Delaying ResetAndWait of body Triton until scene switch is complete
[LOG 18:01:23.553] [Kopernicus] Delaying ResetAndWait of body Neptune until scene switch is complete
[LOG 18:01:23.553] [Kopernicus] Delaying ResetAndWait of body Neptune until scene switch is complete
[LOG 18:01:23.553] [Kopernicus] Delaying ResetAndWait of body Oberon until scene switch is complete
[LOG 18:01:23.553] [Kopernicus] Delaying ResetAndWait of body Titania until scene switch is complete
[LOG 18:01:23.553] [Kopernicus] Delaying ResetAndWait of body Umbriel until scene switch is complete
[LOG 18:01:23.553] [Kopernicus] Delaying ResetAndWait of body Ariel until scene switch is complete
[LOG 18:01:23.553] [Kopernicus] Delaying ResetAndWait of body Miranda until scene switch is complete
[LOG 18:01:23.553] [Kopernicus] Delaying ResetAndWait of body Uranus until scene switch is complete
[LOG 18:01:23.553] [Kopernicus] Delaying ResetAndWait of body Uranus until scene switch is complete
[LOG 18:01:23.553] [Kopernicus] Delaying ResetAndWait of body Iapetus until scene switch is complete
[LOG 18:01:23.553] [Kopernicus] Delaying ResetAndWait of body Titan until scene switch is complete
[LOG 18:01:23.553] [Kopernicus] Delaying ResetAndWait of body Rhea until scene switch is complete
[LOG 18:01:23.554] [Kopernicus] Delaying ResetAndWait of body Dione until scene switch is complete
[LOG 18:01:23.554] [Kopernicus] Delaying ResetAndWait of body Tethys until scene switch is complete
[LOG 18:01:23.554] [Kopernicus] Delaying ResetAndWait of body Enceladus until scene switch is complete
[LOG 18:01:23.554] [Kopernicus] Delaying ResetAndWait of body Mimas until scene switch is complete
[LOG 18:01:23.554] [Kopernicus] Delaying ResetAndWait of body Saturn until scene switch is complete
[LOG 18:01:23.554] [Kopernicus] Delaying ResetAndWait of body Saturn until scene switch is complete
[LOG 18:01:23.554] [Kopernicus] Delaying ResetAndWait of body Callisto until scene switch is complete
[LOG 18:01:23.554] [Kopernicus] Delaying ResetAndWait of body Ganymede until scene switch is complete
[LOG 18:01:23.554] [Kopernicus] Delaying ResetAndWait of body Europa until scene switch is complete
[LOG 18:01:23.554] [Kopernicus] Delaying ResetAndWait of body Io until scene switch is complete
[LOG 18:01:23.554] [Kopernicus] Delaying ResetAndWait of body Jupiter until scene switch is complete
[LOG 18:01:23.554] [Kopernicus] Delaying ResetAndWait of body Jupiter until scene switch is complete
[LOG 18:01:23.554] [Kopernicus] Delaying ResetAndWait of body Ceres until scene switch is complete
[LOG 18:01:23.554] [Kopernicus] Delaying ResetAndWait of body Vesta until scene switch is complete
[LOG 18:01:23.554] [Kopernicus] Delaying ResetAndWait of body Deimos until scene switch is complete
[LOG 18:01:23.554] [Kopernicus] Delaying ResetAndWait of body Phobos until scene switch is complete
[LOG 18:01:23.554] [Kopernicus] Delaying ResetAndWait of body Mars until scene switch is complete
[LOG 18:01:23.554] [Kopernicus] Delaying ResetAndWait of body Moon until scene switch is complete
[LOG 18:01:23.554] [Kopernicus] Delaying ResetAndWait of body Venus until scene switch is complete
[LOG 18:01:23.554] [Kopernicus] Delaying ResetAndWait of body Mercury until scene switch is complete
[LOG 18:01:23.695] KbApp.OnDestroy Vessel Crew
[LOG 18:01:23.695] KbApp.OnDestroy Unowned Info
[LOG 18:01:23.695] [UIApp] OnDestroy: ActionGroupsApp
[LOG 18:01:23.695] [PlanetariumCamera]: Focus: Earth
[LOG 18:01:23.695] KbApp.OnDestroy NullName
[LOG 18:01:23.696] KbApp.OnDestroy Planet Info
[LOG 18:01:23.696] [UIApp] OnDestroy: Construction
[LOG 18:01:23.696] KbApp.OnDestroy Vessel Info
[LOG 18:01:23.696] [UIApp] OnDestroy: AlarmClock
[LOG 18:01:23.696] [UIApp] OnDestroy: ManeuverTool
[LOG 18:01:23.697] [UIApp] OnDestroy: DeltaVApp
[LOG 18:01:23.697] [UIApp] OnDestroy: Cargo
[LOG 18:01:23.697] [UIApp] OnDestroy: ResourceDisplay
[LOG 18:01:23.698] KbApp.OnDestroy Planet Parameters
[LOG 18:01:23.698] KbApp.OnDestroy Planet Resources
[LOG 18:01:23.698] [UIApp] OnDestroy: KSPedia
[LOG 18:01:23.700] [KSPCF:MemoryLeaks] Removed a OnMapExited callback owned by a destroyed Assembly-CSharp:NavBallToggle instance
[LOG 18:01:23.700] [KSPCF:MemoryLeaks] Removed a OnGameSettingsApplied callback owned by a destroyed Assembly-CSharp:VesselAutopilotUI instance
[LOG 18:01:23.700] [KSPCF:MemoryLeaks] Removed a onPartActionUICreate callback owned by a destroyed Assembly-CSharp:ModuleInventoryPart instance
[LOG 18:01:23.701] [KSPCF:MemoryLeaks] Removed a onModuleInventoryChanged callback owned by a destroyed Assembly-CSharp:ModuleInventoryPart instance
[LOG 18:01:23.701] [KSPCF:MemoryLeaks] Removed a OnDestructibleLoaded callback owned by a destroyed Assembly-CSharp:RunwayCollisionHandler instance
[LOG 18:01:23.702] [KSPCF:MemoryLeaks] Removed a OnClick callback owned by a destroyed Assembly-CSharp:EVAConstructionModeEditor instance
[LOG 18:01:23.702] [KSPCF:MemoryLeaks] Removed a TimingManager.Instance.timing5.onLateUpdate callback owned by a destroyed Assembly-CSharp:MapView instance
[LOG 18:01:23.702] [KSPCF:MemoryLeaks] Leaving scene "Flight", cleaned 25 memory leaks in 0.003s. GameEvents callbacks : 745. Allocated memory : 738.016 MiB (managed heap), 2.228 GiB (unmanaged)
[LOG 18:01:23.711] UICanvasPrefabSpawner FlightUI spawning Flight
[LOG 18:01:23.730] UICanvasPrefabSpawner FlightUI spawning VesselLabels
[LOG 18:01:23.730] [UiApp] Awake: ResourceDisplay
[LOG 18:01:23.824] [AddonLoader]: Instantiating addon 'AeroGUI' from assembly 'KSP'
[LOG 18:01:23.838] [AddonLoader]: Instantiating addon 'ToolbarButton' from assembly 'Kopernicus'
[LOG 18:01:23.838] [AddonLoader]: Instantiating addon 'ShadowMan' from assembly 'Kopernicus'
[LOG 18:01:23.838] [AddonLoader]: Instantiating addon 'RenderTypeFixer' from assembly 'Kopernicus'
[LOG 18:01:23.838] [AddonLoader]: Instantiating addon 'AtmosphereFixer' from assembly 'Kopernicus'
[LOG 18:01:23.838] [AddonLoader]: Instantiating addon 'SinkingBugFix' from assembly 'Kopernicus'
[LOG 18:01:23.840] [AddonLoader]: Instantiating addon 'RealSolarSystemEditor' from assembly 'RealSolarSystem'
[LOG 18:01:23.840] [AddonLoader]: Instantiating addon 'RSSRunwayFix' from assembly 'RealSolarSystem'
[LOG 18:01:23.840] [AddonLoader]: Instantiating addon 'TimeWarpFixer' from assembly 'RealSolarSystem'
[LOG 18:01:23.840] [AddonLoader]: Instantiating addon 'VesselGroundPositionEnhancer' from assembly 'RealSolarSystem'
[LOG 18:01:23.840] [AddonLoader]: Instantiating addon 'RSSWatchDog' from assembly 'RealSolarSystem'
[LOG 18:01:23.840] [AddonLoader]: Instantiating addon 'TerrainPrecisionFixDiag2Mod' from assembly 'TerrainPrecisionFixDiag2Mod'
[LOG 18:01:23.840] [AddonLoader]: Instantiating addon 'TerrainPrecisionFixDiagMod' from assembly 'TerrainPrecisionFixDiagMod'
[LOG 18:01:23.841] [PlanetariumCamera]: Focus: Earth
[LOG 18:01:23.841] [UIMasterController]: HideUI
[LOG 18:01:24.160] [UIMasterController]: HideUI
[LOG 18:01:24.161] ------------------- initializing flight mode... ------------------
[LOG 18:01:24.161] GetSubclassesOfParentClass: Using cached results for AlarmTypeBase
[LOG 18:01:24.162] Loading Depletion Nodes
[LOG 18:01:24.162] DepNodeCount:  0
[LOG 18:01:24.162] Loading Biome Nodes
[LOG 18:01:24.162] BiomeNodeCount:  0
[LOG 18:01:24.162] Loading Planet Nodes
[LOG 18:01:24.162] PlanetNodeCount:  0
[LOG 18:01:24.164] [ScenarioDestructibles]: Loading... 0 objects registered
[LOG 18:01:24.166] Crewmember Jebediah Kerman has respawned!
[LOG 18:01:24.195] Target vessel index: 12  vessel count: 13
[LOG 18:01:24.196] [FLIGHT GLOBALS]: Switching To Vessel Capsule ---------------------- 
[LOG 18:01:24.196] setting new dominant body: Earth
FlightGlobals.mainBody: Earth
[LOG 18:01:24.196] Reference Frame: Rotating
[LOG 18:01:24.204] [Capsule]: landed - waiting for ground contact to resume physics...
[LOG 18:01:24.204] Camera Mode: AUTO
[LOG 18:01:25.808] all systems started
[LOG 18:01:25.853] [ModularFlightIntegrator] MFI Start
[LOG 18:01:25.853] [ModularFlightIntegrator] Start. VesselModule on vessel : 
  ModularFlightIntegrator
  AxisGroupsModule
  CometVessel
  SuspensionLoadBalancer
  CommNetVessel

[LOG 18:01:25.864] [Kopernicus] Using Kopernicus Discoverable Object Spawner.
[LOG 18:01:25.904] [ShadowMan][Info] Running in unified camera mode
[LOG 18:01:25.904] [ShadowMan][Debug] Adding TweakShadowCascades: (0.002, 0.015, 0.035) to Camera Camera 00
[LOG 18:01:25.904] [ShadowMan][Debug] Default split: (0.050, 0.152, 0.264)
[LOG 18:01:25.904] [ShadowMan][Debug] Setting shadowmap resolution to: 8192 on SunLight
[LOG 18:01:25.909] [ShadowMan][Debug] Found rings for Saturn
[LOG 18:01:25.912] [ShadowMan][Debug] Kopernicus.ShadowMan setup done
[LOG 18:01:25.922] [RealSolarSystem] Setting TimeWarp rates...
[LOG 18:01:25.963] [UiApp] Awake: CurrencyWidgetsApp
[LOG 18:01:25.963] [UiApp] Awake: ResourceDisplay
[LOG 18:01:25.963] [UiApp] Awake: KSPedia
[LOG 18:01:25.963] [UiApp] Awake: Missions App
[LOG 18:01:25.963] [UiApp] Awake: DeltaVApp
[LOG 18:01:25.963] [UiApp] Awake: ActionGroupsApp
[LOG 18:01:25.963] [UiApp] Awake: Construction
[LOG 18:01:25.963] [UiApp] Awake: Cargo
[LOG 18:01:25.963] [UiApp] Awake: AlarmClock
[LOG 18:01:25.963] [UiApp] Awake: ManeuverTool
[LOG 18:01:25.963] [ApplicationLauncher] OnSceneLoadedGUIReady: scene FLIGHT ShouldBeVisible() True ShouldBeOnTop() True iIsPositionedAtTop True
[LOG 18:01:25.965] [KnowledgeBase] OnAppLauncherReady 38339
[LOG 18:01:25.973] [Kopernicus]: StarLightSwitcher: Set active star => Sun
[LOG 18:01:26.070] [UIApp] OnDestroy: Contracts
[LOG 18:01:26.084] [FlightIntegrator]: Reloaded drag cube for zeroed cube root part fuelTankSmallFlat (Capsule) on vessel Capsule
[LOG 18:01:26.086] [MessageSystem] Reposition 0.02 38340
[LOG 18:01:26.086] [GenericAppFrame] Reposition 0.02 38340
[LOG 18:01:26.086] [GenericAppFrame] Reposition 0.02 38340
[LOG 18:01:26.349] [PlanetariumCamera]: Focus: Capsule
[LOG 18:01:26.367] [UIApp] Adding ResourceDisplay to Application Launcher
[LOG 18:01:26.368] [UIApp] Adding ResourceDisplay to Application Launcher
[LOG 18:01:26.378] [ResourceDisplay] OnAppStarted(): id: -590200
[LOG 18:01:26.378] [GenericAppFrame] Reposition 0.1328835 38344
[LOG 18:01:26.379] [ResourceDisplay] OnAppStarted(): id: 264918
[LOG 18:01:26.379] ResourceDisplay already exist, destroying this instance
[LOG 18:01:26.379] [UIApp] OnDestroy: ResourceDisplay
[LOG 18:01:26.391] [UIApp] Adding AlarmClock to Application Launcher
[LOG 18:01:26.392] [UIApp] Adding ActionGroupsApp to Application Launcher
[LOG 18:01:26.393] [UIApp] Adding Missions App to Application Launcher
[LOG 18:01:26.394] CURRENCY WIDGET False False False
[LOG 18:01:26.396] [UIApp] OnDestroy: CurrencyWidgetsApp
[LOG 18:01:26.414] [GenericAppFrame] Reposition 0.1570528 38346
[LOG 18:01:26.417] [ActionGroupsApp] OnAppStarted(): id: -590224
[LOG 18:01:26.417] [GenericAppFrame] Reposition 0.1570528 38346
[LOG 18:01:26.417] [UIApp] Adding DeltaVApp to Application Launcher
[LOG 18:01:26.418] [MissionsApp] OnAppStarted(): id: -590212
[LOG 18:01:26.418] MissionsApp does not execute in this game mode, destroying this instance
[LOG 18:01:26.419] [UIApp] OnDestroy: Missions App
[LOG 18:01:26.430] [GenericAppFrame] Reposition 0.1829747 38347
[LOG 18:01:26.440] [UIApp] Adding Cargo to Application Launcher
[LOG 18:01:26.441] [UIApp] Adding Construction to Application Launcher
[LOG 18:01:26.442] [UIApp] Adding KSPedia to Application Launcher
[LOG 18:01:26.453] [UIApp] Adding ManeuverTool to Application Launcher
[LOG 18:01:26.454] [ApplicationLauncher] SetHidden: 
[LOG 18:01:26.468] [GenericAppFrame] Reposition 0.2188182 38350
[LOG 18:01:26.478] [ManeuverTool]: Found 1 transfer types
[LOG 18:01:26.513] Flight State Captured
[LOG 18:01:26.513] Saving Achievements Tree...
[LOG 18:01:26.513] Saving Achievements Tree...
[LOG 18:01:26.513] Saving Achievements Tree...
[LOG 18:01:26.514] [MessageSystem] Save Messages
[LOG 18:01:26.547] Game State Saved as persistent
[LOG 18:01:26.689] [Kopernicus] AtmosphereFixer => Patched AtmosphereFromGround for Uranus
[LOG 18:01:26.689] [Kopernicus] AtmosphereFixer => Patched AtmosphereFromGround for Titan
[LOG 18:01:26.689] [Kopernicus] AtmosphereFixer => Patched AtmosphereFromGround for Saturn
[LOG 18:01:26.689] [Kopernicus] AtmosphereFixer => Patched AtmosphereFromGround for Jupiter
[LOG 18:01:26.689] [Kopernicus] AtmosphereFixer => Patched AtmosphereFromGround for Mars
[LOG 18:01:26.689] [Kopernicus] AtmosphereFixer => Patched AtmosphereFromGround for Earth
[LOG 18:01:26.689] [Kopernicus] AtmosphereFixer => Patched AtmosphereFromGround for Venus
[LOG 18:01:27.173] [RealSolarSystem] Watchdog: Setting camera Camera 00 far clip to 1875000 so camera now has 1875000
[LOG 18:01:27.236] Unpacking Capsule
[LOG 18:01:27.236] [RSS-VGPE] Vessel going off rails in PRELAUNCH, skipping 100 frames on CollisionEnhancer.
[LOG 18:01:27.242] [UIMasterController]: ShowUI
[LOG 18:01:32.022] Game Paused!
[LOG 18:01:32.022] [UIMasterController]: ShowUI
[LOG 18:01:32.900] [SceneLoadSpeedBoost] Save loaded from disk in 12ms
[LOG 18:01:35.199] [KSPUpgradePipeline]: ClaudeRSS (1.12.5) is up to date.
[LOG 18:01:35.269] [ScenarioTypes]: List Created 24 scenario types loaded from 17 loaded assemblies.
[LOG 18:01:35.269] [MessageSystem] Load Messages
[LOG 18:01:35.270] [UIMasterController]: HideUI
[LOG 18:01:35.375] [HighLogic]: =========================== Scene Change : From FLIGHT to FLIGHT =====================
[LOG 18:01:35.376] Game Unpaused!
[LOG 18:01:35.391] [Kopernicus] Delaying ResetAndWait of body Charon until scene switch is complete
[LOG 18:01:35.391] [Kopernicus] Delaying ResetAndWait of body Pluto until scene switch is complete
[LOG 18:01:35.391] [Kopernicus] Delaying ResetAndWait of body Triton until scene switch is complete
[LOG 18:01:35.391] [Kopernicus] Delaying ResetAndWait of body Neptune until scene switch is complete
[LOG 18:01:35.391] [Kopernicus] Delaying ResetAndWait of body Neptune until scene switch is complete
[LOG 18:01:35.391] [Kopernicus] Delaying ResetAndWait of body Oberon until scene switch is complete
[LOG 18:01:35.391] [Kopernicus] Delaying ResetAndWait of body Titania until scene switch is complete
[LOG 18:01:35.391] [Kopernicus] Delaying ResetAndWait of body Umbriel until scene switch is complete
[LOG 18:01:35.392] [Kopernicus] Delaying ResetAndWait of body Ariel until scene switch is complete
[LOG 18:01:35.392] [Kopernicus] Delaying ResetAndWait of body Miranda until scene switch is complete
[LOG 18:01:35.392] [Kopernicus] Delaying ResetAndWait of body Uranus until scene switch is complete
[LOG 18:01:35.392] [Kopernicus] Delaying ResetAndWait of body Uranus until scene switch is complete
[LOG 18:01:35.392] [Kopernicus] Delaying ResetAndWait of body Iapetus until scene switch is complete
[LOG 18:01:35.392] [Kopernicus] Delaying ResetAndWait of body Titan until scene switch is complete
[LOG 18:01:35.392] [Kopernicus] Delaying ResetAndWait of body Rhea until scene switch is complete
[LOG 18:01:35.392] [Kopernicus] Delaying ResetAndWait of body Dione until scene switch is complete
[LOG 18:01:35.392] [Kopernicus] Delaying ResetAndWait of body Tethys until scene switch is complete
[LOG 18:01:35.392] [Kopernicus] Delaying ResetAndWait of body Enceladus until scene switch is complete
[LOG 18:01:35.392] [Kopernicus] Delaying ResetAndWait of body Mimas until scene switch is complete
[LOG 18:01:35.392] [Kopernicus] Delaying ResetAndWait of body Saturn until scene switch is complete
[LOG 18:01:35.392] [Kopernicus] Delaying ResetAndWait of body Saturn until scene switch is complete
[LOG 18:01:35.392] [Kopernicus] Delaying ResetAndWait of body Callisto until scene switch is complete
[LOG 18:01:35.392] [Kopernicus] Delaying ResetAndWait of body Ganymede until scene switch is complete
[LOG 18:01:35.392] [Kopernicus] Delaying ResetAndWait of body Europa until scene switch is complete
[LOG 18:01:35.392] [Kopernicus] Delaying ResetAndWait of body Io until scene switch is complete
[LOG 18:01:35.392] [Kopernicus] Delaying ResetAndWait of body Jupiter until scene switch is complete
[LOG 18:01:35.392] [Kopernicus] Delaying ResetAndWait of body Jupiter until scene switch is complete
[LOG 18:01:35.392] [Kopernicus] Delaying ResetAndWait of body Ceres until scene switch is complete
[LOG 18:01:35.392] [Kopernicus] Delaying ResetAndWait of body Vesta until scene switch is complete
[LOG 18:01:35.392] [Kopernicus] Delaying ResetAndWait of body Deimos until scene switch is complete
[LOG 18:01:35.392] [Kopernicus] Delaying ResetAndWait of body Phobos until scene switch is complete
[LOG 18:01:35.392] [Kopernicus] Delaying ResetAndWait of body Mars until scene switch is complete
[LOG 18:01:35.392] [Kopernicus] Delaying ResetAndWait of body Moon until scene switch is complete
[LOG 18:01:35.393] [Kopernicus] Delaying ResetAndWait of body Venus until scene switch is complete
[LOG 18:01:35.393] [Kopernicus] Delaying ResetAndWait of body Mercury until scene switch is complete
[LOG 18:01:35.534] [UIApp] OnDestroy: ActionGroupsApp
[LOG 18:01:35.534] [UIApp] OnDestroy: Cargo
[LOG 18:01:35.534] KbApp.OnDestroy Planet Parameters
[LOG 18:01:35.534] [UIApp] OnDestroy: ManeuverTool
[LOG 18:01:35.536] KbApp.OnDestroy Unowned Info
[LOG 18:01:35.536] KbApp.OnDestroy NullName
[LOG 18:01:35.536] KbApp.OnDestroy Vessel Info
[LOG 18:01:35.536] [UIApp] OnDestroy: DeltaVApp
[LOG 18:01:35.536] KbApp.OnDestroy Planet Resources
[LOG 18:01:35.537] [UIApp] OnDestroy: AlarmClock
[LOG 18:01:35.537] [PlanetariumCamera]: Focus: Earth
[LOG 18:01:35.537] [UIApp] OnDestroy: KSPedia
[LOG 18:01:35.537] KbApp.OnDestroy Planet Info
[LOG 18:01:35.537] KbApp.OnDestroy Vessel Crew
[LOG 18:01:35.537] [UIApp] OnDestroy: ResourceDisplay
[LOG 18:01:35.538] [UIApp] OnDestroy: Construction
[LOG 18:01:35.539] [KSPCF:MemoryLeaks] Removed a OnMapExited callback owned by a destroyed Assembly-CSharp:NavBallToggle instance
[LOG 18:01:35.540] [KSPCF:MemoryLeaks] Removed a OnGameSettingsApplied callback owned by a destroyed Assembly-CSharp:VesselAutopilotUI instance
[LOG 18:01:35.540] [KSPCF:MemoryLeaks] Removed a onPartActionUICreate callback owned by a destroyed Assembly-CSharp:ModuleInventoryPart instance
[LOG 18:01:35.540] [KSPCF:MemoryLeaks] Removed a onModuleInventoryChanged callback owned by a destroyed Assembly-CSharp:ModuleInventoryPart instance
[LOG 18:01:35.541] [KSPCF:MemoryLeaks] Removed a OnDestructibleLoaded callback owned by a destroyed Assembly-CSharp:RunwayCollisionHandler instance
[LOG 18:01:35.541] [KSPCF:MemoryLeaks] Removed a OnClick callback owned by a destroyed Assembly-CSharp:EVAConstructionModeEditor instance
[LOG 18:01:35.541] [KSPCF:MemoryLeaks] Removed a TimingManager.Instance.timing5.onLateUpdate callback owned by a destroyed Assembly-CSharp:MapView instance
[LOG 18:01:35.541] [KSPCF:MemoryLeaks] Leaving scene "Flight", cleaned 25 memory leaks in 0.003s. GameEvents callbacks : 745. Allocated memory : 743.574 MiB (managed heap), 2.241 GiB (unmanaged)
[LOG 18:01:35.552] UICanvasPrefabSpawner FlightUI spawning Flight
[LOG 18:01:35.572] UICanvasPrefabSpawner FlightUI spawning VesselLabels
[LOG 18:01:35.572] [UiApp] Awake: ResourceDisplay
[LOG 18:01:35.674] [AddonLoader]: Instantiating addon 'AeroGUI' from assembly 'KSP'
[LOG 18:01:35.689] [AddonLoader]: Instantiating addon 'ToolbarButton' from assembly 'Kopernicus'
[LOG 18:01:35.689] [AddonLoader]: Instantiating addon 'ShadowMan' from assembly 'Kopernicus'
[LOG 18:01:35.690] [AddonLoader]: Instantiating addon 'RenderTypeFixer' from assembly 'Kopernicus'
[LOG 18:01:35.690] [AddonLoader]: Instantiating addon 'AtmosphereFixer' from assembly 'Kopernicus'
[LOG 18:01:35.690] [AddonLoader]: Instantiating addon 'SinkingBugFix' from assembly 'Kopernicus'
[LOG 18:01:35.691] [AddonLoader]: Instantiating addon 'RealSolarSystemEditor' from assembly 'RealSolarSystem'
[LOG 18:01:35.691] [AddonLoader]: Instantiating addon 'RSSRunwayFix' from assembly 'RealSolarSystem'
[LOG 18:01:35.691] [AddonLoader]: Instantiating addon 'TimeWarpFixer' from assembly 'RealSolarSystem'
[LOG 18:01:35.691] [AddonLoader]: Instantiating addon 'VesselGroundPositionEnhancer' from assembly 'RealSolarSystem'
[LOG 18:01:35.691] [AddonLoader]: Instantiating addon 'RSSWatchDog' from assembly 'RealSolarSystem'
[LOG 18:01:35.692] [AddonLoader]: Instantiating addon 'TerrainPrecisionFixDiag2Mod' from assembly 'TerrainPrecisionFixDiag2Mod'
[LOG 18:01:35.692] [AddonLoader]: Instantiating addon 'TerrainPrecisionFixDiagMod' from assembly 'TerrainPrecisionFixDiagMod'
[LOG 18:01:35.692] [PlanetariumCamera]: Focus: Earth
[LOG 18:01:35.692] [UIMasterController]: HideUI
[LOG 18:01:36.016] [UIMasterController]: HideUI
[LOG 18:01:36.017] ------------------- initializing flight mode... ------------------
[LOG 18:01:36.017] GetSubclassesOfParentClass: Using cached results for AlarmTypeBase
[LOG 18:01:36.018] Loading Depletion Nodes
[LOG 18:01:36.018] DepNodeCount:  0
[LOG 18:01:36.018] Loading Biome Nodes
[LOG 18:01:36.018] BiomeNodeCount:  0
[LOG 18:01:36.018] Loading Planet Nodes
[LOG 18:01:36.018] PlanetNodeCount:  0
[LOG 18:01:36.020] [ScenarioDestructibles]: Loading... 0 objects registered
[LOG 18:01:36.022] Crewmember Jebediah Kerman has respawned!
[LOG 18:01:36.053] Target vessel index: 12  vessel count: 13
[LOG 18:01:36.053] [FLIGHT GLOBALS]: Switching To Vessel Capsule ---------------------- 
[LOG 18:01:36.053] setting new dominant body: Earth
FlightGlobals.mainBody: Earth
[LOG 18:01:36.053] Reference Frame: Rotating
[LOG 18:01:36.061] [Capsule]: landed - waiting for ground contact to resume physics...
[LOG 18:01:36.062] Camera Mode: AUTO
[LOG 18:01:37.616] all systems started
[LOG 18:01:37.662] [ModularFlightIntegrator] MFI Start
[LOG 18:01:37.663] [ModularFlightIntegrator] Start. VesselModule on vessel : 
  ModularFlightIntegrator
  AxisGroupsModule
  CometVessel
  SuspensionLoadBalancer
  CommNetVessel

[LOG 18:01:37.674] [Kopernicus] Using Kopernicus Discoverable Object Spawner.
[LOG 18:01:37.714] [ShadowMan][Info] Running in unified camera mode
[LOG 18:01:37.715] [ShadowMan][Debug] Adding TweakShadowCascades: (0.002, 0.015, 0.035) to Camera Camera 00
[LOG 18:01:37.715] [ShadowMan][Debug] Default split: (0.050, 0.152, 0.264)
[LOG 18:01:37.715] [ShadowMan][Debug] Setting shadowmap resolution to: 8192 on SunLight
[LOG 18:01:37.719] [ShadowMan][Debug] Found rings for Saturn
[LOG 18:01:37.723] [ShadowMan][Debug] Kopernicus.ShadowMan setup done
[LOG 18:01:37.734] [RealSolarSystem] Setting TimeWarp rates...
[LOG 18:01:37.774] [UiApp] Awake: CurrencyWidgetsApp
[LOG 18:01:37.774] [UiApp] Awake: ResourceDisplay
[LOG 18:01:37.774] [UiApp] Awake: KSPedia
[LOG 18:01:37.774] [UiApp] Awake: Missions App
[LOG 18:01:37.774] [UiApp] Awake: DeltaVApp
[LOG 18:01:37.774] [UiApp] Awake: ActionGroupsApp
[LOG 18:01:37.774] [UiApp] Awake: Construction
[LOG 18:01:37.774] [UiApp] Awake: Cargo
[LOG 18:01:37.774] [UiApp] Awake: AlarmClock
[LOG 18:01:37.775] [UiApp] Awake: ManeuverTool
[LOG 18:01:37.775] [ApplicationLauncher] OnSceneLoadedGUIReady: scene FLIGHT ShouldBeVisible() True ShouldBeOnTop() True iIsPositionedAtTop True
[LOG 18:01:37.777] [KnowledgeBase] OnAppLauncherReady 39452
[LOG 18:01:37.783] [Kopernicus]: StarLightSwitcher: Set active star => Sun
[LOG 18:01:37.880] [UIApp] OnDestroy: Contracts
[LOG 18:01:37.893] [FlightIntegrator]: Reloaded drag cube for zeroed cube root part fuelTankSmallFlat (Capsule) on vessel Capsule
[LOG 18:01:37.895] [MessageSystem] Reposition 0.02 39453
[LOG 18:01:37.895] [GenericAppFrame] Reposition 0.02 39453
[LOG 18:01:37.895] [GenericAppFrame] Reposition 0.02 39453
[LOG 18:01:38.153] [PlanetariumCamera]: Focus: Capsule
[LOG 18:01:38.172] [UIApp] Adding ResourceDisplay to Application Launcher
[LOG 18:01:38.173] [UIApp] Adding ResourceDisplay to Application Launcher
[LOG 18:01:38.183] [ResourceDisplay] OnAppStarted(): id: -634348
[LOG 18:01:38.184] [GenericAppFrame] Reposition 0.1319358 39457
[LOG 18:01:38.184] [ResourceDisplay] OnAppStarted(): id: 265050
[LOG 18:01:38.184] ResourceDisplay already exist, destroying this instance
[LOG 18:01:38.184] [UIApp] OnDestroy: ResourceDisplay
[LOG 18:01:38.196] [UIApp] Adding AlarmClock to Application Launcher
[LOG 18:01:38.197] [UIApp] Adding ActionGroupsApp to Application Launcher
[LOG 18:01:38.198] [UIApp] Adding Missions App to Application Launcher
[LOG 18:01:38.198] CURRENCY WIDGET False False False
[LOG 18:01:38.201] [UIApp] OnDestroy: CurrencyWidgetsApp
[LOG 18:01:38.220] [GenericAppFrame] Reposition 0.1575145 39459
[LOG 18:01:38.222] [ActionGroupsApp] OnAppStarted(): id: -634372
[LOG 18:01:38.223] [GenericAppFrame] Reposition 0.1575145 39459
[LOG 18:01:38.223] [UIApp] Adding DeltaVApp to Application Launcher
[LOG 18:01:38.224] [MissionsApp] OnAppStarted(): id: -634360
[LOG 18:01:38.224] MissionsApp does not execute in this game mode, destroying this instance
[LOG 18:01:38.224] [UIApp] OnDestroy: Missions App
[LOG 18:01:38.234] [GenericAppFrame] Reposition 0.1833189 39460
[LOG 18:01:38.245] [UIApp] Adding Cargo to Application Launcher
[LOG 18:01:38.246] [UIApp] Adding Construction to Application Launcher
[LOG 18:01:38.247] [UIApp] Adding KSPedia to Application Launcher
[LOG 18:01:38.257] [UIApp] Adding ManeuverTool to Application Launcher
[LOG 18:01:38.258] [ApplicationLauncher] SetHidden: 
[LOG 18:01:38.276] [GenericAppFrame] Reposition 0.2188901 39463
[LOG 18:01:38.287] [ManeuverTool]: Found 1 transfer types
[LOG 18:01:38.322] Flight State Captured
[LOG 18:01:38.322] Saving Achievements Tree...
[LOG 18:01:38.322] Saving Achievements Tree...
[LOG 18:01:38.322] Saving Achievements Tree...
[LOG 18:01:38.323] [MessageSystem] Save Messages
[LOG 18:01:38.354] Game State Saved as persistent
[LOG 18:01:38.497] [Kopernicus] AtmosphereFixer => Patched AtmosphereFromGround for Uranus
[LOG 18:01:38.497] [Kopernicus] AtmosphereFixer => Patched AtmosphereFromGround for Titan
[LOG 18:01:38.497] [Kopernicus] AtmosphereFixer => Patched AtmosphereFromGround for Saturn
[LOG 18:01:38.497] [Kopernicus] AtmosphereFixer => Patched AtmosphereFromGround for Jupiter
[LOG 18:01:38.498] [Kopernicus] AtmosphereFixer => Patched AtmosphereFromGround for Mars
[LOG 18:01:38.498] [Kopernicus] AtmosphereFixer => Patched AtmosphereFromGround for Earth
[LOG 18:01:38.498] [Kopernicus] AtmosphereFixer => Patched AtmosphereFromGround for Venus
[LOG 18:01:38.978] [RealSolarSystem] Watchdog: Setting camera Camera 00 far clip to 1875000 so camera now has 1875000
[LOG 18:01:39.043] [Capsule]: ground contact! - error. Moving Vessel  up 0.150m
[LOG 18:01:39.043] Unpacking Capsule
[LOG 18:01:39.043] [RSS-VGPE] Vessel going off rails in PRELAUNCH, skipping 100 frames on CollisionEnhancer.
[LOG 18:01:39.049] [UIMasterController]: ShowUI
