[LOG 15:22:19.060] ******* Log Initiated for Kerbal Space Program - 1.12.5.3190 (WindowsPlayer x64) fr-fr *******
Kerbal Space Program - 1.12.5.3190 (WindowsPlayer x64) fr-fr


OS: Windows 10  (10.0.0) 64bit
CPU: Intel(R) Core(TM) i7-4790K CPU @ 4.00GHz (8)
RAM: 32687
GPU: NVIDIA GeForce GTX 1060 6GB (6029MB)
SM: 50 (Direct3D 11.0 [level 11.1])
RT Formats: ARGB32, Depth, ARGBHalf, Shadowmap, RGB565, ARGB4444, ARGB1555, Default, ARGB2101010, DefaultHDR, ARGB64, ARGBFloat, RGFloat, RGHalf, RFloat, RHalf, R8, ARGBInt, RGInt, RInt, BGRA32, RGB111110Float, RG32, RGBAUShort, RG16, BGRA10101010_XR, BGR101010_XR, R16


Log started: Fri, Sep 25, 2026 15:22:19


[LOG 15:22:19.080] ActionCanvas MASK: 3458764513820540928
[LOG 15:22:19.081] AppCanvas MASK: 3458764513820540928
[LOG 15:22:19.082] MainCanvas MASK: 3458764513820540928
[LOG 15:22:20.410] Load(Assembly): /ModuleManager.4.2.3
[LOG 15:22:20.410] AssemblyLoader: Loading assembly at D:\KSP-RSS-Dev\GameData\ModuleManager.4.2.3.dll
[LOG 15:22:20.434] AssemblyLoader: KSPAssembly 'ModuleManager' V2.5.0
[LOG 15:22:20.434] Load(Assembly): 000_Harmony/0Harmony
[LOG 15:22:20.434] AssemblyLoader: Loading assembly at D:\KSP-RSS-Dev\GameData\000_Harmony\0Harmony.dll
[LOG 15:22:20.439] Load(Assembly): 000_Harmony/HarmonyInstallChecker
[LOG 15:22:20.439] AssemblyLoader: Loading assembly at D:\KSP-RSS-Dev\GameData\000_Harmony\HarmonyInstallChecker.dll
[LOG 15:22:20.440] AssemblyLoader: KSPAssembly 'HarmonyKSP' V1.0.0
[LOG 15:22:20.440] Load(Assembly): Kopernicus/Plugins/Kopernicus
[LOG 15:22:20.440] AssemblyLoader: Loading assembly at D:\KSP-RSS-Dev\GameData\Kopernicus\Plugins\Kopernicus.dll
[LOG 15:22:20.451] AssemblyLoader: KSPAssembly 'Kopernicus' V1.0.248
[LOG 15:22:20.451] AssemblyLoader: KSPAssemblyDependency 'Kopernicus.Parser' V1.0.0
[LOG 15:22:20.451] AssemblyLoader: KSPAssemblyDependency 'ModularFlightIntegrator' V1.0.0
[LOG 15:22:20.451] AssemblyLoader: KSPAssemblyDependency '0Harmony' V0.0.0
[LOG 15:22:20.452] AssemblyLoader: KSPAssemblyDependency 'KSPTextureLoader' V1.0.26
[LOG 15:22:20.452] Load(Assembly): Kopernicus/Plugins/Kopernicus.Parser
[LOG 15:22:20.452] AssemblyLoader: Loading assembly at D:\KSP-RSS-Dev\GameData\Kopernicus\Plugins\Kopernicus.Parser.dll
[LOG 15:22:20.453] AssemblyLoader: KSPAssembly 'Kopernicus.Parser' V1.0.0
[LOG 15:22:20.453] Load(Assembly): KSPCommunityFixes/Plugins/0_MultipleModuleInPartAPI
[LOG 15:22:20.453] AssemblyLoader: Loading assembly at D:\KSP-RSS-Dev\GameData\KSPCommunityFixes\Plugins\0_MultipleModuleInPartAPI.dll
[LOG 15:22:20.453] AssemblyLoader: KSPAssembly 'MultipleModulePartAPI' V1.0.0
[LOG 15:22:20.454] Load(Assembly): KSPCommunityFixes/Plugins/KSPCommunityFixes
[LOG 15:22:20.454] AssemblyLoader: Loading assembly at D:\KSP-RSS-Dev\GameData\KSPCommunityFixes\Plugins\KSPCommunityFixes.dll
[LOG 15:22:20.456] AssemblyLoader: KSPAssembly 'KSPCommunityFixes' V1.41.1
[LOG 15:22:20.456] AssemblyLoader: KSPAssemblyDependency 'HarmonyKSP' V1.0.0
[LOG 15:22:20.456] AssemblyLoader: KSPAssemblyDependency 'ModuleManager' V1.0.0
[LOG 15:22:20.456] AssemblyLoader: KSPAssemblyDependency 'MultipleModulePartAPI' V1.0.0
[LOG 15:22:20.456] Load(Assembly): KSPTextureLoader/Plugins/KSPTextureLoader.Burst
[LOG 15:22:20.456] AssemblyLoader: Loading assembly at D:\KSP-RSS-Dev\GameData\KSPTextureLoader\Plugins\KSPTextureLoader.Burst.dll
[LOG 15:22:20.463] Load(Assembly): KSPTextureLoader/Plugins/KSPTextureLoader
[LOG 15:22:20.463] AssemblyLoader: Loading assembly at D:\KSP-RSS-Dev\GameData\KSPTextureLoader\Plugins\KSPTextureLoader.dll
[LOG 15:22:20.468] AssemblyLoader: KSPAssemblyDependency 'SharpDX' V0.0.0
[LOG 15:22:20.468] AssemblyLoader: KSPAssemblyDependency 'SharpDX.DXGI' V0.0.0
[LOG 15:22:20.468] AssemblyLoader: KSPAssemblyDependency 'SharpDX.Direct3D11' V0.0.0
[LOG 15:22:20.468] AssemblyLoader: KSPAssembly 'KSPTextureLoader' V1.0.36
[LOG 15:22:20.468] Load(Assembly): KSPTextureLoader/Plugins/SharpDX.Direct3D11
[LOG 15:22:20.468] AssemblyLoader: Loading assembly at D:\KSP-RSS-Dev\GameData\KSPTextureLoader\Plugins\SharpDX.Direct3D11.dll
[LOG 15:22:20.471] Load(Assembly): KSPTextureLoader/Plugins/SharpDX
[LOG 15:22:20.471] AssemblyLoader: Loading assembly at D:\KSP-RSS-Dev\GameData\KSPTextureLoader\Plugins\SharpDX.dll
[LOG 15:22:20.475] Load(Assembly): KSPTextureLoader/Plugins/SharpDX.DXGI
[LOG 15:22:20.475] AssemblyLoader: Loading assembly at D:\KSP-RSS-Dev\GameData\KSPTextureLoader\Plugins\SharpDX.DXGI.dll
[LOG 15:22:20.477] Load(Assembly): ModularFlightIntegrator/ModularFlightIntegrator
[LOG 15:22:20.478] AssemblyLoader: Loading assembly at D:\KSP-RSS-Dev\GameData\ModularFlightIntegrator\ModularFlightIntegrator.dll
[LOG 15:22:20.479] AssemblyLoader: KSPAssembly 'ModularFlightIntegrator' V1.0.0
[LOG 15:22:20.479] Load(Assembly): RealSolarSystem/Plugins/RealSolarSystem
[LOG 15:22:20.479] AssemblyLoader: Loading assembly at D:\KSP-RSS-Dev\GameData\RealSolarSystem\Plugins\RealSolarSystem.dll
[LOG 15:22:20.481] AssemblyLoader: KSPAssemblyDependency 'Kopernicus' V1.0.0
[LOG 15:22:20.481] AssemblyLoader: KSPAssemblyDependency 'Kopernicus.Parser' V1.0.0
[LOG 15:22:20.481] Load(Assembly): TerrainPrecisionFixDiag2Mod/TerrainPrecisionFixDiag2Mod
[LOG 15:22:20.481] AssemblyLoader: Loading assembly at D:\KSP-RSS-Dev\GameData\TerrainPrecisionFixDiag2Mod\TerrainPrecisionFixDiag2Mod.dll
[LOG 15:22:20.482] Load(Assembly): TerrainPrecisionFixDiagMod/TerrainPrecisionFixDiagMod
[LOG 15:22:20.483] AssemblyLoader: Loading assembly at D:\KSP-RSS-Dev\GameData\TerrainPrecisionFixDiagMod\TerrainPrecisionFixDiagMod.dll
[LOG 15:22:20.485] AssemblyLoader: Loading assemblies
[LOG 15:22:20.611] VesselModules: Found VesselModule of type AxisGroupsModule with order 999
[LOG 15:22:20.655] VesselModules: Found VesselModule of type CometVessel with order 999
[LOG 15:22:20.657] VesselModules: Found VesselModule of type SuspensionLoadBalancer with order 999
[LOG 15:22:20.659] VesselModules: Found VesselModule of type FlightIntegrator with order 0
[LOG 15:22:20.661] VesselModules: Found VesselModule of type CommNetVessel with order 999
[LOG 15:22:20.668] VesselModules: Found VesselModule of type ModularFlightIntegrator with order 0
[LOG 15:22:20.671] VesselModules: Found 6 VesselModule types
[LOG 15:22:20.681] 
************************************************************************

Environment Info
Win32NT 7FFFFFFFFFFFFFFF  Args: KSP_x64.exe 

Mod DLLs found:
Stock assembly: Assembly-CSharp v0.0.0.0
ModuleManager v4.2.3.0
0Harmony v2.2.1.0
HarmonyInstallChecker v2.2.1.0
Kopernicus.Parser v1.0.0.0 / v1.0.0.0+7b0dc7978641bd95510e13ea62c1f2d3fd3fe047
ModularFlightIntegrator v1.0.0.0 / v1.2.10.0
SharpDX v4.2.0.0 / v4.2.0+8e5df9f17b1d328c595a9df5851dbb2537b55621 / v4.2.0
SharpDX.DXGI v4.2.0.0 / v4.2.0+8e5df9f17b1d328c595a9df5851dbb2537b55621 / v4.2.0
SharpDX.Direct3D11 v4.2.0.0 / v4.2.0+8e5df9f17b1d328c595a9df5851dbb2537b55621 / v4.2.0
KSPTextureLoader v1.0.36.0 / v1.0.36+cda0e0fea05c372369b8464c01035616501d8d28
Kopernicus v1.0.248.0 / v1.0.248+7b0dc7978641bd95510e13ea62c1f2d3fd3fe047 / v1.12.248.0
0_MultipleModuleInPartAPI v1.0.0.0 / v1.0.0+7969fdc50bf4e350193abe5ba2e89533b12ca02f
KSPCommunityFixes v1.41.0.0 / v1.41.1+7969fdc50bf4e350193abe5ba2e89533b12ca02f / v1.41.1.0
KSPTextureLoader.Burst v0.0.0.0
RealSolarSystem v20.1.3.0
TerrainPrecisionFixDiag2Mod v1.0.9764.27375
TerrainPrecisionFixDiagMod v1.0.9764.24952

Folders and files in GameData:
000_Harmony
Kopernicus
KSPCommunityFixes
KSPTextureLoader
ModularFlightIntegrator
RealSolarSystem
RSS-Textures
Stock folder: Squad

Stock folder: SquadExpansion

TerrainPrecisionFixDiag2Mod
TerrainPrecisionFixDiagMod
ModuleManager.4.2.3.dll
ModuleManager.ConfigCache
ModuleManager.ConfigSHA
ModuleManager.Physics
ModuleManager.TechTree

************************************************************************

[LOG 15:22:20.699] [AddonLoader]: Instantiating addon 'ModuleManager' from assembly 'ModuleManager'
[LOG 15:22:20.712] [ModuleManager] Adding post patch to the loading screen 4
[LOG 15:22:20.714] [ModuleManager] Patching started on a new thread, all output will be directed to D:\KSP-RSS-Dev\Logs\ModuleManager\ModuleManager.log
[LOG 15:22:20.717] [AddonLoader]: Instantiating addon 'HarmonyInstallChecker' from assembly 'HarmonyKSP'
[LOG 15:22:20.718] [AddonLoader]: Instantiating addon 'MFIManager' from assembly 'ModularFlightIntegrator'
[LOG 15:22:20.720] [AddonLoader]: Instantiating addon 'TextureLoader' from assembly 'KSPTextureLoader'
[LOG 15:22:20.726] [AddonLoader]: Instantiating addon 'Events' from assembly 'Kopernicus'
[LOG 15:22:20.739] [AddonLoader]: Instantiating addon 'ToolbarButton' from assembly 'Kopernicus'
[LOG 15:22:20.740] [AddonLoader]: Instantiating addon 'ShadowMan' from assembly 'Kopernicus'
[LOG 15:22:20.741] [AddonLoader]: Instantiating addon 'RenderTypeFixer' from assembly 'Kopernicus'
[LOG 15:22:20.741] [AddonLoader]: Instantiating addon 'ShaderProperties' from assembly 'Kopernicus'
[LOG 15:22:20.742] [AddonLoader]: Instantiating addon 'AtmosphereFixer' from assembly 'Kopernicus'
[LOG 15:22:20.743] [AddonLoader]: Instantiating addon 'LogAggregatorWorker' from assembly 'Kopernicus'
[LOG 15:22:20.811] [AddonLoader]: Instantiating addon 'MeshPreloaderInjector' from assembly 'Kopernicus'
[LOG 15:22:20.812] [AddonLoader]: Instantiating addon 'SinkingBugFix' from assembly 'Kopernicus'
[LOG 15:22:20.812] [AddonLoader]: Instantiating addon 'TerrainQualitySetter' from assembly 'Kopernicus'
[LOG 15:22:20.813] [AddonLoader]: Instantiating addon 'CompatibilityChecker' from assembly 'Kopernicus'
[LOG 15:22:20.815] [AddonLoader]: Instantiating addon 'KSPCommunityFixes' from assembly 'KSPCommunityFixes'
[LOG 15:22:20.816] [AddonLoader]: Instantiating addon 'NoIVA' from assembly 'KSPCommunityFixes'
[LOG 15:22:20.817] [AddonLoader]: Instantiating addon 'ConfigNodePerf' from assembly 'KSPCommunityFixes'
[LOG 15:22:21.052] [AddonLoader]: Instantiating addon 'KSPCFFastLoader' from assembly 'KSPCommunityFixes'
[LOG 15:22:21.054] [KSPCF] Injecting FastLoader...
[LOG 15:22:21.082] [KSPCommunityFixes] Patch GameDatabasePerf applied.
[LOG 15:22:21.162] [AddonLoader]: Instantiating addon 'ReflectionTypeLoadExceptionHandler' from assembly 'KSPCommunityFixes'
[LOG 15:22:21.165] [AddonLoader]: Instantiating addon 'HarmonyPatcher' from assembly 'RealSolarSystem'
[LOG 15:22:21.165] [AddonLoader]: Instantiating addon 'RSSInstallationCheck' from assembly 'RealSolarSystem'
[LOG 15:22:21.166] [AddonLoader]: Instantiating addon 'TimeWarpFixer' from assembly 'RealSolarSystem'
[LOG 15:22:22.432] [KSPCF] Taking over stock loader. An exception will follow, this is intended.
[EXC 15:22:22.436] Exception: Terminating stock loader coroutine, this is intended and not an error
	KSPCommunityFixes.Performance.KSPCFFastLoader.GameDatabase_SetupMainLoaders_Prefix () (at <62bb7f5420994f409a34377c091e8538>:0)
	(wrapper dynamic-method) GameDatabase.GameDatabase.SetupMainLoaders_Patch1(GameDatabase)
	GameDatabase+<LoadObjects>d__90.MoveNext () (at <4b449f2841f84227adfaad3149c8fdba>:0)
	UnityEngine.SetupCoroutine.InvokeMoveNext (System.Collections.IEnumerator enumerator, System.IntPtr returnValueAddress) (at <12e76cd50cc64cf19e759e981cb725af>:0)
	UnityEngine.DebugLogHandler:LogException(Exception, Object)
	ModuleManager.UnityLogHandle.InterceptLogHandler:LogException(Exception, Object)
	UnityEngine.MonoBehaviour:StartCoroutine(IEnumerator)
	<CreateDatabase>d__71:MoveNext()
	UnityEngine.MonoBehaviour:StartCoroutine(IEnumerator)
	GameDatabase:StartLoad()
	<LoadSystems>d__11:MoveNext()
	UnityEngine.MonoBehaviour:StartCoroutine(IEnumerator)
	LoadingScreen:Start()
[LOG 15:22:22.475] [MFIManager] FlightIntegrator is active. Deactivating it
[LOG 15:22:22.476] [MFIManager] Current active VesselModule : 
[MFIManager]  AxisGroupsModule active=True order=999
[MFIManager]  CometVessel active=True order=999
[MFIManager]  SuspensionLoadBalancer active=True order=999
[MFIManager]  FlightIntegrator active=False order=0
[MFIManager]  CommNet.CommNetVessel active=True order=999
[MFIManager]  ModularFI.ModularFlightIntegrator active=True order=0

[LOG 15:22:22.483] [CompatibilityChecker] Running checker version 4 from 'Kopernicus'
[LOG 15:22:22.502] [RealSolarSystem] EarthColor.dds size: 2.7MB
[LOG 15:22:22.635] Preloading Asset Bundle Definitions
[LOG 15:22:23.068] Load Audio: Squad/Alarms/Sounds/Chirps
[LOG 15:22:23.090] Load Audio: Squad/Alarms/Sounds/Classic
[LOG 15:22:23.090] Load Audio: Squad/Alarms/Sounds/ClockTower
[LOG 15:22:23.090] Load Audio: Squad/Alarms/Sounds/ComputerGlass1
[LOG 15:22:23.091] Load Audio: Squad/Alarms/Sounds/ComputerGlass2
[LOG 15:22:23.091] Load Audio: Squad/Alarms/Sounds/ComputerShort
[LOG 15:22:23.091] Load Audio: Squad/Alarms/Sounds/ComputerTriad
[LOG 15:22:23.091] Load Audio: Squad/Alarms/Sounds/DoorBell
[LOG 15:22:23.091] Load Audio: Squad/Alarms/Sounds/Glass
[LOG 15:22:23.091] Load Audio: Squad/Alarms/Sounds/Klaxon
[LOG 15:22:23.091] Load Audio: Squad/Alarms/Sounds/Mobile
[LOG 15:22:23.091] Load Audio: Squad/Alarms/Sounds/Morning
[LOG 15:22:23.092] Load Audio: Squad/Alarms/Sounds/OldClock
[LOG 15:22:23.092] Load Audio: Squad/Alarms/Sounds/OldHorn
[LOG 15:22:23.092] Load Audio: Squad/Alarms/Sounds/Ripple
[LOG 15:22:23.092] Load Audio: Squad/Sounds/editorLoop01
[LOG 15:22:23.092] Load Audio: Squad/Sounds/elev_loop
[LOG 15:22:23.092] Load Audio: Squad/Sounds/elev_start
[LOG 15:22:23.092] Load Audio: Squad/Sounds/elev_stop
[LOG 15:22:23.093] Load Audio: Squad/Sounds/fireworks_explosion_2
[LOG 15:22:23.093] Load Audio: Squad/Sounds/fireworks_explosion_3
[LOG 15:22:23.093] Load Audio: Squad/Sounds/fireworks_explosion_4
[LOG 15:22:23.093] Load Audio: Squad/Sounds/fireworks_launch_boom
[LOG 15:22:23.093] Load Audio: Squad/Sounds/fireworks_only_crackle_crackle_1
[LOG 15:22:23.093] Load Audio: Squad/Sounds/fireworks_only_crackle_dragon_1
[LOG 15:22:23.518] Load Audio: Squad/Sounds/fireworks_only_crackle_palm_1
[LOG 15:22:23.518] Load Audio: Squad/Sounds/fireworks_whistle
[LOG 15:22:23.518] Load Audio: Squad/Sounds/ksp1_banana_V2_01
[LOG 15:22:23.518] Load Audio: Squad/Sounds/ksp1_banana_V2_04
[LOG 15:22:23.518] Load Audio: Squad/Sounds/ksp1_banana_V2_05
[LOG 15:22:23.519] Load Audio: Squad/Sounds/ksp1_golf_swing_normal
[LOG 15:22:23.519] Load Audio: Squad/Sounds/ksp1_ground_anchor_v2_1
[LOG 15:22:23.519] Load Audio: Squad/Sounds/ksp1_strunts_disconnect_v3_pitched2
[LOG 15:22:23.519] Load Audio: Squad/Sounds/repairKit_repair1
[LOG 15:22:23.519] Load Audio: Squad/Sounds/repairKit_repair2
[LOG 15:22:23.520] Load Audio: Squad/Sounds/sound_ambience_nature
[LOG 15:22:23.520] Load Audio: Squad/Sounds/sound_click_flick
[LOG 15:22:23.520] Load Audio: Squad/Sounds/sound_click_latch
[LOG 15:22:23.520] Load Audio: Squad/Sounds/sound_click_sharp
[LOG 15:22:23.520] Load Audio: Squad/Sounds/sound_click_tick
[LOG 15:22:23.520] Load Audio: Squad/Sounds/sound_click_tock
[LOG 15:22:23.521] Load Audio: Squad/Sounds/sound_decoupler_fire
[LOG 15:22:23.521] Load Audio: Squad/Sounds/sound_delete_bin
[LOG 15:22:23.521] Load Audio: Squad/Sounds/sound_explosion_debris1
[LOG 15:22:23.521] Load Audio: Squad/Sounds/sound_explosion_debris2
[LOG 15:22:23.521] Load Audio: Squad/Sounds/sound_explosion_large
[LOG 15:22:23.522] Load Audio: Squad/Sounds/sound_rocket_mini
[LOG 15:22:23.522] Load Audio: Squad/Sounds/sound_rocket_spurts
[LOG 15:22:23.522] Load Audio: Squad/Sounds/sound_servomotor
[LOG 15:22:23.522] Load Audio: Squad/Sounds/sound_tab_extend
[LOG 15:22:23.532] Load Audio: Squad/Sounds/sound_tab_retreat
[LOG 15:22:23.532] Load Audio: SquadExpansion/Serenity/Sounds/robo_arm_large_end
[LOG 15:22:23.532] Load Audio: SquadExpansion/Serenity/Sounds/robo_arm_large_motor_00
[LOG 15:22:23.532] Load Audio: SquadExpansion/Serenity/Sounds/robo_arm_large_scan
[LOG 15:22:23.532] Load Audio: SquadExpansion/Serenity/Sounds/robo_arm_large_start
[LOG 15:22:23.532] Load Audio: SquadExpansion/Serenity/Sounds/robo_arm_medium_end
[LOG 15:22:23.533] Load Audio: SquadExpansion/Serenity/Sounds/robo_arm_medium_motor_00
[LOG 15:22:23.533] Load Audio: SquadExpansion/Serenity/Sounds/robo_arm_medium_scan
[LOG 15:22:23.533] Load Audio: SquadExpansion/Serenity/Sounds/robo_arm_medium_start
[LOG 15:22:23.533] Load Audio: SquadExpansion/Serenity/Sounds/robo_arm_small_end
[LOG 15:22:23.533] Load Audio: SquadExpansion/Serenity/Sounds/robo_arm_small_motor_00
[LOG 15:22:23.533] Load Audio: SquadExpansion/Serenity/Sounds/robo_arm_small_scan
[LOG 15:22:23.533] Load Audio: SquadExpansion/Serenity/Sounds/robo_arm_small_start
[LOG 15:22:23.534] Load Audio: SquadExpansion/Serenity/Sounds/sfx_cryoVolcano_burst
[LOG 15:22:23.534] Load Audio: SquadExpansion/Serenity/Sounds/sfx_cryoVolcano_idle
[LOG 15:22:23.534] Load Audio: SquadExpansion/Serenity/Sounds/sfx_deployable_booster_antena_end
[LOG 15:22:23.534] Load Audio: SquadExpansion/Serenity/Sounds/sfx_deployable_booster_antena_start
[LOG 15:22:23.534] Load Audio: SquadExpansion/Serenity/Sounds/sfx_deployable_central_station_end
[LOG 15:22:23.535] Load Audio: SquadExpansion/Serenity/Sounds/sfx_deployable_central_station_loop
[LOG 15:22:23.535] Load Audio: SquadExpansion/Serenity/Sounds/sfx_deployable_central_station_start
[LOG 15:22:23.535] Load Audio: SquadExpansion/Serenity/Sounds/sfx_deployable_detector_end
[LOG 15:22:23.535] Load Audio: SquadExpansion/Serenity/Sounds/sfx_deployable_detector_start
[LOG 15:22:23.535] Load Audio: SquadExpansion/Serenity/Sounds/sfx_deployable_GoObEd_end
[LOG 15:22:23.536] Load Audio: SquadExpansion/Serenity/Sounds/sfx_deployable_GoObEd_loop
[LOG 15:22:23.536] Load Audio: SquadExpansion/Serenity/Sounds/sfx_deployable_GoObEd_start
[LOG 15:22:23.572] Load Audio: SquadExpansion/Serenity/Sounds/sfx_deployable_rtg_end
[LOG 15:22:23.572] Load Audio: SquadExpansion/Serenity/Sounds/sfx_deployable_rtg_start
[LOG 15:22:23.572] Load Audio: SquadExpansion/Serenity/Sounds/sfx_deployable_seismometer_end
[LOG 15:22:23.573] Load Audio: SquadExpansion/Serenity/Sounds/sfx_deployable_seismometer_start
[LOG 15:22:23.573] Load Audio: SquadExpansion/Serenity/Sounds/sfx_deployable_solar_panel_end
[LOG 15:22:23.573] Load Audio: SquadExpansion/Serenity/Sounds/sfx_deployable_solar_panel_start
[LOG 15:22:23.573] Load Audio: SquadExpansion/Serenity/Sounds/sfx_deployable_weather_station_end
[LOG 15:22:23.573] Load Audio: SquadExpansion/Serenity/Sounds/sfx_deployable_weather_station_loop
[LOG 15:22:23.574] Load Audio: SquadExpansion/Serenity/Sounds/sfx_deployable_weather_station_start
[LOG 15:22:23.574] Load Audio: SquadExpansion/Serenity/Sounds/sfx_geyser_burst
[LOG 15:22:23.574] Load Audio: SquadExpansion/Serenity/Sounds/sfx_geyser_idle
[LOG 15:22:23.592] Load Cached PNG Texture: Kopernicus/Graphics/KopernicusIcon
[LOG 15:22:23.596] Load DDS texture: KSPCommunityFixes/MMPatches/StockTweaks/Icons/Clamp-O-Tron
[LOG 15:22:23.598] Load TRUECOLOR texture: KSPCommunityFixes/MMPatches/StockTweaks/Icons/Clamp-O-Tron_scaled
[LOG 15:22:23.599] Load DDS texture: KSPCommunityFixes/MMPatches/StockTweaks/Icons/FreeFallParachutes
[LOG 15:22:23.599] Load TRUECOLOR texture: KSPCommunityFixes/MMPatches/StockTweaks/Icons/FreeFallParachutes_scaled
[LOG 15:22:23.599] Load DDS texture: KSPCommunityFixes/MMPatches/StockTweaks/Icons/LightYearTireCompany
[LOG 15:22:23.600] Load TRUECOLOR texture: KSPCommunityFixes/MMPatches/StockTweaks/Icons/LightYearTireCompany_scaled
[LOG 15:22:23.600] Load DDS texture: KSPCommunityFixes/MMPatches/StockTweaks/Icons/StratusCorporation
[LOG 15:22:23.600] Load TRUECOLOR texture: KSPCommunityFixes/MMPatches/StockTweaks/Icons/StratusCorporation_scaled
[LOG 15:22:23.601] Load DDS texture: RealSolarSystem/Compatibility/Parallax/zero_influence
[WRN 15:22:23.602] LOAD FAILED : UnityEngine.UnityException: LoadRawTextureData: not enough data provided (will result in overread).
  at UnityEngine.Texture2D.LoadRawTextureData (System.IntPtr data, System.Int32 size) [0x00056] in <12e76cd50cc64cf19e759e981cb725af>:0 
  at KSPCommunityFixes.Performance.KSPCFFastLoader+RawAsset.LoadDDS () [0x004e7] in <62bb7f5420994f409a34377c091e8538>:0 
  at KSPCommunityFixes.Performance.KSPCFFastLoader+RawAsset.LoadAndDisposeMainThread () [0x0004a] in <62bb7f5420994f409a34377c091e8538>:0 
[LOG 15:22:23.602] Load Cached PNG Texture: RealSolarSystem/Ribbons/Ariel/EvaGround
[LOG 15:22:23.602] Load Cached PNG Texture: RealSolarSystem/Ribbons/Ariel/EvaOrbit
[LOG 15:22:23.602] Load Cached PNG Texture: RealSolarSystem/Ribbons/Ariel/EvaSpace
[LOG 15:22:23.602] Load Cached PNG Texture: RealSolarSystem/Ribbons/Ariel/FirstEvaGround
[LOG 15:22:23.602] Load Cached PNG Texture: RealSolarSystem/Ribbons/Ariel/FirstEvaOrbit
[LOG 15:22:23.602] Load Cached PNG Texture: RealSolarSystem/Ribbons/Ariel/FirstEvaSpace
[LOG 15:22:23.602] Load Cached PNG Texture: RealSolarSystem/Ribbons/Ariel/FirstLanding
[LOG 15:22:23.603] Load Cached PNG Texture: RealSolarSystem/Ribbons/Ariel/FirstOrbitCapsule
[LOG 15:22:23.603] Load Cached PNG Texture: RealSolarSystem/Ribbons/Ariel/FirstOrbitCapsuleDocked
[LOG 15:22:23.603] Load Cached PNG Texture: RealSolarSystem/Ribbons/Ariel/FirstPlantFlag
[LOG 15:22:23.603] Load Cached PNG Texture: RealSolarSystem/Ribbons/Ariel/FirstRover
[LOG 15:22:23.603] Load Cached PNG Texture: RealSolarSystem/Ribbons/Ariel/Landing
[LOG 15:22:23.603] Load Cached PNG Texture: RealSolarSystem/Ribbons/Ariel/OrbitCapsule
[LOG 15:22:23.603] Load Cached PNG Texture: RealSolarSystem/Ribbons/Ariel/OrbitCapsuleDocked
[LOG 15:22:23.603] Load Cached PNG Texture: RealSolarSystem/Ribbons/Ariel/PlantFlag
[LOG 15:22:23.603] Load Cached PNG Texture: RealSolarSystem/Ribbons/Ariel/Rover
[LOG 15:22:23.603] Load Cached PNG Texture: RealSolarSystem/Ribbons/Ariel/SphereOfInfluence
[LOG 15:22:23.603] Load Cached PNG Texture: RealSolarSystem/Ribbons/Callisto/EvaGround
[LOG 15:22:23.603] Load Cached PNG Texture: RealSolarSystem/Ribbons/Callisto/EvaOrbit
[LOG 15:22:23.603] Load Cached PNG Texture: RealSolarSystem/Ribbons/Callisto/EvaSpace
[LOG 15:22:23.604] Load Cached PNG Texture: RealSolarSystem/Ribbons/Callisto/FirstEvaGround
[LOG 15:22:23.604] Load Cached PNG Texture: RealSolarSystem/Ribbons/Callisto/FirstEvaOrbit
[LOG 15:22:23.604] Load Cached PNG Texture: RealSolarSystem/Ribbons/Callisto/FirstEvaSpace
[LOG 15:22:23.604] Load Cached PNG Texture: RealSolarSystem/Ribbons/Callisto/FirstLanding
[LOG 15:22:23.604] Load Cached PNG Texture: RealSolarSystem/Ribbons/Callisto/FirstOrbitCapsule
[LOG 15:22:23.604] Load Cached PNG Texture: RealSolarSystem/Ribbons/Callisto/FirstOrbitCapsuleDocked
[LOG 15:22:23.604] Load Cached PNG Texture: RealSolarSystem/Ribbons/Callisto/FirstPlantFlag
[LOG 15:22:23.604] Load Cached PNG Texture: RealSolarSystem/Ribbons/Callisto/FirstRover
[LOG 15:22:23.604] Load Cached PNG Texture: RealSolarSystem/Ribbons/Callisto/Landing
[LOG 15:22:23.604] Load Cached PNG Texture: RealSolarSystem/Ribbons/Callisto/OrbitCapsule
[LOG 15:22:23.604] Load Cached PNG Texture: RealSolarSystem/Ribbons/Callisto/OrbitCapsuleDocked
[LOG 15:22:23.605] Load Cached PNG Texture: RealSolarSystem/Ribbons/Callisto/PlantFlag
[LOG 15:22:23.605] Load Cached PNG Texture: RealSolarSystem/Ribbons/Callisto/Rover
[LOG 15:22:23.605] Load Cached PNG Texture: RealSolarSystem/Ribbons/Callisto/SphereOfInfluence
[LOG 15:22:23.605] Load Cached PNG Texture: RealSolarSystem/Ribbons/Ceres/EvaGround
[LOG 15:22:23.605] Load Cached PNG Texture: RealSolarSystem/Ribbons/Ceres/EvaOrbit
[LOG 15:22:23.605] Load Cached PNG Texture: RealSolarSystem/Ribbons/Ceres/EvaSpace
[LOG 15:22:23.605] Load Cached PNG Texture: RealSolarSystem/Ribbons/Ceres/FirstEvaGround
[LOG 15:22:23.605] Load Cached PNG Texture: RealSolarSystem/Ribbons/Ceres/FirstEvaOrbit
[LOG 15:22:23.605] Load Cached PNG Texture: RealSolarSystem/Ribbons/Ceres/FirstEvaSpace
[LOG 15:22:23.606] Load Cached PNG Texture: RealSolarSystem/Ribbons/Ceres/FirstLanding
[LOG 15:22:23.606] Load Cached PNG Texture: RealSolarSystem/Ribbons/Ceres/FirstOrbitCapsule
[LOG 15:22:23.606] Load Cached PNG Texture: RealSolarSystem/Ribbons/Ceres/FirstOrbitCapsuleDocked
[LOG 15:22:23.606] Load Cached PNG Texture: RealSolarSystem/Ribbons/Ceres/FirstPlantFlag
[LOG 15:22:23.606] Load Cached PNG Texture: RealSolarSystem/Ribbons/Ceres/FirstRover
[LOG 15:22:23.607] Load Cached PNG Texture: RealSolarSystem/Ribbons/Ceres/Landing
[LOG 15:22:23.607] Load Cached PNG Texture: RealSolarSystem/Ribbons/Ceres/OrbitCapsule
[LOG 15:22:23.607] Load Cached PNG Texture: RealSolarSystem/Ribbons/Ceres/OrbitCapsuleDocked
[LOG 15:22:23.607] Load Cached PNG Texture: RealSolarSystem/Ribbons/Ceres/PlantFlag
[LOG 15:22:23.607] Load Cached PNG Texture: RealSolarSystem/Ribbons/Ceres/Rover
[LOG 15:22:23.607] Load Cached PNG Texture: RealSolarSystem/Ribbons/Ceres/SphereOfInfluence
[LOG 15:22:23.608] Load Cached PNG Texture: RealSolarSystem/Ribbons/Charon/EvaGround
[LOG 15:22:23.608] Load Cached PNG Texture: RealSolarSystem/Ribbons/Charon/EvaOrbit
[LOG 15:22:23.608] Load Cached PNG Texture: RealSolarSystem/Ribbons/Charon/EvaSpace
[LOG 15:22:23.608] Load Cached PNG Texture: RealSolarSystem/Ribbons/Charon/FirstEvaGround
[LOG 15:22:23.608] Load Cached PNG Texture: RealSolarSystem/Ribbons/Charon/FirstEvaOrbit
[LOG 15:22:23.609] Load Cached PNG Texture: RealSolarSystem/Ribbons/Charon/FirstEvaSpace
[LOG 15:22:23.609] Load Cached PNG Texture: RealSolarSystem/Ribbons/Charon/FirstLanding
[LOG 15:22:23.609] Load Cached PNG Texture: RealSolarSystem/Ribbons/Charon/FirstOrbitCapsule
[LOG 15:22:23.609] Load Cached PNG Texture: RealSolarSystem/Ribbons/Charon/FirstOrbitCapsuleDocked
[LOG 15:22:23.609] Load Cached PNG Texture: RealSolarSystem/Ribbons/Charon/FirstPlantFlag
[LOG 15:22:23.609] Load Cached PNG Texture: RealSolarSystem/Ribbons/Charon/FirstRover
[LOG 15:22:23.610] Load Cached PNG Texture: RealSolarSystem/Ribbons/Charon/Landing
[LOG 15:22:23.610] Load Cached PNG Texture: RealSolarSystem/Ribbons/Charon/OrbitCapsule
[LOG 15:22:23.610] Load Cached PNG Texture: RealSolarSystem/Ribbons/Charon/OrbitCapsuleDocked
[LOG 15:22:23.610] Load Cached PNG Texture: RealSolarSystem/Ribbons/Charon/PlantFlag
[LOG 15:22:23.610] Load Cached PNG Texture: RealSolarSystem/Ribbons/Charon/Rover
[LOG 15:22:23.610] Load Cached PNG Texture: RealSolarSystem/Ribbons/Charon/SphereOfInfluence
[LOG 15:22:23.611] Load Cached PNG Texture: RealSolarSystem/Ribbons/Deimos/EvaGround
[LOG 15:22:23.611] Load Cached PNG Texture: RealSolarSystem/Ribbons/Deimos/EvaOrbit
[LOG 15:22:23.611] Load Cached PNG Texture: RealSolarSystem/Ribbons/Deimos/EvaSpace
[LOG 15:22:23.611] Load Cached PNG Texture: RealSolarSystem/Ribbons/Deimos/FirstEvaGround
[LOG 15:22:23.615] Load Cached PNG Texture: RealSolarSystem/Ribbons/Deimos/FirstEvaOrbit
[LOG 15:22:23.615] Load Cached PNG Texture: RealSolarSystem/Ribbons/Deimos/FirstEvaSpace
[LOG 15:22:23.617] Load Cached PNG Texture: RealSolarSystem/Ribbons/Deimos/FirstLanding
[LOG 15:22:23.617] Load Cached PNG Texture: RealSolarSystem/Ribbons/Deimos/FirstOrbitCapsule
[LOG 15:22:23.617] Load Cached PNG Texture: RealSolarSystem/Ribbons/Deimos/FirstOrbitCapsuleDocked
[LOG 15:22:23.617] Load Cached PNG Texture: RealSolarSystem/Ribbons/Deimos/FirstPlantFlag
[LOG 15:22:23.617] Load Cached PNG Texture: RealSolarSystem/Ribbons/Deimos/FirstRover
[LOG 15:22:23.618] Load Cached PNG Texture: RealSolarSystem/Ribbons/Deimos/Landing
[LOG 15:22:23.618] Load Cached PNG Texture: RealSolarSystem/Ribbons/Deimos/OrbitCapsule
[LOG 15:22:23.618] Load Cached PNG Texture: RealSolarSystem/Ribbons/Deimos/OrbitCapsuleDocked
[LOG 15:22:23.622] Load Cached PNG Texture: RealSolarSystem/Ribbons/Deimos/PlantFlag
[LOG 15:22:23.628] Load Cached PNG Texture: RealSolarSystem/Ribbons/Deimos/Rover
[LOG 15:22:23.629] Load Cached PNG Texture: RealSolarSystem/Ribbons/Deimos/SphereOfInfluence
[LOG 15:22:23.629] Load Cached PNG Texture: RealSolarSystem/Ribbons/Dione/EvaGround
[LOG 15:22:23.629] Load Cached PNG Texture: RealSolarSystem/Ribbons/Dione/EvaOrbit
[LOG 15:22:23.629] Load Cached PNG Texture: RealSolarSystem/Ribbons/Dione/EvaSpace
[LOG 15:22:23.629] Load Cached PNG Texture: RealSolarSystem/Ribbons/Dione/FirstEvaGround
[LOG 15:22:23.630] Load Cached PNG Texture: RealSolarSystem/Ribbons/Dione/FirstEvaOrbit
[LOG 15:22:23.630] Load Cached PNG Texture: RealSolarSystem/Ribbons/Dione/FirstEvaSpace
[LOG 15:22:23.630] Load Cached PNG Texture: RealSolarSystem/Ribbons/Dione/FirstLanding
[LOG 15:22:23.631] Load Cached PNG Texture: RealSolarSystem/Ribbons/Dione/FirstOrbitCapsule
[LOG 15:22:23.631] Load Cached PNG Texture: RealSolarSystem/Ribbons/Dione/FirstOrbitCapsuleDocked
[LOG 15:22:23.631] Load Cached PNG Texture: RealSolarSystem/Ribbons/Dione/FirstPlantFlag
[LOG 15:22:23.631] Load Cached PNG Texture: RealSolarSystem/Ribbons/Dione/FirstRover
[LOG 15:22:23.631] Load Cached PNG Texture: RealSolarSystem/Ribbons/Dione/Landing
[LOG 15:22:23.631] Load Cached PNG Texture: RealSolarSystem/Ribbons/Dione/OrbitCapsule
[LOG 15:22:23.632] Load Cached PNG Texture: RealSolarSystem/Ribbons/Dione/OrbitCapsuleDocked
[LOG 15:22:23.632] Load Cached PNG Texture: RealSolarSystem/Ribbons/Dione/PlantFlag
[LOG 15:22:23.632] Load Cached PNG Texture: RealSolarSystem/Ribbons/Dione/Rover
[LOG 15:22:23.632] Load Cached PNG Texture: RealSolarSystem/Ribbons/Dione/SphereOfInfluence
[LOG 15:22:23.632] Load Cached PNG Texture: RealSolarSystem/Ribbons/Earth/Atmosphere
[LOG 15:22:23.632] Load Cached PNG Texture: RealSolarSystem/Ribbons/Earth/DeepAtmosphere
[LOG 15:22:23.633] Load Cached PNG Texture: RealSolarSystem/Ribbons/Earth/EvaGround
[LOG 15:22:23.633] Load Cached PNG Texture: RealSolarSystem/Ribbons/Earth/EvaOrbit
[LOG 15:22:23.633] Load Cached PNG Texture: RealSolarSystem/Ribbons/Earth/EvaSpace
[LOG 15:22:23.637] Load Cached PNG Texture: RealSolarSystem/Ribbons/Earth/FirstAtmosphere
[LOG 15:22:23.637] Load Cached PNG Texture: RealSolarSystem/Ribbons/Earth/FirstEvaGround
[LOG 15:22:23.639] Load Cached PNG Texture: RealSolarSystem/Ribbons/Earth/FirstEvaOrbit
[LOG 15:22:23.639] Load Cached PNG Texture: RealSolarSystem/Ribbons/Earth/FirstEvaSpace
[LOG 15:22:23.642] Load Cached PNG Texture: RealSolarSystem/Ribbons/Earth/FirstLanding
[LOG 15:22:23.644] Load Cached PNG Texture: RealSolarSystem/Ribbons/Earth/FirstOrbitCapsule
[LOG 15:22:23.644] Load Cached PNG Texture: RealSolarSystem/Ribbons/Earth/FirstOrbitCapsuleDocked
[LOG 15:22:23.644] Load Cached PNG Texture: RealSolarSystem/Ribbons/Earth/FirstPlantFlag
[LOG 15:22:23.644] Load Cached PNG Texture: RealSolarSystem/Ribbons/Earth/FirstRover
[LOG 15:22:23.644] Load Cached PNG Texture: RealSolarSystem/Ribbons/Earth/Landing
[LOG 15:22:23.645] Load Cached PNG Texture: RealSolarSystem/Ribbons/Earth/OrbitCapsule
[LOG 15:22:23.645] Load Cached PNG Texture: RealSolarSystem/Ribbons/Earth/OrbitCapsuleDocked
[LOG 15:22:23.651] Load Cached PNG Texture: RealSolarSystem/Ribbons/Earth/PlantFlag
[LOG 15:22:23.651] Load Cached PNG Texture: RealSolarSystem/Ribbons/Earth/Rover
[LOG 15:22:23.657] Load Cached PNG Texture: RealSolarSystem/Ribbons/Earth/SphereOfInfluence
[LOG 15:22:23.662] Load Cached PNG Texture: RealSolarSystem/Ribbons/Enceladus/EvaGround
[LOG 15:22:23.663] Load Cached PNG Texture: RealSolarSystem/Ribbons/Enceladus/EvaOrbit
[LOG 15:22:23.663] Load Cached PNG Texture: RealSolarSystem/Ribbons/Enceladus/EvaSpace
[LOG 15:22:23.663] Load Cached PNG Texture: RealSolarSystem/Ribbons/Enceladus/FirstEvaGround
[LOG 15:22:23.663] Load Cached PNG Texture: RealSolarSystem/Ribbons/Enceladus/FirstEvaOrbit
[LOG 15:22:23.664] Load Cached PNG Texture: RealSolarSystem/Ribbons/Enceladus/FirstEvaSpace
[LOG 15:22:23.664] Load Cached PNG Texture: RealSolarSystem/Ribbons/Enceladus/FirstLanding
[LOG 15:22:23.664] Load Cached PNG Texture: RealSolarSystem/Ribbons/Enceladus/FirstOrbitCapsule
[LOG 15:22:23.664] Load Cached PNG Texture: RealSolarSystem/Ribbons/Enceladus/FirstOrbitCapsuleDocked
[LOG 15:22:23.664] Load Cached PNG Texture: RealSolarSystem/Ribbons/Enceladus/FirstPlantFlag
[LOG 15:22:23.664] Load Cached PNG Texture: RealSolarSystem/Ribbons/Enceladus/FirstRover
[LOG 15:22:23.664] Load Cached PNG Texture: RealSolarSystem/Ribbons/Enceladus/Landing
[LOG 15:22:23.664] Load Cached PNG Texture: RealSolarSystem/Ribbons/Enceladus/OrbitCapsule
[LOG 15:22:23.665] Load Cached PNG Texture: RealSolarSystem/Ribbons/Enceladus/OrbitCapsuleDocked
[LOG 15:22:23.665] Load Cached PNG Texture: RealSolarSystem/Ribbons/Enceladus/PlantFlag
[LOG 15:22:23.665] Load Cached PNG Texture: RealSolarSystem/Ribbons/Enceladus/Rover
[LOG 15:22:23.667] Load Cached PNG Texture: RealSolarSystem/Ribbons/Enceladus/SphereOfInfluence
[LOG 15:22:23.667] Load Cached PNG Texture: RealSolarSystem/Ribbons/Europa/EvaGround
[LOG 15:22:23.672] Load Cached PNG Texture: RealSolarSystem/Ribbons/Europa/EvaOrbit
[LOG 15:22:23.672] Load Cached PNG Texture: RealSolarSystem/Ribbons/Europa/EvaSpace
[LOG 15:22:23.672] Load Cached PNG Texture: RealSolarSystem/Ribbons/Europa/FirstEvaGround
[LOG 15:22:23.672] Load Cached PNG Texture: RealSolarSystem/Ribbons/Europa/FirstEvaOrbit
[LOG 15:22:23.672] Load Cached PNG Texture: RealSolarSystem/Ribbons/Europa/FirstEvaSpace
[LOG 15:22:23.673] Load Cached PNG Texture: RealSolarSystem/Ribbons/Europa/FirstLanding
[LOG 15:22:23.673] Load Cached PNG Texture: RealSolarSystem/Ribbons/Europa/FirstOrbitCapsule
[LOG 15:22:23.675] Load Cached PNG Texture: RealSolarSystem/Ribbons/Europa/FirstOrbitCapsuleDocked
[LOG 15:22:23.675] Load Cached PNG Texture: RealSolarSystem/Ribbons/Europa/FirstPlantFlag
[LOG 15:22:23.675] Load Cached PNG Texture: RealSolarSystem/Ribbons/Europa/FirstRover
[LOG 15:22:23.675] Load Cached PNG Texture: RealSolarSystem/Ribbons/Europa/Landing
[LOG 15:22:23.675] Load Cached PNG Texture: RealSolarSystem/Ribbons/Europa/OrbitCapsule
[LOG 15:22:23.676] Load Cached PNG Texture: RealSolarSystem/Ribbons/Europa/OrbitCapsuleDocked
[LOG 15:22:23.676] Load Cached PNG Texture: RealSolarSystem/Ribbons/Europa/PlantFlag
[LOG 15:22:23.684] Load Cached PNG Texture: RealSolarSystem/Ribbons/Europa/Rover
[LOG 15:22:23.684] Load Cached PNG Texture: RealSolarSystem/Ribbons/Europa/SphereOfInfluence
[LOG 15:22:23.684] Load Cached PNG Texture: RealSolarSystem/Ribbons/Ganymede/EvaGround
[LOG 15:22:23.684] Load Cached PNG Texture: RealSolarSystem/Ribbons/Ganymede/EvaOrbit
[LOG 15:22:23.685] Load Cached PNG Texture: RealSolarSystem/Ribbons/Ganymede/EvaSpace
[LOG 15:22:23.689] Load Cached PNG Texture: RealSolarSystem/Ribbons/Ganymede/FirstEvaGround
[LOG 15:22:23.691] Load Cached PNG Texture: RealSolarSystem/Ribbons/Ganymede/FirstEvaOrbit
[LOG 15:22:23.691] Load Cached PNG Texture: RealSolarSystem/Ribbons/Ganymede/FirstEvaSpace
[LOG 15:22:23.691] Load Cached PNG Texture: RealSolarSystem/Ribbons/Ganymede/FirstLanding
[LOG 15:22:23.691] Load Cached PNG Texture: RealSolarSystem/Ribbons/Ganymede/FirstOrbitCapsule
[LOG 15:22:23.696] Load Cached PNG Texture: RealSolarSystem/Ribbons/Ganymede/FirstOrbitCapsuleDocked
[LOG 15:22:23.697] Load Cached PNG Texture: RealSolarSystem/Ribbons/Ganymede/FirstPlantFlag
[LOG 15:22:23.697] Load Cached PNG Texture: RealSolarSystem/Ribbons/Ganymede/FirstRover
[LOG 15:22:23.697] Load Cached PNG Texture: RealSolarSystem/Ribbons/Ganymede/Landing
[LOG 15:22:23.697] Load Cached PNG Texture: RealSolarSystem/Ribbons/Ganymede/OrbitCapsule
[LOG 15:22:23.697] Load Cached PNG Texture: RealSolarSystem/Ribbons/Ganymede/OrbitCapsuleDocked
[LOG 15:22:23.697] Load Cached PNG Texture: RealSolarSystem/Ribbons/Ganymede/PlantFlag
[LOG 15:22:23.697] Load Cached PNG Texture: RealSolarSystem/Ribbons/Ganymede/Rover
[LOG 15:22:23.697] Load Cached PNG Texture: RealSolarSystem/Ribbons/Ganymede/SphereOfInfluence
[LOG 15:22:23.698] Load Cached PNG Texture: RealSolarSystem/Ribbons/Iapetus/EvaGround
[LOG 15:22:23.698] Load Cached PNG Texture: RealSolarSystem/Ribbons/Iapetus/EvaOrbit
[LOG 15:22:23.698] Load Cached PNG Texture: RealSolarSystem/Ribbons/Iapetus/EvaSpace
[LOG 15:22:23.699] Load Cached PNG Texture: RealSolarSystem/Ribbons/Iapetus/FirstEvaGround
[LOG 15:22:23.699] Load Cached PNG Texture: RealSolarSystem/Ribbons/Iapetus/FirstEvaOrbit
[LOG 15:22:23.699] Load Cached PNG Texture: RealSolarSystem/Ribbons/Iapetus/FirstEvaSpace
[LOG 15:22:23.699] Load Cached PNG Texture: RealSolarSystem/Ribbons/Iapetus/FirstLanding
[LOG 15:22:23.700] Load Cached PNG Texture: RealSolarSystem/Ribbons/Iapetus/FirstOrbitCapsule
[LOG 15:22:23.700] Load Cached PNG Texture: RealSolarSystem/Ribbons/Iapetus/FirstOrbitCapsuleDocked
[LOG 15:22:23.700] Load Cached PNG Texture: RealSolarSystem/Ribbons/Iapetus/FirstPlantFlag
[LOG 15:22:23.700] Load Cached PNG Texture: RealSolarSystem/Ribbons/Iapetus/FirstRover
[LOG 15:22:23.700] Load Cached PNG Texture: RealSolarSystem/Ribbons/Iapetus/Landing
[LOG 15:22:23.700] Load Cached PNG Texture: RealSolarSystem/Ribbons/Iapetus/OrbitCapsule
[LOG 15:22:23.701] Load Cached PNG Texture: RealSolarSystem/Ribbons/Iapetus/OrbitCapsuleDocked
[LOG 15:22:23.701] Load Cached PNG Texture: RealSolarSystem/Ribbons/Iapetus/PlantFlag
[LOG 15:22:23.701] Load Cached PNG Texture: RealSolarSystem/Ribbons/Iapetus/Rover
[LOG 15:22:23.701] Load Cached PNG Texture: RealSolarSystem/Ribbons/Iapetus/SphereOfInfluence
[LOG 15:22:23.701] Load Cached PNG Texture: RealSolarSystem/Ribbons/Io/EvaGround
[LOG 15:22:23.701] Load Cached PNG Texture: RealSolarSystem/Ribbons/Io/EvaOrbit
[LOG 15:22:23.701] Load Cached PNG Texture: RealSolarSystem/Ribbons/Io/EvaSpace
[LOG 15:22:23.702] Load Cached PNG Texture: RealSolarSystem/Ribbons/Io/FirstEvaGround
[LOG 15:22:23.702] Load Cached PNG Texture: RealSolarSystem/Ribbons/Io/FirstEvaOrbit
[LOG 15:22:23.702] Load Cached PNG Texture: RealSolarSystem/Ribbons/Io/FirstEvaSpace
[LOG 15:22:23.702] Load Cached PNG Texture: RealSolarSystem/Ribbons/Io/FirstLanding
[LOG 15:22:23.702] Load Cached PNG Texture: RealSolarSystem/Ribbons/Io/FirstOrbitCapsule
[LOG 15:22:23.702] Load Cached PNG Texture: RealSolarSystem/Ribbons/Io/FirstOrbitCapsuleDocked
[LOG 15:22:23.703] Load Cached PNG Texture: RealSolarSystem/Ribbons/Io/FirstPlantFlag
[LOG 15:22:23.703] Load Cached PNG Texture: RealSolarSystem/Ribbons/Io/FirstRover
[LOG 15:22:23.710] Load Cached PNG Texture: RealSolarSystem/Ribbons/Io/Landing
[LOG 15:22:23.710] Load Cached PNG Texture: RealSolarSystem/Ribbons/Io/OrbitCapsule
[LOG 15:22:23.710] Load Cached PNG Texture: RealSolarSystem/Ribbons/Io/OrbitCapsuleDocked
[LOG 15:22:23.710] Load Cached PNG Texture: RealSolarSystem/Ribbons/Io/PlantFlag
[LOG 15:22:23.710] Load Cached PNG Texture: RealSolarSystem/Ribbons/Io/Rover
[LOG 15:22:23.710] Load Cached PNG Texture: RealSolarSystem/Ribbons/Io/SphereOfInfluence
[LOG 15:22:23.711] Load Cached PNG Texture: RealSolarSystem/Ribbons/Jupiter/Atmosphere
[LOG 15:22:23.713] Load Cached PNG Texture: RealSolarSystem/Ribbons/Jupiter/DeepAtmosphere
[LOG 15:22:23.716] Load Cached PNG Texture: RealSolarSystem/Ribbons/Jupiter/EvaOrbit
[LOG 15:22:23.716] Load Cached PNG Texture: RealSolarSystem/Ribbons/Jupiter/EvaSpace
[LOG 15:22:23.716] Load Cached PNG Texture: RealSolarSystem/Ribbons/Jupiter/FirstAtmosphere
[LOG 15:22:23.716] Load Cached PNG Texture: RealSolarSystem/Ribbons/Jupiter/FirstEvaOrbit
[LOG 15:22:23.716] Load Cached PNG Texture: RealSolarSystem/Ribbons/Jupiter/FirstEvaSpace
[LOG 15:22:23.717] Load Cached PNG Texture: RealSolarSystem/Ribbons/Jupiter/FirstOrbitCapsule
[LOG 15:22:23.717] Load Cached PNG Texture: RealSolarSystem/Ribbons/Jupiter/FirstOrbitCapsuleDocked
[LOG 15:22:23.717] Load Cached PNG Texture: RealSolarSystem/Ribbons/Jupiter/OrbitCapsule
[LOG 15:22:23.717] Load Cached PNG Texture: RealSolarSystem/Ribbons/Jupiter/OrbitCapsuleDocked
[LOG 15:22:23.717] Load Cached PNG Texture: RealSolarSystem/Ribbons/Jupiter/SphereOfInfluence
[LOG 15:22:23.717] Load Cached PNG Texture: RealSolarSystem/Ribbons/Mars/Atmosphere
[LOG 15:22:23.718] Load Cached PNG Texture: RealSolarSystem/Ribbons/Mars/DeepAtmosphere
[LOG 15:22:23.718] Load Cached PNG Texture: RealSolarSystem/Ribbons/Mars/EvaGround
[LOG 15:22:23.718] Load Cached PNG Texture: RealSolarSystem/Ribbons/Mars/EvaOrbit
[LOG 15:22:23.721] Load Cached PNG Texture: RealSolarSystem/Ribbons/Mars/EvaSpace
[LOG 15:22:23.721] Load Cached PNG Texture: RealSolarSystem/Ribbons/Mars/FirstAtmosphere
[LOG 15:22:23.721] Load Cached PNG Texture: RealSolarSystem/Ribbons/Mars/FirstEvaGround
[LOG 15:22:23.721] Load Cached PNG Texture: RealSolarSystem/Ribbons/Mars/FirstEvaOrbit
[LOG 15:22:23.722] Load Cached PNG Texture: RealSolarSystem/Ribbons/Mars/FirstEvaSpace
[LOG 15:22:23.722] Load Cached PNG Texture: RealSolarSystem/Ribbons/Mars/FirstLanding
[LOG 15:22:23.722] Load Cached PNG Texture: RealSolarSystem/Ribbons/Mars/FirstOrbitCapsule
[LOG 15:22:23.723] Load Cached PNG Texture: RealSolarSystem/Ribbons/Mars/FirstOrbitCapsuleDocked
[LOG 15:22:23.723] Load Cached PNG Texture: RealSolarSystem/Ribbons/Mars/FirstPlantFlag
[LOG 15:22:23.732] Load Cached PNG Texture: RealSolarSystem/Ribbons/Mars/FirstRover
[LOG 15:22:23.733] Load Cached PNG Texture: RealSolarSystem/Ribbons/Mars/Landing
[LOG 15:22:23.733] Load Cached PNG Texture: RealSolarSystem/Ribbons/Mars/OrbitCapsule
[LOG 15:22:23.733] Load Cached PNG Texture: RealSolarSystem/Ribbons/Mars/OrbitCapsuleDocked
[LOG 15:22:23.733] Load Cached PNG Texture: RealSolarSystem/Ribbons/Mars/PlantFlag
[LOG 15:22:23.733] Load Cached PNG Texture: RealSolarSystem/Ribbons/Mars/Rover
[LOG 15:22:23.733] Load Cached PNG Texture: RealSolarSystem/Ribbons/Mars/SphereOfInfluence
[LOG 15:22:23.733] Load Cached PNG Texture: RealSolarSystem/Ribbons/Mercury/EvaGround
[LOG 15:22:23.734] Load Cached PNG Texture: RealSolarSystem/Ribbons/Mercury/EvaOrbit
[LOG 15:22:23.734] Load Cached PNG Texture: RealSolarSystem/Ribbons/Mercury/EvaSpace
[LOG 15:22:23.734] Load Cached PNG Texture: RealSolarSystem/Ribbons/Mercury/FirstEvaGround
[LOG 15:22:23.735] Load Cached PNG Texture: RealSolarSystem/Ribbons/Mercury/FirstEvaOrbit
[LOG 15:22:23.738] Load Cached PNG Texture: RealSolarSystem/Ribbons/Mercury/FirstEvaSpace
[LOG 15:22:23.738] Load Cached PNG Texture: RealSolarSystem/Ribbons/Mercury/FirstLanding
[LOG 15:22:23.738] Load Cached PNG Texture: RealSolarSystem/Ribbons/Mercury/FirstOrbitCapsule
[LOG 15:22:23.738] Load Cached PNG Texture: RealSolarSystem/Ribbons/Mercury/FirstOrbitCapsuleDocked
[LOG 15:22:23.738] Load Cached PNG Texture: RealSolarSystem/Ribbons/Mercury/FirstPlantFlag
[LOG 15:22:23.739] Load Cached PNG Texture: RealSolarSystem/Ribbons/Mercury/FirstRover
[LOG 15:22:23.742] Load Cached PNG Texture: RealSolarSystem/Ribbons/Mercury/Landing
[LOG 15:22:23.742] Load Cached PNG Texture: RealSolarSystem/Ribbons/Mercury/OrbitCapsule
[LOG 15:22:23.742] Load Cached PNG Texture: RealSolarSystem/Ribbons/Mercury/OrbitCapsuleDocked
[LOG 15:22:23.742] Load Cached PNG Texture: RealSolarSystem/Ribbons/Mercury/PlantFlag
[LOG 15:22:23.743] Load Cached PNG Texture: RealSolarSystem/Ribbons/Mercury/Rover
[LOG 15:22:23.743] Load Cached PNG Texture: RealSolarSystem/Ribbons/Mercury/SphereOfInfluence
[LOG 15:22:23.743] Load Cached PNG Texture: RealSolarSystem/Ribbons/Mimas/EvaGround
[LOG 15:22:23.743] Load Cached PNG Texture: RealSolarSystem/Ribbons/Mimas/EvaOrbit
[LOG 15:22:23.743] Load Cached PNG Texture: RealSolarSystem/Ribbons/Mimas/EvaSpace
[LOG 15:22:23.744] Load Cached PNG Texture: RealSolarSystem/Ribbons/Mimas/FirstEvaGround
[LOG 15:22:23.744] Load Cached PNG Texture: RealSolarSystem/Ribbons/Mimas/FirstEvaOrbit
[LOG 15:22:23.744] Load Cached PNG Texture: RealSolarSystem/Ribbons/Mimas/FirstEvaSpace
[LOG 15:22:23.744] Load Cached PNG Texture: RealSolarSystem/Ribbons/Mimas/FirstLanding
[LOG 15:22:23.745] Load Cached PNG Texture: RealSolarSystem/Ribbons/Mimas/FirstOrbitCapsule
[LOG 15:22:23.747] Load Cached PNG Texture: RealSolarSystem/Ribbons/Mimas/FirstOrbitCapsuleDocked
[LOG 15:22:23.747] Load Cached PNG Texture: RealSolarSystem/Ribbons/Mimas/FirstPlantFlag
[LOG 15:22:23.747] Load Cached PNG Texture: RealSolarSystem/Ribbons/Mimas/FirstRover
[LOG 15:22:23.748] Load Cached PNG Texture: RealSolarSystem/Ribbons/Mimas/Landing
[LOG 15:22:23.748] Load Cached PNG Texture: RealSolarSystem/Ribbons/Mimas/OrbitCapsule
[LOG 15:22:23.750] Load Cached PNG Texture: RealSolarSystem/Ribbons/Mimas/OrbitCapsuleDocked
[LOG 15:22:23.759] Load Cached PNG Texture: RealSolarSystem/Ribbons/Mimas/PlantFlag
[LOG 15:22:23.759] Load Cached PNG Texture: RealSolarSystem/Ribbons/Mimas/Rover
[LOG 15:22:23.759] Load Cached PNG Texture: RealSolarSystem/Ribbons/Mimas/SphereOfInfluence
[LOG 15:22:23.765] Load Cached PNG Texture: RealSolarSystem/Ribbons/Miranda/EvaGround
[LOG 15:22:23.766] Load Cached PNG Texture: RealSolarSystem/Ribbons/Miranda/EvaOrbit
[LOG 15:22:23.766] Load Cached PNG Texture: RealSolarSystem/Ribbons/Miranda/EvaSpace
[LOG 15:22:23.766] Load Cached PNG Texture: RealSolarSystem/Ribbons/Miranda/FirstEvaGround
[LOG 15:22:23.766] Load Cached PNG Texture: RealSolarSystem/Ribbons/Miranda/FirstEvaOrbit
[LOG 15:22:23.766] Load Cached PNG Texture: RealSolarSystem/Ribbons/Miranda/FirstEvaSpace
[LOG 15:22:23.766] Load Cached PNG Texture: RealSolarSystem/Ribbons/Miranda/FirstLanding
[LOG 15:22:23.766] Load Cached PNG Texture: RealSolarSystem/Ribbons/Miranda/FirstOrbitCapsule
[LOG 15:22:23.766] Load Cached PNG Texture: RealSolarSystem/Ribbons/Miranda/FirstOrbitCapsuleDocked
[LOG 15:22:23.767] Load Cached PNG Texture: RealSolarSystem/Ribbons/Miranda/FirstPlantFlag
[LOG 15:22:23.767] Load Cached PNG Texture: RealSolarSystem/Ribbons/Miranda/FirstRover
[LOG 15:22:23.767] Load Cached PNG Texture: RealSolarSystem/Ribbons/Miranda/Landing
[LOG 15:22:23.767] Load Cached PNG Texture: RealSolarSystem/Ribbons/Miranda/OrbitCapsule
[LOG 15:22:23.768] Load Cached PNG Texture: RealSolarSystem/Ribbons/Miranda/OrbitCapsuleDocked
[LOG 15:22:23.769] Load Cached PNG Texture: RealSolarSystem/Ribbons/Miranda/PlantFlag
[LOG 15:22:23.769] Load Cached PNG Texture: RealSolarSystem/Ribbons/Miranda/Rover
[LOG 15:22:23.769] Load Cached PNG Texture: RealSolarSystem/Ribbons/Miranda/SphereOfInfluence
[LOG 15:22:23.769] Load Cached PNG Texture: RealSolarSystem/Ribbons/Moon/EvaGround
[LOG 15:22:23.769] Load Cached PNG Texture: RealSolarSystem/Ribbons/Moon/EvaOrbit
[LOG 15:22:23.770] Load Cached PNG Texture: RealSolarSystem/Ribbons/Moon/EvaSpace
[LOG 15:22:23.772] Load Cached PNG Texture: RealSolarSystem/Ribbons/Moon/FirstEvaGround
[LOG 15:22:23.772] Load Cached PNG Texture: RealSolarSystem/Ribbons/Moon/FirstEvaOrbit
[LOG 15:22:23.772] Load Cached PNG Texture: RealSolarSystem/Ribbons/Moon/FirstEvaSpace
[LOG 15:22:23.772] Load Cached PNG Texture: RealSolarSystem/Ribbons/Moon/FirstLanding
[LOG 15:22:23.772] Load Cached PNG Texture: RealSolarSystem/Ribbons/Moon/FirstOrbitCapsule
[LOG 15:22:23.773] Load Cached PNG Texture: RealSolarSystem/Ribbons/Moon/FirstOrbitCapsuleDocked
[LOG 15:22:23.773] Load Cached PNG Texture: RealSolarSystem/Ribbons/Moon/FirstPlantFlag
[LOG 15:22:23.773] Load Cached PNG Texture: RealSolarSystem/Ribbons/Moon/FirstRover
[LOG 15:22:23.773] Load Cached PNG Texture: RealSolarSystem/Ribbons/Moon/Landing
[LOG 15:22:23.773] Load Cached PNG Texture: RealSolarSystem/Ribbons/Moon/OrbitCapsule
[LOG 15:22:23.773] Load Cached PNG Texture: RealSolarSystem/Ribbons/Moon/OrbitCapsuleDocked
[LOG 15:22:23.774] Load Cached PNG Texture: RealSolarSystem/Ribbons/Moon/PlantFlag
[LOG 15:22:23.774] Load Cached PNG Texture: RealSolarSystem/Ribbons/Moon/Rover
[LOG 15:22:23.774] Load Cached PNG Texture: RealSolarSystem/Ribbons/Moon/SphereOfInfluence
[LOG 15:22:23.774] Load Cached PNG Texture: RealSolarSystem/Ribbons/Neptune/Atmosphere
[LOG 15:22:23.774] Load Cached PNG Texture: RealSolarSystem/Ribbons/Neptune/DeepAtmosphere
[LOG 15:22:23.774] Load Cached PNG Texture: RealSolarSystem/Ribbons/Neptune/EvaOrbit
[LOG 15:22:23.775] Load Cached PNG Texture: RealSolarSystem/Ribbons/Neptune/EvaSpace
[LOG 15:22:23.775] Load Cached PNG Texture: RealSolarSystem/Ribbons/Neptune/FirstAtmosphere
[LOG 15:22:23.775] Load Cached PNG Texture: RealSolarSystem/Ribbons/Neptune/FirstEvaOrbit
[LOG 15:22:23.775] Load Cached PNG Texture: RealSolarSystem/Ribbons/Neptune/FirstEvaSpace
[LOG 15:22:23.777] Load Cached PNG Texture: RealSolarSystem/Ribbons/Neptune/FirstOrbitCapsule
[LOG 15:22:23.777] Load Cached PNG Texture: RealSolarSystem/Ribbons/Neptune/FirstOrbitCapsuleDocked
[LOG 15:22:23.777] Load Cached PNG Texture: RealSolarSystem/Ribbons/Neptune/OrbitCapsule
[LOG 15:22:23.777] Load Cached PNG Texture: RealSolarSystem/Ribbons/Neptune/OrbitCapsuleDocked
[LOG 15:22:23.778] Load Cached PNG Texture: RealSolarSystem/Ribbons/Neptune/SphereOfInfluence
[LOG 15:22:23.778] Load Cached PNG Texture: RealSolarSystem/Ribbons/Oberon/EvaGround
[LOG 15:22:23.778] Load Cached PNG Texture: RealSolarSystem/Ribbons/Oberon/EvaOrbit
[LOG 15:22:23.778] Load Cached PNG Texture: RealSolarSystem/Ribbons/Oberon/EvaSpace
[LOG 15:22:23.779] Load Cached PNG Texture: RealSolarSystem/Ribbons/Oberon/FirstEvaGround
[LOG 15:22:23.779] Load Cached PNG Texture: RealSolarSystem/Ribbons/Oberon/FirstEvaOrbit
[LOG 15:22:23.779] Load Cached PNG Texture: RealSolarSystem/Ribbons/Oberon/FirstEvaSpace
[LOG 15:22:23.779] Load Cached PNG Texture: RealSolarSystem/Ribbons/Oberon/FirstLanding
[LOG 15:22:23.779] Load Cached PNG Texture: RealSolarSystem/Ribbons/Oberon/FirstOrbitCapsule
[LOG 15:22:23.780] Load Cached PNG Texture: RealSolarSystem/Ribbons/Oberon/FirstOrbitCapsuleDocked
[LOG 15:22:23.780] Load Cached PNG Texture: RealSolarSystem/Ribbons/Oberon/FirstPlantFlag
[LOG 15:22:23.780] Load Cached PNG Texture: RealSolarSystem/Ribbons/Oberon/FirstRover
[LOG 15:22:23.780] Load Cached PNG Texture: RealSolarSystem/Ribbons/Oberon/Landing
[LOG 15:22:23.781] Load Cached PNG Texture: RealSolarSystem/Ribbons/Oberon/OrbitCapsule
[LOG 15:22:23.781] Load Cached PNG Texture: RealSolarSystem/Ribbons/Oberon/OrbitCapsuleDocked
[LOG 15:22:23.781] Load Cached PNG Texture: RealSolarSystem/Ribbons/Oberon/PlantFlag
[LOG 15:22:23.781] Load Cached PNG Texture: RealSolarSystem/Ribbons/Oberon/Rover
[LOG 15:22:23.781] Load Cached PNG Texture: RealSolarSystem/Ribbons/Oberon/SphereOfInfluence
[LOG 15:22:23.782] Load Cached PNG Texture: RealSolarSystem/Ribbons/Phobos/EvaGround
[LOG 15:22:23.782] Load Cached PNG Texture: RealSolarSystem/Ribbons/Phobos/EvaOrbit
[LOG 15:22:23.782] Load Cached PNG Texture: RealSolarSystem/Ribbons/Phobos/EvaSpace
[LOG 15:22:23.786] Load Cached PNG Texture: RealSolarSystem/Ribbons/Phobos/FirstEvaGround
[LOG 15:22:23.786] Load Cached PNG Texture: RealSolarSystem/Ribbons/Phobos/FirstEvaOrbit
[LOG 15:22:23.786] Load Cached PNG Texture: RealSolarSystem/Ribbons/Phobos/FirstEvaSpace
[LOG 15:22:23.786] Load Cached PNG Texture: RealSolarSystem/Ribbons/Phobos/FirstLanding
[LOG 15:22:23.787] Load Cached PNG Texture: RealSolarSystem/Ribbons/Phobos/FirstOrbitCapsule
[LOG 15:22:23.787] Load Cached PNG Texture: RealSolarSystem/Ribbons/Phobos/FirstOrbitCapsuleDocked
[LOG 15:22:23.787] Load Cached PNG Texture: RealSolarSystem/Ribbons/Phobos/FirstPlantFlag
[LOG 15:22:23.787] Load Cached PNG Texture: RealSolarSystem/Ribbons/Phobos/FirstRover
[LOG 15:22:23.788] Load Cached PNG Texture: RealSolarSystem/Ribbons/Phobos/Landing
[LOG 15:22:23.788] Load Cached PNG Texture: RealSolarSystem/Ribbons/Phobos/OrbitCapsule
[LOG 15:22:23.788] Load Cached PNG Texture: RealSolarSystem/Ribbons/Phobos/OrbitCapsuleDocked
[LOG 15:22:23.788] Load Cached PNG Texture: RealSolarSystem/Ribbons/Phobos/PlantFlag
[LOG 15:22:23.788] Load Cached PNG Texture: RealSolarSystem/Ribbons/Phobos/Rover
[LOG 15:22:23.789] Load Cached PNG Texture: RealSolarSystem/Ribbons/Phobos/SphereOfInfluence
[LOG 15:22:23.789] Load Cached PNG Texture: RealSolarSystem/Ribbons/Pluto/Atmosphere
[LOG 15:22:23.789] Load Cached PNG Texture: RealSolarSystem/Ribbons/Pluto/DeepAtmosphere
[LOG 15:22:23.789] Load Cached PNG Texture: RealSolarSystem/Ribbons/Pluto/EvaGround
[LOG 15:22:23.790] Load Cached PNG Texture: RealSolarSystem/Ribbons/Pluto/EvaOrbit
[LOG 15:22:23.790] Load Cached PNG Texture: RealSolarSystem/Ribbons/Pluto/EvaSpace
[LOG 15:22:23.790] Load Cached PNG Texture: RealSolarSystem/Ribbons/Pluto/FirstAtmosphere
[LOG 15:22:23.790] Load Cached PNG Texture: RealSolarSystem/Ribbons/Pluto/FirstEvaGround
[LOG 15:22:23.790] Load Cached PNG Texture: RealSolarSystem/Ribbons/Pluto/FirstEvaOrbit
[LOG 15:22:23.791] Load Cached PNG Texture: RealSolarSystem/Ribbons/Pluto/FirstEvaSpace
[LOG 15:22:23.791] Load Cached PNG Texture: RealSolarSystem/Ribbons/Pluto/FirstLanding
[LOG 15:22:23.791] Load Cached PNG Texture: RealSolarSystem/Ribbons/Pluto/FirstOrbitCapsule
[LOG 15:22:23.791] Load Cached PNG Texture: RealSolarSystem/Ribbons/Pluto/FirstOrbitCapsuleDocked
[LOG 15:22:23.792] Load Cached PNG Texture: RealSolarSystem/Ribbons/Pluto/FirstPlantFlag
[LOG 15:22:23.792] Load Cached PNG Texture: RealSolarSystem/Ribbons/Pluto/FirstRover
[LOG 15:22:23.792] Load Cached PNG Texture: RealSolarSystem/Ribbons/Pluto/Landing
[LOG 15:22:23.792] Load Cached PNG Texture: RealSolarSystem/Ribbons/Pluto/OrbitCapsule
[LOG 15:22:23.792] Load Cached PNG Texture: RealSolarSystem/Ribbons/Pluto/OrbitCapsuleDocked
[LOG 15:22:23.793] Load Cached PNG Texture: RealSolarSystem/Ribbons/Pluto/PlantFlag
[LOG 15:22:23.793] Load Cached PNG Texture: RealSolarSystem/Ribbons/Pluto/Rover
[LOG 15:22:23.794] Load Cached PNG Texture: RealSolarSystem/Ribbons/Pluto/SphereOfInfluence
[LOG 15:22:23.794] Load Cached PNG Texture: RealSolarSystem/Ribbons/Rhea/EvaGround
[LOG 15:22:23.794] Load Cached PNG Texture: RealSolarSystem/Ribbons/Rhea/EvaOrbit
[LOG 15:22:23.794] Load Cached PNG Texture: RealSolarSystem/Ribbons/Rhea/EvaSpace
[LOG 15:22:23.794] Load Cached PNG Texture: RealSolarSystem/Ribbons/Rhea/FirstEvaGround
[LOG 15:22:23.795] Load Cached PNG Texture: RealSolarSystem/Ribbons/Rhea/FirstEvaOrbit
[LOG 15:22:23.795] Load Cached PNG Texture: RealSolarSystem/Ribbons/Rhea/FirstEvaSpace
[LOG 15:22:23.795] Load Cached PNG Texture: RealSolarSystem/Ribbons/Rhea/FirstLanding
[LOG 15:22:23.795] Load Cached PNG Texture: RealSolarSystem/Ribbons/Rhea/FirstOrbitCapsule
[LOG 15:22:23.796] Load Cached PNG Texture: RealSolarSystem/Ribbons/Rhea/FirstOrbitCapsuleDocked
[LOG 15:22:23.796] Load Cached PNG Texture: RealSolarSystem/Ribbons/Rhea/FirstPlantFlag
[LOG 15:22:23.796] Load Cached PNG Texture: RealSolarSystem/Ribbons/Rhea/FirstRover
[LOG 15:22:23.796] Load Cached PNG Texture: RealSolarSystem/Ribbons/Rhea/Landing
[LOG 15:22:23.796] Load Cached PNG Texture: RealSolarSystem/Ribbons/Rhea/OrbitCapsule
[LOG 15:22:23.797] Load Cached PNG Texture: RealSolarSystem/Ribbons/Rhea/OrbitCapsuleDocked
[LOG 15:22:23.797] Load Cached PNG Texture: RealSolarSystem/Ribbons/Rhea/PlantFlag
[LOG 15:22:23.797] Load Cached PNG Texture: RealSolarSystem/Ribbons/Rhea/Rover
[LOG 15:22:23.797] Load Cached PNG Texture: RealSolarSystem/Ribbons/Rhea/SphereOfInfluence
[LOG 15:22:23.798] Load Cached PNG Texture: RealSolarSystem/Ribbons/Saturn/Atmosphere
[LOG 15:22:23.798] Load Cached PNG Texture: RealSolarSystem/Ribbons/Saturn/DeepAtmosphere
[LOG 15:22:23.798] Load Cached PNG Texture: RealSolarSystem/Ribbons/Saturn/EvaOrbit
[LOG 15:22:23.798] Load Cached PNG Texture: RealSolarSystem/Ribbons/Saturn/EvaSpace
[LOG 15:22:23.798] Load Cached PNG Texture: RealSolarSystem/Ribbons/Saturn/FirstAtmosphere
[LOG 15:22:23.800] Load Cached PNG Texture: RealSolarSystem/Ribbons/Saturn/FirstEvaOrbit
[LOG 15:22:23.800] Load Cached PNG Texture: RealSolarSystem/Ribbons/Saturn/FirstEvaSpace
[LOG 15:22:23.800] Load Cached PNG Texture: RealSolarSystem/Ribbons/Saturn/FirstOrbitCapsule
[LOG 15:22:23.800] Load Cached PNG Texture: RealSolarSystem/Ribbons/Saturn/FirstOrbitCapsuleDocked
[LOG 15:22:23.800] Load Cached PNG Texture: RealSolarSystem/Ribbons/Saturn/OrbitCapsule
[LOG 15:22:23.800] Load Cached PNG Texture: RealSolarSystem/Ribbons/Saturn/OrbitCapsuleDocked
[LOG 15:22:23.800] Load Cached PNG Texture: RealSolarSystem/Ribbons/Saturn/SphereOfInfluence
[LOG 15:22:23.800] Load Cached PNG Texture: RealSolarSystem/Ribbons/Sol/Atmosphere
[LOG 15:22:23.801] Load Cached PNG Texture: RealSolarSystem/Ribbons/Sol/CloserSolarOrbit
[LOG 15:22:23.801] Load Cached PNG Texture: RealSolarSystem/Ribbons/Sol/DeepAtmosphere
[LOG 15:22:23.801] Load Cached PNG Texture: RealSolarSystem/Ribbons/Sol/EvaOrbit
[LOG 15:22:23.805] Load Cached PNG Texture: RealSolarSystem/Ribbons/Sol/EvaSpace
[LOG 15:22:23.805] Load Cached PNG Texture: RealSolarSystem/Ribbons/Sol/FirstAtmosphere
[LOG 15:22:23.809] Load Cached PNG Texture: RealSolarSystem/Ribbons/Sol/FirstCloserSolarOrbit
[LOG 15:22:23.809] Load Cached PNG Texture: RealSolarSystem/Ribbons/Sol/FirstEvaOrbit
[LOG 15:22:23.814] Load Cached PNG Texture: RealSolarSystem/Ribbons/Sol/FirstEvaSpace
[LOG 15:22:23.814] Load Cached PNG Texture: RealSolarSystem/Ribbons/Sol/FirstOrbitCapsule
[LOG 15:22:23.814] Load Cached PNG Texture: RealSolarSystem/Ribbons/Sol/FirstOrbitCapsuleDocked
[LOG 15:22:23.814] Load Cached PNG Texture: RealSolarSystem/Ribbons/Sol/OrbitCapsule
[LOG 15:22:23.814] Load Cached PNG Texture: RealSolarSystem/Ribbons/Sol/OrbitCapsuleDocked
[LOG 15:22:23.815] Load Cached PNG Texture: RealSolarSystem/Ribbons/Sol/SphereOfInfluence
[LOG 15:22:23.815] Load Cached PNG Texture: RealSolarSystem/Ribbons/Tethys/EvaGround
[LOG 15:22:23.815] Load Cached PNG Texture: RealSolarSystem/Ribbons/Tethys/EvaOrbit
[LOG 15:22:23.818] Load Cached PNG Texture: RealSolarSystem/Ribbons/Tethys/EvaSpace
[LOG 15:22:23.818] Load Cached PNG Texture: RealSolarSystem/Ribbons/Tethys/FirstEvaGround
[LOG 15:22:23.821] Load Cached PNG Texture: RealSolarSystem/Ribbons/Tethys/FirstEvaOrbit
[LOG 15:22:23.824] Load Cached PNG Texture: RealSolarSystem/Ribbons/Tethys/FirstEvaSpace
[LOG 15:22:23.828] Load Cached PNG Texture: RealSolarSystem/Ribbons/Tethys/FirstLanding
[LOG 15:22:23.837] Load Cached PNG Texture: RealSolarSystem/Ribbons/Tethys/FirstOrbitCapsule
[LOG 15:22:23.844] Load Cached PNG Texture: RealSolarSystem/Ribbons/Tethys/FirstOrbitCapsuleDocked
[LOG 15:22:23.844] Load Cached PNG Texture: RealSolarSystem/Ribbons/Tethys/FirstPlantFlag
[LOG 15:22:23.845] Load Cached PNG Texture: RealSolarSystem/Ribbons/Tethys/FirstRover
[LOG 15:22:23.845] Load Cached PNG Texture: RealSolarSystem/Ribbons/Tethys/Landing
[LOG 15:22:23.845] Load Cached PNG Texture: RealSolarSystem/Ribbons/Tethys/OrbitCapsule
[LOG 15:22:23.845] Load Cached PNG Texture: RealSolarSystem/Ribbons/Tethys/OrbitCapsuleDocked
[LOG 15:22:23.845] Load Cached PNG Texture: RealSolarSystem/Ribbons/Tethys/PlantFlag
[LOG 15:22:23.845] Load Cached PNG Texture: RealSolarSystem/Ribbons/Tethys/Rover
[LOG 15:22:23.847] Load Cached PNG Texture: RealSolarSystem/Ribbons/Tethys/SphereOfInfluence
[LOG 15:22:23.847] Load Cached PNG Texture: RealSolarSystem/Ribbons/Titan/Atmosphere
[LOG 15:22:23.847] Load Cached PNG Texture: RealSolarSystem/Ribbons/Titan/DeepAtmosphere
[LOG 15:22:23.848] Load Cached PNG Texture: RealSolarSystem/Ribbons/Titan/EvaGround
[LOG 15:22:23.848] Load Cached PNG Texture: RealSolarSystem/Ribbons/Titan/EvaOrbit
[LOG 15:22:23.848] Load Cached PNG Texture: RealSolarSystem/Ribbons/Titan/EvaSpace
[LOG 15:22:23.848] Load Cached PNG Texture: RealSolarSystem/Ribbons/Titan/FirstAtmosphere
[LOG 15:22:23.849] Load Cached PNG Texture: RealSolarSystem/Ribbons/Titan/FirstEvaGround
[LOG 15:22:23.849] Load Cached PNG Texture: RealSolarSystem/Ribbons/Titan/FirstEvaOrbit
[LOG 15:22:23.849] Load Cached PNG Texture: RealSolarSystem/Ribbons/Titan/FirstEvaSpace
[LOG 15:22:23.849] Load Cached PNG Texture: RealSolarSystem/Ribbons/Titan/FirstLanding
[LOG 15:22:23.849] Load Cached PNG Texture: RealSolarSystem/Ribbons/Titan/FirstOrbitCapsule
[LOG 15:22:23.849] Load Cached PNG Texture: RealSolarSystem/Ribbons/Titan/FirstOrbitCapsuleDocked
[LOG 15:22:23.850] Load Cached PNG Texture: RealSolarSystem/Ribbons/Titan/FirstPlantFlag
[LOG 15:22:23.852] Load Cached PNG Texture: RealSolarSystem/Ribbons/Titan/FirstRover
[LOG 15:22:23.852] Load Cached PNG Texture: RealSolarSystem/Ribbons/Titan/Landing
[LOG 15:22:23.852] Load Cached PNG Texture: RealSolarSystem/Ribbons/Titan/OrbitCapsule
[LOG 15:22:23.852] Load Cached PNG Texture: RealSolarSystem/Ribbons/Titan/OrbitCapsuleDocked
[LOG 15:22:23.852] Load Cached PNG Texture: RealSolarSystem/Ribbons/Titan/PlantFlag
[LOG 15:22:23.852] Load Cached PNG Texture: RealSolarSystem/Ribbons/Titan/Rover
[LOG 15:22:23.855] Load Cached PNG Texture: RealSolarSystem/Ribbons/Titan/SphereOfInfluence
[LOG 15:22:23.858] Load Cached PNG Texture: RealSolarSystem/Ribbons/Titania/EvaGround
[LOG 15:22:23.863] Load Cached PNG Texture: RealSolarSystem/Ribbons/Titania/EvaOrbit
[LOG 15:22:23.866] Load Cached PNG Texture: RealSolarSystem/Ribbons/Titania/EvaSpace
[LOG 15:22:23.869] Load Cached PNG Texture: RealSolarSystem/Ribbons/Titania/FirstEvaGround
[LOG 15:22:23.872] Load Cached PNG Texture: RealSolarSystem/Ribbons/Titania/FirstEvaOrbit
[LOG 15:22:23.873] Load Cached PNG Texture: RealSolarSystem/Ribbons/Titania/FirstEvaSpace
[LOG 15:22:23.873] Load Cached PNG Texture: RealSolarSystem/Ribbons/Titania/FirstLanding
[LOG 15:22:23.873] Load Cached PNG Texture: RealSolarSystem/Ribbons/Titania/FirstOrbitCapsule
[LOG 15:22:23.873] Load Cached PNG Texture: RealSolarSystem/Ribbons/Titania/FirstOrbitCapsuleDocked
[LOG 15:22:23.873] Load Cached PNG Texture: RealSolarSystem/Ribbons/Titania/FirstPlantFlag
[LOG 15:22:23.873] Load Cached PNG Texture: RealSolarSystem/Ribbons/Titania/FirstRover
[LOG 15:22:23.873] Load Cached PNG Texture: RealSolarSystem/Ribbons/Titania/Landing
[LOG 15:22:23.873] Load Cached PNG Texture: RealSolarSystem/Ribbons/Titania/OrbitCapsule
[LOG 15:22:23.874] Load Cached PNG Texture: RealSolarSystem/Ribbons/Titania/OrbitCapsuleDocked
[LOG 15:22:23.876] Load Cached PNG Texture: RealSolarSystem/Ribbons/Titania/PlantFlag
[LOG 15:22:23.876] Load Cached PNG Texture: RealSolarSystem/Ribbons/Titania/Rover
[LOG 15:22:23.876] Load Cached PNG Texture: RealSolarSystem/Ribbons/Titania/SphereOfInfluence
[LOG 15:22:23.876] Load Cached PNG Texture: RealSolarSystem/Ribbons/Triton/Atmosphere
[LOG 15:22:23.877] Load Cached PNG Texture: RealSolarSystem/Ribbons/Triton/DeepAtmosphere
[LOG 15:22:23.877] Load Cached PNG Texture: RealSolarSystem/Ribbons/Triton/EvaGround
[LOG 15:22:23.877] Load Cached PNG Texture: RealSolarSystem/Ribbons/Triton/EvaOrbit
[LOG 15:22:23.877] Load Cached PNG Texture: RealSolarSystem/Ribbons/Triton/EvaSpace
[LOG 15:22:23.877] Load Cached PNG Texture: RealSolarSystem/Ribbons/Triton/FirstAtmosphere
[LOG 15:22:23.878] Load Cached PNG Texture: RealSolarSystem/Ribbons/Triton/FirstEvaGround
[LOG 15:22:23.878] Load Cached PNG Texture: RealSolarSystem/Ribbons/Triton/FirstEvaOrbit
[LOG 15:22:23.878] Load Cached PNG Texture: RealSolarSystem/Ribbons/Triton/FirstEvaSpace
[LOG 15:22:23.878] Load Cached PNG Texture: RealSolarSystem/Ribbons/Triton/FirstLanding
[LOG 15:22:23.879] Load Cached PNG Texture: RealSolarSystem/Ribbons/Triton/FirstOrbitCapsule
[LOG 15:22:23.879] Load Cached PNG Texture: RealSolarSystem/Ribbons/Triton/FirstOrbitCapsuleDocked
[LOG 15:22:23.879] Load Cached PNG Texture: RealSolarSystem/Ribbons/Triton/FirstPlantFlag
[LOG 15:22:23.879] Load Cached PNG Texture: RealSolarSystem/Ribbons/Triton/FirstRover
[LOG 15:22:23.879] Load Cached PNG Texture: RealSolarSystem/Ribbons/Triton/Landing
[LOG 15:22:23.880] Load Cached PNG Texture: RealSolarSystem/Ribbons/Triton/OrbitCapsule
[LOG 15:22:23.880] Load Cached PNG Texture: RealSolarSystem/Ribbons/Triton/OrbitCapsuleDocked
[LOG 15:22:23.880] Load Cached PNG Texture: RealSolarSystem/Ribbons/Triton/PlantFlag
[LOG 15:22:23.883] Load Cached PNG Texture: RealSolarSystem/Ribbons/Triton/Rover
[LOG 15:22:23.883] Load Cached PNG Texture: RealSolarSystem/Ribbons/Triton/SphereOfInfluence
[LOG 15:22:23.883] Load Cached PNG Texture: RealSolarSystem/Ribbons/Umbriel/EvaGround
[LOG 15:22:23.883] Load Cached PNG Texture: RealSolarSystem/Ribbons/Umbriel/EvaOrbit
[LOG 15:22:23.883] Load Cached PNG Texture: RealSolarSystem/Ribbons/Umbriel/EvaSpace
[LOG 15:22:23.883] Load Cached PNG Texture: RealSolarSystem/Ribbons/Umbriel/FirstEvaGround
[LOG 15:22:23.884] Load Cached PNG Texture: RealSolarSystem/Ribbons/Umbriel/FirstEvaOrbit
[LOG 15:22:23.884] Load Cached PNG Texture: RealSolarSystem/Ribbons/Umbriel/FirstEvaSpace
[LOG 15:22:23.884] Load Cached PNG Texture: RealSolarSystem/Ribbons/Umbriel/FirstLanding
[LOG 15:22:23.884] Load Cached PNG Texture: RealSolarSystem/Ribbons/Umbriel/FirstOrbitCapsule
[LOG 15:22:23.884] Load Cached PNG Texture: RealSolarSystem/Ribbons/Umbriel/FirstOrbitCapsuleDocked
[LOG 15:22:23.884] Load Cached PNG Texture: RealSolarSystem/Ribbons/Umbriel/FirstPlantFlag
[LOG 15:22:23.885] Load Cached PNG Texture: RealSolarSystem/Ribbons/Umbriel/FirstRover
[LOG 15:22:23.887] Load Cached PNG Texture: RealSolarSystem/Ribbons/Umbriel/Landing
[LOG 15:22:23.887] Load Cached PNG Texture: RealSolarSystem/Ribbons/Umbriel/OrbitCapsule
[LOG 15:22:23.887] Load Cached PNG Texture: RealSolarSystem/Ribbons/Umbriel/OrbitCapsuleDocked
[LOG 15:22:23.889] Load Cached PNG Texture: RealSolarSystem/Ribbons/Umbriel/PlantFlag
[LOG 15:22:23.889] Load Cached PNG Texture: RealSolarSystem/Ribbons/Umbriel/Rover
[LOG 15:22:23.889] Load Cached PNG Texture: RealSolarSystem/Ribbons/Umbriel/SphereOfInfluence
[LOG 15:22:23.889] Load Cached PNG Texture: RealSolarSystem/Ribbons/Uranus/Atmosphere
[LOG 15:22:23.889] Load Cached PNG Texture: RealSolarSystem/Ribbons/Uranus/DeepAtmosphere
[LOG 15:22:23.890] Load Cached PNG Texture: RealSolarSystem/Ribbons/Uranus/EvaOrbit
[LOG 15:22:23.890] Load Cached PNG Texture: RealSolarSystem/Ribbons/Uranus/EvaSpace
[LOG 15:22:23.890] Load Cached PNG Texture: RealSolarSystem/Ribbons/Uranus/FirstAtmosphere
[LOG 15:22:23.890] Load Cached PNG Texture: RealSolarSystem/Ribbons/Uranus/FirstEvaOrbit
[LOG 15:22:23.890] Load Cached PNG Texture: RealSolarSystem/Ribbons/Uranus/FirstEvaSpace
[LOG 15:22:23.890] Load Cached PNG Texture: RealSolarSystem/Ribbons/Uranus/FirstOrbitCapsule
[LOG 15:22:23.893] Load Cached PNG Texture: RealSolarSystem/Ribbons/Uranus/FirstOrbitCapsuleDocked
[LOG 15:22:23.893] Load Cached PNG Texture: RealSolarSystem/Ribbons/Uranus/OrbitCapsule
[LOG 15:22:23.895] Load Cached PNG Texture: RealSolarSystem/Ribbons/Uranus/OrbitCapsuleDocked
[LOG 15:22:23.895] Load Cached PNG Texture: RealSolarSystem/Ribbons/Uranus/SphereOfInfluence
[LOG 15:22:23.895] Load Cached PNG Texture: RealSolarSystem/Ribbons/Venus/Atmosphere
[LOG 15:22:23.895] Load Cached PNG Texture: RealSolarSystem/Ribbons/Venus/DeepAtmosphere
[LOG 15:22:23.895] Load Cached PNG Texture: RealSolarSystem/Ribbons/Venus/EvaGround
[LOG 15:22:23.896] Load Cached PNG Texture: RealSolarSystem/Ribbons/Venus/EvaOrbit
[LOG 15:22:23.896] Load Cached PNG Texture: RealSolarSystem/Ribbons/Venus/EvaSpace
[LOG 15:22:23.897] Load Cached PNG Texture: RealSolarSystem/Ribbons/Venus/FirstAtmosphere
[LOG 15:22:23.897] Load Cached PNG Texture: RealSolarSystem/Ribbons/Venus/FirstEvaGround
[LOG 15:22:23.897] Load Cached PNG Texture: RealSolarSystem/Ribbons/Venus/FirstEvaOrbit
[LOG 15:22:23.897] Load Cached PNG Texture: RealSolarSystem/Ribbons/Venus/FirstEvaSpace
[LOG 15:22:23.897] Load Cached PNG Texture: RealSolarSystem/Ribbons/Venus/FirstLanding
[LOG 15:22:23.900] Load Cached PNG Texture: RealSolarSystem/Ribbons/Venus/FirstOrbitCapsule
[LOG 15:22:23.900] Load Cached PNG Texture: RealSolarSystem/Ribbons/Venus/FirstOrbitCapsuleDocked
[LOG 15:22:23.901] Load Cached PNG Texture: RealSolarSystem/Ribbons/Venus/FirstPlantFlag
[LOG 15:22:23.901] Load Cached PNG Texture: RealSolarSystem/Ribbons/Venus/FirstRover
[LOG 15:22:23.901] Load Cached PNG Texture: RealSolarSystem/Ribbons/Venus/Landing
[LOG 15:22:23.901] Load Cached PNG Texture: RealSolarSystem/Ribbons/Venus/OrbitCapsule
[LOG 15:22:23.901] Load Cached PNG Texture: RealSolarSystem/Ribbons/Venus/OrbitCapsuleDocked
[LOG 15:22:23.905] Load Cached PNG Texture: RealSolarSystem/Ribbons/Venus/PlantFlag
[LOG 15:22:23.905] Load Cached PNG Texture: RealSolarSystem/Ribbons/Venus/Rover
[LOG 15:22:23.905] Load Cached PNG Texture: RealSolarSystem/Ribbons/Venus/SphereOfInfluence
[LOG 15:22:23.907] Load Cached PNG Texture: RealSolarSystem/Ribbons/Vesta/EvaGround
[LOG 15:22:23.907] Load Cached PNG Texture: RealSolarSystem/Ribbons/Vesta/EvaOrbit
[LOG 15:22:23.907] Load Cached PNG Texture: RealSolarSystem/Ribbons/Vesta/EvaSpace
[LOG 15:22:23.907] Load Cached PNG Texture: RealSolarSystem/Ribbons/Vesta/FirstEvaGround
[LOG 15:22:23.907] Load Cached PNG Texture: RealSolarSystem/Ribbons/Vesta/FirstEvaOrbit
[LOG 15:22:23.907] Load Cached PNG Texture: RealSolarSystem/Ribbons/Vesta/FirstEvaSpace
[LOG 15:22:23.907] Load Cached PNG Texture: RealSolarSystem/Ribbons/Vesta/FirstLanding
[LOG 15:22:23.907] Load Cached PNG Texture: RealSolarSystem/Ribbons/Vesta/FirstOrbitCapsule
[LOG 15:22:23.907] Load Cached PNG Texture: RealSolarSystem/Ribbons/Vesta/FirstOrbitCapsuleDocked
[LOG 15:22:23.907] Load Cached PNG Texture: RealSolarSystem/Ribbons/Vesta/FirstPlantFlag
[LOG 15:22:23.908] Load Cached PNG Texture: RealSolarSystem/Ribbons/Vesta/FirstRover
[LOG 15:22:23.908] Load Cached PNG Texture: RealSolarSystem/Ribbons/Vesta/Landing
[LOG 15:22:23.908] Load Cached PNG Texture: RealSolarSystem/Ribbons/Vesta/OrbitCapsule
[LOG 15:22:23.908] Load Cached PNG Texture: RealSolarSystem/Ribbons/Vesta/OrbitCapsuleDocked
[LOG 15:22:23.911] Load Cached PNG Texture: RealSolarSystem/Ribbons/Vesta/PlantFlag
[LOG 15:22:23.911] Load Cached PNG Texture: RealSolarSystem/Ribbons/Vesta/Rover
[LOG 15:22:23.911] Load Cached PNG Texture: RealSolarSystem/Ribbons/Vesta/SphereOfInfluence
[LOG 15:22:23.922] Load DDS texture: RSS-Textures/EarthColor
[LOG 15:22:23.926] Load DDS texture: RSS-Textures/Earth_NRM
[LOG 15:22:23.929] Load DDS texture: RSS-Textures/MoonColor
[LOG 15:22:23.931] Load DDS texture: RSS-Textures/Moon_NRM
[LOG 15:22:23.934] Load DDS texture: Squad/Agencies/C7AerospaceDivision
[LOG 15:22:23.936] Load TRUECOLOR texture: Squad/Agencies/C7AerospaceDivision_scaled
[LOG 15:22:23.936] Load DDS texture: Squad/Agencies/DinkelsteinKermansConstructionEmporium
[LOG 15:22:23.936] Load TRUECOLOR texture: Squad/Agencies/DinkelsteinKermansConstructionEmporium_scaled
[LOG 15:22:23.937] Load DDS texture: Squad/Agencies/ExperimentalEngineering
[LOG 15:22:23.937] Load TRUECOLOR texture: Squad/Agencies/ExperimentalEngineering_scaled
[LOG 15:22:23.937] Load DDS texture: Squad/Agencies/FlooydResearchLab
[LOG 15:22:23.938] Load TRUECOLOR texture: Squad/Agencies/FlooydResearchLab_scaled
[LOG 15:22:23.938] Load DDS texture: Squad/Agencies/GoliathNationalProducts
[LOG 15:22:23.938] Load TRUECOLOR texture: Squad/Agencies/GoliathNationalProducts_scaled
[LOG 15:22:23.938] Load DDS texture: Squad/Agencies/IntegratedIntegrals
[LOG 15:22:23.940] Load TRUECOLOR texture: Squad/Agencies/IntegratedIntegrals_scaled
[LOG 15:22:23.941] Load DDS texture: Squad/Agencies/IonicSymphonicProtonicElectronics
[LOG 15:22:23.945] Load TRUECOLOR texture: Squad/Agencies/IonicSymphonicProtonicElectronics_scaled
[LOG 15:22:23.946] Load DDS texture: Squad/Agencies/JebsJunkyard
[LOG 15:22:23.946] Load TRUECOLOR texture: Squad/Agencies/JebsJunkyard_scaled
[LOG 15:22:23.947] Load DDS texture: Squad/Agencies/KerbalMotion
[LOG 15:22:23.947] Load TRUECOLOR texture: Squad/Agencies/KerbalMotion_scaled
[LOG 15:22:23.947] Load DDS texture: Squad/Agencies/KerbinWorldFirstRecordKeepingSociety
[LOG 15:22:23.947] Load TRUECOLOR texture: Squad/Agencies/KerbinWorldFirstRecordKeepingSociety_scaled
[LOG 15:22:23.948] Load DDS texture: Squad/Agencies/Kerbodyne
[LOG 15:22:23.948] Load TRUECOLOR texture: Squad/Agencies/Kerbodyne_scaled
[LOG 15:22:23.949] Load DDS texture: Squad/Agencies/Kerlington
[LOG 15:22:23.949] Load TRUECOLOR texture: Squad/Agencies/Kerlington_scaled
[LOG 15:22:23.949] Load DDS texture: Squad/Agencies/MaxoConstructionToys
[LOG 15:22:23.949] Load TRUECOLOR texture: Squad/Agencies/MaxoConstructionToys_scaled
[LOG 15:22:23.950] Load DDS texture: Squad/Agencies/MovingPartsExpertsGroup
[LOG 15:22:23.950] Load TRUECOLOR texture: Squad/Agencies/MovingPartsExpertsGroup_scaled
[LOG 15:22:23.950] Load DDS texture: Squad/Agencies/OMBDemolition
[LOG 15:22:23.950] Load TRUECOLOR texture: Squad/Agencies/OMBDemolition_scaled
[LOG 15:22:23.952] Load DDS texture: Squad/Agencies/PeriapsisCo
[LOG 15:22:23.952] Load TRUECOLOR texture: Squad/Agencies/PeriapsisCo_scaled
[LOG 15:22:23.952] Load DDS texture: Squad/Agencies/Probodobodyne
[LOG 15:22:23.952] Load TRUECOLOR texture: Squad/Agencies/Probodobodyne_scaled
[LOG 15:22:23.953] Load DDS texture: Squad/Agencies/R&D
[LOG 15:22:23.953] Load TRUECOLOR texture: Squad/Agencies/R&D_scaled
[LOG 15:22:23.953] Load DDS texture: Squad/Agencies/ReactionSystemsLtd
[LOG 15:22:23.954] Load TRUECOLOR texture: Squad/Agencies/ReactionSystemsLtd_scaled
[LOG 15:22:23.954] Load DDS texture: Squad/Agencies/Rockomax
[LOG 15:22:23.954] Load TRUECOLOR texture: Squad/Agencies/Rockomax_scaled
[LOG 15:22:23.955] Load DDS texture: Squad/Agencies/Rokea
[LOG 15:22:23.955] Load TRUECOLOR texture: Squad/Agencies/Rokea_scaled
[LOG 15:22:23.955] Load DDS texture: Squad/Agencies/SeansCannery
[LOG 15:22:23.955] Load TRUECOLOR texture: Squad/Agencies/SeansCannery_scaled
[LOG 15:22:23.956] Load DDS texture: Squad/Agencies/SteadlerEngineeringCorps
[LOG 15:22:23.956] Load TRUECOLOR texture: Squad/Agencies/SteadlerEngineeringCorps_scaled
[LOG 15:22:23.957] Load DDS texture: Squad/Agencies/StrutCo
[LOG 15:22:23.957] Load TRUECOLOR texture: Squad/Agencies/StrutCo_scaled
[LOG 15:22:23.957] Load DDS texture: Squad/Agencies/Vac-Co
[LOG 15:22:23.957] Load TRUECOLOR texture: Squad/Agencies/Vac-Co_scaled
[LOG 15:22:23.957] Load DDS texture: Squad/Agencies/WinterOwl
[LOG 15:22:23.958] Load TRUECOLOR texture: Squad/Agencies/WinterOwl_scaled
[LOG 15:22:23.959] Load DDS texture: Squad/Agencies/ZaltonicElectronics
[LOG 15:22:23.959] Load TRUECOLOR texture: Squad/Agencies/ZaltonicElectronics_scaled
[LOG 15:22:23.959] Load Cached PNG Texture: Squad/Alarms/Icons/ap
[LOG 15:22:23.959] Load Cached PNG Texture: Squad/Alarms/Icons/default
[LOG 15:22:23.959] Load Cached PNG Texture: Squad/Alarms/Icons/maneuver
[LOG 15:22:23.959] Load Cached PNG Texture: Squad/Alarms/Icons/pe
[LOG 15:22:23.960] Load Cached PNG Texture: Squad/Alarms/Icons/raw
[LOG 15:22:23.960] Load Cached PNG Texture: Squad/Alarms/Icons/soi
[LOG 15:22:23.960] Load Cached PNG Texture: Squad/Alarms/Icons/xfer
[LOG 15:22:23.960] Load DDS texture: Squad/Contracts/Icons/balloon
[LOG 15:22:23.961] Load DDS texture: Squad/Contracts/Icons/custom
[LOG 15:22:23.961] Load DDS texture: Squad/Contracts/Icons/default
[LOG 15:22:23.961] Load DDS texture: Squad/Contracts/Icons/dish
[LOG 15:22:23.961] Load DDS texture: Squad/Contracts/Icons/eva
[LOG 15:22:23.962] Load DDS texture: Squad/Contracts/Icons/gravity
[LOG 15:22:23.962] Load Cached PNG Texture: Squad/Contracts/Icons/ksc
[LOG 15:22:23.962] Load DDS texture: Squad/Contracts/Icons/launchsite
[LOG 15:22:23.962] Load DDS texture: Squad/Contracts/Icons/marker
[LOG 15:22:23.963] Load DDS texture: Squad/Contracts/Icons/pressure
[LOG 15:22:23.963] Load DDS texture: Squad/Contracts/Icons/report
[LOG 15:22:23.963] Load DDS texture: Squad/Contracts/Icons/runway
[LOG 15:22:23.963] Load DDS texture: Squad/Contracts/Icons/sample
[LOG 15:22:23.964] Load DDS texture: Squad/Contracts/Icons/seismic
[LOG 15:22:23.964] Load DDS texture: Squad/Contracts/Icons/thermometer
[LOG 15:22:23.964] Load DDS texture: Squad/Contracts/Icons/vessel
[LOG 15:22:23.964] Load Cached PNG Texture: Squad/Flags/09
[LOG 15:22:23.964] Load Cached PNG Texture: Squad/Flags/blorbs
[LOG 15:22:23.965] Load Cached PNG Texture: Squad/Flags/bullseye
[LOG 15:22:23.965] Load Cached PNG Texture: Squad/Flags/capsule
[LOG 15:22:23.965] Load Cached PNG Texture: Squad/Flags/circles
[LOG 15:22:23.965] Load Cached PNG Texture: Squad/Flags/default
[LOG 15:22:23.965] Load Cached PNG Texture: Squad/Flags/hexagon
[LOG 15:22:23.966] Load Cached PNG Texture: Squad/Flags/hexagonCircles
[LOG 15:22:23.966] Load Cached PNG Texture: Squad/Flags/kerbal1
[LOG 15:22:23.966] Load Cached PNG Texture: Squad/Flags/kerbal2
[LOG 15:22:23.967] Load Cached PNG Texture: Squad/Flags/kerbin
[LOG 15:22:23.967] Load Cached PNG Texture: Squad/Flags/kerbinmunflag
[LOG 15:22:23.967] Load Cached PNG Texture: Squad/Flags/line
[LOG 15:22:23.968] Load Cached PNG Texture: Squad/Flags/minimalistic
[LOG 15:22:23.968] Load Cached PNG Texture: Squad/Flags/orbit
[LOG 15:22:23.970] Load Cached PNG Texture: Squad/Flags/orbs
[LOG 15:22:23.970] Load Cached PNG Texture: Squad/Flags/retro
[LOG 15:22:23.970] Load Cached PNG Texture: Squad/Flags/rings
[LOG 15:22:23.970] Load Cached PNG Texture: Squad/Flags/rocketScience
[LOG 15:22:23.970] Load Cached PNG Texture: Squad/Flags/satellite
[LOG 15:22:23.970] Load Cached PNG Texture: Squad/Flags/Sentinel_Flag
[LOG 15:22:23.970] Load Cached PNG Texture: Squad/Flags/spheres
[LOG 15:22:23.971] Load Cached PNG Texture: Squad/Flags/squadLogo
[LOG 15:22:23.971] Load Cached PNG Texture: Squad/Flags/squadLogo2
[LOG 15:22:23.973] Load Cached PNG Texture: Squad/Flags/stripes
[LOG 15:22:23.973] Load Cached PNG Texture: Squad/Flags/trees
[LOG 15:22:23.973] Load Cached PNG Texture: Squad/Flags/trippy
[LOG 15:22:23.974] Load Cached PNG Texture: Squad/FlagsAgency/esa_dark_blue
[LOG 15:22:23.974] Load Cached PNG Texture: Squad/FlagsAgency/NASA
[LOG 15:22:23.974] Load Cached PNG Texture: Squad/FlagsAgency/uk_space_agency
[LOG 15:22:23.974] Load Cached PNG Texture: Squad/FlagsOrganization/B612_Foundation_flag
[LOG 15:22:23.974] Load Cached PNG Texture: Squad/FlagsOrganization/electron
[LOG 15:22:23.974] Load Cached PNG Texture: Squad/FlagsOrganization/ESA_Arianespace
[LOG 15:22:23.976] Load Cached PNG Texture: Squad/FlagsOrganization/rocketlab
[LOG 15:22:23.976] Load DDS texture: Squad/FX/DiamondBlue
[LOG 15:22:23.976] Load DDS texture: Squad/FX/FlameBlueOrange
[LOG 15:22:23.976] Load DDS texture: Squad/FX/FlamePurple
[LOG 15:22:23.976] Load DDS texture: Squad/FX/FlameRed
[LOG 15:22:23.977] Load DDS texture: Squad/FX/FlameRedOrange
[LOG 15:22:23.977] Load DDS texture: Squad/FX/Monoprop
[LOG 15:22:23.977] Load DDS texture: Squad/FX/plasma2
[LOG 15:22:23.977] Load DDS texture: Squad/FX/rocketplume2
[LOG 15:22:23.977] Load DDS texture: Squad/FX/shockDiamond2
[LOG 15:22:23.978] Load DDS texture: Squad/FX/smokepuff1
[LOG 15:22:23.980] Load DDS texture: Squad/Interiors/Administration/AdminBuilding_Lvl1
[LOG 15:22:23.996] Load DDS texture: Squad/Interiors/Administration/AdminBuilding_Lvl2
[LOG 15:22:24.008] Load DDS texture: Squad/Interiors/Administration/AdminBuilding_Lvl3
[LOG 15:22:24.016] Load DDS texture: Squad/MenuProps/MunOrBust
[LOG 15:22:24.017] Load Cached PNG Texture: Squad/Missions/Banners/Fail/default
[LOG 15:22:24.017] Load PNG texture: Squad/Missions/Banners/Menu/default
[WRN 15:22:24.030] Texture isn't eligible for DXT compression, width and height must be multiples of 4
[LOG 15:22:24.030] Load Cached PNG Texture: Squad/Missions/Banners/Success/default
[LOG 15:22:24.031] Load PNG texture: Squad/Missions/ESA-BepiColombo/Banners/Fail/ESA_MB_Fail_01
[WRN 15:22:24.037] Texture isn't eligible for DXT compression, width and height must be multiples of 4
[LOG 15:22:24.037] Load PNG texture: Squad/Missions/ESA-BepiColombo/Banners/Menu/ESA_MB_Select_01
[WRN 15:22:24.041] Texture isn't eligible for DXT compression, width and height must be multiples of 4
[LOG 15:22:24.042] Load PNG texture: Squad/Missions/ESA-BepiColombo/Banners/Success/ESA_MB_Success_01
[WRN 15:22:24.046] Texture isn't eligible for DXT compression, width and height must be multiples of 4
[LOG 15:22:24.046] Load PNG texture: Squad/Missions/ESA-BepiColombo-Short/Banners/Fail/ESA_MB_Fail_01
[WRN 15:22:24.050] Texture isn't eligible for DXT compression, width and height must be multiples of 4
[LOG 15:22:24.051] Load PNG texture: Squad/Missions/ESA-BepiColombo-Short/Banners/Menu/ESA_MB_Select_01
[WRN 15:22:24.055] Texture isn't eligible for DXT compression, width and height must be multiples of 4
[LOG 15:22:24.055] Load PNG texture: Squad/Missions/ESA-BepiColombo-Short/Banners/Success/ESA_MB_Success_01
[WRN 15:22:24.060] Texture isn't eligible for DXT compression, width and height must be multiples of 4
[LOG 15:22:24.060] Load PNG texture: Squad/Missions/ESA-Rosetta/Banners/Fail/ESA_MB_Fail_02
[WRN 15:22:24.065] Texture isn't eligible for DXT compression, width and height must be multiples of 4
[LOG 15:22:24.065] Load PNG texture: Squad/Missions/ESA-Rosetta/Banners/Menu/ESA_MB_Select_02
[WRN 15:22:24.071] Texture isn't eligible for DXT compression, width and height must be multiples of 4
[LOG 15:22:24.071] Load PNG texture: Squad/Missions/ESA-Rosetta/Banners/Success/ESA_MB_Success_02
[WRN 15:22:24.076] Texture isn't eligible for DXT compression, width and height must be multiples of 4
[LOG 15:22:24.076] Load Cached PNG Texture: Squad/PartList/SimpleIcons/ablator
[LOG 15:22:24.077] Load Cached PNG Texture: Squad/PartList/SimpleIcons/active_radiator
[LOG 15:22:24.077] Load Cached PNG Texture: Squad/PartList/SimpleIcons/asteroid_drill
[LOG 15:22:24.077] Load Cached PNG Texture: Squad/PartList/SimpleIcons/cargo_part
[LOG 15:22:24.077] Load Cached PNG Texture: Squad/PartList/SimpleIcons/comet_drill
[LOG 15:22:24.077] Load Cached PNG Texture: Squad/PartList/SimpleIcons/core_heat
[LOG 15:22:24.077] Load Cached PNG Texture: Squad/PartList/SimpleIcons/cs_main
[LOG 15:22:24.077] Load Cached PNG Texture: Squad/PartList/SimpleIcons/cs_mk2
[LOG 15:22:24.077] Load Cached PNG Texture: Squad/PartList/SimpleIcons/cs_mk3
[LOG 15:22:24.077] Load Cached PNG Texture: Squad/PartList/SimpleIcons/cs_size0
[LOG 15:22:24.078] Load Cached PNG Texture: Squad/PartList/SimpleIcons/cs_size1
[LOG 15:22:24.078] Load Cached PNG Texture: Squad/PartList/SimpleIcons/cs_size1p5
[LOG 15:22:24.078] Load Cached PNG Texture: Squad/PartList/SimpleIcons/cs_size2
[LOG 15:22:24.078] Load Cached PNG Texture: Squad/PartList/SimpleIcons/cs_size3
[LOG 15:22:24.078] Load Cached PNG Texture: Squad/PartList/SimpleIcons/cs_size4
[LOG 15:22:24.079] Load Cached PNG Texture: Squad/PartList/SimpleIcons/cs_surface
[LOG 15:22:24.079] Load Cached PNG Texture: Squad/PartList/SimpleIcons/custom_built_fairing
[LOG 15:22:24.079] Load Cached PNG Texture: Squad/PartList/SimpleIcons/deployable_antenna
[LOG 15:22:24.079] Load Cached PNG Texture: Squad/PartList/SimpleIcons/deployable_comms_part
[LOG 15:22:24.082] Load Cached PNG Texture: Squad/PartList/SimpleIcons/deployable_ground_part
[LOG 15:22:24.082] Load Cached PNG Texture: Squad/PartList/SimpleIcons/deployable_part
[LOG 15:22:24.082] Load Cached PNG Texture: Squad/PartList/SimpleIcons/deployable_radiator
[LOG 15:22:24.082] Load Cached PNG Texture: Squad/PartList/SimpleIcons/deployed_science_control_unit
[LOG 15:22:24.082] Load Cached PNG Texture: Squad/PartList/SimpleIcons/deployed_science_experiment
[LOG 15:22:24.082] Load Cached PNG Texture: Squad/PartList/SimpleIcons/deployed_science_part
[LOG 15:22:24.083] Load Cached PNG Texture: Squad/PartList/SimpleIcons/enviro_sensor
[LOG 15:22:24.083] Load Cached PNG Texture: Squad/PartList/SimpleIcons/experience_management
[LOG 15:22:24.083] Load Cached PNG Texture: Squad/PartList/SimpleIcons/fuels_monopropellant
[LOG 15:22:24.083] Load Cached PNG Texture: Squad/PartList/SimpleIcons/fuels_ore
[LOG 15:22:24.083] Load Cached PNG Texture: Squad/PartList/SimpleIcons/fuels_oxidizer
[LOG 15:22:24.083] Load Cached PNG Texture: Squad/PartList/SimpleIcons/fuels_solidfuel
[LOG 15:22:24.083] Load Cached PNG Texture: Squad/PartList/SimpleIcons/fuels_xenongas
[LOG 15:22:24.083] Load Cached PNG Texture: Squad/PartList/SimpleIcons/inventory_part
[LOG 15:22:24.083] Load Cached PNG Texture: Squad/PartList/SimpleIcons/kerbnet_access
[LOG 15:22:24.083] Load Cached PNG Texture: Squad/PartList/SimpleIcons/number1
[LOG 15:22:24.083] Load Cached PNG Texture: Squad/PartList/SimpleIcons/number2
[LOG 15:22:24.084] Load Cached PNG Texture: Squad/PartList/SimpleIcons/number3
[LOG 15:22:24.085] Load Cached PNG Texture: Squad/PartList/SimpleIcons/number4
[LOG 15:22:24.085] Load Cached PNG Texture: Squad/PartList/SimpleIcons/number5
[LOG 15:22:24.085] Load Cached PNG Texture: Squad/PartList/SimpleIcons/number6
[LOG 15:22:24.085] Load Cached PNG Texture: Squad/PartList/SimpleIcons/number7
[LOG 15:22:24.085] Load Cached PNG Texture: Squad/PartList/SimpleIcons/number8
[LOG 15:22:24.085] Load Cached PNG Texture: Squad/PartList/SimpleIcons/number9
[LOG 15:22:24.085] Load Cached PNG Texture: Squad/PartList/SimpleIcons/probe_control_unit
[LOG 15:22:24.085] Load Cached PNG Texture: Squad/PartList/SimpleIcons/R&D_node_icon_advaerodynamics
[LOG 15:22:24.085] Load Cached PNG Texture: Squad/PartList/SimpleIcons/R&D_node_icon_advancedmotors
[LOG 15:22:24.085] Load Cached PNG Texture: Squad/PartList/SimpleIcons/R&D_node_icon_advconstruction
[LOG 15:22:24.086] Load Cached PNG Texture: Squad/PartList/SimpleIcons/R&D_node_icon_advelectrics
[LOG 15:22:24.086] Load Cached PNG Texture: Squad/PartList/SimpleIcons/R&D_node_icon_advexploration
[LOG 15:22:24.086] Load Cached PNG Texture: Squad/PartList/SimpleIcons/R&D_node_icon_advflightcontrol
[LOG 15:22:24.086] Load Cached PNG Texture: Squad/PartList/SimpleIcons/R&D_node_icon_advlanding
[LOG 15:22:24.086] Load Cached PNG Texture: Squad/PartList/SimpleIcons/R&D_node_icon_advmetalworks
[LOG 15:22:24.086] Load Cached PNG Texture: Squad/PartList/SimpleIcons/R&D_node_icon_advrocketry
[LOG 15:22:24.086] Load Cached PNG Texture: Squad/PartList/SimpleIcons/R&D_node_icon_advsciencetech
[LOG 15:22:24.086] Load Cached PNG Texture: Squad/PartList/SimpleIcons/R&D_node_icon_advunmanned
[LOG 15:22:24.086] Load Cached PNG Texture: Squad/PartList/SimpleIcons/R&D_node_icon_aerodynamicsystems
[LOG 15:22:24.086] Load Cached PNG Texture: Squad/PartList/SimpleIcons/R&D_node_icon_aerospacetech
[LOG 15:22:24.086] Load Cached PNG Texture: Squad/PartList/SimpleIcons/R&D_node_icon_automation
[LOG 15:22:24.087] Load Cached PNG Texture: Squad/PartList/SimpleIcons/R&D_node_icon_basicprobes
[LOG 15:22:24.087] Load Cached PNG Texture: Squad/PartList/SimpleIcons/R&D_node_icon_basicrocketry
[LOG 15:22:24.087] Load Cached PNG Texture: Squad/PartList/SimpleIcons/R&D_node_icon_composites
[LOG 15:22:24.087] Load Cached PNG Texture: Squad/PartList/SimpleIcons/R&D_node_icon_electrics
[LOG 15:22:24.087] Load Cached PNG Texture: Squad/PartList/SimpleIcons/R&D_node_icon_electronics
[LOG 15:22:24.087] Load Cached PNG Texture: Squad/PartList/SimpleIcons/R&D_node_icon_evatech
[LOG 15:22:24.087] Load Cached PNG Texture: Squad/PartList/SimpleIcons/R&D_node_icon_experimentalaerodynamics
[LOG 15:22:24.087] Load Cached PNG Texture: Squad/PartList/SimpleIcons/R&D_node_icon_experimentalelectrics
[LOG 15:22:24.087] Load Cached PNG Texture: Squad/PartList/SimpleIcons/R&D_node_icon_experimentalmotors
[LOG 15:22:24.087] Load Cached PNG Texture: Squad/PartList/SimpleIcons/R&D_node_icon_experimentalrocketry
[LOG 15:22:24.087] Load Cached PNG Texture: Squad/PartList/SimpleIcons/R&D_node_icon_experimentalscience
[LOG 15:22:24.088] Load Cached PNG Texture: Squad/PartList/SimpleIcons/R&D_node_icon_fieldscience
[LOG 15:22:24.088] Load Cached PNG Texture: Squad/PartList/SimpleIcons/R&D_node_icon_flightcontrol
[LOG 15:22:24.088] Load Cached PNG Texture: Squad/PartList/SimpleIcons/R&D_node_icon_fuelsystems
[LOG 15:22:24.088] Load Cached PNG Texture: Squad/PartList/SimpleIcons/R&D_node_icon_generalconstruction
[LOG 15:22:24.088] Load Cached PNG Texture: Squad/PartList/SimpleIcons/R&D_node_icon_generalrocketry
[LOG 15:22:24.088] Load Cached PNG Texture: Squad/PartList/SimpleIcons/R&D_node_icon_generic
[LOG 15:22:24.088] Load Cached PNG Texture: Squad/PartList/SimpleIcons/R&D_node_icon_heavierrocketry
[LOG 15:22:24.088] Load Cached PNG Texture: Squad/PartList/SimpleIcons/R&D_node_icon_heavyaerodynamics
[LOG 15:22:24.088] Load Cached PNG Texture: Squad/PartList/SimpleIcons/R&D_node_icon_heavyrocketry
[LOG 15:22:24.088] Load Cached PNG Texture: Squad/PartList/SimpleIcons/R&D_node_icon_highaltitudeflight
[LOG 15:22:24.088] Load Cached PNG Texture: Squad/PartList/SimpleIcons/R&D_node_icon_highaltitudepropulsion
[LOG 15:22:24.089] Load Cached PNG Texture: Squad/PartList/SimpleIcons/R&D_node_icon_hypersonicflight
[LOG 15:22:24.089] Load Cached PNG Texture: Squad/PartList/SimpleIcons/R&D_node_icon_ionpropulsion
[LOG 15:22:24.089] Load Cached PNG Texture: Squad/PartList/SimpleIcons/R&D_node_icon_landing
[LOG 15:22:24.089] Load Cached PNG Texture: Squad/PartList/SimpleIcons/R&D_node_icon_largecontrol
[LOG 15:22:24.089] Load Cached PNG Texture: Squad/PartList/SimpleIcons/R&D_node_icon_largeelectrics
[LOG 15:22:24.089] Load Cached PNG Texture: Squad/PartList/SimpleIcons/R&D_node_icon_largeprobes
[LOG 15:22:24.089] Load Cached PNG Texture: Squad/PartList/SimpleIcons/R&D_node_icon_metamaterials
[LOG 15:22:24.089] Load Cached PNG Texture: Squad/PartList/SimpleIcons/R&D_node_icon_nanolathing
[LOG 15:22:24.089] Load Cached PNG Texture: Squad/PartList/SimpleIcons/R&D_node_icon_nuclearpropulsion
[LOG 15:22:24.089] Load Cached PNG Texture: Squad/PartList/SimpleIcons/R&D_node_icon_precisionengineering
[LOG 15:22:24.089] Load Cached PNG Texture: Squad/PartList/SimpleIcons/R&D_node_icon_robotics
[LOG 15:22:24.089] Load Cached PNG Texture: Squad/PartList/SimpleIcons/R&D_node_icon_sciencetech
[LOG 15:22:24.089] Load Cached PNG Texture: Squad/PartList/SimpleIcons/R&D_node_icon_specializedconstruction
[LOG 15:22:24.090] Load Cached PNG Texture: Squad/PartList/SimpleIcons/R&D_node_icon_specializedcontrol
[LOG 15:22:24.090] Load Cached PNG Texture: Squad/PartList/SimpleIcons/R&D_node_icon_specializedelectrics
[LOG 15:22:24.090] Load Cached PNG Texture: Squad/PartList/SimpleIcons/R&D_node_icon_stability
[LOG 15:22:24.090] Load Cached PNG Texture: Squad/PartList/SimpleIcons/R&D_node_icon_start
[LOG 15:22:24.090] Load Cached PNG Texture: Squad/PartList/SimpleIcons/R&D_node_icon_supersonicflight
[LOG 15:22:24.090] Load Cached PNG Texture: Squad/PartList/SimpleIcons/R&D_node_icon_survivability
[LOG 15:22:24.090] Load Cached PNG Texture: Squad/PartList/SimpleIcons/R&D_node_icon_unmannedtech
[LOG 15:22:24.090] Load Cached PNG Texture: Squad/PartList/SimpleIcons/R&D_node_icon_veryheavyrocketry
[LOG 15:22:24.090] Load Cached PNG Texture: Squad/PartList/SimpleIcons/rcsfx
[LOG 15:22:24.090] Load Cached PNG Texture: Squad/PartList/SimpleIcons/RDicon_aerospaceTech2
[LOG 15:22:24.090] Load Cached PNG Texture: Squad/PartList/SimpleIcons/RDicon_commandmodules
[LOG 15:22:24.090] Load Cached PNG Texture: Squad/PartList/SimpleIcons/RDicon_fuelSystems-advanced
[LOG 15:22:24.090] Load Cached PNG Texture: Squad/PartList/SimpleIcons/RDicon_fuelSystems-highPerformance
[LOG 15:22:24.091] Load Cached PNG Texture: Squad/PartList/SimpleIcons/RDicon_largeVolumeContainment
[LOG 15:22:24.091] Load Cached PNG Texture: Squad/PartList/SimpleIcons/RDicon_miniaturization
[LOG 15:22:24.091] Load Cached PNG Texture: Squad/PartList/SimpleIcons/RDicon_propulsion-precision
[LOG 15:22:24.091] Load Cached PNG Texture: Squad/PartList/SimpleIcons/RDicon_propulsionSystems
[LOG 15:22:24.091] Load Cached PNG Texture: Squad/PartList/SimpleIcons/RDicon_telescope
[LOG 15:22:24.091] Load Cached PNG Texture: Squad/PartList/SimpleIcons/robotic_controller
[LOG 15:22:24.091] Load Cached PNG Texture: Squad/PartList/SimpleIcons/robotic_rotation_servo
[LOG 15:22:24.091] Load Cached PNG Texture: Squad/PartList/SimpleIcons/robotic_servo_hinge
[LOG 15:22:24.091] Load Cached PNG Texture: Squad/PartList/SimpleIcons/robotic_servo_piston
[LOG 15:22:24.091] Load Cached PNG Texture: Squad/PartList/SimpleIcons/robotic_servo_rotor
[LOG 15:22:24.091] Load Cached PNG Texture: Squad/PartList/SimpleIcons/scanner_arm
[LOG 15:22:24.091] Load Cached PNG Texture: Squad/PartList/SimpleIcons/variant
[LOG 15:22:24.091] Load Cached PNG Texture: Squad/Parts/@thumbs/adapterSmallMiniShort_icon0
[LOG 15:22:24.091] Load Cached PNG Texture: Squad/Parts/@thumbs/adapterSmallMiniShort_icon1
[LOG 15:22:24.092] Load Cached PNG Texture: Squad/Parts/@thumbs/adapterSmallMiniTall_icon0
[LOG 15:22:24.092] Load Cached PNG Texture: Squad/Parts/@thumbs/adapterSmallMiniTall_icon1
[LOG 15:22:24.092] Load Cached PNG Texture: Squad/Parts/@thumbs/AdvancedCanard_icon
[LOG 15:22:24.092] Load Cached PNG Texture: Squad/Parts/@thumbs/advSasModule_icon
[LOG 15:22:24.092] Load Cached PNG Texture: Squad/Parts/@thumbs/airbrake1_icon
[LOG 15:22:24.092] Load Cached PNG Texture: Squad/Parts/@thumbs/airScoop_icon
[LOG 15:22:24.092] Load Cached PNG Texture: Squad/Parts/@thumbs/avionicsNoseCone_icon
[LOG 15:22:24.092] Load Cached PNG Texture: Squad/Parts/@thumbs/basicFin_icon
[LOG 15:22:24.092] Load Cached PNG Texture: Squad/Parts/@thumbs/batteryBankMini_icon
[LOG 15:22:24.093] Load Cached PNG Texture: Squad/Parts/@thumbs/batteryBank_icon
[LOG 15:22:24.093] Load Cached PNG Texture: Squad/Parts/@thumbs/batteryPack_icon
[LOG 15:22:24.093] Load Cached PNG Texture: Squad/Parts/@thumbs/cargoContainer_icon
[LOG 15:22:24.093] Load Cached PNG Texture: Squad/Parts/@thumbs/CargoStorageUnit_icon
[LOG 15:22:24.093] Load Cached PNG Texture: Squad/Parts/@thumbs/CircularIntake_icon
[LOG 15:22:24.093] Load Cached PNG Texture: Squad/Parts/@thumbs/commDish_icon
[LOG 15:22:24.093] Load Cached PNG Texture: Squad/Parts/@thumbs/Decoupler.0_icon0
[LOG 15:22:24.093] Load Cached PNG Texture: Squad/Parts/@thumbs/Decoupler.0_icon1
[LOG 15:22:24.093] Load Cached PNG Texture: Squad/Parts/@thumbs/Decoupler.1_icon0
[LOG 15:22:24.094] Load Cached PNG Texture: Squad/Parts/@thumbs/Decoupler.1_icon1
[LOG 15:22:24.094] Load Cached PNG Texture: Squad/Parts/@thumbs/dockingPort1_icon
[LOG 15:22:24.094] Load Cached PNG Texture: Squad/Parts/@thumbs/dockingPort2_icon
[LOG 15:22:24.094] Load Cached PNG Texture: Squad/Parts/@thumbs/dockingPort3_icon
[LOG 15:22:24.094] Load Cached PNG Texture: Squad/Parts/@thumbs/domeLight1_icon0
[LOG 15:22:24.094] Load Cached PNG Texture: Squad/Parts/@thumbs/domeLight1_icon1
[LOG 15:22:24.094] Load Cached PNG Texture: Squad/Parts/@thumbs/elevon2_icon
[LOG 15:22:24.094] Load Cached PNG Texture: Squad/Parts/@thumbs/elevon3_icon
[LOG 15:22:24.094] Load Cached PNG Texture: Squad/Parts/@thumbs/elevon5_icon
[LOG 15:22:24.095] Load Cached PNG Texture: Squad/Parts/@thumbs/evaChute_icon
[LOG 15:22:24.095] Load Cached PNG Texture: Squad/Parts/@thumbs/evaCylinder_icon
[LOG 15:22:24.095] Load Cached PNG Texture: Squad/Parts/@thumbs/evaJetpack_icon
[LOG 15:22:24.095] Load Cached PNG Texture: Squad/Parts/@thumbs/evaRepairKit_icon
[LOG 15:22:24.095] Load Cached PNG Texture: Squad/Parts/@thumbs/evaScienceKit_icon
[LOG 15:22:24.095] Load Cached PNG Texture: Squad/Parts/@thumbs/externalTankCapsule_icon0
[LOG 15:22:24.095] Load Cached PNG Texture: Squad/Parts/@thumbs/externalTankCapsule_icon1
[LOG 15:22:24.095] Load Cached PNG Texture: Squad/Parts/@thumbs/externalTankRound_icon0
[LOG 15:22:24.095] Load Cached PNG Texture: Squad/Parts/@thumbs/externalTankRound_icon1
[LOG 15:22:24.096] Load Cached PNG Texture: Squad/Parts/@thumbs/externalTankToroid_icon0
[LOG 15:22:24.096] Load Cached PNG Texture: Squad/Parts/@thumbs/externalTankToroid_icon1
[LOG 15:22:24.096] Load Cached PNG Texture: Squad/Parts/@thumbs/fireworksLauncherBig_icon
[LOG 15:22:24.096] Load Cached PNG Texture: Squad/Parts/@thumbs/fireworksLauncherSmall_icon
[LOG 15:22:24.096] Load Cached PNG Texture: Squad/Parts/@thumbs/foldingRadMed_icon
[LOG 15:22:24.097] Load Cached PNG Texture: Squad/Parts/@thumbs/foldingRadSmall_icon
[LOG 15:22:24.097] Load Cached PNG Texture: Squad/Parts/@thumbs/FuelCellArray_icon
[LOG 15:22:24.097] Load Cached PNG Texture: Squad/Parts/@thumbs/FuelCell_icon
[LOG 15:22:24.097] Load Cached PNG Texture: Squad/Parts/@thumbs/fuelTank.long_icon0
[LOG 15:22:24.097] Load Cached PNG Texture: Squad/Parts/@thumbs/fuelTankSmallFlat_icon0
[LOG 15:22:24.097] Load Cached PNG Texture: Squad/Parts/@thumbs/fuelTankSmallFlat_icon1
[LOG 15:22:24.097] Load Cached PNG Texture: Squad/Parts/@thumbs/fuelTankSmallFlat_icon2
[LOG 15:22:24.097] Load Cached PNG Texture: Squad/Parts/@thumbs/fuelTankSmallFlat_icon3
[LOG 15:22:24.097] Load Cached PNG Texture: Squad/Parts/@thumbs/fuelTankSmall_icon0
[LOG 15:22:24.098] Load Cached PNG Texture: Squad/Parts/@thumbs/fuelTankSmall_icon1
[LOG 15:22:24.098] Load Cached PNG Texture: Squad/Parts/@thumbs/fuelTankSmall_icon2
[LOG 15:22:24.098] Load Cached PNG Texture: Squad/Parts/@thumbs/fuelTankSmall_icon3
[LOG 15:22:24.098] Load Cached PNG Texture: Squad/Parts/@thumbs/fuelTank_icon0
[LOG 15:22:24.098] Load Cached PNG Texture: Squad/Parts/@thumbs/GearFixed_icon
[LOG 15:22:24.098] Load Cached PNG Texture: Squad/Parts/@thumbs/GearFree_icon
[LOG 15:22:24.098] Load Cached PNG Texture: Squad/Parts/@thumbs/GearSmall_icon
[LOG 15:22:24.098] Load Cached PNG Texture: Squad/Parts/@thumbs/GooExperiment_icon
[LOG 15:22:24.098] Load Cached PNG Texture: Squad/Parts/@thumbs/groundAnchor_icon
[LOG 15:22:24.098] Load Cached PNG Texture: Squad/Parts/@thumbs/groundLight1_icon
[LOG 15:22:24.098] Load Cached PNG Texture: Squad/Parts/@thumbs/groundLight2_icon
[LOG 15:22:24.099] Load Cached PNG Texture: Squad/Parts/@thumbs/HeatShield0_icon
[LOG 15:22:24.099] Load Cached PNG Texture: Squad/Parts/@thumbs/HeatShield1_icon
[LOG 15:22:24.099] Load Cached PNG Texture: Squad/Parts/@thumbs/HECS2.ProbeCore_icon
[LOG 15:22:24.099] Load Cached PNG Texture: Squad/Parts/@thumbs/HighGainAntenna5.v2_icon
[LOG 15:22:24.099] Load Cached PNG Texture: Squad/Parts/@thumbs/HighGainAntenna5_icon
[LOG 15:22:24.099] Load Cached PNG Texture: Squad/Parts/@thumbs/HighGainAntenna_icon
[LOG 15:22:24.099] Load Cached PNG Texture: Squad/Parts/@thumbs/IntakeRadialLong_icon
[LOG 15:22:24.099] Load Cached PNG Texture: Squad/Parts/@thumbs/ionEngine_icon
[LOG 15:22:24.099] Load Cached PNG Texture: Squad/Parts/@thumbs/ksp.r.largeBatteryPack_icon
[LOG 15:22:24.100] Load Cached PNG Texture: Squad/Parts/@thumbs/ladder1_icon
[LOG 15:22:24.100] Load Cached PNG Texture: Squad/Parts/@thumbs/landingLeg1-2_icon
[LOG 15:22:24.100] Load Cached PNG Texture: Squad/Parts/@thumbs/landingLeg1_icon
[LOG 15:22:24.100] Load Cached PNG Texture: Squad/Parts/@thumbs/LgRadialSolarPanel_icon
[LOG 15:22:24.100] Load Cached PNG Texture: Squad/Parts/@thumbs/linearRcs_icon
[LOG 15:22:24.100] Load Cached PNG Texture: Squad/Parts/@thumbs/liquidEngine2.v2_icon0
[LOG 15:22:24.100] Load Cached PNG Texture: Squad/Parts/@thumbs/liquidEngine3.v2_icon0
[LOG 15:22:24.100] Load Cached PNG Texture: Squad/Parts/@thumbs/liquidEngine3.v2_icon1
[LOG 15:22:24.100] Load Cached PNG Texture: Squad/Parts/@thumbs/liquidEngine3.v2_icon2
[LOG 15:22:24.100] Load Cached PNG Texture: Squad/Parts/@thumbs/liquidEngineMini.v2_icon0
[LOG 15:22:24.101] Load Cached PNG Texture: Squad/Parts/@thumbs/liquidEngineMini.v2_icon1
[LOG 15:22:24.101] Load Cached PNG Texture: Squad/Parts/@thumbs/liquidEngineMini.v2_icon2
[LOG 15:22:24.101] Load Cached PNG Texture: Squad/Parts/@thumbs/longAntenna_icon
[LOG 15:22:24.101] Load Cached PNG Texture: Squad/Parts/@thumbs/Magnetometer_icon
[LOG 15:22:24.101] Load Cached PNG Texture: Squad/Parts/@thumbs/mediumDishAntenna_icon
[LOG 15:22:24.101] Load Cached PNG Texture: Squad/Parts/@thumbs/microEngine.v2_icon0
[LOG 15:22:24.101] Load Cached PNG Texture: Squad/Parts/@thumbs/microEngine.v2_icon1
[LOG 15:22:24.101] Load Cached PNG Texture: Squad/Parts/@thumbs/MiniDrill_icon
[LOG 15:22:24.101] Load Cached PNG Texture: Squad/Parts/@thumbs/miniFuelTank_icon
[LOG 15:22:24.101] Load Cached PNG Texture: Squad/Parts/@thumbs/miniFuselage_icon
[LOG 15:22:24.102] Load Cached PNG Texture: Squad/Parts/@thumbs/miniIntake_icon
[LOG 15:22:24.102] Load Cached PNG Texture: Squad/Parts/@thumbs/miniJetEngine_icon
[LOG 15:22:24.102] Load Cached PNG Texture: Squad/Parts/@thumbs/miniLandingLeg_icon
[LOG 15:22:24.102] Load Cached PNG Texture: Squad/Parts/@thumbs/Mite_icon
[LOG 15:22:24.102] Load Cached PNG Texture: Squad/Parts/@thumbs/mk1pod.v2_icon0
[LOG 15:22:24.102] Load Cached PNG Texture: Squad/Parts/@thumbs/mk2DroneCore_icon
[LOG 15:22:24.102] Load Cached PNG Texture: Squad/Parts/@thumbs/mk2LanderCabin.v2_icon1
[LOG 15:22:24.102] Load Cached PNG Texture: Squad/Parts/@thumbs/MpoProbe_icon
[LOG 15:22:24.102] Load Cached PNG Texture: Squad/Parts/@thumbs/navLight1_icon0
[LOG 15:22:24.102] Load Cached PNG Texture: Squad/Parts/@thumbs/navLight1_icon1
[LOG 15:22:24.103] Load Cached PNG Texture: Squad/Parts/@thumbs/noseCone_icon0
[LOG 15:22:24.103] Load Cached PNG Texture: Squad/Parts/@thumbs/noseCone_icon1
[LOG 15:22:24.103] Load Cached PNG Texture: Squad/Parts/@thumbs/noseCone_icon2
[LOG 15:22:24.103] Load Cached PNG Texture: Squad/Parts/@thumbs/omsEngine_icon
[LOG 15:22:24.103] Load Cached PNG Texture: Squad/Parts/@thumbs/OrbitalScanner_icon
[LOG 15:22:24.103] Load Cached PNG Texture: Squad/Parts/@thumbs/parachuteDrogue_icon
[LOG 15:22:24.103] Load Cached PNG Texture: Squad/Parts/@thumbs/parachuteLarge_icon
[LOG 15:22:24.103] Load Cached PNG Texture: Squad/Parts/@thumbs/parachuteRadial_icon
[LOG 15:22:24.103] Load Cached PNG Texture: Squad/Parts/@thumbs/parachuteSingle_icon
[LOG 15:22:24.104] Load Cached PNG Texture: Squad/Parts/@thumbs/probeCoreCube_icon
[LOG 15:22:24.104] Load Cached PNG Texture: Squad/Parts/@thumbs/probeCoreHex.v2_icon
[LOG 15:22:24.104] Load Cached PNG Texture: Squad/Parts/@thumbs/probeCoreOcto.v2_icon
[LOG 15:22:24.104] Load Cached PNG Texture: Squad/Parts/@thumbs/probeCoreOcto2.v2_icon
[LOG 15:22:24.104] Load Cached PNG Texture: Squad/Parts/@thumbs/probeCoreSphere.v2_icon
[LOG 15:22:24.104] Load Cached PNG Texture: Squad/Parts/@thumbs/probeStackLarge_icon
[LOG 15:22:24.104] Load Cached PNG Texture: Squad/Parts/@thumbs/probeStackSmall_icon
[LOG 15:22:24.104] Load Cached PNG Texture: Squad/Parts/@thumbs/R8winglet_icon
[LOG 15:22:24.104] Load Cached PNG Texture: Squad/Parts/@thumbs/radialDecoupler1-2_icon
[LOG 15:22:24.104] Load Cached PNG Texture: Squad/Parts/@thumbs/radialDecoupler2_icon
[LOG 15:22:24.105] Load Cached PNG Texture: Squad/Parts/@thumbs/radialDecoupler_icon
[LOG 15:22:24.105] Load Cached PNG Texture: Squad/Parts/@thumbs/radialDrogue_icon
[LOG 15:22:24.105] Load Cached PNG Texture: Squad/Parts/@thumbs/radialEngineMini.v2_icon0
[LOG 15:22:24.105] Load Cached PNG Texture: Squad/Parts/@thumbs/radialEngineMini.v2_icon1
[LOG 15:22:24.105] Load Cached PNG Texture: Squad/Parts/@thumbs/radialLiquidEngine1-2_icon
[LOG 15:22:24.105] Load Cached PNG Texture: Squad/Parts/@thumbs/RadialOreTank_icon
[LOG 15:22:24.105] Load Cached PNG Texture: Squad/Parts/@thumbs/radialRCSTank_icon
[LOG 15:22:24.105] Load Cached PNG Texture: Squad/Parts/@thumbs/radPanelEdge_icon
[LOG 15:22:24.105] Load Cached PNG Texture: Squad/Parts/@thumbs/radPanelLg_icon
[LOG 15:22:24.105] Load Cached PNG Texture: Squad/Parts/@thumbs/radPanelSm_icon
[LOG 15:22:24.106] Load Cached PNG Texture: Squad/Parts/@thumbs/RCSblock.01.small_icon0
[LOG 15:22:24.106] Load Cached PNG Texture: Squad/Parts/@thumbs/RCSblock.01.small_icon1
[LOG 15:22:24.106] Load Cached PNG Texture: Squad/Parts/@thumbs/RCSblock.01.small_icon2
[LOG 15:22:24.106] Load Cached PNG Texture: Squad/Parts/@thumbs/RCSblock.01.small_icon3
[LOG 15:22:24.106] Load Cached PNG Texture: Squad/Parts/@thumbs/RCSblock.01.small_icon4
[LOG 15:22:24.106] Load Cached PNG Texture: Squad/Parts/@thumbs/RCSBlock.v2_icon
[LOG 15:22:24.106] Load Cached PNG Texture: Squad/Parts/@thumbs/RCSBlock.v2_icon0
[LOG 15:22:24.106] Load Cached PNG Texture: Squad/Parts/@thumbs/RCSBlock.v2_icon1
[LOG 15:22:24.106] Load Cached PNG Texture: Squad/Parts/@thumbs/RCSBlock.v2_icon2
[LOG 15:22:24.106] Load Cached PNG Texture: Squad/Parts/@thumbs/RCSBlock.v2_icon3
[LOG 15:22:24.107] Load Cached PNG Texture: Squad/Parts/@thumbs/RCSBlock.v2_icon4
[LOG 15:22:24.107] Load Cached PNG Texture: Squad/Parts/@thumbs/RCSFuelTank_icon
[LOG 15:22:24.107] Load Cached PNG Texture: Squad/Parts/@thumbs/RCSLinearSmall_icon
[LOG 15:22:24.107] Load Cached PNG Texture: Squad/Parts/@thumbs/rcsTankMini_icon
[LOG 15:22:24.107] Load Cached PNG Texture: Squad/Parts/@thumbs/RelayAntenna5_icon
[LOG 15:22:24.107] Load Cached PNG Texture: Squad/Parts/@thumbs/ReleaseValve_icon
[LOG 15:22:24.107] Load Cached PNG Texture: Squad/Parts/@thumbs/roverBody.v2_icon0
[LOG 15:22:24.107] Load Cached PNG Texture: Squad/Parts/@thumbs/roverBody.v2_icon1
[LOG 15:22:24.107] Load Cached PNG Texture: Squad/Parts/@thumbs/roverBody.v2_icon2
[LOG 15:22:24.108] Load Cached PNG Texture: Squad/Parts/@thumbs/roverWheel1_icon
[LOG 15:22:24.108] Load Cached PNG Texture: Squad/Parts/@thumbs/roverWheel2_icon
[LOG 15:22:24.108] Load Cached PNG Texture: Squad/Parts/@thumbs/rtg_icon
[LOG 15:22:24.108] Load Cached PNG Texture: Squad/Parts/@thumbs/sasModule_icon
[LOG 15:22:24.108] Load Cached PNG Texture: Squad/Parts/@thumbs/science.module_icon
[LOG 15:22:24.108] Load Cached PNG Texture: Squad/Parts/@thumbs/ScienceBox_icon
[LOG 15:22:24.108] Load Cached PNG Texture: Squad/Parts/@thumbs/seatExternalCmd_icon
[LOG 15:22:24.108] Load Cached PNG Texture: Squad/Parts/@thumbs/sensorAccelerometer_icon
[LOG 15:22:24.109] Load Cached PNG Texture: Squad/Parts/@thumbs/sensorAtmosphere_icon
[LOG 15:22:24.109] Load Cached PNG Texture: Squad/Parts/@thumbs/sensorBarometer_icon
[LOG 15:22:24.109] Load Cached PNG Texture: Squad/Parts/@thumbs/sensorGravimeter_icon
[LOG 15:22:24.109] Load Cached PNG Texture: Squad/Parts/@thumbs/sensorThermometer_icon
[LOG 15:22:24.109] Load Cached PNG Texture: Squad/Parts/@thumbs/Separator.0_icon0
[LOG 15:22:24.109] Load Cached PNG Texture: Squad/Parts/@thumbs/Separator.0_icon1
[LOG 15:22:24.109] Load Cached PNG Texture: Squad/Parts/@thumbs/Separator.1_icon0
[LOG 15:22:24.110] Load Cached PNG Texture: Squad/Parts/@thumbs/Separator.1_icon1
[LOG 15:22:24.110] Load Cached PNG Texture: Squad/Parts/@thumbs/sepMotor1_icon
[LOG 15:22:24.110] Load Cached PNG Texture: Squad/Parts/@thumbs/ServiceBay.125.v2_icon
[LOG 15:22:24.110] Load Cached PNG Texture: Squad/Parts/@thumbs/shockConeIntake_icon
[LOG 15:22:24.110] Load Cached PNG Texture: Squad/Parts/@thumbs/Shrimp_icon
[LOG 15:22:24.110] Load Cached PNG Texture: Squad/Parts/@thumbs/smallCargoContainer_icon
[LOG 15:22:24.110] Load Cached PNG Texture: Squad/Parts/@thumbs/smallClaw_icon0
[LOG 15:22:24.110] Load Cached PNG Texture: Squad/Parts/@thumbs/smallClaw_icon1
[LOG 15:22:24.111] Load Cached PNG Texture: Squad/Parts/@thumbs/smallCtrlSrf_icon
[LOG 15:22:24.111] Load Cached PNG Texture: Squad/Parts/@thumbs/SmallGearBay_icon
[LOG 15:22:24.111] Load Cached PNG Texture: Squad/Parts/@thumbs/smallHardpoint_icon
[LOG 15:22:24.111] Load Cached PNG Texture: Squad/Parts/@thumbs/smallRadialEngine.v2_icon0
[LOG 15:22:24.111] Load Cached PNG Texture: Squad/Parts/@thumbs/smallRadialEngine.v2_icon1
[LOG 15:22:24.111] Load Cached PNG Texture: Squad/Parts/@thumbs/solarPanelOX10C_icon
[LOG 15:22:24.111] Load Cached PNG Texture: Squad/Parts/@thumbs/solarPanelOX10L_icon
[LOG 15:22:24.111] Load Cached PNG Texture: Squad/Parts/@thumbs/solarPanels1_icon
[LOG 15:22:24.112] Load Cached PNG Texture: Squad/Parts/@thumbs/solarPanels2_icon
[LOG 15:22:24.112] Load Cached PNG Texture: Squad/Parts/@thumbs/solarPanels3_icon
[LOG 15:22:24.112] Load Cached PNG Texture: Squad/Parts/@thumbs/solarPanels4_icon
[LOG 15:22:24.112] Load Cached PNG Texture: Squad/Parts/@thumbs/solarPanels5_icon
[LOG 15:22:24.112] Load Cached PNG Texture: Squad/Parts/@thumbs/solarPanelSP10C_icon
[LOG 15:22:24.112] Load Cached PNG Texture: Squad/Parts/@thumbs/solarPanelSP10L_icon
[LOG 15:22:24.112] Load Cached PNG Texture: Squad/Parts/@thumbs/solidBooster.sm.v2_icon0
[LOG 15:22:24.112] Load Cached PNG Texture: Squad/Parts/@thumbs/solidBooster.v2_icon0
[LOG 15:22:24.113] Load Cached PNG Texture: Squad/Parts/@thumbs/spotLight1_icon
[LOG 15:22:24.113] Load Cached PNG Texture: Squad/Parts/@thumbs/spotLight2_icon
[LOG 15:22:24.113] Load Cached PNG Texture: Squad/Parts/@thumbs/spotLight3_icon0
[LOG 15:22:24.113] Load Cached PNG Texture: Squad/Parts/@thumbs/spotLight3_icon1
[LOG 15:22:24.113] Load Cached PNG Texture: Squad/Parts/@thumbs/stackPoint1_icon
[LOG 15:22:24.113] Load Cached PNG Texture: Squad/Parts/@thumbs/StandardCtrlSrf_icon
[LOG 15:22:24.113] Load Cached PNG Texture: Squad/Parts/@thumbs/standardNoseCone_icon
[LOG 15:22:24.114] Load Cached PNG Texture: Squad/Parts/@thumbs/stripLight1_icon0
[LOG 15:22:24.114] Load Cached PNG Texture: Squad/Parts/@thumbs/stripLight1_icon1
[LOG 15:22:24.114] Load Cached PNG Texture: Squad/Parts/@thumbs/structuralIBeam1_icon
[LOG 15:22:24.114] Load Cached PNG Texture: Squad/Parts/@thumbs/structuralIBeam3_icon
[LOG 15:22:24.114] Load Cached PNG Texture: Squad/Parts/@thumbs/structuralMiniNode_icon
[LOG 15:22:24.114] Load Cached PNG Texture: Squad/Parts/@thumbs/structuralPanel1_icon
[LOG 15:22:24.114] Load Cached PNG Texture: Squad/Parts/@thumbs/structuralPanel2_icon
[LOG 15:22:24.114] Load Cached PNG Texture: Squad/Parts/@thumbs/structuralWing4_icon
[LOG 15:22:24.115] Load Cached PNG Texture: Squad/Parts/@thumbs/strutCube_icon
[LOG 15:22:24.115] Load Cached PNG Texture: Squad/Parts/@thumbs/strutOcto_icon
[LOG 15:22:24.115] Load Cached PNG Texture: Squad/Parts/@thumbs/SurfaceScanner_icon
[LOG 15:22:24.115] Load Cached PNG Texture: Squad/Parts/@thumbs/SurfAntenna_icon
[LOG 15:22:24.123] Load Cached PNG Texture: Squad/Parts/@thumbs/telescopicLadderBay_icon
[LOG 15:22:24.123] Load Cached PNG Texture: Squad/Parts/@thumbs/telescopicLadder_icon
[LOG 15:22:24.123] Load Cached PNG Texture: Squad/Parts/@thumbs/toroidalAerospike_icon
[LOG 15:22:24.123] Load Cached PNG Texture: Squad/Parts/@thumbs/trussAdapter_icon
[LOG 15:22:24.123] Load Cached PNG Texture: Squad/Parts/@thumbs/trussPiece1x_icon
[LOG 15:22:24.123] Load Cached PNG Texture: Squad/Parts/@thumbs/trussPiece3x_icon
[LOG 15:22:24.123] Load Cached PNG Texture: Squad/Parts/@thumbs/vernierEngine_icon
[LOG 15:22:24.124] Load Cached PNG Texture: Squad/Parts/@thumbs/wheelMed_icon
[LOG 15:22:24.124] Load Cached PNG Texture: Squad/Parts/@thumbs/wingConnector4_icon
[LOG 15:22:24.124] Load Cached PNG Texture: Squad/Parts/@thumbs/wingConnector5_icon
[LOG 15:22:24.124] Load Cached PNG Texture: Squad/Parts/@thumbs/winglet3_icon
[LOG 15:22:24.124] Load Cached PNG Texture: Squad/Parts/@thumbs/winglet_icon
[LOG 15:22:24.124] Load Cached PNG Texture: Squad/Parts/@thumbs/wingShuttleElevon1_icon
[LOG 15:22:24.128] Load Cached PNG Texture: Squad/Parts/@thumbs/xenonTankLarge_icon
[LOG 15:22:24.128] Load Cached PNG Texture: Squad/Parts/@thumbs/xenonTankRadial_icon
[LOG 15:22:24.129] Load Cached PNG Texture: Squad/Parts/@thumbs/xenonTank_icon
[LOG 15:22:24.129] Load DDS texture: Squad/Parts/Aero/aerodynamicNoseCone/Rockomax_Adapters_diffuse
[LOG 15:22:24.129] Load DDS texture: Squad/Parts/Aero/aerodynamicNoseCone/Rockomax_Adapters_normal
[LOG 15:22:24.129] Load DDS texture: Squad/Parts/Aero/airbrake/airbrake
[LOG 15:22:24.129] Load DDS texture: Squad/Parts/Aero/airIntakeRadialXM-G50/RadialIntake
[LOG 15:22:24.129] Load DDS texture: Squad/Parts/Aero/airlinerWings/AirlinerWings
[LOG 15:22:24.134] Load DDS texture: Squad/Parts/Aero/airplaneFins/AirplaneFins
[LOG 15:22:24.145] Load DDS texture: Squad/Parts/Aero/basicFin/BasicFin
[LOG 15:22:24.146] Load DDS texture: Squad/Parts/Aero/circularIntake/CircluarIntakes
[LOG 15:22:24.146] Load DDS texture: Squad/Parts/Aero/circularIntake/CircluarIntakes_Heat
[LOG 15:22:24.146] Load DDS texture: Squad/Parts/Aero/cones/Assets/Cones
[LOG 15:22:24.146] Load DDS texture: Squad/Parts/Aero/cones/Assets/ConesDiffuse
[LOG 15:22:24.159] Load DDS texture: Squad/Parts/Aero/cones/Assets/ConesDiffuse_Orange
[LOG 15:22:24.161] Load DDS texture: Squad/Parts/Aero/cones/Assets/ConesDiffuse_White
[LOG 15:22:24.163] Load DDS texture: Squad/Parts/Aero/cones/Assets/ConesHeat
[LOG 15:22:24.165] Load DDS texture: Squad/Parts/Aero/cones/Assets/ConesHeat_Orange
[LOG 15:22:24.167] Load DDS texture: Squad/Parts/Aero/cones/Assets/ConesHeat_White
[LOG 15:22:24.168] Load DDS texture: Squad/Parts/Aero/cones/Assets/Cones_Heat
[LOG 15:22:24.169] Load Cached PNG Texture: Squad/Parts/Aero/cones/Assets/rocketNoseCones_O
[LOG 15:22:24.173] Load Cached PNG Texture: Squad/Parts/Aero/cones/Assets/rocketNoseCones_O_Normal
[LOG 15:22:24.175] Load DDS texture: Squad/Parts/Aero/cones/Assets/rocketNoseCones_W
[LOG 15:22:24.185] Load DDS texture: Squad/Parts/Aero/cones/Assets/Rockomax_Adapters_diffuse
[LOG 15:22:24.186] Load DDS texture: Squad/Parts/Aero/cones/Assets/Rockomax_Adapters_normal
[LOG 15:22:24.186] Load DDS texture: Squad/Parts/Aero/fairings/AutoTruss
[LOG 15:22:24.186] Load DDS texture: Squad/Parts/Aero/fairings/FairingBase
[LOG 15:22:24.186] Load DDS texture: Squad/Parts/Aero/fairings/FairingBaseNormals
[LOG 15:22:24.186] Load DDS texture: Squad/Parts/Aero/fairings/FairingBaseNormals_bw
[LOG 15:22:24.187] Load DDS texture: Squad/Parts/Aero/fairings/FairingBaseNormals_goldSilver
[LOG 15:22:24.187] Load DDS texture: Squad/Parts/Aero/fairings/FairingBaseNormals_orange
[LOG 15:22:24.188] Load Cached PNG Texture: Squad/Parts/Aero/fairings/FairingBase_black
[LOG 15:22:24.190] Load DDS texture: Squad/Parts/Aero/fairings/FairingBase_bw
[LOG 15:22:24.190] Load DDS texture: Squad/Parts/Aero/fairings/FairingBase_goldDiffuse
[LOG 15:22:24.191] Load DDS texture: Squad/Parts/Aero/fairings/FairingBase_goldSpecular
[LOG 15:22:24.192] Load DDS texture: Squad/Parts/Aero/fairings/FairingBase_orange
[LOG 15:22:24.194] Load DDS texture: Squad/Parts/Aero/fairings/FairingBase_silverDiffuse
[LOG 15:22:24.194] Load DDS texture: Squad/Parts/Aero/fairings/FairingBase_silverSpecular
[LOG 15:22:24.195] Load DDS texture: Squad/Parts/Aero/fairings/fairingsCap
[LOG 15:22:24.196] Load DDS texture: Squad/Parts/Aero/fairings/FairingsMat_silverSpecular
[LOG 15:22:24.198] Load DDS texture: Squad/Parts/Aero/fairings/fairings_diff
[LOG 15:22:24.200] Load DDS texture: Squad/Parts/Aero/fairings/fairings_diff_grey
[LOG 15:22:24.202] Load DDS texture: Squad/Parts/Aero/fairings/fairings_diff_orange
[LOG 15:22:24.203] Load DDS texture: Squad/Parts/Aero/fairings/fairings_grey_normals
[LOG 15:22:24.205] Load DDS texture: Squad/Parts/Aero/fairings/fairings_normals
[LOG 15:22:24.210] Load DDS texture: Squad/Parts/Aero/fairings/fairings_normals_silver
[LOG 15:22:24.211] Load DDS texture: Squad/Parts/Aero/fairings/fairings_orange_normals
[LOG 15:22:24.212] Load DDS texture: Squad/Parts/Aero/fairings/fairings_silverDiffuse
[LOG 15:22:24.213] Load DDS texture: Squad/Parts/Aero/HeatShield/Fairing
[LOG 15:22:24.213] Load DDS texture: Squad/Parts/Aero/HeatShield/heatshield
[LOG 15:22:24.214] Load DDS texture: Squad/Parts/Aero/InflatableHeatShield/HeatShield
[LOG 15:22:24.222] Load DDS texture: Squad/Parts/Aero/InflatableHeatShield/HeatShieldFairing
[LOG 15:22:24.223] Load DDS texture: Squad/Parts/Aero/InflatableHeatShield/HeatShield_NRM
[LOG 15:22:24.224] Load DDS texture: Squad/Parts/Aero/intakeRadialLong/Radial_long
[LOG 15:22:24.225] Load DDS texture: Squad/Parts/Aero/miniIntake/SmallIntake
[LOG 15:22:24.227] Load DDS texture: Squad/Parts/Aero/ramAirIntake/RampIntake
[LOG 15:22:24.228] Load DDS texture: Squad/Parts/Aero/ramAirIntake/RampIntake_Heat
[LOG 15:22:24.228] Load DDS texture: Squad/Parts/Aero/shuttleWings/ShuttleWings
[LOG 15:22:24.251] Load DDS texture: Squad/Parts/Aero/wingletAV-R8/model000
[LOG 15:22:24.253] Load DDS texture: Squad/Parts/Aero/wingletAV-R8/model001
[LOG 15:22:24.254] Load DDS texture: Squad/Parts/Aero/wingletAV-T1/model000
[LOG 15:22:24.254] Load DDS texture: Squad/Parts/Aero/wingletAV-T1/model001
[LOG 15:22:24.254] Load DDS texture: Squad/Parts/Aero/wingletDeltaDeluxe/model000
[LOG 15:22:24.254] Load DDS texture: Squad/Parts/Aero/wings/Wings
[LOG 15:22:24.255] Load DDS texture: Squad/Parts/Cargo/CargoContainers/cargoContainer_diff
[LOG 15:22:24.255] Load DDS texture: Squad/Parts/Cargo/CargoContainers/smallCargoContainer_diffuse
[LOG 15:22:24.255] Load DDS texture: Squad/Parts/Cargo/CargoContainers/smallCargoContainer_nrm
[LOG 15:22:24.255] Load DDS texture: Squad/Parts/Cargo/CargoContainers/smallCargoContainer_specular
[LOG 15:22:24.256] Load DDS texture: Squad/Parts/Cargo/Cylinder/EVAcylinder_diffuse
[LOG 15:22:24.259] Load DDS texture: Squad/Parts/Cargo/Cylinder/EVAcylinder_nrm
[LOG 15:22:24.259] Load DDS texture: Squad/Parts/Cargo/GroundAnchor/groundAnchor_diffuse
[LOG 15:22:24.260] Load DDS texture: Squad/Parts/Cargo/GroundAnchor/groundAnchor_nrm
[LOG 15:22:24.261] Load DDS texture: Squad/Parts/Cargo/Jetpack/EVAjetpack
[LOG 15:22:24.261] Load DDS texture: Squad/Parts/Cargo/Jetpack/EVAjetpackEmmisive
[LOG 15:22:24.262] Load DDS texture: Squad/Parts/Cargo/Jetpack/EVAjetpackNRM
[LOG 15:22:24.263] Load DDS texture: Squad/Parts/Cargo/Parachute/backpack_Diff
[LOG 15:22:24.269] Load DDS texture: Squad/Parts/Cargo/Parachute/backpack_NM
[LOG 15:22:24.282] Load DDS texture: Squad/Parts/Cargo/RepairKit/RepairKit_Diffuse
[LOG 15:22:24.283] Load DDS texture: Squad/Parts/Cargo/RepairKit/RepairKit_Normal
[LOG 15:22:24.284] Load DDS texture: Squad/Parts/Cargo/ScienceKit/ExperimentKit_Material_Diffuse
[LOG 15:22:24.286] Load DDS texture: Squad/Parts/Cargo/ScienceKit/ExperimentKit_Material_Emissive
[LOG 15:22:24.287] Load DDS texture: Squad/Parts/Cargo/ScienceKit/ExperimentKit_Material_Normal
[LOG 15:22:24.289] Load DDS texture: Squad/Parts/Cargo/StorageUnits/Assets/Cargo_Material_Diffuse
[LOG 15:22:24.313] Load DDS texture: Squad/Parts/Cargo/StorageUnits/Assets/Cargo_Material_Normal
[LOG 15:22:24.320] Load DDS texture: Squad/Parts/Command/advancedSasModuleLarge/model000
[LOG 15:22:24.321] Load DDS texture: Squad/Parts/Command/advancedSasModuleLarge/model001
[LOG 15:22:24.321] Load DDS texture: Squad/Parts/Command/cupola/cupola_Emissive
[LOG 15:22:24.322] Load DDS texture: Squad/Parts/Command/cupola/ksp_l_cupola_diff
[LOG 15:22:24.323] Load DDS texture: Squad/Parts/Command/cupola/ksp_l_cupola_normal
[LOG 15:22:24.324] Load DDS texture: Squad/Parts/Command/cupola/window
[LOG 15:22:24.324] Load DDS texture: Squad/Parts/Command/externalCommandSeat/model000
[LOG 15:22:24.325] Load DDS texture: Squad/Parts/Command/hitchhikerStorageContainer/cabin
[LOG 15:22:24.326] Load DDS texture: Squad/Parts/Command/hitchhikerStorageContainer/cabin_Illum
[LOG 15:22:24.326] Load DDS texture: Squad/Parts/Command/hitchhikerStorageContainer/cabin_n
[LOG 15:22:24.328] Load DDS texture: Squad/Parts/Command/hitchhikerStorageContainer/window
[LOG 15:22:24.328] Load DDS texture: Squad/Parts/Command/inlineAdvancedStabilizer/model000
[LOG 15:22:24.328] Load DDS texture: Squad/Parts/Command/inlineAdvancedStabilizer/model001
[LOG 15:22:24.329] Load DDS texture: Squad/Parts/Command/inlineReactionWheel/model000
[LOG 15:22:24.329] Load DDS texture: Squad/Parts/Command/inlineReactionWheel/model001
[LOG 15:22:24.329] Load DDS texture: Squad/Parts/Command/inlineReactionWheel/model002
[LOG 15:22:24.329] Load DDS texture: Squad/Parts/Command/Mk1-2Pod/mk 1-2 external shell Variant-Hatch
[LOG 15:22:24.330] Load DDS texture: Squad/Parts/Command/Mk1-3Pod/M1-3 Pod
[LOG 15:22:24.331] Load DDS texture: Squad/Parts/Command/Mk1-3Pod/M1-3 Pod_GLOW
[LOG 15:22:24.331] Load DDS texture: Squad/Parts/Command/mk1Cockpits/GLOW
[LOG 15:22:24.331] Load DDS texture: Squad/Parts/Command/mk1Cockpits/Mk1Cockpit
[LOG 15:22:24.332] Load DDS texture: Squad/Parts/Command/mk1LanderCan/ksp_s_landerCan_diff
[LOG 15:22:24.335] Load DDS texture: Squad/Parts/Command/mk1LanderCan/ksp_s_landerCan_normal
[LOG 15:22:24.336] Load DDS texture: Squad/Parts/Command/mk1LanderCan/ksp_s_landerCan_psd_illum
[LOG 15:22:24.336] Load DDS texture: Squad/Parts/Command/mk1pod/outer shell
[LOG 15:22:24.336] Load DDS texture: Squad/Parts/Command/mk1pod_v2/Mk1_v2
[LOG 15:22:24.337] Load DDS texture: Squad/Parts/Command/mk1pod_v2/Mk1_v2_GLOW
[LOG 15:22:24.340] Load DDS texture: Squad/Parts/Command/mk1pod_v2/Mk1_v2_GW
[LOG 15:22:24.342] Load DDS texture: Squad/Parts/Command/mk1pod_v2/Mk1_v2_N
[LOG 15:22:24.343] Load DDS texture: Squad/Parts/Command/mk1pod_v2/Mk1_v2_W
[LOG 15:22:24.345] Load DDS texture: Squad/Parts/Command/mk1pod_v2/Mk1_v2_W_N
[LOG 15:22:24.347] Load DDS texture: Squad/Parts/Command/mk2CockpitInline/Cockpit_inline_A
[LOG 15:22:24.348] Load DDS texture: Squad/Parts/Command/mk2CockpitInline/Cockpit_inline_Emissive
[LOG 15:22:24.349] Load DDS texture: Squad/Parts/Command/mk2CockpitInline/Cockpit_inline_normal
[LOG 15:22:24.350] Load DDS texture: Squad/Parts/Command/mk2CockpitStandard/Cockpit
[LOG 15:22:24.352] Load DDS texture: Squad/Parts/Command/mk2CockpitStandard/Cockpit_Lum
[LOG 15:22:24.353] Load DDS texture: Squad/Parts/Command/mk2CockpitStandard/Cockpit_NRM
[LOG 15:22:24.357] Load DDS texture: Squad/Parts/Command/mk2DroneCore/mk2Dronecore
[LOG 15:22:24.357] Load DDS texture: Squad/Parts/Command/mk2LanderCan/Illum
[LOG 15:22:24.357] Load DDS texture: Squad/Parts/Command/mk2LanderCan/ladder
[LOG 15:22:24.358] Load DDS texture: Squad/Parts/Command/mk2LanderCan/outershell
[LOG 15:22:24.359] Load DDS texture: Squad/Parts/Command/mk2LanderCan/outershell_n
[LOG 15:22:24.359] Load DDS texture: Squad/Parts/Command/mk2LanderCan/window
[LOG 15:22:24.360] Load DDS texture: Squad/Parts/Command/mk2LanderCan_v2/Mk2Can
[LOG 15:22:24.380] Load DDS texture: Squad/Parts/Command/mk2LanderCan_v2/Mk2Can_glow
[LOG 15:22:24.386] Load DDS texture: Squad/Parts/Command/mk3CockpitShuttle/Mk3CockpitShuttle
[LOG 15:22:24.388] Load DDS texture: Squad/Parts/Command/mk3CockpitShuttle/Mk3CockpitShuttle_LUM
[LOG 15:22:24.388] Load DDS texture: Squad/Parts/Command/MpoProbe/MpoProbe_diffuse
[LOG 15:22:24.389] Load DDS texture: Squad/Parts/Command/MpoProbe/MpoProbe_nrm
[LOG 15:22:24.396] Load DDS texture: Squad/Parts/Command/MpoProbe/MpoProbe_specular
[LOG 15:22:24.398] Load DDS texture: Squad/Parts/Command/MtmStage/mtmStage_diffuse
[LOG 15:22:24.403] Load DDS texture: Squad/Parts/Command/MtmStage/mtmStage_nrm
[LOG 15:22:24.403] Load DDS texture: Squad/Parts/Command/MtmStage/mtmStage_specular
[LOG 15:22:24.404] Load DDS texture: Squad/Parts/Command/probeCoreCube/QBE_New_diffuse
[LOG 15:22:24.406] Load Cached PNG Texture: Squad/Parts/Command/probeCoreCube/QBE_New_NRM
[LOG 15:22:24.409] Load DDS texture: Squad/Parts/Command/probeCoreCube/QBE_New_specular
[LOG 15:22:24.411] Load DDS texture: Squad/Parts/Command/probeCoreHex/ksp_m_hexProbe_diff
[LOG 15:22:24.413] Load DDS texture: Squad/Parts/Command/probeCoreHex/ksp_m_hexProbe_normal
[LOG 15:22:24.413] Load DDS texture: Squad/Parts/Command/probeCoreHex_v2/hecsDiffuse
[LOG 15:22:24.414] Load DDS texture: Squad/Parts/Command/probeCoreHex_v2/hecsNormal
[LOG 15:22:24.414] Load DDS texture: Squad/Parts/Command/probeCoreOcto2_v2/octoDiffuse
[LOG 15:22:24.414] Load DDS texture: Squad/Parts/Command/probeCoreOcto2_v2/octoNormal
[LOG 15:22:24.414] Load DDS texture: Squad/Parts/Command/probeCoreOcto2_v2/octoSpecular
[LOG 15:22:24.414] Load DDS texture: Squad/Parts/Command/probeCoreOcto_v2/octoDiffuse
[LOG 15:22:24.415] Load DDS texture: Squad/Parts/Command/probeCoreOcto_v2/octoNormal
[LOG 15:22:24.415] Load DDS texture: Squad/Parts/Command/probeCoreOcto_v2/octoSpecular
[LOG 15:22:24.415] Load DDS texture: Squad/Parts/Command/probeRoverBody/model000
[LOG 15:22:24.415] Load DDS texture: Squad/Parts/Command/probeRoverBody/model001
[LOG 15:22:24.416] Load DDS texture: Squad/Parts/Command/probeRoverBody_v2/probeRoverBody_v2_gold_diffuse
[LOG 15:22:24.416] Load Cached PNG Texture: Squad/Parts/Command/probeRoverBody_v2/probeRoverBody_v2_gold_NRM
[LOG 15:22:24.418] Load DDS texture: Squad/Parts/Command/probeRoverBody_v2/probeRoverBody_v2_gold_specular
[LOG 15:22:24.420] Load DDS texture: Squad/Parts/Command/probeRoverBody_v2/probeRoverBody_v2_silver_diffuse
[LOG 15:22:24.422] Load Cached PNG Texture: Squad/Parts/Command/probeRoverBody_v2/probeRoverBody_v2_silver_NRM
[LOG 15:22:24.423] Load DDS texture: Squad/Parts/Command/probeRoverBody_v2/probeRoverBody_v2_silver_specular
[LOG 15:22:24.426] Load DDS texture: Squad/Parts/Command/probeRoverBody_v2/QBE_New_diffuse
[LOG 15:22:24.426] Load DDS texture: Squad/Parts/Command/probeRoverBody_v2/QBE_New_NRM
[LOG 15:22:24.426] Load DDS texture: Squad/Parts/Command/probeRoverBody_v2/QBE_New_specular
[LOG 15:22:24.426] Load DDS texture: Squad/Parts/Command/probeStackLarge/model000
[LOG 15:22:24.427] Load DDS texture: Squad/Parts/Command/probeStackLarge/model001
[LOG 15:22:24.428] Load DDS texture: Squad/Parts/Command/probeStackSmall/model000
[LOG 15:22:24.428] Load DDS texture: Squad/Parts/Command/probeStackSmall/model001
[LOG 15:22:24.429] Load DDS texture: Squad/Parts/Command/probeStackSphere_v2/probeStackSphere_diffuse
[LOG 15:22:24.432] Load DDS texture: Squad/Parts/Command/probeStackSphere_v2/probeStackSphere_normal
[LOG 15:22:24.433] Load DDS texture: Squad/Parts/Command/probeStackSphere_v2/probeStackSphere_specular
[LOG 15:22:24.434] Load Cached PNG Texture: Squad/Parts/CompoundParts/@thumbs/fuelLine_icon0
[LOG 15:22:24.434] Load Cached PNG Texture: Squad/Parts/CompoundParts/@thumbs/fuelLine_icon1
[LOG 15:22:24.434] Load Cached PNG Texture: Squad/Parts/CompoundParts/@thumbs/strutConnector_icon0
[LOG 15:22:24.434] Load Cached PNG Texture: Squad/Parts/CompoundParts/@thumbs/strutConnector_icon1
[LOG 15:22:24.435] Load DDS texture: Squad/Parts/CompoundParts/FuelLine/FTX-2 External Fuel Duct
[LOG 15:22:24.435] Load DDS texture: Squad/Parts/CompoundParts/FuelLine/FTX-2 External Fuel Duct_ESA
[LOG 15:22:24.435] Load DDS texture: Squad/Parts/CompoundParts/strutConnector/EAS-4 Strut Connector
[LOG 15:22:24.435] Load DDS texture: Squad/Parts/CompoundParts/strutConnector/EAS-4 Strut Connector_white
[LOG 15:22:24.435] Load DDS texture: Squad/Parts/Coupling/Assets/Decouplers
[LOG 15:22:24.437] Load DDS texture: Squad/Parts/Coupling/Assets/Decouplers_N
[LOG 15:22:24.447] Load DDS texture: Squad/Parts/Coupling/Assets/Decouplers_whiteYellow
[LOG 15:22:24.448] Load DDS texture: Squad/Parts/Coupling/Assets/Decouplers_whiteYellow_N
[LOG 15:22:24.460] Load DDS texture: Squad/Parts/Electrical/10CSolarPanels/assets/circularSolarPanel_diffuse
[LOG 15:22:24.463] Load DDS texture: Squad/Parts/Electrical/10CSolarPanels/assets/circularSolarPanel_nrm
[LOG 15:22:24.464] Load DDS texture: Squad/Parts/Electrical/10LSolarPanels/assets/retractableSolarPanel_diffuse
[LOG 15:22:24.465] Load DDS texture: Squad/Parts/Electrical/10LSolarPanels/assets/retractableSolarPanel_nrm
[LOG 15:22:24.466] Load DDS texture: Squad/Parts/Electrical/1x6ShroudSolarPanels/model000
[LOG 15:22:24.466] Load DDS texture: Squad/Parts/Electrical/1x6ShroudSolarPanels/model001
[LOG 15:22:24.466] Load DDS texture: Squad/Parts/Electrical/1x6ShroudSolarPanels/model002
[LOG 15:22:24.466] Load DDS texture: Squad/Parts/Electrical/1x6SolarPanels/model000
[LOG 15:22:24.466] Load DDS texture: Squad/Parts/Electrical/1x6SolarPanels/model001
[LOG 15:22:24.467] Load DDS texture: Squad/Parts/Electrical/1x6SolarPanels/model002
[LOG 15:22:24.467] Load DDS texture: Squad/Parts/Electrical/3x2ShroudSolarPanels/model000
[LOG 15:22:24.467] Load DDS texture: Squad/Parts/Electrical/3x2ShroudSolarPanels/model001
[LOG 15:22:24.467] Load DDS texture: Squad/Parts/Electrical/3x2ShroudSolarPanels/model002
[LOG 15:22:24.467] Load DDS texture: Squad/Parts/Electrical/3x2SolarPanels/model000
[LOG 15:22:24.467] Load DDS texture: Squad/Parts/Electrical/3x2SolarPanels/model001
[LOG 15:22:24.468] Load DDS texture: Squad/Parts/Electrical/3x2SolarPanels/model002
[LOG 15:22:24.468] Load DDS texture: Squad/Parts/Electrical/gigantorXlSolarArray/panel
[LOG 15:22:24.468] Load DDS texture: Squad/Parts/Electrical/radialFlatSolarPanel/model000
[LOG 15:22:24.468] Load DDS texture: Squad/Parts/Electrical/RTG/model000
[LOG 15:22:24.468] Load DDS texture: Squad/Parts/Electrical/z-100Battery/model000
[LOG 15:22:24.468] Load DDS texture: Squad/Parts/Electrical/z-1kBattery/model000
[LOG 15:22:24.469] Load DDS texture: Squad/Parts/Electrical/z-1kBattery/model001
[LOG 15:22:24.469] Load DDS texture: Squad/Parts/Electrical/z-200Battery/ksp_m_batteryPack_diff
[LOG 15:22:24.469] Load DDS texture: Squad/Parts/Electrical/z-400Battery/model000
[LOG 15:22:24.469] Load DDS texture: Squad/Parts/Electrical/z-4kBattery/ksp_l_batteryPack_diff
[LOG 15:22:24.469] Load DDS texture: Squad/Parts/Electrical/z-4kBattery/ksp_l_batteryPack_normal
[LOG 15:22:24.470] Load DDS texture: Squad/Parts/Engine/ionEngine/model000
[LOG 15:22:24.470] Load DDS texture: Squad/Parts/Engine/jetEngines/Jet Engines
[LOG 15:22:24.470] Load DDS texture: Squad/Parts/Engine/jetEngines/Jet_Heat
[LOG 15:22:24.471] Load DDS texture: Squad/Parts/Engine/liquidEngine24-77/engine
[LOG 15:22:24.471] Load DDS texture: Squad/Parts/Engine/liquidEngine24-77_v2/Twitch
[LOG 15:22:24.472] Load DDS texture: Squad/Parts/Engine/liquidEngine24-77_v2/Twitch_G
[LOG 15:22:24.472] Load DDS texture: Squad/Parts/Engine/liquidEngine24-77_v2/Twitch_GLOW
[LOG 15:22:24.472] Load DDS texture: Squad/Parts/Engine/liquidEngine48-7S/ksp_m_liquidEngine_diff
[LOG 15:22:24.472] Load DDS texture: Squad/Parts/Engine/liquidEngine48-7S_v2/Spark
[LOG 15:22:24.473] Load DDS texture: Squad/Parts/Engine/liquidEngine48-7S_v2/Spark_Glow
[LOG 15:22:24.473] Load DDS texture: Squad/Parts/Engine/liquidEngineAerospike/Aerospike
[LOG 15:22:24.473] Load DDS texture: Squad/Parts/Engine/liquidEngineAerospike/Aerospike_Heat
[LOG 15:22:24.473] Load DDS texture: Squad/Parts/Engine/liquidEngineLV-1_v2/Assets/Ant_and_Spider_diffuse
[LOG 15:22:24.473] Load DDS texture: Squad/Parts/Engine/liquidEngineLV-1_v2/Assets/Ant_and_Spider_emissive
[LOG 15:22:24.474] Load DDS texture: Squad/Parts/Engine/liquidEngineLV-1_v2/Assets/Ant_and_Spider_normal
[LOG 15:22:24.475] Load DDS texture: Squad/Parts/Engine/liquidEngineLV-1_v2/Assets/Ant_and_Spider_specular
[LOG 15:22:24.481] Load DDS texture: Squad/Parts/Engine/liquidEngineLV-909_v2/Terrier
[LOG 15:22:24.481] Load DDS texture: Squad/Parts/Engine/liquidEngineLV-909_v2/TerrierFairing
[LOG 15:22:24.482] Load DDS texture: Squad/Parts/Engine/liquidEngineLV-909_v2/Terrier_glow
[LOG 15:22:24.483] Load DDS texture: Squad/Parts/Engine/liquidEngineLV-N/model000
[LOG 15:22:24.483] Load DDS texture: Squad/Parts/Engine/liquidEngineLV-N/model001
[LOG 15:22:24.483] Load DDS texture: Squad/Parts/Engine/liquidEngineLV-N/model002
[LOG 15:22:24.484] Load DDS texture: Squad/Parts/Engine/liquidEngineLV-N/model003
[LOG 15:22:24.484] Load DDS texture: Squad/Parts/Engine/liquidEngineLV-T30/model000
[LOG 15:22:24.484] Load DDS texture: Squad/Parts/Engine/liquidEngineLV-T30/model001
[LOG 15:22:24.484] Load DDS texture: Squad/Parts/Engine/liquidEngineLV-T30/model002
[LOG 15:22:24.484] Load DDS texture: Squad/Parts/Engine/liquidEngineLV-T30_v2/Engine_Emissive
[LOG 15:22:24.491] Load DDS texture: Squad/Parts/Engine/liquidEngineLV-T30_v2/Engine_Normal
[LOG 15:22:24.498] Load DDS texture: Squad/Parts/Engine/liquidEngineLV-T30_v2/Fairing
[LOG 15:22:24.499] Load DDS texture: Squad/Parts/Engine/liquidEngineLV-T30_v2/Reliant_v2-shroud_Diffuse
[LOG 15:22:24.506] Load DDS texture: Squad/Parts/Engine/liquidEngineLV-T30_v2/Reliant_v2_Diffuse
[LOG 15:22:24.515] Load DDS texture: Squad/Parts/Engine/liquidEngineLV-T45/model000
[LOG 15:22:24.515] Load DDS texture: Squad/Parts/Engine/liquidEngineLV-T45/model001
[LOG 15:22:24.515] Load DDS texture: Squad/Parts/Engine/liquidEngineLV-T45/model002
[LOG 15:22:24.515] Load DDS texture: Squad/Parts/Engine/liquidEngineLV-T45/model003
[LOG 15:22:24.515] Load DDS texture: Squad/Parts/Engine/liquidEngineLV-T45_v2/Engine_Emissive
[LOG 15:22:24.523] Load DDS texture: Squad/Parts/Engine/liquidEngineLV-T45_v2/Fairing
[LOG 15:22:24.523] Load DDS texture: Squad/Parts/Engine/liquidEngineLV-T45_v2/Swivel_v2_Diffuse
[LOG 15:22:24.528] Load DDS texture: Squad/Parts/Engine/liquidEngineLV-T45_v2/Swivel_v2_Normal
[LOG 15:22:24.536] Load DDS texture: Squad/Parts/Engine/liquidEngineMainsail_v2/mainsail_diffuse
[LOG 15:22:24.542] Load DDS texture: Squad/Parts/Engine/liquidEngineMainsail_v2/mainsail_emissive
[LOG 15:22:24.544] Load DDS texture: Squad/Parts/Engine/liquidEngineMainsail_v2/mainsail_nrm
[LOG 15:22:24.557] Load DDS texture: Squad/Parts/Engine/liquidEngineMainsail_v2/mainsail_specular
[LOG 15:22:24.586] Load DDS texture: Squad/Parts/Engine/liquidEngineMainsail_v2/Shroud
[LOG 15:22:24.586] Load DDS texture: Squad/Parts/Engine/liquidEngineMk55/Thud
[LOG 15:22:24.586] Load DDS texture: Squad/Parts/Engine/liquidEngineMk55/Thud_Heat
[LOG 15:22:24.587] Load DDS texture: Squad/Parts/Engine/liquidEnginePoodle_v2/poodle
[LOG 15:22:24.588] Load DDS texture: Squad/Parts/Engine/liquidEnginePoodle_v2/PoodleShroud
[LOG 15:22:24.588] Load DDS texture: Squad/Parts/Engine/liquidEnginePoodle_v2/poodle_Glow
[LOG 15:22:24.589] Load DDS texture: Squad/Parts/Engine/liquidEnginePoodle_v2/Poodle_SingleBell_Poodle_Diffuse
[LOG 15:22:24.592] Load DDS texture: Squad/Parts/Engine/liquidEnginePoodle_v2/Poodle_SingleBell_Poodle_Emissive
[LOG 15:22:24.593] Load DDS texture: Squad/Parts/Engine/liquidEnginePoodle_v2/Poodle_SingleBell_Poodle_Normal
[LOG 15:22:24.597] Load DDS texture: Squad/Parts/Engine/liquidEngineSkipper_v2/Shroud
[LOG 15:22:24.598] Load DDS texture: Squad/Parts/Engine/liquidEngineSkipper_v2/skipper_v2_diffuse
[LOG 15:22:24.607] Load DDS texture: Squad/Parts/Engine/liquidEngineSkipper_v2/skipper_v2_emissive
[LOG 15:22:24.616] Load DDS texture: Squad/Parts/Engine/liquidEngineSkipper_v2/skipper_v2_normal
[LOG 15:22:24.631] Load DDS texture: Squad/Parts/Engine/liquidEngineSSME/SSME
[LOG 15:22:24.632] Load DDS texture: Squad/Parts/Engine/liquidEngineSSME/SSME_GLOW
[LOG 15:22:24.632] Load DDS texture: Squad/Parts/Engine/liquidEngineSSME/SSME_NRM
[LOG 15:22:24.632] Load DDS texture: Squad/Parts/Engine/MassiveSRB/solid_booster_cm
[LOG 15:22:24.633] Load DDS texture: Squad/Parts/Engine/MassiveSRB/solid_booster_cm_esa
[LOG 15:22:24.634] Load DDS texture: Squad/Parts/Engine/MassiveSRB/solid_booster_em
[LOG 15:22:24.637] Load DDS texture: Squad/Parts/Engine/MassiveSRB/solid_booster_nm
[LOG 15:22:24.638] Load DDS texture: Squad/Parts/Engine/miniJet/SmallJet
[LOG 15:22:24.638] Load DDS texture: Squad/Parts/Engine/OMSEngine/Puff_diffuse
[LOG 15:22:24.639] Load DDS texture: Squad/Parts/Engine/OMSEngine/Puff_emissive
[LOG 15:22:24.639] Load DDS texture: Squad/Parts/Engine/OMSEngine/Puff_normal
[LOG 15:22:24.639] Load DDS texture: Squad/Parts/Engine/OMSEngine/Puff_specular
[LOG 15:22:24.639] Load DDS texture: Squad/Parts/Engine/rapierEngine/rapierDiffuse
[LOG 15:22:24.666] Load DDS texture: Squad/Parts/Engine/rapierEngine/rapieremit
[LOG 15:22:24.666] Load DDS texture: Squad/Parts/Engine/Size1_SRBs/SRB_O
[LOG 15:22:24.667] Load DDS texture: Squad/Parts/Engine/Size1_SRBs/SRB_W
[LOG 15:22:24.667] Load DDS texture: Squad/Parts/Engine/Size1_SRBs/SRB_Y
[LOG 15:22:24.668] Load DDS texture: Squad/Parts/Engine/Size2LFB/Size2LFBEmissive
[LOG 15:22:24.668] Load DDS texture: Squad/Parts/Engine/Size2LFB/twin_nozzle_booster_cm
[LOG 15:22:24.669] Load DDS texture: Squad/Parts/Engine/Size2LFB/twin_nozzle_booster_nm
[LOG 15:22:24.671] Load DDS texture: Squad/Parts/Engine/Size2LFB_v2/Size2LFBEmissive
[LOG 15:22:24.671] Load DDS texture: Squad/Parts/Engine/Size2LFB_v2/twin_nozzle_booster_cm
[LOG 15:22:24.671] Load DDS texture: Squad/Parts/Engine/Size2LFB_v2/twin_nozzle_booster_nm
[LOG 15:22:24.674] Load DDS texture: Squad/Parts/Engine/Size3AdvancedEngine/decoupler_and_adaptor_cm
[LOG 15:22:24.674] Load DDS texture: Squad/Parts/Engine/Size3AdvancedEngine/Size3AdvancedEngineDiffuse
[LOG 15:22:24.676] Load DDS texture: Squad/Parts/Engine/Size3AdvancedEngine/Size3AdvancedEngineEmissive
[LOG 15:22:24.677] Load DDS texture: Squad/Parts/Engine/Size3AdvancedEngine/Size3AdvancedEngineNormal
[LOG 15:22:24.677] Load DDS texture: Squad/Parts/Engine/Size3EngineCluster/ClusterEngineEmit
[LOG 15:22:24.677] Load DDS texture: Squad/Parts/Engine/Size3EngineCluster/four_nozzle_engine_cm
[LOG 15:22:24.678] Load DDS texture: Squad/Parts/Engine/Size3EngineCluster/four_nozzle_engine_nm
[LOG 15:22:24.680] Load DDS texture: Squad/Parts/Engine/solidBoosterBACC/model000
[LOG 15:22:24.684] Load DDS texture: Squad/Parts/Engine/solidBoosterBACC/model001
[LOG 15:22:24.685] Load DDS texture: Squad/Parts/Engine/solidBoosterBACC/model002
[LOG 15:22:24.686] Load DDS texture: Squad/Parts/Engine/solidBoosterRT-5/RT5
[LOG 15:22:24.686] Load DDS texture: Squad/Parts/Engine/solidBoosterS2-17/solidBoosterS2-17_diffuse
[LOG 15:22:24.703] Load DDS texture: Squad/Parts/Engine/solidBoosterS2-17/solidBoosterS2-17_emissive
[LOG 15:22:24.721] Load DDS texture: Squad/Parts/Engine/solidBoosterS2-17/solidBoosterS2-17_normal
[LOG 15:22:24.740] Load DDS texture: Squad/Parts/Engine/solidBoosterS2-33/solidBoosterS2-33_diffuse
[LOG 15:22:24.770] Load DDS texture: Squad/Parts/Engine/solidBoosterS2-33/solidBoosterS2-33_emissive
[LOG 15:22:24.806] Load DDS texture: Squad/Parts/Engine/solidBoosterS2-33/solidBoosterS2-33_normal
[LOG 15:22:24.891] Load DDS texture: Squad/Parts/Engine/solidBoosterSep/model000
[LOG 15:22:24.939] Load DDS texture: Squad/Parts/Engine/solidBoosterSep/motor
[LOG 15:22:24.946] Load DDS texture: Squad/Parts/Engine/SolidBoostersF/Assets/SolidBoosterF3S0_diffuse
[LOG 15:22:24.946] Load DDS texture: Squad/Parts/Engine/SolidBoostersF/Assets/SolidBoosterF3S0_emissive
[LOG 15:22:24.947] Load DDS texture: Squad/Parts/Engine/SolidBoostersF/Assets/SolidBoosterF3S0_normal
[LOG 15:22:24.947] Load DDS texture: Squad/Parts/FuelTank/adapterTanks/Mk3Adapters
[LOG 15:22:24.950] Load DDS texture: Squad/Parts/FuelTank/drainTankFTE-1/fuelValve_diffuse
[LOG 15:22:24.950] Load DDS texture: Squad/Parts/FuelTank/drainTankFTE-1/fuelValve_nrm
[LOG 15:22:24.951] Load DDS texture: Squad/Parts/FuelTank/FoilTanks/RadialTanks
[LOG 15:22:24.951] Load DDS texture: Squad/Parts/FuelTank/FoilTanks/RadialTanksGold_specular
[LOG 15:22:24.952] Load DDS texture: Squad/Parts/FuelTank/FoilTanks/RadialTanksSilver_specular
[LOG 15:22:24.954] Load DDS texture: Squad/Parts/FuelTank/FoilTanks/RadialTanks_N
[LOG 15:22:24.955] Load DDS texture: Squad/Parts/FuelTank/FoilTanks/RadialTanks_silver
[LOG 15:22:24.956] Load DDS texture: Squad/Parts/FuelTank/fuelTankOscarB/model000
[LOG 15:22:24.956] Load DDS texture: Squad/Parts/FuelTank/fuelTankOscarB/model001
[LOG 15:22:24.957] Load DDS texture: Squad/Parts/FuelTank/fuelTankOscarB/tank
[LOG 15:22:24.957] Load DDS texture: Squad/Parts/FuelTank/fuelTankOscarB/tank_n
[LOG 15:22:24.957] Load DDS texture: Squad/Parts/FuelTank/miniFuselage/Fuselage
[LOG 15:22:24.957] Load DDS texture: Squad/Parts/FuelTank/mk2Adapters/mk2adapters1m
[LOG 15:22:24.964] Load DDS texture: Squad/Parts/FuelTank/mk2FuselageLong/mk2Fuselage
[LOG 15:22:24.965] Load DDS texture: Squad/Parts/FuelTank/mk2FuselageShort/mk2FuselageShort
[LOG 15:22:24.966] Load DDS texture: Squad/Parts/FuelTank/mk3Fuselage/Mk3Fuselage
[LOG 15:22:24.977] Load DDS texture: Squad/Parts/FuelTank/mk3Fuselage/Mk3Fuselage_LUM
[LOG 15:22:24.981] Load DDS texture: Squad/Parts/FuelTank/RCSFuelTankR1/RCSFuelTankR1_01
[LOG 15:22:24.981] Load DDS texture: Squad/Parts/FuelTank/RCSFuelTankR1/RCSFuelTankR1_02
[LOG 15:22:24.981] Load DDS texture: Squad/Parts/FuelTank/RCSFuelTankR1/RCSFuelTankR1_N
[LOG 15:22:24.984] Load DDS texture: Squad/Parts/FuelTank/RCSFuelTankR10/ksp_m_rcsTank_diff
[LOG 15:22:24.985] Load DDS texture: Squad/Parts/FuelTank/RCSFuelTankR10/ksp_m_rcsTank_normal
[LOG 15:22:24.985] Load DDS texture: Squad/Parts/FuelTank/RCSFuelTankR25/FL-R25 RCS Fuel Tank_D
[LOG 15:22:24.985] Load DDS texture: Squad/Parts/FuelTank/RCSFuelTankR25/FL-R25 RCS Fuel Tank_N
[LOG 15:22:24.989] Load DDS texture: Squad/Parts/FuelTank/RCSTankRadial/model000
[LOG 15:22:24.989] Load DDS texture: Squad/Parts/FuelTank/RCStankRadialLong/ksp_r_rcsCylTank_diff
[LOG 15:22:24.989] Load DDS texture: Squad/Parts/FuelTank/RockomaxTanks/Assets/rockomax_16 [AlbedoM] BW
[LOG 15:22:25.000] Load DDS texture: Squad/Parts/FuelTank/RockomaxTanks/Assets/rockomax_16 [AlbedoM] ESA
[LOG 15:22:25.006] Load DDS texture: Squad/Parts/FuelTank/RockomaxTanks/Assets/rockomax_16 [AlbedoM] O
[LOG 15:22:25.017] Load DDS texture: Squad/Parts/FuelTank/RockomaxTanks/Assets/rockomax_16 [Normal] BW
[LOG 15:22:25.023] Load DDS texture: Squad/Parts/FuelTank/RockomaxTanks/Assets/rockomax_16 [Normal]ESA
[LOG 15:22:25.028] Load DDS texture: Squad/Parts/FuelTank/RockomaxTanks/Assets/rockomax_16 [Normal]O
[LOG 15:22:25.035] Load DDS texture: Squad/Parts/FuelTank/RockomaxTanks/Assets/rockomax_32 [AlbedoM] ESA
[LOG 15:22:25.037] Load DDS texture: Squad/Parts/FuelTank/RockomaxTanks/Assets/rockomax_32 [Normal]ESA
[LOG 15:22:25.038] Load DDS texture: Squad/Parts/FuelTank/Size1_Tanks/125Tanks_BW
[LOG 15:22:25.040] Load DDS texture: Squad/Parts/FuelTank/Size1_Tanks/125Tanks_D
[LOG 15:22:25.042] Load DDS texture: Squad/Parts/FuelTank/Size1_Tanks/125Tanks_N
[LOG 15:22:25.044] Load DDS texture: Squad/Parts/FuelTank/Size1_Tanks/125Tanks_O
[LOG 15:22:25.047] Load DDS texture: Squad/Parts/FuelTank/Size1_Tanks/125Tanks_W
[LOG 15:22:25.051] Load DDS texture: Squad/Parts/FuelTank/Size3Tanks/fueltTanks_cm
[LOG 15:22:25.052] Load Cached PNG Texture: Squad/Parts/FuelTank/Size3Tanks/Size3Tanks
[LOG 15:22:25.053] Load Cached PNG Texture: Squad/Parts/FuelTank/Size3Tanks/Size3Tanks_Norm
[LOG 15:22:25.054] Load Cached PNG Texture: Squad/Parts/FuelTank/Size3Tanks/Size3Tanks_Orange
[LOG 15:22:25.055] Load Cached PNG Texture: Squad/Parts/FuelTank/Size3Tanks/Size3Tanks_Orange_Norm
[LOG 15:22:25.057] Load DDS texture: Squad/Parts/FuelTank/xenonTank/model000
[LOG 15:22:25.057] Load DDS texture: Squad/Parts/FuelTank/xenonTank/model001
[LOG 15:22:25.059] Load DDS texture: Squad/Parts/FuelTank/xenonTankLarge/tank
[LOG 15:22:25.059] Load DDS texture: Squad/Parts/FuelTank/xenonTankRadial/ksp_r_xenonTank_diff
[LOG 15:22:25.060] Load DDS texture: Squad/Parts/Misc/AsteroidDay/CamSat
[LOG 15:22:25.060] Load DDS texture: Squad/Parts/Misc/AsteroidDay/CamSat_glow
[LOG 15:22:25.061] Load DDS texture: Squad/Parts/Misc/AsteroidDay/CamSat_N_NRM
[LOG 15:22:25.062] Load DDS texture: Squad/Parts/Misc/AsteroidDay/default
[LOG 15:22:25.062] Load DDS texture: Squad/Parts/Misc/AsteroidDay/hecsDiffuse
[LOG 15:22:25.062] Load DDS texture: Squad/Parts/Misc/AsteroidDay/hecsNormal
[LOG 15:22:25.062] Load DDS texture: Squad/Parts/Misc/AsteroidDay/hecsSpecular
[LOG 15:22:25.062] Load DDS texture: Squad/Parts/Misc/AsteroidDay/JumboHexProbe
[LOG 15:22:25.063] Load DDS texture: Squad/Parts/Misc/AsteroidDay/JumboHexProbe_NORM_NRM
[LOG 15:22:25.063] Load DDS texture: Squad/Parts/Resources/FuelCell/FCLamp
[LOG 15:22:25.063] Load DDS texture: Squad/Parts/Resources/FuelCell/FuelCellRack
[LOG 15:22:25.063] Load DDS texture: Squad/Parts/Resources/FuelCell/fuellcell
[LOG 15:22:25.063] Load DDS texture: Squad/Parts/Resources/ISRU/Processor_Large
[LOG 15:22:25.063] Load DDS texture: Squad/Parts/Resources/LargeTank/ksp_l_resourceContainer_diff
[LOG 15:22:25.064] Load DDS texture: Squad/Parts/Resources/LargeTank/ksp_l_resourceContainer_norm
[LOG 15:22:25.065] Load DDS texture: Squad/Parts/Resources/MiniDrill/DustParticle
[LOG 15:22:25.066] Load DDS texture: Squad/Parts/Resources/MiniDrill/ksp_r_rockProbe_diff
[LOG 15:22:25.066] Load DDS texture: Squad/Parts/Resources/MiniDrill/RockParticle
[LOG 15:22:25.066] Load DDS texture: Squad/Parts/Resources/MiniISRU/ksp_s_processorSmall_diff
[LOG 15:22:25.067] Load DDS texture: Squad/Parts/Resources/OrbitalScanner/detector
[LOG 15:22:25.067] Load DDS texture: Squad/Parts/Resources/RadialDrill/DustParticle
[LOG 15:22:25.067] Load DDS texture: Squad/Parts/Resources/RadialDrill/RockParticle
[LOG 15:22:25.067] Load DDS texture: Squad/Parts/Resources/RadialDrill/TriBitDrill
[LOG 15:22:25.068] Load DDS texture: Squad/Parts/Resources/RadialTank/ksp_r_resourceContainer_psd_2
[LOG 15:22:25.068] Load DDS texture: Squad/Parts/Resources/SmallTank/ksp_s_resourceContainer_diff
[LOG 15:22:25.068] Load DDS texture: Squad/Parts/Resources/SmallTank/ksp_s_resourceContainer_normal
[LOG 15:22:25.070] Load DDS texture: Squad/Parts/Resources/SurfaceScanner/ksp_r_samplerAir_diff
[LOG 15:22:25.071] Load DDS texture: Squad/Parts/Resources/SurveyScanner/dish
[LOG 15:22:25.072] Load DDS texture: Squad/Parts/Resources/SurveyScanner/dish_n
[LOG 15:22:25.074] Load DDS texture: Squad/Parts/Science/AtmosphereSensor/ksp_r_hydroscoop_diff
[LOG 15:22:25.074] Load DDS texture: Squad/Parts/Science/GooExperiment/GooExperiment
[LOG 15:22:25.074] Load DDS texture: Squad/Parts/Science/LargeCrewedLab/Large_Crewed_Lab
[LOG 15:22:25.076] Load DDS texture: Squad/Parts/Science/LargeCrewedLab/Large_Crewed_Lab_glow
[LOG 15:22:25.079] Load DDS texture: Squad/Parts/Science/LargeCrewedLab/window
[LOG 15:22:25.079] Load DDS texture: Squad/Parts/Science/Magnetometer/Magnetometer_diffuse
[LOG 15:22:25.079] Load DDS texture: Squad/Parts/Science/Magnetometer/Magnetometer_nrm
[LOG 15:22:25.080] Load DDS texture: Squad/Parts/Science/MaterialBay/science_module_small
[LOG 15:22:25.081] Load DDS texture: Squad/Parts/Science/MaterialBay/science_module_small_emit
[LOG 15:22:25.081] Load DDS texture: Squad/Parts/Science/MaterialBay/science_module_small_nrm
[LOG 15:22:25.081] Load DDS texture: Squad/Parts/Science/MaterialBay/wires
[LOG 15:22:25.082] Load DDS texture: Squad/Parts/Science/ScienceBox/Container
[LOG 15:22:25.082] Load DDS texture: Squad/Parts/Science/sensorAccelerometer/model000
[LOG 15:22:25.082] Load DDS texture: Squad/Parts/Science/sensorBarometer/model000
[LOG 15:22:25.082] Load DDS texture: Squad/Parts/Science/sensorGravimeter/model000
[LOG 15:22:25.082] Load DDS texture: Squad/Parts/Science/sensorThermometer/model000
[LOG 15:22:25.082] Load DDS texture: Squad/Parts/Structural/FLAdapters/Assets/FLA-Adapters_diffuse
[LOG 15:22:25.083] Load DDS texture: Squad/Parts/Structural/FLAdapters/Assets/FLA-Adapters_diffuse_O
[LOG 15:22:25.086] Load DDS texture: Squad/Parts/Structural/FLAdapters/Assets/FLA-Adapters_normal
[LOG 15:22:25.087] Load DDS texture: Squad/Parts/Structural/FLAdapters/Assets/FLA-Adapters_normal_O
[LOG 15:22:25.088] Load DDS texture: Squad/Parts/Structural/mk1Parts/Mk1Structural
[LOG 15:22:25.089] Load DDS texture: Squad/Parts/Structural/mk1Parts/Mk1StructuralHeat
[LOG 15:22:25.091] Load Cached PNG Texture: Squad/Parts/Structural/mk1Parts/@thumbs/MK1Fuselage_icon
[LOG 15:22:25.091] Load DDS texture: Squad/Parts/Structural/Size3To2Adapter_v2/Size2to3_BW_Diffuse
[LOG 15:22:25.098] Load DDS texture: Squad/Parts/Structural/Size3To2Adapter_v2/Size2to3_DUMMY_NRM
[LOG 15:22:25.098] Load DDS texture: Squad/Parts/Structural/Size3To2Adapter_v2/Size2to3_O_Diffuse
[LOG 15:22:25.105] Load DDS texture: Squad/Parts/Structural/Size3To2Adapter_v2/Size2to3_W_Diffuse
[LOG 15:22:25.112] Load DDS texture: Squad/Parts/Structural/Size3To2Adapter_v2/Size2to3_W_NRM
[LOG 15:22:25.121] Load DDS texture: Squad/Parts/Structural/stackAdapters/Assets/stackAdapters_diffuse
[LOG 15:22:25.122] Load DDS texture: Squad/Parts/Structural/stackAdapters/Assets/stackAdapters_diffuse_Dark
[LOG 15:22:25.122] Load DDS texture: Squad/Parts/Structural/stackAdapters/Assets/stackAdapters_diffuse_Orange
[LOG 15:22:25.123] Load DDS texture: Squad/Parts/Structural/stackAdapters/Assets/stackAdapters_normal
[LOG 15:22:25.125] Load DDS texture: Squad/Parts/Structural/stackAdapters/Assets/stackAdapters_normal_Orange
[LOG 15:22:25.126] Load DDS texture: Squad/Parts/Structural/stationHub/model000
[LOG 15:22:25.127] Load DDS texture: Squad/Parts/Structural/stationHub/model001
[LOG 15:22:25.127] Load DDS texture: Squad/Parts/Structural/structuralIBeam200/model000
[LOG 15:22:25.127] Load DDS texture: Squad/Parts/Structural/structuralIBeam200Pocket/model000
[LOG 15:22:25.128] Load DDS texture: Squad/Parts/Structural/structuralIBeam650/model000
[LOG 15:22:25.128] Load DDS texture: Squad/Parts/Structural/structuralMicronode/model000
[LOG 15:22:25.128] Load DDS texture: Squad/Parts/Structural/structuralPanel1x1/model000
[LOG 15:22:25.128] Load DDS texture: Squad/Parts/Structural/structuralPanel1x1/model001
[LOG 15:22:25.128] Load DDS texture: Squad/Parts/Structural/structuralPanel2x2/model000
[LOG 15:22:25.128] Load DDS texture: Squad/Parts/Structural/structuralPanel2x2/model001
[LOG 15:22:25.129] Load DDS texture: Squad/Parts/Structural/structuralPylons/Pylons
[LOG 15:22:25.129] Load DDS texture: Squad/Parts/Structural/strutCubicOcto/cubestrut
[LOG 15:22:25.129] Load DDS texture: Squad/Parts/Structural/strutOcto/model000
[LOG 15:22:25.129] Load DDS texture: Squad/Parts/Structural/trussGirderAdapter/model000
[LOG 15:22:25.129] Load DDS texture: Squad/Parts/Structural/trussGirderAdapter/model001
[LOG 15:22:25.130] Load DDS texture: Squad/Parts/Structural/trussGirderL/model000
[LOG 15:22:25.130] Load DDS texture: Squad/Parts/Structural/trussGirderXL/model000
[LOG 15:22:25.131] Load DDS texture: Squad/Parts/Thermal/FoldingRadiators/radiator
[LOG 15:22:25.132] Load DDS texture: Squad/Parts/Thermal/FoldingRadiators/radiator_N_NRM
[LOG 15:22:25.133] Load DDS texture: Squad/Parts/Thermal/RadiatorPanels/radPanel
[LOG 15:22:25.134] Load DDS texture: Squad/Parts/Thermal/RadiatorPanels/radPanel_N_NRM
[LOG 15:22:25.137] Load DDS texture: Squad/Parts/Utility/commDish88-88/comm_dish_array
[LOG 15:22:25.138] Load DDS texture: Squad/Parts/Utility/commDish88-88/comm_dish_v2_diff
[LOG 15:22:25.139] Load DDS texture: Squad/Parts/Utility/commDish88-88/model000
[LOG 15:22:25.139] Load DDS texture: Squad/Parts/Utility/commsAntennaDTS-M1/mediumDishAntenna
[LOG 15:22:25.139] Load DDS texture: Squad/Parts/Utility/commsAntennaDTS-M1/mediumDishAntenna_Emit
[LOG 15:22:25.139] Load DDS texture: Squad/Parts/Utility/commsDish16/model000
[LOG 15:22:25.139] Load DDS texture: Squad/Parts/Utility/decouplerRadialHDM/model000
[LOG 15:22:25.140] Load DDS texture: Squad/Parts/Utility/decouplerRadialTT-38K/model000
[LOG 15:22:25.140] Load DDS texture: Squad/Parts/Utility/decouplerRadialTT-38K/model001
[LOG 15:22:25.140] Load DDS texture: Squad/Parts/Utility/decouplerRadialTT-70/model000
[LOG 15:22:25.142] Load DDS texture: Squad/Parts/Utility/DirectAntennas/MiniAntenna
[LOG 15:22:25.142] Load DDS texture: Squad/Parts/Utility/dockingPort/Arrow Pointer
[LOG 15:22:25.144] Load DDS texture: Squad/Parts/Utility/dockingPort/DockingPorts_Clampotron_Diffuse
[LOG 15:22:25.148] Load DDS texture: Squad/Parts/Utility/dockingPort/DockingPorts_Clampotron_Emissive
[LOG 15:22:25.149] Load DDS texture: Squad/Parts/Utility/dockingPort/DockingPorts_Clampotron_Normal
[LOG 15:22:25.158] Load DDS texture: Squad/Parts/Utility/dockingPortInline/Arrow Pointer
[LOG 15:22:25.158] Load DDS texture: Squad/Parts/Utility/dockingPortInline/ClampotronLinear_ClampotronLinear_Diffuse
[LOG 15:22:25.163] Load DDS texture: Squad/Parts/Utility/dockingPortInline/ClampotronLinear_ClampotronLinear_Emissive
[LOG 15:22:25.164] Load DDS texture: Squad/Parts/Utility/dockingPortInline/ClampotronLinear_ClampotronLinear_Normal
[LOG 15:22:25.173] Load DDS texture: Squad/Parts/Utility/dockingPortInline/DockingPorts_Clampotron_Diffuse
[LOG 15:22:25.182] Load DDS texture: Squad/Parts/Utility/dockingPortInline/DockingPorts_Clampotron_Emissive
[LOG 15:22:25.184] Load DDS texture: Squad/Parts/Utility/dockingPortInline/DockingPorts_Clampotron_Normal
[LOG 15:22:25.191] Load DDS texture: Squad/Parts/Utility/dockingPortJr/Arrow Pointer
[LOG 15:22:25.191] Load DDS texture: Squad/Parts/Utility/dockingPortJr/DockingPorts_ClampotronJR_Diffuse
[LOG 15:22:25.192] Load DDS texture: Squad/Parts/Utility/dockingPortJr/DockingPorts_ClampotronJR_Normal
[LOG 15:22:25.193] Load DDS texture: Squad/Parts/Utility/dockingPortJr/model000
[LOG 15:22:25.193] Load DDS texture: Squad/Parts/Utility/dockingPortShielded/Arrow Pointer
[LOG 15:22:25.193] Load DDS texture: Squad/Parts/Utility/dockingPortShielded/Clamp-O-Tron Shielded Docking Port_ClampotronShielded_Diffuse
[LOG 15:22:25.200] Load DDS texture: Squad/Parts/Utility/dockingPortShielded/Clamp-O-Tron Shielded Docking Port_ClampotronShielded_Normal
[LOG 15:22:25.208] Load DDS texture: Squad/Parts/Utility/dockingPortShielded/DockingPorts_Clampotron_Diffuse
[LOG 15:22:25.215] Load DDS texture: Squad/Parts/Utility/dockingPortShielded/DockingPorts_Clampotron_Emissive
[LOG 15:22:25.217] Load DDS texture: Squad/Parts/Utility/dockingPortShielded/DockingPorts_Clampotron_Normal
[LOG 15:22:25.225] Load DDS texture: Squad/Parts/Utility/dockingPortSr/Arrow Pointer
[LOG 15:22:25.225] Load DDS texture: Squad/Parts/Utility/dockingPortSr/ClampotronSr_ClampotronSr_Diffuse
[LOG 15:22:25.232] Load DDS texture: Squad/Parts/Utility/dockingPortSr/ClampotronSr_ClampotronSr_Diffuse_gray
[LOG 15:22:25.244] Load DDS texture: Squad/Parts/Utility/dockingPortSr/ClampotronSr_ClampotronSr_Emissive
[LOG 15:22:25.244] Load DDS texture: Squad/Parts/Utility/dockingPortSr/ClampotronSr_ClampotronSr_Normal
[LOG 15:22:25.251] Load Cached PNG Texture: Squad/Parts/Utility/Fireworks/Assets/fireworks_launcher_big 1
[LOG 15:22:25.259] Load Cached PNG Texture: Squad/Parts/Utility/Fireworks/Assets/fireworks_launcher_big
[LOG 15:22:25.263] Load Cached PNG Texture: Squad/Parts/Utility/flags/backgroundTextures/dark_background
[LOG 15:22:25.264] Load Cached PNG Texture: Squad/Parts/Utility/flags/backgroundTextures/orange_background
[LOG 15:22:25.264] Load Cached PNG Texture: Squad/Parts/Utility/flags/backgroundTextures/white_background
[LOG 15:22:25.265] Load DDS texture: Squad/Parts/Utility/GrapplingDevice/grabberDiffuse
[LOG 15:22:25.265] Load DDS texture: Squad/Parts/Utility/GrapplingDevice/grabberDiffuse_dark
[LOG 15:22:25.266] Load DDS texture: Squad/Parts/Utility/GrapplingDevice/grabberNRM
[LOG 15:22:25.267] Load DDS texture: Squad/Parts/Utility/GrapplingDevice/window
[LOG 15:22:25.267] Load DDS texture: Squad/Parts/Utility/ladderRadial/model000
[LOG 15:22:25.268] Load DDS texture: Squad/Parts/Utility/ladderTelescopic/model000
[LOG 15:22:25.268] Load DDS texture: Squad/Parts/Utility/ladderTelescopic/model001
[LOG 15:22:25.269] Load DDS texture: Squad/Parts/Utility/ladderTelescopic/model002
[LOG 15:22:25.270] Load DDS texture: Squad/Parts/Utility/ladderTelescopicBay/model000
[LOG 15:22:25.271] Load DDS texture: Squad/Parts/Utility/ladderTelescopicBay/model001
[LOG 15:22:25.275] Load DDS texture: Squad/Parts/Utility/landingLegLT-1/ksp_r_landingStrut_diff
[LOG 15:22:25.276] Load DDS texture: Squad/Parts/Utility/landingLegLT-2/landingLeg
[LOG 15:22:25.277] Load DDS texture: Squad/Parts/Utility/landingLegLT-5/leg
[LOG 15:22:25.277] Load DDS texture: Squad/Parts/Utility/landingLegLT-5/model000
[LOG 15:22:25.277] Load DDS texture: Squad/Parts/Utility/launchClamp1/model000
[LOG 15:22:25.277] Load DDS texture: Squad/Parts/Utility/launchClamp1/model001
[LOG 15:22:25.277] Load DDS texture: Squad/Parts/Utility/launchEscapeSystem/LES_Diffuse
[LOG 15:22:25.278] Load DDS texture: Squad/Parts/Utility/Lights/Assets/Lights_Attacheable_Lights_Diffuse
[LOG 15:22:25.278] Load DDS texture: Squad/Parts/Utility/Lights/Assets/Lights_Attacheable_Lights_Diffuse_white
[LOG 15:22:25.278] Load DDS texture: Squad/Parts/Utility/Lights/Assets/Lights_Attacheable_Lights_Emissive
[LOG 15:22:25.278] Load DDS texture: Squad/Parts/Utility/Lights/Assets/Lights_Attacheable_Lights_Normal
[LOG 15:22:25.279] Load DDS texture: Squad/Parts/Utility/Lights/Assets/Lights_Rectangle_Light_Diffuse
[LOG 15:22:25.286] Load DDS texture: Squad/Parts/Utility/Lights/Assets/Lights_Rectangle_Light_Diffuse_white
[LOG 15:22:25.300] Load DDS texture: Squad/Parts/Utility/Lights/Assets/Lights_Rectangle_Light_Emissive
[LOG 15:22:25.307] Load DDS texture: Squad/Parts/Utility/Lights/Assets/Lights_Rectangle_Light_Normal
[LOG 15:22:25.316] Load DDS texture: Squad/Parts/Utility/Lights/Assets/Lights_Worklights_Diffuse
[LOG 15:22:25.319] Load DDS texture: Squad/Parts/Utility/Lights/Assets/Lights_Worklights_Emissive
[LOG 15:22:25.319] Load DDS texture: Squad/Parts/Utility/Lights/Assets/Lights_Worklights_Normal
[LOG 15:22:25.320] Load DDS texture: Squad/Parts/Utility/Lights/Assets/Spotlight_Attacheable_Lights_Diffuse
[LOG 15:22:25.320] Load DDS texture: Squad/Parts/Utility/Lights/Assets/Spotlight_Attacheable_Lights_Diffuse_white
[LOG 15:22:25.321] Load DDS texture: Squad/Parts/Utility/Lights/Assets/Spotlight_Attacheable_Lights_Emissive
[LOG 15:22:25.321] Load DDS texture: Squad/Parts/Utility/Lights/Assets/Spotlight_Attacheable_Lights_Normal
[LOG 15:22:25.321] Load DDS texture: Squad/Parts/Utility/linearVernorRCS/Assets/linear_vernor_diffuse
[LOG 15:22:25.321] Load DDS texture: Squad/Parts/Utility/linearVernorRCS/Assets/linear_vernor_emissive
[LOG 15:22:25.322] Load DDS texture: Squad/Parts/Utility/linearVernorRCS/Assets/linear_vernor_normalDummy
[LOG 15:22:25.322] Load DDS texture: Squad/Parts/Utility/linearVernorRCS/Assets/linear_vernor_specular
[LOG 15:22:25.322] Load DDS texture: Squad/Parts/Utility/mk2CargoBay/mk2CargoBay
[LOG 15:22:25.322] Load DDS texture: Squad/Parts/Utility/mk2CrewCabin/mk2CrewCabin
[LOG 15:22:25.323] Load DDS texture: Squad/Parts/Utility/mk2CrewCabin/mk2CrewCabin_LUM
[LOG 15:22:25.323] Load DDS texture: Squad/Parts/Utility/mk2DockingPort/Arrow Pointer
[LOG 15:22:25.323] Load DDS texture: Squad/Parts/Utility/mk2DockingPort/Mk2Clampotron_Caps_Diffuse
[LOG 15:22:25.323] Load DDS texture: Squad/Parts/Utility/mk2DockingPort/Mk2Clampotron_Caps_Emmisive
[LOG 15:22:25.323] Load DDS texture: Squad/Parts/Utility/mk2DockingPort/Mk2Clampotron_Caps_Normal
[LOG 15:22:25.324] Load DDS texture: Squad/Parts/Utility/mk2DockingPort/Mk2Clampotron_Mk2Clampotron_Diffuse
[LOG 15:22:25.331] Load DDS texture: Squad/Parts/Utility/mk2DockingPort/Mk2Clampotron_Mk2Clampotron_Emissive
[LOG 15:22:25.332] Load DDS texture: Squad/Parts/Utility/mk2DockingPort/Mk2Clampotron_Mk2Clampotron_Normal
[LOG 15:22:25.340] Load DDS texture: Squad/Parts/Utility/mk2DockingPort/mk2DockingPort
[LOG 15:22:25.342] Load DDS texture: Squad/Parts/Utility/mk3CargoBay/Mk3CargoBay
[LOG 15:22:25.343] Load DDS texture: Squad/Parts/Utility/parachuteMk1/model000
[LOG 15:22:25.343] Load DDS texture: Squad/Parts/Utility/parachuteMk1/model001
[LOG 15:22:25.343] Load DDS texture: Squad/Parts/Utility/parachuteMk12-R/model000
[LOG 15:22:25.343] Load DDS texture: Squad/Parts/Utility/parachuteMk12-R/model001
[LOG 15:22:25.344] Load DDS texture: Squad/Parts/Utility/parachuteMk16-XL/model000
[LOG 15:22:25.344] Load DDS texture: Squad/Parts/Utility/parachuteMk16-XL/model001
[LOG 15:22:25.344] Load DDS texture: Squad/Parts/Utility/parachuteMk2-R/model000
[LOG 15:22:25.344] Load DDS texture: Squad/Parts/Utility/parachuteMk2-R/model001
[LOG 15:22:25.344] Load DDS texture: Squad/Parts/Utility/parachuteMk25/model000
[LOG 15:22:25.344] Load DDS texture: Squad/Parts/Utility/parachuteMk25/model001
[LOG 15:22:25.345] Load DDS texture: Squad/Parts/Utility/radialAttachmentPoint/model000
[LOG 15:22:25.345] Load DDS texture: Squad/Parts/Utility/radialAttachmentPoint/model001
[LOG 15:22:25.345] Load DDS texture: Squad/Parts/Utility/rcsBlockRV-105_v2/rcsBlock_diffuse
[LOG 15:22:25.345] Load DDS texture: Squad/Parts/Utility/rcsBlockRV-105_v2/rcsThrusterBlock_normal
[LOG 15:22:25.345] Load DDS texture: Squad/Parts/Utility/rcsBlockRV-105_v2/rcsThruster_emissive
[LOG 15:22:25.345] Load DDS texture: Squad/Parts/Utility/rcsBlockRV-105_v2/rcsThruster_specular
[LOG 15:22:25.345] Load DDS texture: Squad/Parts/Utility/rcsBlockRV-105_v2/RCS_Block_Diffuse
[LOG 15:22:25.345] Load DDS texture: Squad/Parts/Utility/rcsBlockRV-105_v2/RCS_Block_Emissive
[LOG 15:22:25.346] Load DDS texture: Squad/Parts/Utility/rcsBlockRV-105_v2/RCS_Block_Normal
[LOG 15:22:25.346] Load DDS texture: Squad/Parts/Utility/rcsBlockRV-105_v2/RCS_Block_Specular
[LOG 15:22:25.346] Load DDS texture: Squad/Parts/Utility/rcsSmallLinear/Assets/RCS_Linear_Base_Diffuse
[LOG 15:22:25.346] Load DDS texture: Squad/Parts/Utility/rcsSmallLinear/Assets/RCS_Linear_Diffuse
[LOG 15:22:25.346] Load DDS texture: Squad/Parts/Utility/rcsSmallLinear/Assets/RCS_Linear_Emissive
[LOG 15:22:25.346] Load DDS texture: Squad/Parts/Utility/rcsSmallLinear/Assets/RCS_Linear_Normal
[LOG 15:22:25.346] Load DDS texture: Squad/Parts/Utility/rcsSmallLinear/Assets/RCS_Linear_Specular
[LOG 15:22:25.346] Load DDS texture: Squad/Parts/Utility/RelayAntennas/DishAntenna
[LOG 15:22:25.347] Load DDS texture: Squad/Parts/Utility/RelayAntennas/MiniAntenna
[LOG 15:22:25.347] Load DDS texture: Squad/Parts/Utility/rockomaxAdapters/Assets/Rockomax_Adapters_diffuse
[LOG 15:22:25.348] Load DDS texture: Squad/Parts/Utility/rockomaxAdapters/Assets/Rockomax_Adapters_diffuse_O
[LOG 15:22:25.349] Load DDS texture: Squad/Parts/Utility/rockomaxAdapters/Assets/Rockomax_Adapters_diffuse_W
[LOG 15:22:25.352] Load DDS texture: Squad/Parts/Utility/rockomaxAdapters/Assets/Rockomax_Adapters_normal
[LOG 15:22:25.353] Load DDS texture: Squad/Parts/Utility/rockomaxAdapters/Assets/Rockomax_Adapters_normal_O
[LOG 15:22:25.355] Load DDS texture: Squad/Parts/Utility/ServiceBay/ServiceBay
[LOG 15:22:25.355] Load Cached PNG Texture: Squad/Parts/Utility/ServiceBay_v2/Assets/Scratch
[LOG 15:22:25.357] Load Cached PNG Texture: Squad/Parts/Utility/ServiceBay_v2/Assets/ServiceBay_bump
[LOG 15:22:25.358] Load Cached PNG Texture: Squad/Parts/Utility/ServiceBay_v2/Assets/ServiceBay_v2
[LOG 15:22:25.359] Load DDS texture: Squad/Parts/Utility/smallClaw/grabberSmallDiffuse
[LOG 15:22:25.359] Load DDS texture: Squad/Parts/Utility/smallClaw/grabberSmallDiffuseDark
[LOG 15:22:25.360] Load DDS texture: Squad/Parts/Utility/smallClaw/grabberSmallNRM
[LOG 15:22:25.360] Load DDS texture: Squad/Parts/Utility/smallClaw/window
[LOG 15:22:25.360] Load DDS texture: Squad/Parts/Utility/spotLightMk1/light1
[LOG 15:22:25.360] Load DDS texture: Squad/Parts/Utility/spotLightMk1/light1_em
[LOG 15:22:25.360] Load DDS texture: Squad/Parts/Utility/spotLightMk1_v2/spotLightMk1_Diffuse
[LOG 15:22:25.360] Load DDS texture: Squad/Parts/Utility/spotLightMk1_v2/spotLightMk1_Diffuse_white
[LOG 15:22:25.360] Load DDS texture: Squad/Parts/Utility/spotLightMk1_v2/spotLightMk1_Emissive
[LOG 15:22:25.361] Load DDS texture: Squad/Parts/Utility/spotLightMk1_v2/spotLightMk1_Normal
[LOG 15:22:25.361] Load DDS texture: Squad/Parts/Utility/spotLightMk2/light2
[LOG 15:22:25.361] Load DDS texture: Squad/Parts/Utility/spotLightMk2/light2_em
[LOG 15:22:25.361] Load DDS texture: Squad/Parts/Utility/spotLightMk2_v2/spotLightMk2_Diffuse
[LOG 15:22:25.361] Load DDS texture: Squad/Parts/Utility/spotLightMk2_v2/spotLightMk2_Diffuse_white
[LOG 15:22:25.361] Load DDS texture: Squad/Parts/Utility/spotLightMk2_v2/spotLightMk2_Emissive
[LOG 15:22:25.362] Load DDS texture: Squad/Parts/Utility/spotLightMk2_v2/spotLightMk2_Normal
[LOG 15:22:25.362] Load DDS texture: Squad/Parts/Utility/stackCouplers/Assets/stackCouplersDiffuse
[LOG 15:22:25.363] Load DDS texture: Squad/Parts/Utility/stackCouplers/Assets/stackCouplersDiffuse_Dark
[LOG 15:22:25.366] Load DDS texture: Squad/Parts/Utility/stackCouplers/Assets/stackCouplersDiffuse_Orange
[LOG 15:22:25.366] Load DDS texture: Squad/Parts/Utility/stackCouplers/Assets/stackCouplers_NRM
[LOG 15:22:25.368] Load DDS texture: Squad/Parts/Utility/stackCouplers/Assets/stackCouplers_Orange_NRM
[LOG 15:22:25.369] Load DDS texture: Squad/Parts/Wheel/LandingGear/Flare
[LOG 15:22:25.370] Load DDS texture: Squad/Parts/Wheel/LandingGear/LandingGear
[LOG 15:22:25.370] Load DDS texture: Squad/Parts/Wheel/LandingGear/LandingGear_Emissive
[LOG 15:22:25.371] Load DDS texture: Squad/Parts/Wheel/roverWheelM1/model000
[LOG 15:22:25.371] Load DDS texture: Squad/Parts/Wheel/roverWheelM1/roverwheel1
[LOG 15:22:25.371] Load DDS texture: Squad/Parts/Wheel/roverWheelS2/model000
[LOG 15:22:25.371] Load DDS texture: Squad/Parts/Wheel/roverWheelS2/model001
[LOG 15:22:25.372] Load DDS texture: Squad/Parts/Wheel/roverWheelS2/roverwheel2
[LOG 15:22:25.372] Load DDS texture: Squad/Parts/Wheel/roverWheelS2/roverwheel2_n
[LOG 15:22:25.372] Load DDS texture: Squad/Parts/Wheel/roverWheelTR-2L/ksp_r_medWheel_diff
[LOG 15:22:25.372] Load DDS texture: Squad/Parts/Wheel/roverWheelTR-2L/ksp_r_medWheel_normal
[LOG 15:22:25.373] Load DDS texture: Squad/Parts/Wheel/roverWheelTR-2L/ksp_r_medWheel_wheel_diff
[LOG 15:22:25.375] Load DDS texture: Squad/Parts/Wheel/roverWheelTR-2L/ksp_r_medWheel_wheel_normal
[LOG 15:22:25.377] Load DDS texture: Squad/Parts/Wheel/roverWheelXL3/mount
[LOG 15:22:25.378] Load DDS texture: Squad/Parts/Wheel/roverWheelXL3/mount_n
[LOG 15:22:25.379] Load DDS texture: Squad/Parts/Wheel/roverWheelXL3/wheel
[LOG 15:22:25.379] Load DDS texture: Squad/Parts/Wheel/roverWheelXL3/wheel_n
[LOG 15:22:25.379] Load DDS texture: Squad/Props/AltimeterThreeHands/model000
[LOG 15:22:25.379] Load DDS texture: Squad/Props/AltimeterThreeHands/model001
[LOG 15:22:25.379] Load DDS texture: Squad/Props/AtmosphereDepth/model000
[LOG 15:22:25.380] Load DDS texture: Squad/Props/AtmosphereDepth/model001
[LOG 15:22:25.380] Load DDS texture: Squad/Props/AxisIndicator/model000
[LOG 15:22:25.380] Load DDS texture: Squad/Props/buttonsGeneric/ButtonsAndSwitches
[LOG 15:22:25.380] Load DDS texture: Squad/Props/ButtonSquare/model000
[LOG 15:22:25.381] Load DDS texture: Squad/Props/circularButton/model000
[LOG 15:22:25.381] Load DDS texture: Squad/Props/Compass/model000
[LOG 15:22:25.381] Load DDS texture: Squad/Props/directionalKnob/model000
[LOG 15:22:25.382] Load DDS texture: Squad/Props/directionalKnob2/model000
[LOG 15:22:25.382] Load DDS texture: Squad/Props/IndicatorPanel/model000
[LOG 15:22:25.382] Load DDS texture: Squad/Props/IndicatorPanel/model001
[LOG 15:22:25.382] Load DDS texture: Squad/Props/IVANavBall/Arrows8dir
[LOG 15:22:25.382] Load DDS texture: Squad/Props/IVANavBall/IVANavBall
[LOG 15:22:25.383] Load DDS texture: Squad/Props/IVANavBall/IVANavBall_Glow
[LOG 15:22:25.383] Load DDS texture: Squad/Props/IVANavBall/ManeuverNode_vectors
[LOG 15:22:25.383] Load DDS texture: Squad/Props/IVANavBall/navball2
[LOG 15:22:25.383] Load DDS texture: Squad/Props/IVANavBall/navBall_DV_IVA
[LOG 15:22:25.383] Load DDS texture: Squad/Props/IVANavBall/navBall_vectors_IVA
[LOG 15:22:25.383] Load Cached PNG Texture: Squad/Props/IVANavBallNoBase/Arrows8dir
[LOG 15:22:25.384] Load Cached PNG Texture: Squad/Props/IVANavBallNoBase/IVANavBall
[LOG 15:22:25.384] Load Cached PNG Texture: Squad/Props/IVANavBallNoBase/ManeuverNode_vectors
[LOG 15:22:25.384] Load Cached PNG Texture: Squad/Props/IVANavBallNoBase/navball2
[LOG 15:22:25.384] Load Cached PNG Texture: Squad/Props/IVANavBallNoBase/navBall_DV_IVA
[LOG 15:22:25.384] Load Cached PNG Texture: Squad/Props/IVANavBallNoBase/navBall_vectors_IVA
[LOG 15:22:25.384] Load DDS texture: Squad/Props/ledPanelSpeed/circularButton
[LOG 15:22:25.384] Load DDS texture: Squad/Props/ledPanelSpeed/ledPanel
[LOG 15:22:25.385] Load DDS texture: Squad/Props/Monitor/Emissives
[LOG 15:22:25.385] Load DDS texture: Squad/Props/Monitor/Emissives_glow
[LOG 15:22:25.385] Load DDS texture: Squad/Props/Monitor/Monitor
[LOG 15:22:25.385] Load DDS texture: Squad/Props/NavBall/GaugeGee
[LOG 15:22:25.385] Load DDS texture: Squad/Props/NavBall/GaugeThrottle
[LOG 15:22:25.386] Load DDS texture: Squad/Props/NavBall/model000
[LOG 15:22:25.386] Load DDS texture: Squad/Props/NavBall/model001
[LOG 15:22:25.386] Load DDS texture: Squad/Props/NavBall/model002
[LOG 15:22:25.386] Load DDS texture: Squad/Props/NavBall/model003
[LOG 15:22:25.386] Load DDS texture: Squad/Props/PropsGeneric/propsGeneric
[LOG 15:22:25.387] Load DDS texture: Squad/Props/pullSwitch/model000
[LOG 15:22:25.387] Load DDS texture: Squad/Props/pullSwitch/model001
[LOG 15:22:25.387] Load DDS texture: Squad/Props/radarAltitude/model000
[LOG 15:22:25.387] Load DDS texture: Squad/Props/squareButton/model000
[LOG 15:22:25.387] Load DDS texture: Squad/Props/standingSwitch/model000
[LOG 15:22:25.388] Load DDS texture: Squad/Props/standingSwitch/model001
[LOG 15:22:25.388] Load DDS texture: Squad/Props/switch/model000
[LOG 15:22:25.388] Load DDS texture: Squad/Props/switchGuard/model000
[LOG 15:22:25.388] Load DDS texture: Squad/Props/switchWithGuards/model000
[LOG 15:22:25.388] Load DDS texture: Squad/Props/switchWithGuards/model001
[LOG 15:22:25.388] Load DDS texture: Squad/Props/switchWithGuards/model002
[LOG 15:22:25.388] Load DDS texture: Squad/Props/throttle/model000
[LOG 15:22:25.388] Load DDS texture: Squad/Props/throttle/model001
[LOG 15:22:25.389] Load DDS texture: Squad/Props/VSI/model000
[LOG 15:22:25.389] Load DDS texture: Squad/Spaces/crewCabinInternals/model000
[LOG 15:22:25.389] Load DDS texture: Squad/Spaces/crewCabinInternals/model001
[LOG 15:22:25.394] Load DDS texture: Squad/Spaces/crewCabinInternals/model002
[LOG 15:22:25.395] Load DDS texture: Squad/Spaces/crewCabinInternals/model003
[LOG 15:22:25.395] Load DDS texture: Squad/Spaces/crewCabinInternals/model004
[LOG 15:22:25.395] Load DDS texture: Squad/Spaces/crewCabinInternals/model005
[LOG 15:22:25.396] Load DDS texture: Squad/Spaces/cupolaInternal/ksp_l_cupola_internal_diff
[LOG 15:22:25.402] Load DDS texture: Squad/Spaces/cupolaInternal/ksp_l_cupola_internal_normal
[LOG 15:22:25.411] Load DDS texture: Squad/Spaces/cupolaInternal/ksp_l_cupola_internal_windows_alpha
[LOG 15:22:25.412] Load DDS texture: Squad/Spaces/cupolaInternal/pilot Seat
[LOG 15:22:25.413] Load DDS texture: Squad/Spaces/GenericSpace1/model000
[LOG 15:22:25.413] Load DDS texture: Squad/Spaces/GenericSpace1/model001
[LOG 15:22:25.414] Load DDS texture: Squad/Spaces/GenericSpace1/model002
[LOG 15:22:25.415] Load DDS texture: Squad/Spaces/GenericSpace1/model003
[LOG 15:22:25.417] Load DDS texture: Squad/Spaces/GenericSpace1/model004
[LOG 15:22:25.419] Load DDS texture: Squad/Spaces/GenericSpace1/model005
[LOG 15:22:25.421] Load DDS texture: Squad/Spaces/GenericSpace3/model000
[LOG 15:22:25.422] Load DDS texture: Squad/Spaces/GenericSpace3/model001
[LOG 15:22:25.423] Load DDS texture: Squad/Spaces/GenericSpace3/model002
[LOG 15:22:25.423] Load DDS texture: Squad/Spaces/GenericSpace3/model003
[LOG 15:22:25.426] Load DDS texture: Squad/Spaces/GenericSpace3/model004
[LOG 15:22:25.427] Load DDS texture: Squad/Spaces/GenericSpace3/model005
[LOG 15:22:25.429] Load DDS texture: Squad/Spaces/GenericSpace3/model006
[LOG 15:22:25.430] Load DDS texture: Squad/Spaces/GenericSpace3/model007
[LOG 15:22:25.433] Load DDS texture: Squad/Spaces/landerCabinInternals/model000
[LOG 15:22:25.443] Load DDS texture: Squad/Spaces/landerCabinInternals/model001
[LOG 15:22:25.445] Load DDS texture: Squad/Spaces/landerCabinInternals/model002
[LOG 15:22:25.446] Load DDS texture: Squad/Spaces/landerCabinInternals/model003
[LOG 15:22:25.453] Load DDS texture: Squad/Spaces/landerCabinInternals/model004
[LOG 15:22:25.454] Load DDS texture: Squad/Spaces/landerCabinInternals/model005
[LOG 15:22:25.455] Load DDS texture: Squad/Spaces/landerCabinInternals/model006
[LOG 15:22:25.455] Load DDS texture: Squad/Spaces/landerCabinInternals/model007
[LOG 15:22:25.456] Load DDS texture: Squad/Spaces/landerCabinSmallInternal/ksp_s_landerCan_internal_diff
[LOG 15:22:25.460] Load DDS texture: Squad/Spaces/landerCabinSmallInternal/ksp_s_landerCan_internal_normal
[LOG 15:22:25.466] Load DDS texture: Squad/Spaces/landerCabinSmallInternal/ksp_s_landerCan_internal_window_alpha
[LOG 15:22:25.468] Load DDS texture: Squad/Spaces/landerCabinSmallInternal/pilot Seat
[LOG 15:22:25.469] Load DDS texture: Squad/Spaces/LargeCrewedLabInternals/Glass
[LOG 15:22:25.469] Load DDS texture: Squad/Spaces/LargeCrewedLabInternals/MPL_Int
[LOG 15:22:25.475] Load DDS texture: Squad/Spaces/LargeCrewedLabInternals/MPL_Int_n_NRM
[LOG 15:22:25.476] Load DDS texture: Squad/Spaces/Mk1-3/Mk1_3_IvaProps_Diffuse
[LOG 15:22:25.481] Load DDS texture: Squad/Spaces/Mk1-3/Mk1_3_IvaProps_Normal
[LOG 15:22:25.485] Load DDS texture: Squad/Spaces/Mk1-3/Mk1_3_IvaShell_Diffuse
[LOG 15:22:25.490] Load DDS texture: Squad/Spaces/Mk1-3/Mk1_3_IvaShell_Emissive
[LOG 15:22:25.494] Load DDS texture: Squad/Spaces/Mk1-3/Mk1_3_IvaShell_Normal
[LOG 15:22:25.500] Load DDS texture: Squad/Spaces/Mk1-3/pilot Seat
[LOG 15:22:25.501] Load DDS texture: Squad/Spaces/mk1CabinInternal/Cabin_Lightmap
[LOG 15:22:25.503] Load DDS texture: Squad/Spaces/mk1CabinInternal/CockpitGeneric
[LOG 15:22:25.505] Load DDS texture: Squad/Spaces/mk1CabinInternal/CockpitGeneric_NRM
[LOG 15:22:25.507] Load DDS texture: Squad/Spaces/mk1CockpitInternal/CockpitGeneric
[LOG 15:22:25.507] Load DDS texture: Squad/Spaces/mk1CockpitInternal/CockpitGeneric_NRM
[LOG 15:22:25.507] Load DDS texture: Squad/Spaces/mk1CockpitInternal/IVAMAP
[LOG 15:22:25.507] Load DDS texture: Squad/Spaces/mk1CockpitInternal/Windows
[LOG 15:22:25.507] Load DDS texture: Squad/Spaces/mk1InlineInternal/Canopy
[LOG 15:22:25.508] Load DDS texture: Squad/Spaces/mk1InlineInternal/CockpitGeneric
[LOG 15:22:25.508] Load DDS texture: Squad/Spaces/mk1InlineInternal/CockpitGeneric_NRM
[LOG 15:22:25.508] Load DDS texture: Squad/Spaces/mk1InlineInternal/Mk1Inline_Lightmap
[LOG 15:22:25.508] Load DDS texture: Squad/Spaces/mk1PodCockpit/model000
[LOG 15:22:25.509] Load DDS texture: Squad/Spaces/mk1PodCockpit/model001
[LOG 15:22:25.511] Load DDS texture: Squad/Spaces/mk1PodCockpit/model002
[LOG 15:22:25.511] Load DDS texture: Squad/Spaces/mk1PodCockpit/model003
[LOG 15:22:25.512] Load DDS texture: Squad/Spaces/mk1PodCockpit/model004
[LOG 15:22:25.513] Load DDS texture: Squad/Spaces/mk1PodCockpit/model005
[LOG 15:22:25.513] Load DDS texture: Squad/Spaces/mk1PodCockpit/model006
[LOG 15:22:25.514] Load DDS texture: Squad/Spaces/mk1PodCockpit/model007
[LOG 15:22:25.514] Load DDS texture: Squad/Spaces/mk1pod_IVA/mk1pod_iva_props_diffuse
[LOG 15:22:25.521] Load DDS texture: Squad/Spaces/mk1pod_IVA/mk1pod_iva_props_emissive
[LOG 15:22:25.521] Load DDS texture: Squad/Spaces/mk1pod_IVA/mk1pod_iva_props_normal
[LOG 15:22:25.527] Load DDS texture: Squad/Spaces/mk1pod_IVA/mk1pod_iva_shell_diffuse
[LOG 15:22:25.533] Load DDS texture: Squad/Spaces/mk1pod_IVA/mk1pod_iva_shell_normal
[LOG 15:22:25.539] Load MBM texture: Squad/Spaces/mk1pod_IVA/pilot Seat
[LOG 15:22:25.587] Load DDS texture: Squad/Spaces/mk2CockpitStandardInternal/CargoBagA
[LOG 15:22:25.587] Load DDS texture: Squad/Spaces/mk2CockpitStandardInternal/Mk2StandardIVA
[LOG 15:22:25.587] Load DDS texture: Squad/Spaces/mk2CockpitStandardInternal/Pilotseat
[LOG 15:22:25.588] Load DDS texture: Squad/Spaces/mk2CockpitStandardInternal/Windows
[LOG 15:22:25.588] Load DDS texture: Squad/Spaces/Mk2CrewCabinInternal/CargoBagA
[LOG 15:22:25.588] Load DDS texture: Squad/Spaces/Mk2CrewCabinInternal/Glass
[LOG 15:22:25.588] Load DDS texture: Squad/Spaces/Mk2CrewCabinInternal/Mk2StandardIVA
[LOG 15:22:25.589] Load DDS texture: Squad/Spaces/Mk2CrewCabinInternal/Pilotseat
[LOG 15:22:25.589] Load DDS texture: Squad/Spaces/mk2InlineInternal/CockpitGeneric
[LOG 15:22:25.590] Load DDS texture: Squad/Spaces/mk2InlineInternal/CockpitGeneric_NRM
[LOG 15:22:25.591] Load DDS texture: Squad/Spaces/mk2InlineInternal/Mk2InlineLightmap
[LOG 15:22:25.591] Load DDS texture: Squad/Spaces/mk2InlineInternal/propsGeneric
[LOG 15:22:25.592] Load DDS texture: Squad/Spaces/mk2LanderCanInternal/mk2LanderCan_props_diffuse
[LOG 15:22:25.601] Load DDS texture: Squad/Spaces/mk2LanderCanInternal/mk2LanderCan_props_normal
[LOG 15:22:25.607] Load DDS texture: Squad/Spaces/mk2LanderCanInternal/mk2LanderCan_shell_diffuse
[LOG 15:22:25.614] Load DDS texture: Squad/Spaces/mk2LanderCanInternal/mk2LanderCan_shell_normal
[LOG 15:22:25.624] Load MBM texture: Squad/Spaces/mk2LanderCanInternal/pilot Seat
[LOG 15:22:25.669] Load DDS texture: Squad/Spaces/MK3CockpitInternal/Glass
[LOG 15:22:25.669] Load DDS texture: Squad/Spaces/MK3CockpitInternal/Mk2StandardIVA
[LOG 15:22:25.670] Load DDS texture: Squad/Spaces/MK3_CrewCab_Int/Glass
[LOG 15:22:25.670] Load DDS texture: Squad/Spaces/MK3_CrewCab_Int/GlassMK3CC
[LOG 15:22:25.670] Load DDS texture: Squad/Spaces/MK3_CrewCab_Int/Mk2StandardIVA
[LOG 15:22:25.670] Load DDS texture: Squad/Spaces/MK3_CrewCab_Int/MK3_CrewCab_Int
[LOG 15:22:25.671] Load DDS texture: Squad/Spaces/MK3_CrewCab_Int/MK3_CrewCab_Int_n
[LOG 15:22:25.671] Load DDS texture: Squad/Spaces/MK3_CrewCab_Int/Pilotseat
[LOG 15:22:25.671] Load DDS texture: Squad/Spaces/Placeholder/PlaceholderIVA
[LOG 15:22:25.671] Load DDS texture: Squad/Spaces/PodCockpit/model000
[LOG 15:22:25.672] Load DDS texture: Squad/Spaces/PodCockpit/model001
[LOG 15:22:25.673] Load DDS texture: Squad/Spaces/PodCockpit/model002
[LOG 15:22:25.674] Load DDS texture: Squad/Spaces/PodCockpit/model003
[LOG 15:22:25.674] Load DDS texture: Squad/Spaces/PodCockpit/model004
[LOG 15:22:25.676] Load DDS texture: Squad/Spaces/PodCockpit/model005
[LOG 15:22:25.677] Load DDS texture: Squad/Spaces/PodCockpit/model006
[LOG 15:22:25.677] Load DDS texture: Squad/Spaces/PodCockpit/model007
[LOG 15:22:25.679] Load DDS texture: Squad/Spaces/sharedAssets/CockpitGeneric
[LOG 15:22:25.681] Load DDS texture: Squad/Spaces/sharedAssets/CockpitGeneric_NRM
[LOG 15:22:25.682] Load Cached PNG Texture: Squad/Strategies/Icons/AggressiveNegotiations
[LOG 15:22:25.682] Load Cached PNG Texture: Squad/Strategies/Icons/AppreciationCampaign
[LOG 15:22:25.682] Load Cached PNG Texture: Squad/Strategies/Icons/BailOutGrant
[LOG 15:22:25.682] Load Cached PNG Texture: Squad/Strategies/Icons/FundraisingCampaign
[LOG 15:22:25.682] Load Cached PNG Texture: Squad/Strategies/Icons/LeadershipInitiative
[LOG 15:22:25.682] Load Cached PNG Texture: Squad/Strategies/Icons/OpenSourceTechProgram
[LOG 15:22:25.682] Load Cached PNG Texture: Squad/Strategies/Icons/OutsourcedResearch
[LOG 15:22:25.682] Load Cached PNG Texture: Squad/Strategies/Icons/PatentsLicensing
[LOG 15:22:25.683] Load Cached PNG Texture: Squad/Strategies/Icons/RecoveryTransponderFitting
[LOG 15:22:25.683] Load Cached PNG Texture: Squad/Strategies/Icons/ResearchRightsSellOut
[LOG 15:22:25.683] Load Cached PNG Texture: Squad/Strategies/Icons/UnpaidResearchProgram
[LOG 15:22:25.683] Load Cached PNG Texture: Squad/Tutorials/ChuteColors
[LOG 15:22:25.683] Load DDS texture: Squad/Tutorials/EditorCoM
[LOG 15:22:25.683] Load Cached PNG Texture: Squad/Tutorials/EditorSnap
[LOG 15:22:25.683] Load Cached PNG Texture: Squad/Tutorials/EditorSnap4x
[LOG 15:22:25.683] Load Cached PNG Texture: Squad/Tutorials/EditorSymm
[LOG 15:22:25.683] Load Cached PNG Texture: Squad/Tutorials/StagingStack
[LOG 15:22:25.683] Load PNG texture: Squad/Tutorials/YPRDiagram
[WRN 15:22:25.684] Texture isn't eligible for DXT compression, width and height must be multiples of 4
[LOG 15:22:25.684] Load Cached PNG Texture: SquadExpansion/MakingHistory/Banners/Fail/default
[LOG 15:22:25.685] Load Cached PNG Texture: SquadExpansion/MakingHistory/Banners/Fail/fail01
[LOG 15:22:25.685] Load Cached PNG Texture: SquadExpansion/MakingHistory/Banners/Fail/fail02
[LOG 15:22:25.685] Load PNG texture: SquadExpansion/MakingHistory/Banners/Menu/default
[WRN 15:22:25.688] Texture isn't eligible for DXT compression, width and height must be multiples of 4
[LOG 15:22:25.688] Load PNG texture: SquadExpansion/MakingHistory/Banners/Menu/MBanner_01
[WRN 15:22:25.693] Texture isn't eligible for DXT compression, width and height must be multiples of 4
[LOG 15:22:25.693] Load PNG texture: SquadExpansion/MakingHistory/Banners/Menu/MBanner_02
[WRN 15:22:25.697] Texture isn't eligible for DXT compression, width and height must be multiples of 4
[LOG 15:22:25.698] Load PNG texture: SquadExpansion/MakingHistory/Banners/Menu/MBanner_03
[WRN 15:22:25.701] Texture isn't eligible for DXT compression, width and height must be multiples of 4
[LOG 15:22:25.702] Load Cached PNG Texture: SquadExpansion/MakingHistory/Banners/Success/default
[LOG 15:22:25.702] Load Cached PNG Texture: SquadExpansion/MakingHistory/Banners/Success/success01
[LOG 15:22:25.702] Load Cached PNG Texture: SquadExpansion/MakingHistory/Banners/Success/success02
[LOG 15:22:25.702] Load Cached PNG Texture: SquadExpansion/MakingHistory/Missions/Acapello 13/Banners/Fail/fail01
[LOG 15:22:25.702] Load PNG texture: SquadExpansion/MakingHistory/Missions/Acapello 13/Banners/Menu/Mun
[WRN 15:22:25.707] Texture isn't eligible for DXT compression, width and height must be multiples of 4
[LOG 15:22:25.707] Load Cached PNG Texture: SquadExpansion/MakingHistory/Missions/Acapello 13/Banners/Success/success01
[LOG 15:22:25.707] Load Cached PNG Texture: SquadExpansion/MakingHistory/Missions/Acapello 15/Banners/Fail/default
[LOG 15:22:25.707] Load Cached PNG Texture: SquadExpansion/MakingHistory/Missions/Acapello 15/Banners/Fail/fail02
[LOG 15:22:25.707] Load PNG texture: SquadExpansion/MakingHistory/Missions/Acapello 15/Banners/Menu/default
[WRN 15:22:25.711] Texture isn't eligible for DXT compression, width and height must be multiples of 4
[LOG 15:22:25.711] Load Cached PNG Texture: SquadExpansion/MakingHistory/Missions/Acapello 15/Banners/Success/default
[LOG 15:22:25.711] Load Cached PNG Texture: SquadExpansion/MakingHistory/Missions/Blue Mun/Banners/Fail/fail01
[LOG 15:22:25.711] Load PNG texture: SquadExpansion/MakingHistory/Missions/Blue Mun/Banners/Menu/default
[WRN 15:22:25.715] Texture isn't eligible for DXT compression, width and height must be multiples of 4
[LOG 15:22:25.715] Load Cached PNG Texture: SquadExpansion/MakingHistory/Missions/Blue Mun/Banners/Success/success02
[LOG 15:22:25.715] Load Cached PNG Texture: SquadExpansion/MakingHistory/Missions/Dawn of the Space Age/Banners/Fail/default
[LOG 15:22:25.715] Load PNG texture: SquadExpansion/MakingHistory/Missions/Dawn of the Space Age/Banners/Menu/default
[WRN 15:22:25.718] Texture isn't eligible for DXT compression, width and height must be multiples of 4
[LOG 15:22:25.719] Load Cached PNG Texture: SquadExpansion/MakingHistory/Missions/Dawn of the Space Age/Banners/Success/default
[LOG 15:22:25.721] Load Cached PNG Texture: SquadExpansion/MakingHistory/Missions/Meet Me in Zero G/Banners/Fail/default
[LOG 15:22:25.721] Load Cached PNG Texture: SquadExpansion/MakingHistory/Missions/Meet Me in Zero G/Banners/Fail/fail01
[LOG 15:22:25.721] Load PNG texture: SquadExpansion/MakingHistory/Missions/Meet Me in Zero G/Banners/Menu/default
[WRN 15:22:25.723] Texture isn't eligible for DXT compression, width and height must be multiples of 4
[LOG 15:22:25.723] Load Cached PNG Texture: SquadExpansion/MakingHistory/Missions/Meet Me in Zero G/Banners/Success/default
[LOG 15:22:25.726] Load Cached PNG Texture: SquadExpansion/MakingHistory/Missions/Meet Me in Zero G/Banners/Success/success02
[LOG 15:22:25.726] Load Cached PNG Texture: SquadExpansion/MakingHistory/Missions/Munar 1/Banners/Fail/default
[LOG 15:22:25.726] Load Cached PNG Texture: SquadExpansion/MakingHistory/Missions/Munar 1/Banners/Fail/fail02
[LOG 15:22:25.726] Load PNG texture: SquadExpansion/MakingHistory/Missions/Munar 1/Banners/Menu/default
[WRN 15:22:25.729] Texture isn't eligible for DXT compression, width and height must be multiples of 4
[LOG 15:22:25.729] Load Cached PNG Texture: SquadExpansion/MakingHistory/Missions/Munar 1/Banners/Success/default
[LOG 15:22:25.729] Load Cached PNG Texture: SquadExpansion/MakingHistory/Missions/Munar 1/Banners/Success/success01
[LOG 15:22:25.730] Load Cached PNG Texture: SquadExpansion/MakingHistory/Missions/Sally-Hut 1/Banners/Fail/default
[LOG 15:22:25.730] Load Cached PNG Texture: SquadExpansion/MakingHistory/Missions/Sally-Hut 1/Banners/Fail/fail01
[LOG 15:22:25.730] Load Cached PNG Texture: SquadExpansion/MakingHistory/Missions/Sally-Hut 1/Banners/Menu/bannerSatellite
[LOG 15:22:25.730] Load Cached PNG Texture: SquadExpansion/MakingHistory/Missions/Sally-Hut 1/Banners/Success/default
[LOG 15:22:25.730] Load Cached PNG Texture: SquadExpansion/MakingHistory/Missions/Sally-Hut 1/Banners/Success/success02
[LOG 15:22:25.730] Load Cached PNG Texture: SquadExpansion/MakingHistory/Missions/To the Mun Via Minmus/Banners/Fail/fail02
[LOG 15:22:25.730] Load PNG texture: SquadExpansion/MakingHistory/Missions/To the Mun Via Minmus/Banners/Menu/MissionBannerKerbin
[WRN 15:22:25.733] Texture isn't eligible for DXT compression, width and height must be multiples of 4
[LOG 15:22:25.733] Load Cached PNG Texture: SquadExpansion/MakingHistory/Missions/To the Mun Via Minmus/Banners/Success/success01
[LOG 15:22:25.733] Load Cached PNG Texture: SquadExpansion/MakingHistory/Missions/Trouble in the Void/Banners/Fail/fail01
[LOG 15:22:25.733] Load PNG texture: SquadExpansion/MakingHistory/Missions/Trouble in the Void/Banners/Menu/default
[WRN 15:22:25.735] Texture isn't eligible for DXT compression, width and height must be multiples of 4
[LOG 15:22:25.736] Load Cached PNG Texture: SquadExpansion/MakingHistory/Missions/Trouble in the Void/Banners/Success/success02
[LOG 15:22:25.736] Load Cached PNG Texture: SquadExpansion/MakingHistory/Missions/Ziggy Kerman and the Spiders from Duna/Banners/Fail/fail02
[LOG 15:22:25.736] Load Cached PNG Texture: SquadExpansion/MakingHistory/Missions/Ziggy Kerman and the Spiders from Duna/Banners/Menu/bannerSatellite
[LOG 15:22:25.738] Load Cached PNG Texture: SquadExpansion/MakingHistory/Missions/Ziggy Kerman and the Spiders from Duna/Banners/Success/success01
[LOG 15:22:25.738] Load Cached PNG Texture: SquadExpansion/MakingHistory/Parts/@thumbs/Decoupler.1p5_icon0
[LOG 15:22:25.738] Load Cached PNG Texture: SquadExpansion/MakingHistory/Parts/@thumbs/Decoupler.1p5_icon1
[LOG 15:22:25.738] Load Cached PNG Texture: SquadExpansion/MakingHistory/Parts/@thumbs/EquiTriangle0_icon0
[LOG 15:22:25.738] Load Cached PNG Texture: SquadExpansion/MakingHistory/Parts/@thumbs/EquiTriangle0_icon1
[LOG 15:22:25.738] Load Cached PNG Texture: SquadExpansion/MakingHistory/Parts/@thumbs/EquiTriangle0_icon2
[LOG 15:22:25.738] Load Cached PNG Texture: SquadExpansion/MakingHistory/Parts/@thumbs/EquiTriangle0_icon3
[LOG 15:22:25.738] Load Cached PNG Texture: SquadExpansion/MakingHistory/Parts/@thumbs/EquiTriangle1p5_icon0
[LOG 15:22:25.738] Load Cached PNG Texture: SquadExpansion/MakingHistory/Parts/@thumbs/EquiTriangle1p5_icon1
[LOG 15:22:25.741] Load Cached PNG Texture: SquadExpansion/MakingHistory/Parts/@thumbs/EquiTriangle1p5_icon2
[LOG 15:22:25.741] Load Cached PNG Texture: SquadExpansion/MakingHistory/Parts/@thumbs/EquiTriangle1p5_icon3
[LOG 15:22:25.741] Load Cached PNG Texture: SquadExpansion/MakingHistory/Parts/@thumbs/EquiTriangle1_icon0
[LOG 15:22:25.747] Load Cached PNG Texture: SquadExpansion/MakingHistory/Parts/@thumbs/EquiTriangle1_icon1
[LOG 15:22:25.747] Load Cached PNG Texture: SquadExpansion/MakingHistory/Parts/@thumbs/EquiTriangle1_icon2
[LOG 15:22:25.747] Load Cached PNG Texture: SquadExpansion/MakingHistory/Parts/@thumbs/EquiTriangle1_icon3
[LOG 15:22:25.747] Load Cached PNG Texture: SquadExpansion/MakingHistory/Parts/@thumbs/EquiTriangle2_icon0
[LOG 15:22:25.747] Load Cached PNG Texture: SquadExpansion/MakingHistory/Parts/@thumbs/EquiTriangle2_icon1
[LOG 15:22:25.747] Load Cached PNG Texture: SquadExpansion/MakingHistory/Parts/@thumbs/EquiTriangle2_icon2
[LOG 15:22:25.747] Load Cached PNG Texture: SquadExpansion/MakingHistory/Parts/@thumbs/EquiTriangle2_icon3
[LOG 15:22:25.747] Load Cached PNG Texture: SquadExpansion/MakingHistory/Parts/@thumbs/HeatShield1p5_icon
[LOG 15:22:25.747] Load Cached PNG Texture: SquadExpansion/MakingHistory/Parts/@thumbs/InflatableAirlock_icon
[LOG 15:22:25.748] Load Cached PNG Texture: SquadExpansion/MakingHistory/Parts/@thumbs/LiquidEngineRV-1_icon
[LOG 15:22:25.752] Load Cached PNG Texture: SquadExpansion/MakingHistory/Parts/@thumbs/monopropMiniSphere_icon
[LOG 15:22:25.752] Load Cached PNG Texture: SquadExpansion/MakingHistory/Parts/@thumbs/Panel0_icon0
[LOG 15:22:25.752] Load Cached PNG Texture: SquadExpansion/MakingHistory/Parts/@thumbs/Panel0_icon1
[LOG 15:22:25.752] Load Cached PNG Texture: SquadExpansion/MakingHistory/Parts/@thumbs/Panel0_icon2
[LOG 15:22:25.752] Load Cached PNG Texture: SquadExpansion/MakingHistory/Parts/@thumbs/Panel0_icon3
[LOG 15:22:25.752] Load Cached PNG Texture: SquadExpansion/MakingHistory/Parts/@thumbs/Panel1p5_icon0
[LOG 15:22:25.752] Load Cached PNG Texture: SquadExpansion/MakingHistory/Parts/@thumbs/Panel1p5_icon1
[LOG 15:22:25.752] Load Cached PNG Texture: SquadExpansion/MakingHistory/Parts/@thumbs/Panel1p5_icon2
[LOG 15:22:25.752] Load Cached PNG Texture: SquadExpansion/MakingHistory/Parts/@thumbs/Panel1p5_icon3
[LOG 15:22:25.752] Load Cached PNG Texture: SquadExpansion/MakingHistory/Parts/@thumbs/Panel1_icon0
[LOG 15:22:25.752] Load Cached PNG Texture: SquadExpansion/MakingHistory/Parts/@thumbs/Panel1_icon1
[LOG 15:22:25.752] Load Cached PNG Texture: SquadExpansion/MakingHistory/Parts/@thumbs/Panel1_icon2
[LOG 15:22:25.752] Load Cached PNG Texture: SquadExpansion/MakingHistory/Parts/@thumbs/Panel1_icon3
[LOG 15:22:25.753] Load Cached PNG Texture: SquadExpansion/MakingHistory/Parts/@thumbs/roverWheelM1-F_icon0
[LOG 15:22:25.755] Load Cached PNG Texture: SquadExpansion/MakingHistory/Parts/@thumbs/roverWheelM1-F_icon1
[LOG 15:22:25.755] Load Cached PNG Texture: SquadExpansion/MakingHistory/Parts/@thumbs/Separator.1p5_icon0
[LOG 15:22:25.755] Load Cached PNG Texture: SquadExpansion/MakingHistory/Parts/@thumbs/Separator.1p5_icon1
[LOG 15:22:25.755] Load Cached PNG Texture: SquadExpansion/MakingHistory/Parts/@thumbs/Size1p5.Strut.Decoupler_icon0
[LOG 15:22:25.755] Load Cached PNG Texture: SquadExpansion/MakingHistory/Parts/@thumbs/Size1p5.Strut.Decoupler_icon1
[LOG 15:22:25.755] Load Cached PNG Texture: SquadExpansion/MakingHistory/Parts/@thumbs/Size1to0ServiceModule_icon
[LOG 15:22:25.755] Load Cached PNG Texture: SquadExpansion/MakingHistory/Parts/@thumbs/Triangle0_icon0
[LOG 15:22:25.755] Load Cached PNG Texture: SquadExpansion/MakingHistory/Parts/@thumbs/Triangle0_icon1
[LOG 15:22:25.755] Load Cached PNG Texture: SquadExpansion/MakingHistory/Parts/@thumbs/Triangle0_icon2
[LOG 15:22:25.755] Load Cached PNG Texture: SquadExpansion/MakingHistory/Parts/@thumbs/Triangle0_icon3
[LOG 15:22:25.755] Load Cached PNG Texture: SquadExpansion/MakingHistory/Parts/@thumbs/Triangle1p5_icon0
[LOG 15:22:25.755] Load Cached PNG Texture: SquadExpansion/MakingHistory/Parts/@thumbs/Triangle1p5_icon1
[LOG 15:22:25.756] Load Cached PNG Texture: SquadExpansion/MakingHistory/Parts/@thumbs/Triangle1p5_icon2
[LOG 15:22:25.756] Load Cached PNG Texture: SquadExpansion/MakingHistory/Parts/@thumbs/Triangle1p5_icon3
[LOG 15:22:25.756] Load Cached PNG Texture: SquadExpansion/MakingHistory/Parts/@thumbs/Triangle1_icon0
[LOG 15:22:25.756] Load Cached PNG Texture: SquadExpansion/MakingHistory/Parts/@thumbs/Triangle1_icon1
[LOG 15:22:25.756] Load Cached PNG Texture: SquadExpansion/MakingHistory/Parts/@thumbs/Triangle1_icon2
[LOG 15:22:25.756] Load Cached PNG Texture: SquadExpansion/MakingHistory/Parts/@thumbs/Triangle1_icon3
[LOG 15:22:25.756] Load Cached PNG Texture: SquadExpansion/MakingHistory/Parts/@thumbs/Triangle2_icon0
[LOG 15:22:25.756] Load Cached PNG Texture: SquadExpansion/MakingHistory/Parts/@thumbs/Triangle2_icon1
[LOG 15:22:25.756] Load Cached PNG Texture: SquadExpansion/MakingHistory/Parts/@thumbs/Triangle2_icon2
[LOG 15:22:25.756] Load Cached PNG Texture: SquadExpansion/MakingHistory/Parts/@thumbs/Triangle2_icon3
[LOG 15:22:25.756] Load Cached PNG Texture: SquadExpansion/MakingHistory/Parts/@thumbs/Tube1_icon0
[LOG 15:22:25.756] Load Cached PNG Texture: SquadExpansion/MakingHistory/Parts/@thumbs/Tube1_icon1
[LOG 15:22:25.756] Load Cached PNG Texture: SquadExpansion/MakingHistory/Parts/@thumbs/Tube1_icon2
[LOG 15:22:25.757] Load Cached PNG Texture: SquadExpansion/MakingHistory/Parts/@thumbs/Tube1_icon3
[LOG 15:22:25.757] Load Cached PNG Texture: SquadExpansion/MakingHistory/Parts/@thumbs/Tube1_icon4
[LOG 15:22:25.757] Load Cached PNG Texture: SquadExpansion/MakingHistory/Parts/Aero/protectiveRocketNoseMk5A/s1p5_cone
[LOG 15:22:25.757] Load Cached PNG Texture: SquadExpansion/MakingHistory/Parts/Aero/protectiveRocketNoseMk5A/s1p5_cone_Orange
[LOG 15:22:25.758] Load DDS texture: SquadExpansion/MakingHistory/Parts/Coupling/Assets/airlock
[LOG 15:22:25.758] Load DDS texture: SquadExpansion/MakingHistory/Parts/Coupling/Assets/airlock_N
[LOG 15:22:25.758] Load DDS texture: SquadExpansion/MakingHistory/Parts/Coupling/Assets/EnginePlate
[LOG 15:22:25.759] Load DDS texture: SquadExpansion/MakingHistory/Parts/Coupling/Assets/Size1_5_Decoupler_grey
[LOG 15:22:25.759] Load DDS texture: SquadExpansion/MakingHistory/Parts/Coupling/Assets/Size1_5_Decoupler_orange
[LOG 15:22:25.759] Load DDS texture: SquadExpansion/MakingHistory/Parts/Engine/Assets/KE-1
[LOG 15:22:25.760] Load DDS texture: SquadExpansion/MakingHistory/Parts/Engine/Assets/KE-1_BASE
[LOG 15:22:25.760] Load DDS texture: SquadExpansion/MakingHistory/Parts/Engine/Assets/LV-T87
[LOG 15:22:25.762] Load DDS texture: SquadExpansion/MakingHistory/Parts/Engine/Assets/LV-T91
[LOG 15:22:25.762] Load DDS texture: SquadExpansion/MakingHistory/Parts/Engine/Assets/RE-I2
[LOG 15:22:25.765] Load DDS texture: SquadExpansion/MakingHistory/Parts/Engine/Assets/RE-J10
[LOG 15:22:25.766] Load DDS texture: SquadExpansion/MakingHistory/Parts/Engine/Assets/RE-J10_N
[LOG 15:22:25.767] Load DDS texture: SquadExpansion/MakingHistory/Parts/Engine/Assets/RK-7
[LOG 15:22:25.771] Load DDS texture: SquadExpansion/MakingHistory/Parts/Engine/Assets/RK-7_N
[LOG 15:22:25.771] Load DDS texture: SquadExpansion/MakingHistory/Parts/Engine/solidBoosterTHK/SolidBoosterS2-17_emissive
[LOG 15:22:25.778] Load DDS texture: SquadExpansion/MakingHistory/Parts/Engine/solidBoosterTHK/solidBoosterTHK_diffuse
[LOG 15:22:25.784] Load DDS texture: SquadExpansion/MakingHistory/Parts/FuelTank/Assets/Size1p5_02
[LOG 15:22:25.785] Load DDS texture: SquadExpansion/MakingHistory/Parts/FuelTank/Assets/Size1p5_02_ALT01
[LOG 15:22:25.786] Load DDS texture: SquadExpansion/MakingHistory/Parts/FuelTank/Assets/Size1p5_02_ALT02
[LOG 15:22:25.788] Load DDS texture: SquadExpansion/MakingHistory/Parts/FuelTank/Assets/Size1p5_02_ALT02_normal
[LOG 15:22:25.789] Load DDS texture: SquadExpansion/MakingHistory/Parts/FuelTank/Assets/Size1p5_mono
[LOG 15:22:25.789] Load DDS texture: SquadExpansion/MakingHistory/Parts/FuelTank/Assets/Size1p5_mono_2
[LOG 15:22:25.791] Load DDS texture: SquadExpansion/MakingHistory/Parts/FuelTank/Assets/Size1p5_mono_N
[LOG 15:22:25.792] Load DDS texture: SquadExpansion/MakingHistory/Parts/FuelTank/Assets/Size1_5_TankAdapters
[LOG 15:22:25.793] Load DDS texture: SquadExpansion/MakingHistory/Parts/FuelTank/Assets/Size1_5_TankAdapters_ALT01
[LOG 15:22:25.793] Load DDS texture: SquadExpansion/MakingHistory/Parts/FuelTank/Assets/Size1_5_TankAdapters_ALT02
[LOG 15:22:25.794] Load DDS texture: SquadExpansion/MakingHistory/Parts/FuelTank/Assets/Size1_5_TankAdapters_ALT02nm
[LOG 15:22:25.796] Load DDS texture: SquadExpansion/MakingHistory/Parts/FuelTank/Assets/Size1_5_TankAdapters_N
[LOG 15:22:25.797] Load DDS texture: SquadExpansion/MakingHistory/Parts/FuelTank/Assets/Size1_5_Tanks
[LOG 15:22:25.798] Load DDS texture: SquadExpansion/MakingHistory/Parts/FuelTank/Assets/Size1_5_Tanks_ALT02
[LOG 15:22:25.800] Load DDS texture: SquadExpansion/MakingHistory/Parts/FuelTank/Assets/Size1_5_Tanks_ALT02_nm
[LOG 15:22:25.801] Load DDS texture: SquadExpansion/MakingHistory/Parts/FuelTank/Assets/Size1_5_Tanks_grey
[LOG 15:22:25.801] Load DDS texture: SquadExpansion/MakingHistory/Parts/FuelTank/Assets/Size4_Tanks
[LOG 15:22:25.811] Load DDS texture: SquadExpansion/MakingHistory/Parts/FuelTank/Assets/Size4_Tanks_N
[LOG 15:22:25.817] Load DDS texture: SquadExpansion/MakingHistory/Parts/Ground/Assets/RoverWheel
[LOG 15:22:25.821] Load DDS texture: SquadExpansion/MakingHistory/Parts/Ground/Assets/RoverWheelG
[LOG 15:22:25.821] Load DDS texture: SquadExpansion/MakingHistory/Parts/Payload/Assets/Size1to0ServiceBay
[LOG 15:22:25.822] Load DDS texture: SquadExpansion/MakingHistory/Parts/Payload/Assets/Size1to0ServiceBay_n
[LOG 15:22:25.822] Load DDS texture: SquadExpansion/MakingHistory/Parts/Payload/Assets/SM18_diffuse
[LOG 15:22:25.828] Load Cached PNG Texture: SquadExpansion/MakingHistory/Parts/Payload/Assets/SM18_NRM
[LOG 15:22:25.835] Load DDS texture: SquadExpansion/MakingHistory/Parts/Payload/Assets/SM18_specular
[LOG 15:22:25.841] Load DDS texture: SquadExpansion/MakingHistory/Parts/Payload/Assets/SM25_diffuse
[LOG 15:22:25.844] Load DDS texture: SquadExpansion/MakingHistory/Parts/Payload/Assets/SM25_normals
[LOG 15:22:25.844] Load DDS texture: SquadExpansion/MakingHistory/Parts/Pods/Assets/KV1
[LOG 15:22:25.845] Load DDS texture: SquadExpansion/MakingHistory/Parts/Pods/Assets/KV1_GLOW
[LOG 15:22:25.846] Load DDS texture: SquadExpansion/MakingHistory/Parts/Pods/Assets/KV2
[LOG 15:22:25.847] Load DDS texture: SquadExpansion/MakingHistory/Parts/Pods/Assets/KV3
[LOG 15:22:25.847] Load DDS texture: SquadExpansion/MakingHistory/Parts/Pods/Assets/Mk2Pod
[LOG 15:22:25.849] Load DDS texture: SquadExpansion/MakingHistory/Parts/Pods/Assets/Mk2Pod_GLOW
[LOG 15:22:25.851] Load DDS texture: SquadExpansion/MakingHistory/Parts/Pods/Assets/Mk2Pod_n
[LOG 15:22:25.852] Load DDS texture: SquadExpansion/MakingHistory/Parts/Pods/Assets/Size1_5_Lander
[LOG 15:22:25.852] Load DDS texture: SquadExpansion/MakingHistory/Parts/Pods/Assets/Size1_5_Lander_GLOW
[LOG 15:22:25.852] Load DDS texture: SquadExpansion/MakingHistory/Parts/SharedAssets/Shrouds
[LOG 15:22:25.855] Load DDS texture: SquadExpansion/MakingHistory/Parts/SharedAssets/Shrouds_N
[LOG 15:22:25.856] Load DDS texture: SquadExpansion/MakingHistory/Parts/Structural/Assets/NormalMap
[LOG 15:22:25.859] Load DDS texture: SquadExpansion/MakingHistory/Parts/Structural/Assets/Panels
[LOG 15:22:25.863] Load DDS texture: SquadExpansion/MakingHistory/Parts/Structural/Assets/Panels_Dark_D
[LOG 15:22:25.865] Load DDS texture: SquadExpansion/MakingHistory/Parts/Structural/Assets/Panels_Gold_D
[LOG 15:22:25.868] Load Cached PNG Texture: SquadExpansion/MakingHistory/Parts/Structural/Assets/Panels_Gold_NRM
[LOG 15:22:25.870] Load DDS texture: SquadExpansion/MakingHistory/Parts/Structural/Assets/Panels_Gold_S
[LOG 15:22:25.873] Load DDS texture: SquadExpansion/MakingHistory/Parts/Structural/Assets/Panels_Silver_D
[LOG 15:22:25.882] Load DDS texture: SquadExpansion/MakingHistory/Parts/Structural/Assets/Panels_Silver_S
[LOG 15:22:25.883] Load Cached PNG Texture: SquadExpansion/MakingHistory/Ships/@thumbs/VAB/Acapello
[LOG 15:22:25.883] Load Cached PNG Texture: SquadExpansion/MakingHistory/Ships/@thumbs/VAB/Beta Centaurus
[LOG 15:22:25.883] Load Cached PNG Texture: SquadExpansion/MakingHistory/Ships/@thumbs/VAB/Goliath II HLV
[LOG 15:22:25.883] Load Cached PNG Texture: SquadExpansion/MakingHistory/Ships/@thumbs/VAB/Muna 1
[LOG 15:22:25.887] Load Cached PNG Texture: SquadExpansion/MakingHistory/Ships/@thumbs/VAB/Sally-Hut 1
[LOG 15:22:25.889] Load Cached PNG Texture: SquadExpansion/MakingHistory/Ships/@thumbs/VAB/SWM-94 Communications Satellite
[LOG 15:22:25.889] Load Cached PNG Texture: SquadExpansion/MakingHistory/Ships/@thumbs/VAB/Valshkod 2
[LOG 15:22:25.889] Load DDS texture: SquadExpansion/MakingHistory/Spaces/KVPods/airlock
[LOG 15:22:25.889] Load DDS texture: SquadExpansion/MakingHistory/Spaces/KVPods/airlock_N
[LOG 15:22:25.891] Load DDS texture: SquadExpansion/MakingHistory/Spaces/KVPods/KV1_Props_Diffuse
[LOG 15:22:25.901] Load DDS texture: SquadExpansion/MakingHistory/Spaces/KVPods/KV1_Props_Normal
[LOG 15:22:25.906] Load DDS texture: SquadExpansion/MakingHistory/Spaces/KVPods/KV1_Shell_Diffuse
[LOG 15:22:25.916] Load DDS texture: SquadExpansion/MakingHistory/Spaces/KVPods/KV1_Shell_Emissive
[LOG 15:22:25.917] Load DDS texture: SquadExpansion/MakingHistory/Spaces/KVPods/KV1_Shell_Normal
[LOG 15:22:25.926] Load DDS texture: SquadExpansion/MakingHistory/Spaces/KVPods/KV1_Vzor_Diffuse
[LOG 15:22:25.927] Load DDS texture: SquadExpansion/MakingHistory/Spaces/KVPods/KV2_Props_Diffuse
[LOG 15:22:25.932] Load DDS texture: SquadExpansion/MakingHistory/Spaces/KVPods/KV2_Props_Emissive
[LOG 15:22:25.938] Load DDS texture: SquadExpansion/MakingHistory/Spaces/KVPods/KV2_Props_Normal
[LOG 15:22:25.945] Load DDS texture: SquadExpansion/MakingHistory/Spaces/KVPods/KV2_Shell_Diffuse
[LOG 15:22:25.955] Load DDS texture: SquadExpansion/MakingHistory/Spaces/KVPods/KV2_Shell_Normal
[LOG 15:22:25.963] Load DDS texture: SquadExpansion/MakingHistory/Spaces/KVPods/KV3_Props_Diffuse
[LOG 15:22:25.967] Load DDS texture: SquadExpansion/MakingHistory/Spaces/KVPods/KV3_Props_Normal
[LOG 15:22:25.972] Load DDS texture: SquadExpansion/MakingHistory/Spaces/KVPods/KV3_Shell_Diffuse
[LOG 15:22:25.976] Load DDS texture: SquadExpansion/MakingHistory/Spaces/KVPods/KV3_Shell_Normal
[LOG 15:22:25.982] Load DDS texture: SquadExpansion/MakingHistory/Spaces/KVPods/motor
[LOG 15:22:25.982] Load DDS texture: SquadExpansion/MakingHistory/Spaces/KVPods/pilot Seat
[LOG 15:22:25.983] Load DDS texture: SquadExpansion/MakingHistory/Spaces/MEM/PANELS_AO
[LOG 15:22:25.989] Load DDS texture: SquadExpansion/MakingHistory/Spaces/MEM/PANELS_EMISSIVE
[LOG 15:22:25.995] Load DDS texture: SquadExpansion/MakingHistory/Spaces/MEM/PANELS_NORMAL
[LOG 15:22:26.007] Load DDS texture: SquadExpansion/MakingHistory/Spaces/MEM/pilot Seat
[LOG 15:22:26.008] Load DDS texture: SquadExpansion/MakingHistory/Spaces/MEM/propsGeneric
[LOG 15:22:26.008] Load DDS texture: SquadExpansion/MakingHistory/Spaces/MEM/PROPS_AO
[LOG 15:22:26.013] Load DDS texture: SquadExpansion/MakingHistory/Spaces/MEM/PROPS_EMISSIVE
[LOG 15:22:26.014] Load DDS texture: SquadExpansion/MakingHistory/Spaces/MEM/PROPS_NORMAL
[LOG 15:22:26.018] Load DDS texture: SquadExpansion/MakingHistory/Spaces/Mk2Pod/DIfuse_controlboard
[LOG 15:22:26.026] Load DDS texture: SquadExpansion/MakingHistory/Spaces/Mk2Pod/Normal_controlbard
[LOG 15:22:26.031] Load DDS texture: SquadExpansion/MakingHistory/Spaces/Mk2Pod/Outershell_Base_Color
[LOG 15:22:26.037] Load DDS texture: SquadExpansion/MakingHistory/Spaces/Mk2Pod/Outershell_Normal
[LOG 15:22:26.067] Load DDS texture: SquadExpansion/MakingHistory/Spaces/Mk2Pod/pilot Seat
[LOG 15:22:26.068] Load Cached PNG Texture: SquadExpansion/Serenity/Parts/@thumbs/controller1000_icon
[LOG 15:22:26.069] Load Cached PNG Texture: SquadExpansion/Serenity/Parts/@thumbs/DeployedCentralStation_icon
[LOG 15:22:26.069] Load Cached PNG Texture: SquadExpansion/Serenity/Parts/@thumbs/DeployedGoExOb_icon
[LOG 15:22:26.069] Load Cached PNG Texture: SquadExpansion/Serenity/Parts/@thumbs/DeployedIONExp_icon
[LOG 15:22:26.069] Load Cached PNG Texture: SquadExpansion/Serenity/Parts/@thumbs/DeployedRTG_icon
[LOG 15:22:26.069] Load Cached PNG Texture: SquadExpansion/Serenity/Parts/@thumbs/DeployedSatDish_icon
[LOG 15:22:26.069] Load Cached PNG Texture: SquadExpansion/Serenity/Parts/@thumbs/DeployedSeismicSensor_icon
[LOG 15:22:26.070] Load Cached PNG Texture: SquadExpansion/Serenity/Parts/@thumbs/DeployedSolarPanel_icon
[LOG 15:22:26.070] Load Cached PNG Texture: SquadExpansion/Serenity/Parts/@thumbs/DeployedWeatherStn_icon
[LOG 15:22:26.070] Load Cached PNG Texture: SquadExpansion/Serenity/Parts/@thumbs/FanShroud.01_icon0
[LOG 15:22:26.070] Load Cached PNG Texture: SquadExpansion/Serenity/Parts/@thumbs/FanShroud.01_icon1
[LOG 15:22:26.070] Load Cached PNG Texture: SquadExpansion/Serenity/Parts/@thumbs/FanShroud.02_icon0
[LOG 15:22:26.070] Load Cached PNG Texture: SquadExpansion/Serenity/Parts/@thumbs/FanShroud.02_icon1
[LOG 15:22:26.070] Load Cached PNG Texture: SquadExpansion/Serenity/Parts/@thumbs/hinge.01.s_icon0
[LOG 15:22:26.070] Load Cached PNG Texture: SquadExpansion/Serenity/Parts/@thumbs/hinge.01.s_icon1
[LOG 15:22:26.070] Load Cached PNG Texture: SquadExpansion/Serenity/Parts/@thumbs/hinge.01_icon0
[LOG 15:22:26.071] Load Cached PNG Texture: SquadExpansion/Serenity/Parts/@thumbs/hinge.01_icon1
[LOG 15:22:26.071] Load Cached PNG Texture: SquadExpansion/Serenity/Parts/@thumbs/hinge.03.s_icon0
[LOG 15:22:26.071] Load Cached PNG Texture: SquadExpansion/Serenity/Parts/@thumbs/hinge.03.s_icon1
[LOG 15:22:26.071] Load Cached PNG Texture: SquadExpansion/Serenity/Parts/@thumbs/hinge.03_icon0
[LOG 15:22:26.071] Load Cached PNG Texture: SquadExpansion/Serenity/Parts/@thumbs/hinge.03_icon1
[LOG 15:22:26.071] Load Cached PNG Texture: SquadExpansion/Serenity/Parts/@thumbs/largeFanBlade_icon0
[LOG 15:22:26.071] Load Cached PNG Texture: SquadExpansion/Serenity/Parts/@thumbs/largeFanBlade_icon1
[LOG 15:22:26.071] Load Cached PNG Texture: SquadExpansion/Serenity/Parts/@thumbs/largePropeller_icon0
[LOG 15:22:26.071] Load Cached PNG Texture: SquadExpansion/Serenity/Parts/@thumbs/largePropeller_icon1
[LOG 15:22:26.072] Load Cached PNG Texture: SquadExpansion/Serenity/Parts/@thumbs/lGripPad_icon0
[LOG 15:22:26.072] Load Cached PNG Texture: SquadExpansion/Serenity/Parts/@thumbs/lGripPad_icon1
[LOG 15:22:26.072] Load Cached PNG Texture: SquadExpansion/Serenity/Parts/@thumbs/lGripStrip_icon
[LOG 15:22:26.072] Load Cached PNG Texture: SquadExpansion/Serenity/Parts/@thumbs/mediumFanBlade_icon0
[LOG 15:22:26.072] Load Cached PNG Texture: SquadExpansion/Serenity/Parts/@thumbs/mediumFanBlade_icon1
[LOG 15:22:26.072] Load Cached PNG Texture: SquadExpansion/Serenity/Parts/@thumbs/mediumPropeller_icon0
[LOG 15:22:26.072] Load Cached PNG Texture: SquadExpansion/Serenity/Parts/@thumbs/mediumPropeller_icon1
[LOG 15:22:26.072] Load Cached PNG Texture: SquadExpansion/Serenity/Parts/@thumbs/mGripPad_icon0
[LOG 15:22:26.072] Load Cached PNG Texture: SquadExpansion/Serenity/Parts/@thumbs/mGripPad_icon1
[LOG 15:22:26.073] Load Cached PNG Texture: SquadExpansion/Serenity/Parts/@thumbs/noseconeTiny_icon
[LOG 15:22:26.073] Load Cached PNG Texture: SquadExpansion/Serenity/Parts/@thumbs/noseconeVS_icon
[LOG 15:22:26.073] Load Cached PNG Texture: SquadExpansion/Serenity/Parts/@thumbs/piston.01_icon0
[LOG 15:22:26.073] Load Cached PNG Texture: SquadExpansion/Serenity/Parts/@thumbs/piston.01_icon1
[LOG 15:22:26.073] Load Cached PNG Texture: SquadExpansion/Serenity/Parts/@thumbs/piston.02_icon0
[LOG 15:22:26.073] Load Cached PNG Texture: SquadExpansion/Serenity/Parts/@thumbs/piston.02_icon1
[LOG 15:22:26.074] Load Cached PNG Texture: SquadExpansion/Serenity/Parts/@thumbs/piston.03_icon0
[LOG 15:22:26.074] Load Cached PNG Texture: SquadExpansion/Serenity/Parts/@thumbs/piston.03_icon1
[LOG 15:22:26.074] Load Cached PNG Texture: SquadExpansion/Serenity/Parts/@thumbs/piston.04_icon0
[LOG 15:22:26.074] Load Cached PNG Texture: SquadExpansion/Serenity/Parts/@thumbs/piston.04_icon1
[LOG 15:22:26.074] Load Cached PNG Texture: SquadExpansion/Serenity/Parts/@thumbs/RobotArmScanner.S1_icon
[LOG 15:22:26.074] Load Cached PNG Texture: SquadExpansion/Serenity/Parts/@thumbs/RobotArmScanner.S2_icon
[LOG 15:22:26.074] Load Cached PNG Texture: SquadExpansion/Serenity/Parts/@thumbs/RobotArmScanner.S3_icon
[LOG 15:22:26.074] Load Cached PNG Texture: SquadExpansion/Serenity/Parts/@thumbs/rotor.01s_icon0
[LOG 15:22:26.074] Load Cached PNG Texture: SquadExpansion/Serenity/Parts/@thumbs/rotor.01s_icon1
[LOG 15:22:26.075] Load Cached PNG Texture: SquadExpansion/Serenity/Parts/@thumbs/rotor.01_icon0
[LOG 15:22:26.075] Load Cached PNG Texture: SquadExpansion/Serenity/Parts/@thumbs/rotor.01_icon1
[LOG 15:22:26.075] Load Cached PNG Texture: SquadExpansion/Serenity/Parts/@thumbs/rotor.02s_icon0
[LOG 15:22:26.075] Load Cached PNG Texture: SquadExpansion/Serenity/Parts/@thumbs/rotor.02s_icon1
[LOG 15:22:26.075] Load Cached PNG Texture: SquadExpansion/Serenity/Parts/@thumbs/rotor.02_icon0
[LOG 15:22:26.075] Load Cached PNG Texture: SquadExpansion/Serenity/Parts/@thumbs/rotor.02_icon1
[LOG 15:22:26.075] Load Cached PNG Texture: SquadExpansion/Serenity/Parts/@thumbs/RotorEngine.02_icon
[LOG 15:22:26.075] Load Cached PNG Texture: SquadExpansion/Serenity/Parts/@thumbs/rotoServo.00_icon0
[LOG 15:22:26.075] Load Cached PNG Texture: SquadExpansion/Serenity/Parts/@thumbs/rotoServo.00_icon1
[LOG 15:22:26.075] Load Cached PNG Texture: SquadExpansion/Serenity/Parts/@thumbs/rotoServo.02_icon0
[LOG 15:22:26.075] Load Cached PNG Texture: SquadExpansion/Serenity/Parts/@thumbs/rotoServo.02_icon1
[LOG 15:22:26.075] Load Cached PNG Texture: SquadExpansion/Serenity/Parts/@thumbs/rotoServo.03_icon0
[LOG 15:22:26.076] Load Cached PNG Texture: SquadExpansion/Serenity/Parts/@thumbs/rotoServo.03_icon1
[LOG 15:22:26.076] Load Cached PNG Texture: SquadExpansion/Serenity/Parts/@thumbs/sGripPad_icon0
[LOG 15:22:26.076] Load Cached PNG Texture: SquadExpansion/Serenity/Parts/@thumbs/sGripPad_icon1
[LOG 15:22:26.076] Load Cached PNG Texture: SquadExpansion/Serenity/Parts/@thumbs/sGripStrip_icon
[LOG 15:22:26.076] Load Cached PNG Texture: SquadExpansion/Serenity/Parts/@thumbs/smallFanBlade_icon0
[LOG 15:22:26.076] Load Cached PNG Texture: SquadExpansion/Serenity/Parts/@thumbs/smallFanBlade_icon1
[LOG 15:22:26.076] Load Cached PNG Texture: SquadExpansion/Serenity/Parts/@thumbs/smallHeliBlade_icon0
[LOG 15:22:26.076] Load Cached PNG Texture: SquadExpansion/Serenity/Parts/@thumbs/smallHeliBlade_icon1
[LOG 15:22:26.076] Load Cached PNG Texture: SquadExpansion/Serenity/Parts/@thumbs/smallPropeller_icon0
[LOG 15:22:26.076] Load Cached PNG Texture: SquadExpansion/Serenity/Parts/@thumbs/smallPropeller_icon1
[LOG 15:22:26.076] Load DDS texture: SquadExpansion/Serenity/Parts/Aero/Assets/copterBlades_diffuse
[LOG 15:22:26.077] Load DDS texture: SquadExpansion/Serenity/Parts/Aero/Assets/shroudsDiffuse_color
[LOG 15:22:26.077] Load DDS texture: SquadExpansion/Serenity/Parts/Aero/Assets/shroudsDiffuse_plain
[LOG 15:22:26.077] Load Cached PNG Texture: SquadExpansion/Serenity/Parts/DeployedScience/MockupTexture
[LOG 15:22:26.077] Load DDS texture: SquadExpansion/Serenity/Parts/DeployedScience/Assets/centralStation_diffuse
[LOG 15:22:26.078] Load DDS texture: SquadExpansion/Serenity/Parts/DeployedScience/Assets/centralStation_emissive
[LOG 15:22:26.102] Load DDS texture: SquadExpansion/Serenity/Parts/DeployedScience/Assets/GenericParts_diffuse
[LOG 15:22:26.102] Load DDS texture: SquadExpansion/Serenity/Parts/DeployedScience/Assets/GenericParts_emissive
[LOG 15:22:26.103] Load DDS texture: SquadExpansion/Serenity/Parts/DeployedScience/Assets/GenericParts_normal
[LOG 15:22:26.104] Load DDS texture: SquadExpansion/Serenity/Parts/DeployedScience/Assets/goex_diffuse
[LOG 15:22:26.108] Load DDS texture: SquadExpansion/Serenity/Parts/DeployedScience/Assets/goex_specMapped
[LOG 15:22:26.112] Load DDS texture: SquadExpansion/Serenity/Parts/DeployedScience/Assets/Grid
[LOG 15:22:26.112] Load DDS texture: SquadExpansion/Serenity/Parts/DeployedScience/Assets/IonExperiment_diffuse
[LOG 15:22:26.114] Load DDS texture: SquadExpansion/Serenity/Parts/DeployedScience/Assets/RTGCask_diffuse
[LOG 15:22:26.116] Load DDS texture: SquadExpansion/Serenity/Parts/DeployedScience/Assets/satDish_diffuse
[LOG 15:22:26.118] Load Cached PNG Texture: SquadExpansion/Serenity/Parts/DeployedScience/Assets/Scratch
[LOG 15:22:26.119] Load DDS texture: SquadExpansion/Serenity/Parts/DeployedScience/Assets/Screen2
[LOG 15:22:26.120] Load DDS texture: SquadExpansion/Serenity/Parts/DeployedScience/Assets/Screen3
[LOG 15:22:26.120] Load DDS texture: SquadExpansion/Serenity/Parts/DeployedScience/Assets/ScreenReadout
[LOG 15:22:26.120] Load DDS texture: SquadExpansion/Serenity/Parts/DeployedScience/Assets/seismicSensor_diffuse
[LOG 15:22:26.122] Load DDS texture: SquadExpansion/Serenity/Parts/DeployedScience/Assets/seismicSensor_nrm
[LOG 15:22:26.124] Load DDS texture: SquadExpansion/Serenity/Parts/DeployedScience/Assets/seismicSensor_specularMapped
[LOG 15:22:26.126] Load DDS texture: SquadExpansion/Serenity/Parts/DeployedScience/Assets/SolarGraph
[LOG 15:22:26.126] Load DDS texture: SquadExpansion/Serenity/Parts/DeployedScience/Assets/solarPanel_diffuse
[LOG 15:22:26.129] Load DDS texture: SquadExpansion/Serenity/Parts/DeployedScience/Assets/Waveleght3
[LOG 15:22:26.129] Load DDS texture: SquadExpansion/Serenity/Parts/DeployedScience/Assets/Wavelenght
[LOG 15:22:26.129] Load DDS texture: SquadExpansion/Serenity/Parts/DeployedScience/Assets/Wavelenght2
[LOG 15:22:26.129] Load DDS texture: SquadExpansion/Serenity/Parts/DeployedScience/Assets/wavelenght4
[LOG 15:22:26.129] Load DDS texture: SquadExpansion/Serenity/Parts/DeployedScience/Assets/wavelenght5
[LOG 15:22:26.129] Load DDS texture: SquadExpansion/Serenity/Parts/DeployedScience/Assets/WeatherStation [Normal]
[LOG 15:22:26.162] Load DDS texture: SquadExpansion/Serenity/Parts/DeployedScience/Assets/Weather_Station_diffuse
[LOG 15:22:26.170] Load DDS texture: SquadExpansion/Serenity/Parts/DeployedScience/Assets/Weather_Station_normal
[LOG 15:22:26.182] Load DDS texture: SquadExpansion/Serenity/Parts/Propellers/Assets/blade_diffuse
[LOG 15:22:26.186] Load DDS texture: SquadExpansion/Serenity/Parts/Propellers/Assets/copterBlades_diffuse
[LOG 15:22:26.189] Load DDS texture: SquadExpansion/Serenity/Parts/Propellers/Assets/fan_diffuse
[LOG 15:22:26.190] Load DDS texture: SquadExpansion/Serenity/Parts/Robotics/Assets/hinges-03-s_diffuse_Color
[LOG 15:22:26.190] Load DDS texture: SquadExpansion/Serenity/Parts/Robotics/Assets/hinges-03_diffuse_color
[LOG 15:22:26.190] Load DDS texture: SquadExpansion/Serenity/Parts/Robotics/Assets/hinges-03_diffuse_plain
[LOG 15:22:26.191] Load DDS texture: SquadExpansion/Serenity/Parts/Robotics/Assets/hinges_diffuse
[LOG 15:22:26.193] Load DDS texture: SquadExpansion/Serenity/Parts/Robotics/Assets/Hinge_diffuse_G-00_Color
[LOG 15:22:26.193] Load DDS texture: SquadExpansion/Serenity/Parts/Robotics/Assets/Hinge_diffuse_G-11_Color
[LOG 15:22:26.193] Load DDS texture: SquadExpansion/Serenity/Parts/Robotics/Assets/Hinge_diffuse_G-11_plain
[LOG 15:22:26.193] Load DDS texture: SquadExpansion/Serenity/Parts/Robotics/Assets/Hinge_normal
[LOG 15:22:26.194] Load DDS texture: SquadExpansion/Serenity/Parts/Robotics/Assets/RotorEngine_02_diffuse
[LOG 15:22:26.194] Load DDS texture: SquadExpansion/Serenity/Parts/Robotics/Assets/RotorEngine_03_diffuse
[LOG 15:22:26.194] Load DDS texture: SquadExpansion/Serenity/Parts/Robotics/Assets/RotorEngine_03_normal
[LOG 15:22:26.196] Load DDS texture: SquadExpansion/Serenity/Parts/Robotics/Assets/Rotor_01_diffuse_color
[LOG 15:22:26.196] Load DDS texture: SquadExpansion/Serenity/Parts/Robotics/Assets/Rotor_01_diffuse_plain
[LOG 15:22:26.197] Load DDS texture: SquadExpansion/Serenity/Parts/Robotics/Assets/Rotor_01_normal
[LOG 15:22:26.197] Load DDS texture: SquadExpansion/Serenity/Parts/Robotics/Assets/Rotor_01_specular_D
[LOG 15:22:26.197] Load DDS texture: SquadExpansion/Serenity/Parts/Robotics/Assets/Rotor_02_diffuse_color
[LOG 15:22:26.197] Load DDS texture: SquadExpansion/Serenity/Parts/Robotics/Assets/Rotor_03_diffuse_color
[LOG 15:22:26.199] Load DDS texture: SquadExpansion/Serenity/Parts/Robotics/Assets/Rotor_03_diffuse_plain
[LOG 15:22:26.200] Load DDS texture: SquadExpansion/Serenity/Parts/Robotics/Assets/Rotor_03_normal
[LOG 15:22:26.201] Load DDS texture: SquadExpansion/Serenity/Parts/Robotics/Assets/rotoServos_diffuse_color
[LOG 15:22:26.202] Load DDS texture: SquadExpansion/Serenity/Parts/Robotics/Assets/rotoServos_diffuse_plain
[LOG 15:22:26.203] Load DDS texture: SquadExpansion/Serenity/Parts/Robotics/Assets/rotoServos_nrm
[LOG 15:22:26.204] Load DDS texture: SquadExpansion/Serenity/Parts/Robotics/Controllers/roboController_diffuse
[LOG 15:22:26.204] Load DDS texture: SquadExpansion/Serenity/Parts/Robotics/Controllers/roboController_emissive
[LOG 15:22:26.204] Load Cached PNG Texture: SquadExpansion/Serenity/Parts/Science/RobotArmScanner/Assets/DrillBits
[LOG 15:22:26.204] Load DDS texture: SquadExpansion/Serenity/Parts/Science/RobotArmScanner/Assets/DustParticle
[WRN 15:22:26.204] Duplicate PNG texture 'SquadExpansion/Serenity/Parts/Science/RobotArmScanner/Assets/DustParticle' with extension 'png' won't be loaded
[LOG 15:22:26.204] Load DDS texture: SquadExpansion/Serenity/Parts/Science/RobotArmScanner/Assets/GenericParts_diffuse
[LOG 15:22:26.210] Load DDS texture: SquadExpansion/Serenity/Parts/Science/RobotArmScanner/Assets/GenericParts_normal
[LOG 15:22:26.216] Load DDS texture: SquadExpansion/Serenity/Parts/Science/RobotArmScanner/Assets/ROCArm3_diffuse
[LOG 15:22:26.223] Load DDS texture: SquadExpansion/Serenity/Parts/Science/RobotArmScanner/Assets/ROCArm3_normal
[LOG 15:22:26.230] Load DDS texture: SquadExpansion/Serenity/Parts/Science/RobotArmScanner/Assets/ROCArm_2_diffuse
[LOG 15:22:26.231] Load DDS texture: SquadExpansion/Serenity/Parts/Science/RobotArmScanner/Assets/ROCArm_2_normal
[LOG 15:22:26.233] Load Cached PNG Texture: SquadExpansion/Serenity/Parts/Science/RobotArmScanner/Assets/Scratch
[LOG 15:22:26.233] Load DDS texture: SquadExpansion/Serenity/Parts/Science/RobotArmScanner/Assets/SmallArm_diffuse
[LOG 15:22:26.234] Load DDS texture: SquadExpansion/Serenity/Parts/Science/RobotArmScanner/Assets/SmallArm_normal
[LOG 15:22:26.235] Load DDS texture: SquadExpansion/Serenity/Parts/Structural/gripPads/Assets/gripPads_diffuse
[LOG 15:22:26.235] Load DDS texture: SquadExpansion/Serenity/Parts/Structural/gripPads/Assets/gripPads_nrm
[LOG 15:22:26.236] Load Cached PNG Texture: SquadExpansion/Serenity/Ships/@thumbs/SPH/Arrow-E
[LOG 15:22:26.237] Load Cached PNG Texture: SquadExpansion/Serenity/Ships/@thumbs/SPH/Butterfly Rover
[LOG 15:22:26.237] Load Cached PNG Texture: SquadExpansion/Serenity/Ships/@thumbs/SPH/Jeb_s Quadtaxi
[LOG 15:22:26.237] Load Cached PNG Texture: SquadExpansion/Serenity/Ships/@thumbs/SPH/Kerbodyne Rotodyne
[LOG 15:22:26.237] Load Cached PNG Texture: SquadExpansion/Serenity/Ships/@thumbs/SPH/Seahawk
[LOG 15:22:26.237] Load Cached PNG Texture: SquadExpansion/Serenity/Ships/@thumbs/SPH/Val-Thopter
[LOG 15:22:26.240] Load MU model: Squad/FX/afterburner_flame
[LOG 15:22:26.248] Load MU model: Squad/FX/afterburner_shock
[LOG 15:22:26.249] Load MU model: Squad/FX/diamondBlue
[LOG 15:22:26.249] Load MU model: Squad/FX/exhaustFlames_blue
[LOG 15:22:26.376] Load MU model: Squad/FX/hydroLOXFlame
[LOG 15:22:26.377] Load MU model: Squad/FX/IonPlume
[LOG 15:22:26.377] Load MU model: Squad/FX/ks1_Exhaust
[LOG 15:22:26.378] Load MU model: Squad/FX/ks25_Exhaust
[LOG 15:22:26.378] Load MU model: Squad/FX/ksX_Exhaust
[LOG 15:22:26.379] Load MU model: Squad/FX/LES_Thruster
[LOG 15:22:26.379] Load MU model: Squad/FX/Monoprop_big
[LOG 15:22:26.380] Load MU model: Squad/FX/Monoprop_medium
[LOG 15:22:26.380] Load MU model: Squad/FX/Monoprop_small
[LOG 15:22:26.381] Load MU model: Squad/FX/shockExhaust_blue
[LOG 15:22:26.381] Load MU model: Squad/FX/shockExhaust_blue_small
[LOG 15:22:26.382] Load MU model: Squad/FX/shockExhaust_red_small
[LOG 15:22:26.382] Load MU model: Squad/FX/SRB_Large
[LOG 15:22:26.382] Load MU model: Squad/FX/SRB_LargeSparks
[LOG 15:22:26.383] Load MU model: Squad/Parts/Aero/aerodynamicNoseCone/aerodynamicNoseCone
[LOG 15:22:26.386] Load MU model: Squad/Parts/Aero/airbrake/Airbrake
[LOG 15:22:26.386] Load MU model: Squad/Parts/Aero/airIntakeRadialXM-G50/RadialIntake
[LOG 15:22:26.386] Load MU model: Squad/Parts/Aero/airlinerWings/ControlSurface
[LOG 15:22:26.387] Load MU model: Squad/Parts/Aero/airlinerWings/MainWing
[LOG 15:22:26.387] Load MU model: Squad/Parts/Aero/airlinerWings/TailFin
[LOG 15:22:26.389] Load MU model: Squad/Parts/Aero/airplaneFins/AdvCanard
[LOG 15:22:26.389] Load MU model: Squad/Parts/Aero/airplaneFins/Canard
[LOG 15:22:26.389] Load MU model: Squad/Parts/Aero/airplaneFins/Swept
[LOG 15:22:26.390] Load MU model: Squad/Parts/Aero/airplaneFins/TailFin
[LOG 15:22:26.390] Load MU model: Squad/Parts/Aero/basicFin/basicFin
[LOG 15:22:26.390] Load MU model: Squad/Parts/Aero/circularIntake/CircularIntake
[LOG 15:22:26.392] Load MU model: Squad/Parts/Aero/circularIntake/ConeIntake
[LOG 15:22:26.392] Load MU model: Squad/Parts/Aero/cones/Assets/AvioCone
[LOG 15:22:26.393] Load MU model: Squad/Parts/Aero/cones/Assets/ConeA
[LOG 15:22:26.393] Load MU model: Squad/Parts/Aero/cones/Assets/ConeB
[LOG 15:22:26.393] Load MU model: Squad/Parts/Aero/cones/Assets/NCS
[LOG 15:22:26.394] Load MU model: Squad/Parts/Aero/cones/Assets/orangeNoseCone
[LOG 15:22:26.394] Load MU model: Squad/Parts/Aero/cones/Assets/rocketNoseCone
[LOG 15:22:26.394] Load MU model: Squad/Parts/Aero/cones/Assets/rocketNoseCone_v2
[LOG 15:22:26.395] Load MU model: Squad/Parts/Aero/cones/Assets/rocketNoseCone_v3
[LOG 15:22:26.395] Load MU model: Squad/Parts/Aero/cones/Assets/TailA
[LOG 15:22:26.395] Load MU model: Squad/Parts/Aero/cones/Assets/TailB
[LOG 15:22:26.396] Load MU model: Squad/Parts/Aero/cones/Assets/TinyCone
[LOG 15:22:26.396] Load MU model: Squad/Parts/Aero/fairings/AutoTruss
[LOG 15:22:26.397] Load MU model: Squad/Parts/Aero/fairings/fairingSize1
[LOG 15:22:26.397] Load MU model: Squad/Parts/Aero/fairings/fairingSize2
[LOG 15:22:26.397] Load MU model: Squad/Parts/Aero/fairings/fairingSize3
[LOG 15:22:26.398] Load MU model: Squad/Parts/Aero/HeatShield/HeatShield0
[LOG 15:22:26.398] Load MU model: Squad/Parts/Aero/HeatShield/HeatShield1
[LOG 15:22:26.398] Load MU model: Squad/Parts/Aero/HeatShield/HeatShield2
[LOG 15:22:26.399] Load MU model: Squad/Parts/Aero/HeatShield/HeatShield3
[LOG 15:22:26.399] Load MU model: Squad/Parts/Aero/InflatableHeatShield/HeatShield
[LOG 15:22:26.401] Load MU model: Squad/Parts/Aero/intakeRadialLong/IntakeRadial
[LOG 15:22:26.402] Load MU model: Squad/Parts/Aero/miniIntake/SmallIntake
[LOG 15:22:26.402] Load MU model: Squad/Parts/Aero/ramAirIntake/RampIntake
[LOG 15:22:26.402] Load MU model: Squad/Parts/Aero/shuttleWings/ShuttleDeltaWing
[LOG 15:22:26.402] Load MU model: Squad/Parts/Aero/shuttleWings/ShuttleElevonA
[LOG 15:22:26.403] Load MU model: Squad/Parts/Aero/shuttleWings/ShuttleElevonB
[LOG 15:22:26.403] Load MU model: Squad/Parts/Aero/shuttleWings/ShuttleRudder
[LOG 15:22:26.403] Load MU model: Squad/Parts/Aero/shuttleWings/ShuttleStrake
[LOG 15:22:26.403] Load MU model: Squad/Parts/Aero/wingletAV-R8/model
[LOG 15:22:26.404] Load MU model: Squad/Parts/Aero/wingletAV-T1/model
[LOG 15:22:26.404] Load MU model: Squad/Parts/Aero/wingletDeltaDeluxe/model
[LOG 15:22:26.404] Load MU model: Squad/Parts/Aero/wings/connector1
[LOG 15:22:26.404] Load MU model: Squad/Parts/Aero/wings/connector2
[LOG 15:22:26.404] Load MU model: Squad/Parts/Aero/wings/connector3
[LOG 15:22:26.405] Load MU model: Squad/Parts/Aero/wings/connector4
[LOG 15:22:26.405] Load MU model: Squad/Parts/Aero/wings/connector5
[LOG 15:22:26.405] Load MU model: Squad/Parts/Aero/wings/delta
[LOG 15:22:26.405] Load MU model: Squad/Parts/Aero/wings/delta_small
[LOG 15:22:26.405] Load MU model: Squad/Parts/Aero/wings/elevon1
[LOG 15:22:26.405] Load MU model: Squad/Parts/Aero/wings/elevon2
[LOG 15:22:26.406] Load MU model: Squad/Parts/Aero/wings/elevon3
[LOG 15:22:26.406] Load MU model: Squad/Parts/Aero/wings/elevon4
[LOG 15:22:26.406] Load MU model: Squad/Parts/Aero/wings/elevon5
[LOG 15:22:26.406] Load MU model: Squad/Parts/Aero/wings/strake
[LOG 15:22:26.406] Load MU model: Squad/Parts/Aero/wings/structural1
[LOG 15:22:26.406] Load MU model: Squad/Parts/Aero/wings/structural2
[LOG 15:22:26.406] Load MU model: Squad/Parts/Aero/wings/structural3
[LOG 15:22:26.407] Load MU model: Squad/Parts/Aero/wings/structural4
[LOG 15:22:26.407] Load MU model: Squad/Parts/Aero/wings/swept1
[LOG 15:22:26.407] Load MU model: Squad/Parts/Aero/wings/swept2
[LOG 15:22:26.407] Load MU model: Squad/Parts/Cargo/CargoContainers/cargoContainer
[LOG 15:22:26.407] Load MU model: Squad/Parts/Cargo/CargoContainers/smallCargoContainer
[LOG 15:22:26.408] Load MU model: Squad/Parts/Cargo/Cylinder/EVAcylinder
[LOG 15:22:26.408] Load MU model: Squad/Parts/Cargo/GroundAnchor/groundAnchor
[LOG 15:22:26.409] Load MU model: Squad/Parts/Cargo/Jetpack/Jetpack
[LOG 15:22:26.410] Load MU model: Squad/Parts/Cargo/Parachute/Parachute
[LOG 15:22:26.410] Load MU model: Squad/Parts/Cargo/RepairKit/RepairKit
[LOG 15:22:26.428] Load MU model: Squad/Parts/Cargo/ScienceKit/ExperimentKit
[LOG 15:22:26.429] Load MU model: Squad/Parts/Cargo/StorageUnits/Assets/CargoStorageUnit
[LOG 15:22:26.429] Load MU model: Squad/Parts/Cargo/StorageUnits/Assets/ConformalStorageUnit
[LOG 15:22:26.430] Load MU model: Squad/Parts/Command/advancedSasModuleLarge/model
[LOG 15:22:26.430] Load MU model: Squad/Parts/Command/cupola/model
[LOG 15:22:26.431] Load MU model: Squad/Parts/Command/externalCommandSeat/model
[LOG 15:22:26.431] Load MU model: Squad/Parts/Command/hitchhikerStorageContainer/model
[LOG 15:22:26.432] Load MU model: Squad/Parts/Command/inlineAdvancedStabilizer/model
[LOG 15:22:26.434] Load MU model: Squad/Parts/Command/inlineReactionWheel/model
[LOG 15:22:26.434] Load MU model: Squad/Parts/Command/Mk1-3Pod/Mk1-3
[LOG 15:22:26.434] Load MU model: Squad/Parts/Command/mk1Cockpits/Cabin
[LOG 15:22:26.435] Load MU model: Squad/Parts/Command/mk1Cockpits/CockpitInline
[LOG 15:22:26.436] Load MU model: Squad/Parts/Command/mk1Cockpits/CockpitStandard
[LOG 15:22:26.454] Load MU model: Squad/Parts/Command/mk1LanderCan/model
[LOG 15:22:26.454] Load MU model: Squad/Parts/Command/mk1pod_v2/Mk1Pod_v2
[LOG 15:22:26.455] Load MU model: Squad/Parts/Command/mk2CockpitInline/model
[LOG 15:22:26.455] Load MU model: Squad/Parts/Command/mk2CockpitStandard/model
[LOG 15:22:26.456] Load MU model: Squad/Parts/Command/mk2DroneCore/model
[LOG 15:22:26.456] Load MU model: Squad/Parts/Command/mk2LanderCan/model
[LOG 15:22:26.457] Load MU model: Squad/Parts/Command/mk2LanderCan_v2/mk2LanderCan
[LOG 15:22:26.458] Load MU model: Squad/Parts/Command/mk3CockpitShuttle/model
[LOG 15:22:26.458] Load MU model: Squad/Parts/Command/MpoProbe/MpoProbe
[LOG 15:22:26.459] Load MU model: Squad/Parts/Command/MtmStage/MTM_Stage
[LOG 15:22:26.459] Load MU model: Squad/Parts/Command/probeCoreCube/probeCoreCube
[LOG 15:22:26.459] Load MU model: Squad/Parts/Command/probeCoreHex/model
[LOG 15:22:26.460] Load MU model: Squad/Parts/Command/probeCoreHex_v2/model
[LOG 15:22:26.460] Load MU model: Squad/Parts/Command/probeCoreOcto2_v2/probeCoreOcto2_v2
[LOG 15:22:26.460] Load MU model: Squad/Parts/Command/probeCoreOcto_v2/probeCoreOcto_v2
[LOG 15:22:26.460] Load MU model: Squad/Parts/Command/probeRoverBody/model
[LOG 15:22:26.461] Load MU model: Squad/Parts/Command/probeRoverBody_v2/probeRoverBody_v2
[LOG 15:22:26.461] Load MU model: Squad/Parts/Command/probeStackLarge/model
[LOG 15:22:26.461] Load MU model: Squad/Parts/Command/probeStackSmall/model
[LOG 15:22:26.461] Load MU model: Squad/Parts/Command/probeStackSphere_v2/probeStackSphere_v2
[LOG 15:22:26.462] Load MU model: Squad/Parts/CompoundParts/FuelLine/model
[LOG 15:22:26.462] Load MU model: Squad/Parts/CompoundParts/strutConnector/model
[LOG 15:22:26.462] Load MU model: Squad/Parts/Coupling/Assets/Decoupler_0
[LOG 15:22:26.463] Load MU model: Squad/Parts/Coupling/Assets/Decoupler_1
[LOG 15:22:26.463] Load MU model: Squad/Parts/Coupling/Assets/Decoupler_1p5
[LOG 15:22:26.463] Load MU model: Squad/Parts/Coupling/Assets/Decoupler_2
[LOG 15:22:26.464] Load MU model: Squad/Parts/Coupling/Assets/Decoupler_3
[LOG 15:22:26.464] Load MU model: Squad/Parts/Coupling/Assets/Decoupler_4
[LOG 15:22:26.464] Load MU model: Squad/Parts/Coupling/Assets/Separator_0
[LOG 15:22:26.465] Load MU model: Squad/Parts/Coupling/Assets/Separator_1
[LOG 15:22:26.465] Load MU model: Squad/Parts/Coupling/Assets/Separator_1p5
[LOG 15:22:26.466] Load MU model: Squad/Parts/Coupling/Assets/Separator_2
[LOG 15:22:26.466] Load MU model: Squad/Parts/Coupling/Assets/Separator_3
[LOG 15:22:26.466] Load MU model: Squad/Parts/Coupling/Assets/Separator_4
[LOG 15:22:26.467] Load MU model: Squad/Parts/Electrical/10CSolarPanels/assets/OX-10C
[LOG 15:22:26.468] Load MU model: Squad/Parts/Electrical/10CSolarPanels/assets/SP-10C
[LOG 15:22:26.471] Load MU model: Squad/Parts/Electrical/10LSolarPanels/assets/OX-10L
[LOG 15:22:26.472] Load MU model: Squad/Parts/Electrical/10LSolarPanels/assets/SP-10L
[LOG 15:22:26.473] Load MU model: Squad/Parts/Electrical/1x6ShroudSolarPanels/model
[LOG 15:22:26.473] Load MU model: Squad/Parts/Electrical/1x6SolarPanels/model
[LOG 15:22:26.474] Load MU model: Squad/Parts/Electrical/3x2ShroudSolarPanels/model
[LOG 15:22:26.475] Load MU model: Squad/Parts/Electrical/3x2SolarPanels/model
[LOG 15:22:26.478] Load MU model: Squad/Parts/Electrical/gigantorXlSolarArray/model
[LOG 15:22:26.478] Load MU model: Squad/Parts/Electrical/radialFlatSolarPanel/model
[LOG 15:22:26.478] Load MU model: Squad/Parts/Electrical/RTG/model
[LOG 15:22:26.478] Load MU model: Squad/Parts/Electrical/z-100Battery/model
[LOG 15:22:26.479] Load MU model: Squad/Parts/Electrical/z-1kBattery/model
[LOG 15:22:26.479] Load MU model: Squad/Parts/Electrical/z-200Battery/model
[LOG 15:22:26.479] Load MU model: Squad/Parts/Electrical/z-400Battery/model
[LOG 15:22:26.479] Load MU model: Squad/Parts/Electrical/z-4kBattery/model
[LOG 15:22:26.479] Load MU model: Squad/Parts/Engine/ionEngine/model
[LOG 15:22:26.480] Load MU model: Squad/Parts/Engine/jetEngines/turbineInside
[LOG 15:22:26.480] Load MU model: Squad/Parts/Engine/jetEngines/turboFanSize1
[LOG 15:22:26.480] Load MU model: Squad/Parts/Engine/jetEngines/turboFanSize2
[LOG 15:22:26.481] Load MU model: Squad/Parts/Engine/jetEngines/turboJet
[LOG 15:22:26.482] Load MU model: Squad/Parts/Engine/jetEngines/turboRamJet
[LOG 15:22:26.482] Load MU model: Squad/Parts/Engine/liquidEngine24-77/model
[LOG 15:22:26.483] Load MU model: Squad/Parts/Engine/liquidEngine24-77_v2/Twitch_v2
[LOG 15:22:26.483] Load MU model: Squad/Parts/Engine/liquidEngine48-7S_v2/SparkV2
[LOG 15:22:26.484] Load MU model: Squad/Parts/Engine/liquidEngineAerospike/AeroSpike
[LOG 15:22:26.484] Load MU model: Squad/Parts/Engine/liquidEngineLV-1_v2/Assets/Ant
[LOG 15:22:26.485] Load MU model: Squad/Parts/Engine/liquidEngineLV-1_v2/Assets/Spider
[LOG 15:22:26.485] Load MU model: Squad/Parts/Engine/liquidEngineLV-909_v2/TerrierV2
[LOG 15:22:26.486] Load MU model: Squad/Parts/Engine/liquidEngineLV-N/model
[LOG 15:22:26.488] Load MU model: Squad/Parts/Engine/liquidEngineLV-T30/model
[LOG 15:22:26.488] Load MU model: Squad/Parts/Engine/liquidEngineLV-T30_v2/Reliant_v2
[LOG 15:22:26.490] Load MU model: Squad/Parts/Engine/liquidEngineLV-T45/model
[LOG 15:22:26.490] Load MU model: Squad/Parts/Engine/liquidEngineLV-T45_v2/Swivel_v2
[LOG 15:22:26.492] Load MU model: Squad/Parts/Engine/liquidEngineMainsail_v2/liquidEngineMainsail_v2
[LOG 15:22:26.493] Load MU model: Squad/Parts/Engine/liquidEngineMk55/Thud
[LOG 15:22:26.494] Load MU model: Squad/Parts/Engine/liquidEnginePoodle_v2/LqdEnginePoodle_v2
[LOG 15:22:26.497] Load MU model: Squad/Parts/Engine/liquidEngineSkipper_v2/skipper_v2
[LOG 15:22:26.498] Load MU model: Squad/Parts/Engine/liquidEngineSSME/SSME
[LOG 15:22:26.498] Load MU model: Squad/Parts/Engine/MassiveSRB/MassiveSRB
[LOG 15:22:26.499] Load MU model: Squad/Parts/Engine/miniJet/SmallJet
[LOG 15:22:26.499] Load MU model: Squad/Parts/Engine/OMSEngine/Puff_v2
[LOG 15:22:26.499] Load MU model: Squad/Parts/Engine/rapierEngine/rapier
[LOG 15:22:26.500] Load MU model: Squad/Parts/Engine/Size1_SRBs/SRB10
[LOG 15:22:26.500] Load MU model: Squad/Parts/Engine/Size1_SRBs/SRB5
[LOG 15:22:26.501] Load MU model: Squad/Parts/Engine/Size2LFB/Size2LFB
[LOG 15:22:26.502] Load MU model: Squad/Parts/Engine/Size2LFB_v2/Size2LFB_v2
[LOG 15:22:26.503] Load MU model: Squad/Parts/Engine/Size3AdvancedEngine/Size3AdvancedEngine
[LOG 15:22:26.504] Load MU model: Squad/Parts/Engine/Size3EngineCluster/Size3EngineCluster
[LOG 15:22:26.505] Load MU model: Squad/Parts/Engine/solidBoosterBACC/model
[LOG 15:22:26.505] Load MU model: Squad/Parts/Engine/solidBoosterS2-17/solidBoosterS2-17
[LOG 15:22:26.506] Load MU model: Squad/Parts/Engine/solidBoosterS2-33/solidBoosterS2-33
[LOG 15:22:26.506] Load MU model: Squad/Parts/Engine/solidBoosterSep/model
[LOG 15:22:26.507] Load MU model: Squad/Parts/Engine/SolidBoostersF/Assets/SolidBoosterF3S0
[LOG 15:22:26.507] Load MU model: Squad/Parts/Engine/SolidBoostersF/Assets/SolidBoosterFM1
[LOG 15:22:26.507] Load MU model: Squad/Parts/FuelTank/adapterTanks/Mk3-Mk2
[LOG 15:22:26.508] Load MU model: Squad/Parts/FuelTank/adapterTanks/Mk3-Size2
[LOG 15:22:26.508] Load MU model: Squad/Parts/FuelTank/adapterTanks/Mk3-Size2Slant
[LOG 15:22:26.508] Load MU model: Squad/Parts/FuelTank/adapterTanks/ShuttleAdapter
[LOG 15:22:26.509] Load MU model: Squad/Parts/FuelTank/adapterTanks/Size2-Mk2
[LOG 15:22:26.509] Load MU model: Squad/Parts/FuelTank/adapterTanks/Size2-Size1
[LOG 15:22:26.509] Load MU model: Squad/Parts/FuelTank/adapterTanks/Size2-Size1Slant
[LOG 15:22:26.509] Load MU model: Squad/Parts/FuelTank/adapterTanks/Size3-Mk3
[LOG 15:22:26.510] Load MU model: Squad/Parts/FuelTank/drainTankFTE-1/fuelValve
[LOG 15:22:26.510] Load MU model: Squad/Parts/FuelTank/FoilTanks/RadialTank_Capsule
[LOG 15:22:26.510] Load MU model: Squad/Parts/FuelTank/FoilTanks/RadialTank_Round
[LOG 15:22:26.510] Load MU model: Squad/Parts/FuelTank/FoilTanks/ToroidTank
[LOG 15:22:26.511] Load MU model: Squad/Parts/FuelTank/fuelTankOscarB/model
[LOG 15:22:26.511] Load MU model: Squad/Parts/FuelTank/miniFuselage/Fuselage
[LOG 15:22:26.511] Load MU model: Squad/Parts/FuelTank/mk2Adapters/bicoupler
[LOG 15:22:26.511] Load MU model: Squad/Parts/FuelTank/mk2Adapters/long
[LOG 15:22:26.512] Load MU model: Squad/Parts/FuelTank/mk2Adapters/standard
[LOG 15:22:26.512] Load MU model: Squad/Parts/FuelTank/mk2FuselageLong/FuselageLongLFO
[LOG 15:22:26.512] Load MU model: Squad/Parts/FuelTank/mk2FuselageLong/FuselageLongLiquid
[LOG 15:22:26.512] Load MU model: Squad/Parts/FuelTank/mk2FuselageShort/FuselageShortLFO
[LOG 15:22:26.512] Load MU model: Squad/Parts/FuelTank/mk2FuselageShort/FuselageShortLiquid
[LOG 15:22:26.513] Load MU model: Squad/Parts/FuelTank/mk2FuselageShort/FuselageShortMono
[LOG 15:22:26.513] Load MU model: Squad/Parts/FuelTank/mk3Fuselage/CREW
[LOG 15:22:26.513] Load MU model: Squad/Parts/FuelTank/mk3Fuselage/LFO_100
[LOG 15:22:26.513] Load MU model: Squad/Parts/FuelTank/mk3Fuselage/LFO_25
[LOG 15:22:26.513] Load MU model: Squad/Parts/FuelTank/mk3Fuselage/LFO_50
[LOG 15:22:26.514] Load MU model: Squad/Parts/FuelTank/mk3Fuselage/LF_100
[LOG 15:22:26.514] Load MU model: Squad/Parts/FuelTank/mk3Fuselage/LF_25
[LOG 15:22:26.514] Load MU model: Squad/Parts/FuelTank/mk3Fuselage/LF_50
[LOG 15:22:26.514] Load MU model: Squad/Parts/FuelTank/mk3Fuselage/MONO
[LOG 15:22:26.514] Load MU model: Squad/Parts/FuelTank/RCSFuelTankR1/RCSFuelTankR1_01
[LOG 15:22:26.515] Load MU model: Squad/Parts/FuelTank/RCSFuelTankR10/model
[LOG 15:22:26.515] Load MU model: Squad/Parts/FuelTank/RCSFuelTankR25/RCSFuelTankR25
[LOG 15:22:26.515] Load MU model: Squad/Parts/FuelTank/RCSTankRadial/model
[LOG 15:22:26.515] Load MU model: Squad/Parts/FuelTank/RCStankRadialLong/model
[LOG 15:22:26.516] Load MU model: Squad/Parts/FuelTank/RockomaxTanks/Assets/Rockomax16
[LOG 15:22:26.516] Load MU model: Squad/Parts/FuelTank/RockomaxTanks/Assets/Rockomax32
[LOG 15:22:26.516] Load MU model: Squad/Parts/FuelTank/RockomaxTanks/Assets/Rockomax64
[LOG 15:22:26.517] Load MU model: Squad/Parts/FuelTank/RockomaxTanks/Assets/Rockomax8
[LOG 15:22:26.517] Load MU model: Squad/Parts/FuelTank/Size1_Tanks/Size1Tank_01
[LOG 15:22:26.517] Load MU model: Squad/Parts/FuelTank/Size1_Tanks/Size1Tank_02
[LOG 15:22:26.517] Load MU model: Squad/Parts/FuelTank/Size1_Tanks/Size1Tank_03
[LOG 15:22:26.518] Load MU model: Squad/Parts/FuelTank/Size1_Tanks/Size1Tank_04
[LOG 15:22:26.518] Load MU model: Squad/Parts/FuelTank/Size3Tanks/Size3LargeTank
[LOG 15:22:26.518] Load MU model: Squad/Parts/FuelTank/Size3Tanks/Size3MediumTank
[LOG 15:22:26.518] Load MU model: Squad/Parts/FuelTank/Size3Tanks/Size3SmallTank
[LOG 15:22:26.519] Load MU model: Squad/Parts/FuelTank/xenonTank/model
[LOG 15:22:26.519] Load MU model: Squad/Parts/FuelTank/xenonTankLarge/model
[LOG 15:22:26.519] Load MU model: Squad/Parts/FuelTank/xenonTankRadial/model
[LOG 15:22:26.519] Load MU model: Squad/Parts/Misc/AsteroidDay/CamSat
[LOG 15:22:26.520] Load MU model: Squad/Parts/Misc/AsteroidDay/HECS2
[LOG 15:22:26.520] Load MU model: Squad/Parts/Misc/AsteroidDay/HighGainAntenna
[LOG 15:22:26.522] Load MU model: Squad/Parts/Misc/AsteroidDay/LgRadialSolar
[LOG 15:22:26.522] Load MU model: Squad/Parts/Misc/PotatoComet/Cube
[LOG 15:22:26.522] Load MU model: Squad/Parts/Misc/PotatoRoid/Cube
[LOG 15:22:26.522] Load MU model: Squad/Parts/Resources/FuelCell/FuelCell
[LOG 15:22:26.523] Load MU model: Squad/Parts/Resources/FuelCell/FuelCellArray
[LOG 15:22:26.524] Load MU model: Squad/Parts/Resources/ISRU/ISRU
[LOG 15:22:26.524] Load MU model: Squad/Parts/Resources/LargeTank/LargeTank
[LOG 15:22:26.525] Load MU model: Squad/Parts/Resources/MiniDrill/MiniDrill
[LOG 15:22:26.526] Load MU model: Squad/Parts/Resources/MiniISRU/MiniISRU
[LOG 15:22:26.527] Load MU model: Squad/Parts/Resources/OrbitalScanner/OrbitalScanner
[LOG 15:22:26.527] Load MU model: Squad/Parts/Resources/RadialDrill/TriBitDrill
[LOG 15:22:26.530] Load MU model: Squad/Parts/Resources/RadialTank/RadialOreTank
[LOG 15:22:26.530] Load MU model: Squad/Parts/Resources/SmallTank/SmallTank
[LOG 15:22:26.530] Load MU model: Squad/Parts/Resources/SurfaceScanner/SurfaceScanner
[LOG 15:22:26.530] Load MU model: Squad/Parts/Resources/SurveyScanner/SurveyScanner
[LOG 15:22:26.531] Load MU model: Squad/Parts/Science/AtmosphereSensor/model
[LOG 15:22:26.531] Load MU model: Squad/Parts/Science/GooExperiment/GooExperiment
[LOG 15:22:26.531] Load MU model: Squad/Parts/Science/LargeCrewedLab/large_crewed_lab
[LOG 15:22:26.532] Load MU model: Squad/Parts/Science/Magnetometer/Magnetometer
[LOG 15:22:26.536] Load MU model: Squad/Parts/Science/MaterialBay/science_module_small
[LOG 15:22:26.537] Load MU model: Squad/Parts/Science/ScienceBox/ScienceBox
[LOG 15:22:26.537] Load MU model: Squad/Parts/Science/sensorAccelerometer/model
[LOG 15:22:26.537] Load MU model: Squad/Parts/Science/sensorBarometer/model
[LOG 15:22:26.537] Load MU model: Squad/Parts/Science/sensorGravimeter/model
[LOG 15:22:26.537] Load MU model: Squad/Parts/Science/sensorThermometer/model
[LOG 15:22:26.537] Load MU model: Squad/Parts/Structural/FLAdapters/Assets/adapterSmallMiniShort_v2
[LOG 15:22:26.538] Load MU model: Squad/Parts/Structural/FLAdapters/Assets/adapterSmallMiniTall_v2
[LOG 15:22:26.538] Load MU model: Squad/Parts/Structural/mk1Parts/Fuselage
[LOG 15:22:26.538] Load MU model: Squad/Parts/Structural/mk1Parts/IntakeFuselage
[LOG 15:22:26.538] Load MU model: Squad/Parts/Structural/mk1Parts/Nacelle1
[LOG 15:22:26.539] Load MU model: Squad/Parts/Structural/mk1Parts/Nacelle2
[LOG 15:22:26.539] Load MU model: Squad/Parts/Structural/mk1Parts/Structural
[LOG 15:22:26.539] Load MU model: Squad/Parts/Structural/mk1Parts/StructuralHollow
[LOG 15:22:26.539] Load MU model: Squad/Parts/Structural/Size3To2Adapter_v2/Size2to3_v2
[LOG 15:22:26.540] Load MU model: Squad/Parts/Structural/stackAdapters/Assets/adapterLargeSmallBi
[LOG 15:22:26.540] Load MU model: Squad/Parts/Structural/stackAdapters/Assets/adapterLargeSmallQuad
[LOG 15:22:26.540] Load MU model: Squad/Parts/Structural/stackAdapters/Assets/adapterLargeSmallTri
[LOG 15:22:26.541] Load MU model: Squad/Parts/Structural/stationHub/model
[LOG 15:22:26.541] Load MU model: Squad/Parts/Structural/structuralIBeam200/model
[LOG 15:22:26.541] Load MU model: Squad/Parts/Structural/structuralIBeam200Pocket/model
[LOG 15:22:26.541] Load MU model: Squad/Parts/Structural/structuralIBeam650/model
[LOG 15:22:26.541] Load MU model: Squad/Parts/Structural/structuralMicronode/model
[LOG 15:22:26.542] Load MU model: Squad/Parts/Structural/structuralPanel1x1/model
[LOG 15:22:26.542] Load MU model: Squad/Parts/Structural/structuralPanel2x2/model
[LOG 15:22:26.542] Load MU model: Squad/Parts/Structural/structuralPylons/PylonBig
[LOG 15:22:26.542] Load MU model: Squad/Parts/Structural/structuralPylons/PylonSmall
[LOG 15:22:26.542] Load MU model: Squad/Parts/Structural/strutCubicOcto/model
[LOG 15:22:26.542] Load MU model: Squad/Parts/Structural/strutOcto/model
[LOG 15:22:26.542] Load MU model: Squad/Parts/Structural/trussGirderAdapter/model
[LOG 15:22:26.543] Load MU model: Squad/Parts/Structural/trussGirderL/model
[LOG 15:22:26.543] Load MU model: Squad/Parts/Structural/trussGirderXL/model
[LOG 15:22:26.543] Load MU model: Squad/Parts/Thermal/FoldingRadiators/foldingRadLarge
[LOG 15:22:26.548] Load MU model: Squad/Parts/Thermal/FoldingRadiators/foldingRadMed
[LOG 15:22:26.549] Load MU model: Squad/Parts/Thermal/FoldingRadiators/foldingRadSmall
[LOG 15:22:26.551] Load MU model: Squad/Parts/Thermal/RadiatorPanels/radPanelEdge
[LOG 15:22:26.552] Load MU model: Squad/Parts/Thermal/RadiatorPanels/radPanelLg
[LOG 15:22:26.552] Load MU model: Squad/Parts/Thermal/RadiatorPanels/radPanelSm
[LOG 15:22:26.552] Load MU model: Squad/Parts/Utility/commDish88-88/model
[LOG 15:22:26.558] Load MU model: Squad/Parts/Utility/commsAntennaDTS-M1/mediumDishAntenna
[LOG 15:22:26.560] Load MU model: Squad/Parts/Utility/commsDish16/model
[LOG 15:22:26.561] Load MU model: Squad/Parts/Utility/decouplerRadialHDM/model
[LOG 15:22:26.561] Load MU model: Squad/Parts/Utility/decouplerRadialTT-38K/model
[LOG 15:22:26.561] Load MU model: Squad/Parts/Utility/decouplerRadialTT-70/model
[LOG 15:22:26.561] Load MU model: Squad/Parts/Utility/DirectAntennas/HGAntenna
[LOG 15:22:26.562] Load MU model: Squad/Parts/Utility/DirectAntennas/HGAntenna_v2
[LOG 15:22:26.563] Load MU model: Squad/Parts/Utility/DirectAntennas/SurfAntenna
[LOG 15:22:26.563] Load MU model: Squad/Parts/Utility/dockingPort/dockingPort
[LOG 15:22:26.564] Load MU model: Squad/Parts/Utility/dockingPortInline/dockingPortInline
[LOG 15:22:26.565] Load MU model: Squad/Parts/Utility/dockingPortJr/dockingPortJr
[LOG 15:22:26.565] Load MU model: Squad/Parts/Utility/dockingPortShielded/dockingPortShielded
[LOG 15:22:26.566] Load MU model: Squad/Parts/Utility/dockingPortSr/dockingPortSr
[LOG 15:22:26.567] Load MU model: Squad/Parts/Utility/Fireworks/Assets/fireworksLauncherBig
[LOG 15:22:26.567] Load MU model: Squad/Parts/Utility/Fireworks/Assets/fireworksLauncherSmall
[LOG 15:22:26.568] Load MU model: Squad/Parts/Utility/flags/flagFlat/flagFlatMeshes
[LOG 15:22:26.571] Load MU model: Squad/Parts/Utility/flags/flagSize0/flagSize0Meshes
[LOG 15:22:26.573] Load MU model: Squad/Parts/Utility/flags/flagSize1/flagSize1Meshes
[LOG 15:22:26.575] Load MU model: Squad/Parts/Utility/flags/flagSize2/flagSize2Meshes
[LOG 15:22:26.577] Load MU model: Squad/Parts/Utility/flags/flagSize3/flagSize3Meshes
[LOG 15:22:26.579] Load MU model: Squad/Parts/Utility/GrapplingDevice/GrapplingArm
[LOG 15:22:26.584] Load MU model: Squad/Parts/Utility/ladderRadial/model
[LOG 15:22:26.584] Load MU model: Squad/Parts/Utility/ladderTelescopic/model
[LOG 15:22:26.585] Load MU model: Squad/Parts/Utility/ladderTelescopicBay/model
[LOG 15:22:26.587] Load MU model: Squad/Parts/Utility/landingLegLT-1/model
[LOG 15:22:26.587] Load MU model: Squad/Parts/Utility/landingLegLT-2/model
[LOG 15:22:26.588] Load MU model: Squad/Parts/Utility/landingLegLT-5/model
[WRN 15:22:26.589] WheelCollider requires an attached Rigidbody to function.
[WRN 15:22:26.589] WheelCollider requires an attached Rigidbody to function.
[LOG 15:22:26.590] Load MU model: Squad/Parts/Utility/launchClamp1/model
[LOG 15:22:26.591] Load MU model: Squad/Parts/Utility/launchEscapeSystem/LaunchEscapeSystem
[LOG 15:22:26.592] Load MU model: Squad/Parts/Utility/Lights/Assets/light_02
[LOG 15:22:26.593] Load MU model: Squad/Parts/Utility/Lights/Assets/light_03
[LOG 15:22:26.593] Load MU model: Squad/Parts/Utility/Lights/Assets/light_04
[LOG 15:22:26.594] Load MU model: Squad/Parts/Utility/Lights/Assets/light_07
[LOG 15:22:26.594] Load MU model: Squad/Parts/Utility/Lights/Assets/light_08
[LOG 15:22:26.595] Load MU model: Squad/Parts/Utility/Lights/Assets/light_12
[LOG 15:22:26.595] Load MU model: Squad/Parts/Utility/linearVernorRCS/Assets/linearRCS
[LOG 15:22:26.595] Load MU model: Squad/Parts/Utility/linearVernorRCS/Assets/vernorEngine
[LOG 15:22:26.596] Load MU model: Squad/Parts/Utility/mk2CargoBay/BayLarge
[LOG 15:22:26.597] Load MU model: Squad/Parts/Utility/mk2CargoBay/BaySmall
[LOG 15:22:26.597] Load MU model: Squad/Parts/Utility/mk2CrewCabin/model
[LOG 15:22:26.598] Load MU model: Squad/Parts/Utility/mk2DockingPort/mk2Dockingport
[LOG 15:22:26.598] Load MU model: Squad/Parts/Utility/mk3CargoBay/long
[LOG 15:22:26.599] Load MU model: Squad/Parts/Utility/mk3CargoBay/medium
[LOG 15:22:26.600] Load MU model: Squad/Parts/Utility/mk3CargoBay/ramp
[LOG 15:22:26.601] Load MU model: Squad/Parts/Utility/mk3CargoBay/short
[LOG 15:22:26.602] Load MU model: Squad/Parts/Utility/parachuteMk1/model
[LOG 15:22:26.602] Load MU model: Squad/Parts/Utility/parachuteMk12-R/model
[LOG 15:22:26.602] Load MU model: Squad/Parts/Utility/parachuteMk16-XL/model
[LOG 15:22:26.603] Load MU model: Squad/Parts/Utility/parachuteMk2-R/model
[LOG 15:22:26.603] Load MU model: Squad/Parts/Utility/parachuteMk25/model
[LOG 15:22:26.604] Load MU model: Squad/Parts/Utility/radialAttachmentPoint/model
[LOG 15:22:26.604] Load MU model: Squad/Parts/Utility/rcsBlockRV-105_v2/rcsBlock105
[LOG 15:22:26.605] Load MU model: Squad/Parts/Utility/rcsSmallLinear/Assets/RCSLinearSmall
[LOG 15:22:26.605] Load MU model: Squad/Parts/Utility/RelayAntennas/HGAntenna
[LOG 15:22:26.606] Load MU model: Squad/Parts/Utility/RelayAntennas/RA-100
[LOG 15:22:26.607] Load MU model: Squad/Parts/Utility/RelayAntennas/RA-5
[LOG 15:22:26.607] Load MU model: Squad/Parts/Utility/RelayAntennas/RA-50
[LOG 15:22:26.607] Load MU model: Squad/Parts/Utility/rockomaxAdapters/Assets/brandAdapter
[LOG 15:22:26.607] Load MU model: Squad/Parts/Utility/rockomaxAdapters/Assets/brandAdapter02
[LOG 15:22:26.608] Load MU model: Squad/Parts/Utility/ServiceBay_v2/Assets/ServiceBay_125_v2
[LOG 15:22:26.609] Load MU model: Squad/Parts/Utility/ServiceBay_v2/Assets/ServiceBay_250_v2
[LOG 15:22:26.610] Load MU model: Squad/Parts/Utility/smallClaw/smallClaw
[LOG 15:22:26.614] Load MU model: Squad/Parts/Utility/spotLightMk1/model
[LOG 15:22:26.614] Load MU model: Squad/Parts/Utility/spotLightMk1_v2/model
[LOG 15:22:26.615] Load MU model: Squad/Parts/Utility/spotLightMk2/model
[LOG 15:22:26.615] Load MU model: Squad/Parts/Utility/spotLightMk2_v2/model
[LOG 15:22:26.615] Load MU model: Squad/Parts/Utility/stackCouplers/Assets/stackBiCoupler_v2
[LOG 15:22:26.615] Load MU model: Squad/Parts/Utility/stackCouplers/Assets/stackQuadCoupler
[LOG 15:22:26.616] Load MU model: Squad/Parts/Utility/stackCouplers/Assets/stackTriCoupler_v2
[LOG 15:22:26.616] Load MU model: Squad/Parts/Wheel/LandingGear/GearExtraLarge
[WRN 15:22:26.618] WheelCollider requires an attached Rigidbody to function.
[WRN 15:22:26.618] WheelCollider requires an attached Rigidbody to function.
[LOG 15:22:26.619] Load MU model: Squad/Parts/Wheel/LandingGear/GearFixed
[WRN 15:22:26.619] WheelCollider requires an attached Rigidbody to function.
[WRN 15:22:26.619] WheelCollider requires an attached Rigidbody to function.
[LOG 15:22:26.619] Load MU model: Squad/Parts/Wheel/LandingGear/GearFree
[WRN 15:22:26.619] WheelCollider requires an attached Rigidbody to function.
[WRN 15:22:26.619] WheelCollider requires an attached Rigidbody to function.
[LOG 15:22:26.619] Load MU model: Squad/Parts/Wheel/LandingGear/GearLarge
[WRN 15:22:26.619] WheelCollider requires an attached Rigidbody to function.
[WRN 15:22:26.619] WheelCollider requires an attached Rigidbody to function.
[LOG 15:22:26.620] Load MU model: Squad/Parts/Wheel/LandingGear/GearMedium
[WRN 15:22:26.621] WheelCollider requires an attached Rigidbody to function.
[WRN 15:22:26.621] WheelCollider requires an attached Rigidbody to function.
[LOG 15:22:26.621] Load MU model: Squad/Parts/Wheel/LandingGear/GearSmall
[WRN 15:22:26.621] WheelCollider requires an attached Rigidbody to function.
[WRN 15:22:26.621] WheelCollider requires an attached Rigidbody to function.
[LOG 15:22:26.622] Load MU model: Squad/Parts/Wheel/roverWheelM1/model
[WRN 15:22:26.622] WheelCollider requires an attached Rigidbody to function.
[WRN 15:22:26.622] WheelCollider requires an attached Rigidbody to function.
[LOG 15:22:26.622] Load MU model: Squad/Parts/Wheel/roverWheelS2/model
[WRN 15:22:26.623] WheelCollider requires an attached Rigidbody to function.
[WRN 15:22:26.623] WheelCollider requires an attached Rigidbody to function.
[LOG 15:22:26.623] Load MU model: Squad/Parts/Wheel/roverWheelTR-2L/model
[WRN 15:22:26.624] WheelCollider requires an attached Rigidbody to function.
[WRN 15:22:26.624] WheelCollider requires an attached Rigidbody to function.
[LOG 15:22:26.624] Load MU model: Squad/Parts/Wheel/roverWheelXL3/model
[WRN 15:22:26.625] WheelCollider requires an attached Rigidbody to function.
[WRN 15:22:26.625] WheelCollider requires an attached Rigidbody to function.
[LOG 15:22:26.626] Load MU model: Squad/Props/AltimeterThreeHands/model
[LOG 15:22:26.626] Load MU model: Squad/Props/AtmosphereDepth/model
[LOG 15:22:26.626] Load MU model: Squad/Props/AxisIndicator/model
[LOG 15:22:26.627] Load MU model: Squad/Props/buttonsGeneric/circularButton
[LOG 15:22:26.627] Load MU model: Squad/Props/buttonsGeneric/clusterButtons
[LOG 15:22:26.627] Load MU model: Squad/Props/buttonsGeneric/clusterButtons2
[LOG 15:22:26.627] Load MU model: Squad/Props/buttonsGeneric/clusterKnob
[LOG 15:22:26.627] Load MU model: Squad/Props/buttonsGeneric/clusterKnob2
[LOG 15:22:26.627] Load MU model: Squad/Props/buttonsGeneric/clusterMixed
[LOG 15:22:26.628] Load MU model: Squad/Props/buttonsGeneric/clusterSwitches01
[LOG 15:22:26.628] Load MU model: Squad/Props/buttonsGeneric/clusterSwitches02
[LOG 15:22:26.629] Load MU model: Squad/Props/buttonsGeneric/clusterSwitches03
[LOG 15:22:26.629] Load MU model: Squad/Props/buttonsGeneric/clusterSwitches04
[LOG 15:22:26.629] Load MU model: Squad/Props/buttonsGeneric/clusterSwitches05
[LOG 15:22:26.629] Load MU model: Squad/Props/buttonsGeneric/clusterSwitches06
[LOG 15:22:26.629] Load MU model: Squad/Props/buttonsGeneric/clusterSwitches07
[LOG 15:22:26.630] Load MU model: Squad/Props/buttonsGeneric/directionalKnob
[LOG 15:22:26.630] Load MU model: Squad/Props/buttonsGeneric/directionalKnob2
[LOG 15:22:26.630] Load MU model: Squad/Props/buttonsGeneric/pullSwitch
[LOG 15:22:26.630] Load MU model: Squad/Props/buttonsGeneric/squareButton
[LOG 15:22:26.630] Load MU model: Squad/Props/buttonsGeneric/standingSwitch
[LOG 15:22:26.630] Load MU model: Squad/Props/buttonsGeneric/switch
[LOG 15:22:26.630] Load MU model: Squad/Props/buttonsGeneric/switchWithGuards
[LOG 15:22:26.631] Load MU model: Squad/Props/ButtonSquare/model
[LOG 15:22:26.631] Load MU model: Squad/Props/circularButton/model
[LOG 15:22:26.631] Load MU model: Squad/Props/Compass/model
[LOG 15:22:26.631] Load MU model: Squad/Props/directionalKnob/model
[LOG 15:22:26.631] Load MU model: Squad/Props/directionalKnob2/model
[LOG 15:22:26.631] Load MU model: Squad/Props/IndicatorPanel/model
[LOG 15:22:26.632] Load MU model: Squad/Props/IVANavBall/model
[LOG 15:22:26.632] Load MU model: Squad/Props/IVANavBallNoBase/model
[LOG 15:22:26.633] Load MU model: Squad/Props/ledPanelSpeed/model
[LOG 15:22:26.633] Load MU model: Squad/Props/Monitor/MonitorDockingMode
[LOG 15:22:26.633] Load MU model: Squad/Props/NavBall/model
[LOG 15:22:26.634] Load MU model: Squad/Props/PropsGeneric/Button_DockingMode
[LOG 15:22:26.634] Load MU model: Squad/Props/PropsGeneric/CargoBagA
[LOG 15:22:26.636] Load MU model: Squad/Props/PropsGeneric/CargoBagB
[LOG 15:22:26.636] Load MU model: Squad/Props/PropsGeneric/CargoBagC
[LOG 15:22:26.636] Load MU model: Squad/Props/PropsGeneric/Hatch_Plane
[LOG 15:22:26.637] Load MU model: Squad/Props/PropsGeneric/Hatch_Plane_Curve90
[LOG 15:22:26.637] Load MU model: Squad/Props/PropsGeneric/Hatch_Plane_Frame
[LOG 15:22:26.637] Load MU model: Squad/Props/PropsGeneric/Seat_Passenger
[LOG 15:22:26.637] Load MU model: Squad/Props/PropsGeneric/Seat_Pilot
[LOG 15:22:26.637] Load MU model: Squad/Props/PropsGeneric/Seat_Pilot_Helmet
[LOG 15:22:26.637] Load MU model: Squad/Props/PropsGeneric/SideStick
[LOG 15:22:26.638] Load MU model: Squad/Props/pullSwitch/model
[LOG 15:22:26.638] Load MU model: Squad/Props/radarAltitude/model
[LOG 15:22:26.638] Load MU model: Squad/Props/squareButton/model
[LOG 15:22:26.638] Load MU model: Squad/Props/standingSwitch/model
[LOG 15:22:26.638] Load MU model: Squad/Props/switch/model
[LOG 15:22:26.638] Load MU model: Squad/Props/switchGuard/model
[LOG 15:22:26.638] Load MU model: Squad/Props/switchWithGuards/model
[LOG 15:22:26.639] Load MU model: Squad/Props/throttle/model
[LOG 15:22:26.639] Load MU model: Squad/Props/VSI/model
[LOG 15:22:26.639] Load MU model: Squad/Spaces/crewCabinInternals/model
[LOG 15:22:26.641] Load MU model: Squad/Spaces/cupolaInternal/model
[LOG 15:22:26.642] Load MU model: Squad/Spaces/GenericSpace1/model
[LOG 15:22:26.643] Load MU model: Squad/Spaces/GenericSpace3/model
[LOG 15:22:26.645] Load MU model: Squad/Spaces/landerCabinInternals/model
[LOG 15:22:26.646] Load MU model: Squad/Spaces/landerCabinSmallInternal/model
[LOG 15:22:26.647] Load MU model: Squad/Spaces/LargeCrewedLabInternals/Large_Crewed_lab_Int
[LOG 15:22:26.649] Load MU model: Squad/Spaces/Mk1-3/model
[LOG 15:22:26.651] Load MU model: Squad/Spaces/mk1CabinInternal/mk1cabin
[LOG 15:22:26.654] Load MU model: Squad/Spaces/mk1CockpitInternal/Mk1StandardIVA
[LOG 15:22:26.656] Load MU model: Squad/Spaces/mk1InlineInternal/Mk1InlineIVA
[LOG 15:22:26.656] Load MU model: Squad/Spaces/mk1PodCockpit/model
[LOG 15:22:26.658] Load MU model: Squad/Spaces/mk1pod_IVA/mk1pod_IVA
[LOG 15:22:26.659] Load MU model: Squad/Spaces/mk2CockpitStandardInternal/model
[LOG 15:22:26.661] Load MU model: Squad/Spaces/Mk2CrewCabinInternal/MK2_CrewCab_Int
[LOG 15:22:26.662] Load MU model: Squad/Spaces/mk2InlineInternal/mk2InlineIVA
[LOG 15:22:26.664] Load MU model: Squad/Spaces/mk2LanderCanInternal/mk2LanderCanInternal
[LOG 15:22:26.666] Load MU model: Squad/Spaces/MK3CockpitInternal/MK3_Cockpit_Int
[LOG 15:22:26.667] Load MU model: Squad/Spaces/MK3_CrewCab_Int/MK3_CrewCab_Int
[LOG 15:22:26.670] Load MU model: Squad/Spaces/OverlayMasks/CupolaMask
[LOG 15:22:26.670] Load MU model: Squad/Spaces/OverlayMasks/HitchhikerBorder
[LOG 15:22:26.671] Load MU model: Squad/Spaces/OverlayMasks/HitchhikerMask
[LOG 15:22:26.671] Load MU model: Squad/Spaces/OverlayMasks/LargeLabBorder
[LOG 15:22:26.671] Load MU model: Squad/Spaces/OverlayMasks/LargeLabMask
[LOG 15:22:26.671] Load MU model: Squad/Spaces/OverlayMasks/Mk1CabinBorder
[LOG 15:22:26.671] Load MU model: Squad/Spaces/OverlayMasks/Mk1CabinMask
[LOG 15:22:26.671] Load MU model: Squad/Spaces/OverlayMasks/Mk1InlineMask
[LOG 15:22:26.671] Load MU model: Squad/Spaces/OverlayMasks/Mk1InlineMask2
[LOG 15:22:26.672] Load MU model: Squad/Spaces/OverlayMasks/Mk1StandardBorder2
[LOG 15:22:26.672] Load MU model: Squad/Spaces/OverlayMasks/Mk1StandardBorder3
[LOG 15:22:26.672] Load MU model: Squad/Spaces/OverlayMasks/Mk1StandardMask
[LOG 15:22:26.672] Load MU model: Squad/Spaces/OverlayMasks/Mk1StandardMask2
[LOG 15:22:26.672] Load MU model: Squad/Spaces/OverlayMasks/Mk1StandardMask3
[LOG 15:22:26.672] Load MU model: Squad/Spaces/OverlayMasks/Mk2CabinBorder
[LOG 15:22:26.672] Load MU model: Squad/Spaces/OverlayMasks/Mk2CabinMask
[LOG 15:22:26.672] Load MU model: Squad/Spaces/OverlayMasks/Mk2InlineBorder
[LOG 15:22:26.672] Load MU model: Squad/Spaces/OverlayMasks/Mk2InlineMask
[LOG 15:22:26.672] Load MU model: Squad/Spaces/OverlayMasks/Mk2StandardBorder
[LOG 15:22:26.672] Load MU model: Squad/Spaces/OverlayMasks/Mk2StandardMask
[LOG 15:22:26.673] Load MU model: Squad/Spaces/OverlayMasks/Mk3CabinBorder
[LOG 15:22:26.673] Load MU model: Squad/Spaces/OverlayMasks/Mk3CabinMask
[LOG 15:22:26.673] Load MU model: Squad/Spaces/OverlayMasks/Mk3CabinMask2
[LOG 15:22:26.673] Load MU model: Squad/Spaces/OverlayMasks/Mk3ShuttleBorder
[LOG 15:22:26.673] Load MU model: Squad/Spaces/OverlayMasks/Mk3ShuttleMask
[LOG 15:22:26.673] Load MU model: Squad/Spaces/OverlayMasks/Size1LanderBorder
[LOG 15:22:26.673] Load MU model: Squad/Spaces/OverlayMasks/Size1LanderMask
[LOG 15:22:26.673] Load MU model: Squad/Spaces/OverlayMasks/Size1PodBorder
[LOG 15:22:26.673] Load MU model: Squad/Spaces/OverlayMasks/Size1PodMask
[LOG 15:22:26.674] Load MU model: Squad/Spaces/OverlayMasks/Size2LanderBorder
[LOG 15:22:26.674] Load MU model: Squad/Spaces/OverlayMasks/Size2LanderMask
[LOG 15:22:26.674] Load MU model: Squad/Spaces/OverlayMasks/Size2PodBorder
[LOG 15:22:26.674] Load MU model: Squad/Spaces/OverlayMasks/Size2PodMask
[LOG 15:22:26.674] Load MU model: Squad/Spaces/Placeholder/PlaceholderIVA
[LOG 15:22:26.675] Load MU model: Squad/Spaces/PodCockpit/model
[LOG 15:22:26.677] Load MU model: SquadExpansion/MakingHistory/Parts/Aero/protectiveRocketNoseMk5A/Size_1_5_Cone
[LOG 15:22:26.677] Load MU model: SquadExpansion/MakingHistory/Parts/Coupling/Assets/EnginePlate
[LOG 15:22:26.678] Load MU model: SquadExpansion/MakingHistory/Parts/Coupling/Assets/InflatableAirlock
[LOG 15:22:26.678] Load MU model: SquadExpansion/MakingHistory/Parts/Coupling/Assets/Size1_5_Decoupler
[LOG 15:22:26.679] Load MU model: SquadExpansion/MakingHistory/Parts/Engine/Assets/KE-1
[LOG 15:22:26.682] Load MU model: SquadExpansion/MakingHistory/Parts/Engine/Assets/LV-T87
[LOG 15:22:26.684] Load MU model: SquadExpansion/MakingHistory/Parts/Engine/Assets/LV-T91
[LOG 15:22:26.685] Load MU model: SquadExpansion/MakingHistory/Parts/Engine/Assets/RE-I2
[LOG 15:22:26.686] Load MU model: SquadExpansion/MakingHistory/Parts/Engine/Assets/RE-J10
[LOG 15:22:26.687] Load MU model: SquadExpansion/MakingHistory/Parts/Engine/Assets/RK-7
[LOG 15:22:26.689] Load MU model: SquadExpansion/MakingHistory/Parts/Engine/Assets/RV-1
[LOG 15:22:26.689] Load MU model: SquadExpansion/MakingHistory/Parts/Engine/solidBoosterTHK/solidBoosterTHK
[LOG 15:22:26.689] Load MU model: SquadExpansion/MakingHistory/Parts/FuelTank/Assets/MiniMonoTank
[LOG 15:22:26.689] Load MU model: SquadExpansion/MakingHistory/Parts/FuelTank/Assets/Size1_5_Size0_Adapter_01
[LOG 15:22:26.690] Load MU model: SquadExpansion/MakingHistory/Parts/FuelTank/Assets/Size1_5_Size1_Adapter_01
[LOG 15:22:26.690] Load MU model: SquadExpansion/MakingHistory/Parts/FuelTank/Assets/Size1_5_Size1_Adapter_02
[LOG 15:22:26.690] Load MU model: SquadExpansion/MakingHistory/Parts/FuelTank/Assets/Size1_5_Size2_Adapter_01
[LOG 15:22:26.690] Load MU model: SquadExpansion/MakingHistory/Parts/FuelTank/Assets/Size1_5_Tank_01
[LOG 15:22:26.691] Load MU model: SquadExpansion/MakingHistory/Parts/FuelTank/Assets/Size1_5_Tank_02
[LOG 15:22:26.691] Load MU model: SquadExpansion/MakingHistory/Parts/FuelTank/Assets/Size1_5_Tank_03
[LOG 15:22:26.691] Load MU model: SquadExpansion/MakingHistory/Parts/FuelTank/Assets/Size1_5_Tank_04
[LOG 15:22:26.692] Load MU model: SquadExpansion/MakingHistory/Parts/FuelTank/Assets/Size1_5_Tank_05
[LOG 15:22:26.693] Load MU model: SquadExpansion/MakingHistory/Parts/FuelTank/Assets/Size3_Size4_Adapter_01
[LOG 15:22:26.694] Load MU model: SquadExpansion/MakingHistory/Parts/FuelTank/Assets/Size4_EngineAdapter_01
[LOG 15:22:26.694] Load MU model: SquadExpansion/MakingHistory/Parts/FuelTank/Assets/Size4_Tank_01
[LOG 15:22:26.695] Load MU model: SquadExpansion/MakingHistory/Parts/FuelTank/Assets/Size4_Tank_02
[LOG 15:22:26.695] Load MU model: SquadExpansion/MakingHistory/Parts/FuelTank/Assets/Size4_Tank_03
[LOG 15:22:26.695] Load MU model: SquadExpansion/MakingHistory/Parts/FuelTank/Assets/Size4_Tank_04
[LOG 15:22:26.695] Load MU model: SquadExpansion/MakingHistory/Parts/FuelTank/Assets/Size_1p5_Monoprop
[LOG 15:22:26.696] Load MU model: SquadExpansion/MakingHistory/Parts/Ground/Assets/RoverWheel
[WRN 15:22:26.697] WheelCollider requires an attached Rigidbody to function.
[WRN 15:22:26.697] WheelCollider requires an attached Rigidbody to function.
[LOG 15:22:26.697] Load MU model: SquadExpansion/MakingHistory/Parts/Payload/Assets/ServiceModule18
[LOG 15:22:26.698] Load MU model: SquadExpansion/MakingHistory/Parts/Payload/Assets/ServiceModule25
[LOG 15:22:26.699] Load MU model: SquadExpansion/MakingHistory/Parts/Payload/Assets/Size1to0ServiceModule
[LOG 15:22:26.699] Load MU model: SquadExpansion/MakingHistory/Parts/Pods/Assets/Mk2Pod
[LOG 15:22:26.700] Load MU model: SquadExpansion/MakingHistory/Parts/Pods/Assets/RoundPod
[LOG 15:22:26.701] Load MU model: SquadExpansion/MakingHistory/Parts/Pods/Assets/Size1_5_Lander
[LOG 15:22:26.701] Load MU model: SquadExpansion/MakingHistory/Parts/SharedAssets/Shroud1p5x0
[LOG 15:22:26.701] Load MU model: SquadExpansion/MakingHistory/Parts/SharedAssets/Shroud1p5x1
[LOG 15:22:26.702] Load MU model: SquadExpansion/MakingHistory/Parts/SharedAssets/Shroud1p5x2
[LOG 15:22:26.702] Load MU model: SquadExpansion/MakingHistory/Parts/SharedAssets/Shroud1p5x3
[LOG 15:22:26.702] Load MU model: SquadExpansion/MakingHistory/Parts/SharedAssets/Shroud1p5x4
[LOG 15:22:26.702] Load MU model: SquadExpansion/MakingHistory/Parts/SharedAssets/Shroud1x0
[LOG 15:22:26.702] Load MU model: SquadExpansion/MakingHistory/Parts/SharedAssets/Shroud1x1
[LOG 15:22:26.702] Load MU model: SquadExpansion/MakingHistory/Parts/SharedAssets/Shroud1x2
[LOG 15:22:26.702] Load MU model: SquadExpansion/MakingHistory/Parts/SharedAssets/Shroud1x3
[LOG 15:22:26.703] Load MU model: SquadExpansion/MakingHistory/Parts/SharedAssets/Shroud1x4
[LOG 15:22:26.703] Load MU model: SquadExpansion/MakingHistory/Parts/SharedAssets/Shroud2x0
[LOG 15:22:26.703] Load MU model: SquadExpansion/MakingHistory/Parts/SharedAssets/Shroud2x1
[LOG 15:22:26.703] Load MU model: SquadExpansion/MakingHistory/Parts/SharedAssets/Shroud2x2
[LOG 15:22:26.703] Load MU model: SquadExpansion/MakingHistory/Parts/SharedAssets/Shroud2x3
[LOG 15:22:26.703] Load MU model: SquadExpansion/MakingHistory/Parts/SharedAssets/Shroud2x4
[LOG 15:22:26.703] Load MU model: SquadExpansion/MakingHistory/Parts/SharedAssets/Shroud3x0
[LOG 15:22:26.704] Load MU model: SquadExpansion/MakingHistory/Parts/SharedAssets/Shroud3x1
[LOG 15:22:26.704] Load MU model: SquadExpansion/MakingHistory/Parts/SharedAssets/Shroud3x2
[LOG 15:22:26.704] Load MU model: SquadExpansion/MakingHistory/Parts/SharedAssets/Shroud3x3
[LOG 15:22:26.704] Load MU model: SquadExpansion/MakingHistory/Parts/SharedAssets/Shroud3x4
[LOG 15:22:26.704] Load MU model: SquadExpansion/MakingHistory/Parts/SharedAssets/Shroud4x0
[LOG 15:22:26.704] Load MU model: SquadExpansion/MakingHistory/Parts/SharedAssets/Shroud4x1
[LOG 15:22:26.704] Load MU model: SquadExpansion/MakingHistory/Parts/SharedAssets/Shroud4x2
[LOG 15:22:26.705] Load MU model: SquadExpansion/MakingHistory/Parts/SharedAssets/Shroud4x3
[LOG 15:22:26.705] Load MU model: SquadExpansion/MakingHistory/Parts/SharedAssets/Shroud4x4
[LOG 15:22:26.705] Load MU model: SquadExpansion/MakingHistory/Parts/SharedAssets/ShroudCollider0
[LOG 15:22:26.705] Load MU model: SquadExpansion/MakingHistory/Parts/SharedAssets/ShroudCollider1
[LOG 15:22:26.705] Load MU model: SquadExpansion/MakingHistory/Parts/SharedAssets/ShroudCollider1p5
[LOG 15:22:26.706] Load MU model: SquadExpansion/MakingHistory/Parts/SharedAssets/ShroudCollider2
[LOG 15:22:26.706] Load MU model: SquadExpansion/MakingHistory/Parts/SharedAssets/ShroudCollider3
[LOG 15:22:26.706] Load MU model: SquadExpansion/MakingHistory/Parts/SharedAssets/ShroudCollider4
[LOG 15:22:26.706] Load MU model: SquadExpansion/MakingHistory/Parts/Structural/Assets/EquiTriangle0
[LOG 15:22:26.707] Load MU model: SquadExpansion/MakingHistory/Parts/Structural/Assets/EquiTriangle1
[LOG 15:22:26.707] Load MU model: SquadExpansion/MakingHistory/Parts/Structural/Assets/EquiTriangle1p5
[LOG 15:22:26.707] Load MU model: SquadExpansion/MakingHistory/Parts/Structural/Assets/EquiTriangle2
[LOG 15:22:26.707] Load MU model: SquadExpansion/MakingHistory/Parts/Structural/Assets/Panel0
[LOG 15:22:26.707] Load MU model: SquadExpansion/MakingHistory/Parts/Structural/Assets/Panel1
[LOG 15:22:26.707] Load MU model: SquadExpansion/MakingHistory/Parts/Structural/Assets/Panel1p5
[LOG 15:22:26.708] Load MU model: SquadExpansion/MakingHistory/Parts/Structural/Assets/Panel2
[LOG 15:22:26.708] Load MU model: SquadExpansion/MakingHistory/Parts/Structural/Assets/Triangle0
[LOG 15:22:26.708] Load MU model: SquadExpansion/MakingHistory/Parts/Structural/Assets/Triangle1
[LOG 15:22:26.708] Load MU model: SquadExpansion/MakingHistory/Parts/Structural/Assets/Triangle1p5
[LOG 15:22:26.708] Load MU model: SquadExpansion/MakingHistory/Parts/Structural/Assets/Triangle2
[LOG 15:22:26.708] Load MU model: SquadExpansion/MakingHistory/Parts/Utility/flags/flagSize1p5/flagSize1p5Meshes
[LOG 15:22:26.710] Load MU model: SquadExpansion/MakingHistory/Parts/Utility/flags/flagSize4/flagSize4Meshes
[LOG 15:22:26.711] Load MU model: SquadExpansion/MakingHistory/Spaces/KVPods/Airlock_IVA
[LOG 15:22:26.711] Load MU model: SquadExpansion/MakingHistory/Spaces/KVPods/KV1_IVA
[LOG 15:22:26.712] Load MU model: SquadExpansion/MakingHistory/Spaces/KVPods/KV2_IVA
[LOG 15:22:26.714] Load MU model: SquadExpansion/MakingHistory/Spaces/KVPods/KV3_IVA
[LOG 15:22:26.717] Load MU model: SquadExpansion/MakingHistory/Spaces/MEM/MEM_IVA
[LOG 15:22:26.719] Load MU model: SquadExpansion/MakingHistory/Spaces/Mk2Pod/MK2POD_IVA
[LOG 15:22:26.720] Load MU model: SquadExpansion/Serenity/Parts/Aero/Assets/FanShroud_01
[LOG 15:22:26.721] Load MU model: SquadExpansion/Serenity/Parts/Aero/Assets/FanShroud_02
[LOG 15:22:26.721] Load MU model: SquadExpansion/Serenity/Parts/Aero/Assets/FanShroud_03
[LOG 15:22:26.722] Load MU model: SquadExpansion/Serenity/Parts/Aero/Assets/noseconeTiny
[LOG 15:22:26.722] Load MU model: SquadExpansion/Serenity/Parts/Aero/Assets/noseconeVS
[LOG 15:22:26.722] Load MU model: SquadExpansion/Serenity/Parts/DeployedScience/Assets/CentralStation
[LOG 15:22:26.724] Load MU model: SquadExpansion/Serenity/Parts/DeployedScience/Assets/GoExOb
[LOG 15:22:26.728] Load MU model: SquadExpansion/Serenity/Parts/DeployedScience/Assets/IonExperiment
[LOG 15:22:26.729] Load MU model: SquadExpansion/Serenity/Parts/DeployedScience/Assets/RTGCask
[LOG 15:22:26.730] Load MU model: SquadExpansion/Serenity/Parts/DeployedScience/Assets/satDish
[LOG 15:22:26.733] Load MU model: SquadExpansion/Serenity/Parts/DeployedScience/Assets/seismicSensor
[LOG 15:22:26.737] Load MU model: SquadExpansion/Serenity/Parts/DeployedScience/Assets/solarPanel
[LOG 15:22:26.739] Load MU model: SquadExpansion/Serenity/Parts/DeployedScience/Assets/WeatherStation
[LOG 15:22:26.743] Load MU model: SquadExpansion/Serenity/Parts/Propellers/Assets/largeFanBlade
[LOG 15:22:26.743] Load MU model: SquadExpansion/Serenity/Parts/Propellers/Assets/largeHeliBlade
[LOG 15:22:26.743] Load MU model: SquadExpansion/Serenity/Parts/Propellers/Assets/largePropeller
[LOG 15:22:26.743] Load MU model: SquadExpansion/Serenity/Parts/Propellers/Assets/mediumFanBlade
[LOG 15:22:26.744] Load MU model: SquadExpansion/Serenity/Parts/Propellers/Assets/mediumHeliBlade
[LOG 15:22:26.744] Load MU model: SquadExpansion/Serenity/Parts/Propellers/Assets/mediumPropeller
[LOG 15:22:26.744] Load MU model: SquadExpansion/Serenity/Parts/Propellers/Assets/smallFanBlade
[LOG 15:22:26.744] Load MU model: SquadExpansion/Serenity/Parts/Propellers/Assets/smallHeliBlade
[LOG 15:22:26.744] Load MU model: SquadExpansion/Serenity/Parts/Propellers/Assets/smallPropeller
[LOG 15:22:26.745] Load MU model: SquadExpansion/Serenity/Parts/Robotics/Assets/hinge_01
[LOG 15:22:26.745] Load MU model: SquadExpansion/Serenity/Parts/Robotics/Assets/hinge_01_s
[LOG 15:22:26.746] Load MU model: SquadExpansion/Serenity/Parts/Robotics/Assets/hinge_03
[LOG 15:22:26.746] Load MU model: SquadExpansion/Serenity/Parts/Robotics/Assets/hinge_03_s
[LOG 15:22:26.746] Load MU model: SquadExpansion/Serenity/Parts/Robotics/Assets/hinge_04
[LOG 15:22:26.747] Load MU model: SquadExpansion/Serenity/Parts/Robotics/Assets/piston_01
[LOG 15:22:26.747] Load MU model: SquadExpansion/Serenity/Parts/Robotics/Assets/piston_02
[LOG 15:22:26.747] Load MU model: SquadExpansion/Serenity/Parts/Robotics/Assets/piston_03
[LOG 15:22:26.748] Load MU model: SquadExpansion/Serenity/Parts/Robotics/Assets/piston_04
[LOG 15:22:26.748] Load MU model: SquadExpansion/Serenity/Parts/Robotics/Assets/RotorEngine_02
[LOG 15:22:26.749] Load MU model: SquadExpansion/Serenity/Parts/Robotics/Assets/RotorEngine_03
[LOG 15:22:26.750] Load MU model: SquadExpansion/Serenity/Parts/Robotics/Assets/rotor_01
[LOG 15:22:26.750] Load MU model: SquadExpansion/Serenity/Parts/Robotics/Assets/rotor_01s
[LOG 15:22:26.751] Load MU model: SquadExpansion/Serenity/Parts/Robotics/Assets/rotor_02
[LOG 15:22:26.751] Load MU model: SquadExpansion/Serenity/Parts/Robotics/Assets/rotor_02s
[LOG 15:22:26.753] Load MU model: SquadExpansion/Serenity/Parts/Robotics/Assets/rotor_03
[LOG 15:22:26.753] Load MU model: SquadExpansion/Serenity/Parts/Robotics/Assets/rotor_03s
[LOG 15:22:26.754] Load MU model: SquadExpansion/Serenity/Parts/Robotics/Assets/RotoServo_00
[LOG 15:22:26.754] Load MU model: SquadExpansion/Serenity/Parts/Robotics/Assets/RotoServo_02
[LOG 15:22:26.754] Load MU model: SquadExpansion/Serenity/Parts/Robotics/Assets/RotoServo_03
[LOG 15:22:26.755] Load MU model: SquadExpansion/Serenity/Parts/Robotics/Assets/RotoServo_04
[LOG 15:22:26.755] Load MU model: SquadExpansion/Serenity/Parts/Robotics/Controllers/controller1000
[LOG 15:22:26.755] Load MU model: SquadExpansion/Serenity/Parts/Science/RobotArmScanner/Assets/ROCArm_01
[LOG 15:22:26.756] Load MU model: SquadExpansion/Serenity/Parts/Science/RobotArmScanner/Assets/ROCArm_02
[LOG 15:22:26.758] Load MU model: SquadExpansion/Serenity/Parts/Science/RobotArmScanner/Assets/ROCArm_03
[LOG 15:22:26.761] Load MU model: SquadExpansion/Serenity/Parts/Structural/gripPads/Assets/lGripPad
[LOG 15:22:26.762] Load MU model: SquadExpansion/Serenity/Parts/Structural/gripPads/Assets/lGripStrip
[LOG 15:22:26.762] Load MU model: SquadExpansion/Serenity/Parts/Structural/gripPads/Assets/mGripPad
[LOG 15:22:26.763] Load MU model: SquadExpansion/Serenity/Parts/Structural/gripPads/Assets/sGripPad
[LOG 15:22:26.763] Load MU model: SquadExpansion/Serenity/Parts/Structural/gripPads/Assets/sGripStrip
[LOG 15:22:26.764] Loading Asset Bundle Definitions
[LOG 15:22:26.765] AssetLoader: Loading bundle definitions
[LOG 15:22:26.899] AssetLoader: Loaded bundle 'squadcore'
[LOG 15:22:26.900] AssetLoader: Loaded bundle 'squadcorefx'
[LOG 15:22:26.900] AssetLoader: Loaded mod bundle 'kspedia'
[LOG 15:22:26.901] AssetLoader: Loaded mod bundle 'kspedia_actionsets'
[LOG 15:22:26.901] AssetLoader: Loaded mod bundle 'kspedia_aircraft'
[LOG 15:22:26.901] AssetLoader: Loaded mod bundle 'kspedia_aircraftbasics'
[LOG 15:22:26.902] AssetLoader: Loaded mod bundle 'kspedia_aircraftbasicsbalance'
[LOG 15:22:26.902] AssetLoader: Loaded mod bundle 'kspedia_aircraftbasicsbalance2'
[LOG 15:22:26.902] AssetLoader: Loaded mod bundle 'kspedia_aircraftbasicscol'
[LOG 15:22:26.903] AssetLoader: Loaded mod bundle 'kspedia_aircraftbasicscontrol'
[LOG 15:22:26.903] AssetLoader: Loaded mod bundle 'kspedia_aircraftbasicscontrolsurfaces'
[LOG 15:22:26.903] AssetLoader: Loaded mod bundle 'kspedia_aircraftbasicsdrag'
[LOG 15:22:26.903] AssetLoader: Loaded mod bundle 'kspedia_aircraftbasicsengines'
[LOG 15:22:26.904] AssetLoader: Loaded mod bundle 'kspedia_aircraftbasicsforces'
[LOG 15:22:26.904] AssetLoader: Loaded mod bundle 'kspedia_aircraftbasicsintakes'
[LOG 15:22:26.904] AssetLoader: Loaded mod bundle 'kspedia_aircraftbasicslandinggear'
[LOG 15:22:26.904] AssetLoader: Loaded mod bundle 'kspedia_aircraftbasicslift'
[LOG 15:22:26.905] AssetLoader: Loaded mod bundle 'kspedia_axisgroups'
[LOG 15:22:26.905] AssetLoader: Loaded mod bundle 'kspedia_career'
[LOG 15:22:26.905] AssetLoader: Loaded mod bundle 'kspedia_careerbasicscontracts'
[LOG 15:22:26.905] AssetLoader: Loaded mod bundle 'kspedia_careerbasicscrew'
[LOG 15:22:26.906] AssetLoader: Loaded mod bundle 'kspedia_careerbasicscurrencies'
[LOG 15:22:26.906] AssetLoader: Loaded mod bundle 'kspedia_careerbasicsexperience'
[LOG 15:22:26.907] AssetLoader: Loaded mod bundle 'kspedia_careerbasicsfacilities'
[LOG 15:22:26.907] AssetLoader: Loaded mod bundle 'kspedia_careerbasicsstrategies'
[LOG 15:22:26.907] AssetLoader: Loaded mod bundle 'kspedia_careerbasicstechnology'
[LOG 15:22:26.907] AssetLoader: Loaded mod bundle 'kspedia_careerui-ac'
[LOG 15:22:26.908] AssetLoader: Loaded mod bundle 'kspedia_careerui-admin'
[LOG 15:22:26.908] AssetLoader: Loaded mod bundle 'kspedia_careerui-ksc'
[LOG 15:22:26.908] AssetLoader: Loaded mod bundle 'kspedia_careerui-mc'
[LOG 15:22:26.908] AssetLoader: Loaded mod bundle 'kspedia_careerui-sciencearchives'
[LOG 15:22:26.909] AssetLoader: Loaded mod bundle 'kspedia_careerui-techtree'
[LOG 15:22:26.909] AssetLoader: Loaded mod bundle 'kspedia_careerui-ts'
[LOG 15:22:26.909] AssetLoader: Loaded mod bundle 'kspedia_careerui'
[LOG 15:22:26.909] AssetLoader: Loaded mod bundle 'kspedia_cargoapp'
[LOG 15:22:26.910] AssetLoader: Loaded mod bundle 'kspedia_cargomode'
[LOG 15:22:26.910] AssetLoader: Loaded mod bundle 'kspedia_cargosystem-placeableparts'
[LOG 15:22:26.910] AssetLoader: Loaded mod bundle 'kspedia_cargosystem'
[LOG 15:22:26.910] AssetLoader: Loaded mod bundle 'kspedia_chute'
[LOG 15:22:26.911] AssetLoader: Loaded mod bundle 'kspedia_commnet'
[LOG 15:22:26.911] AssetLoader: Loaded mod bundle 'kspedia_commnetbasics'
[LOG 15:22:26.911] AssetLoader: Loaded mod bundle 'kspedia_commnetbuildingeffectivenetworks'
[LOG 15:22:26.911] AssetLoader: Loaded mod bundle 'kspedia_commnetcalculatingrange'
[LOG 15:22:26.911] AssetLoader: Loaded mod bundle 'kspedia_commnetcontrollevels'
[LOG 15:22:26.912] AssetLoader: Loaded mod bundle 'kspedia_commnetcontrollinks'
[LOG 15:22:26.912] AssetLoader: Loaded mod bundle 'kspedia_commnetcontrolpoints'
[LOG 15:22:26.912] AssetLoader: Loaded mod bundle 'kspedia_commnetgui'
[LOG 15:22:26.912] AssetLoader: Loaded mod bundle 'kspedia_commnetgui01'
[LOG 15:22:26.912] AssetLoader: Loaded mod bundle 'kspedia_commnetgui02'
[LOG 15:22:26.913] AssetLoader: Loaded mod bundle 'kspedia_commnetrange'
[LOG 15:22:26.913] AssetLoader: Loaded mod bundle 'kspedia_commnetrelays'
[LOG 15:22:26.913] AssetLoader: Loaded mod bundle 'kspedia_commnetsciencetransmission'
[LOG 15:22:26.913] AssetLoader: Loaded mod bundle 'kspedia_commnetsignalstrength'
[LOG 15:22:26.913] AssetLoader: Loaded mod bundle 'kspedia_commnettransmission'
[LOG 15:22:26.914] AssetLoader: Loaded mod bundle 'kspedia_constructionui-actiongroups'
[LOG 15:22:26.914] AssetLoader: Loaded mod bundle 'kspedia_constructionui-applauncher'
[LOG 15:22:26.914] AssetLoader: Loaded mod bundle 'kspedia_constructionui-crew'
[LOG 15:22:26.914] AssetLoader: Loaded mod bundle 'kspedia_constructionui-engineersreport'
[LOG 15:22:26.915] AssetLoader: Loaded mod bundle 'kspedia_constructionui-gizmos'
[LOG 15:22:26.915] AssetLoader: Loaded mod bundle 'kspedia_constructionui-infos'
[LOG 15:22:26.915] AssetLoader: Loaded mod bundle 'kspedia_constructionui-partdetails'
[LOG 15:22:26.916] AssetLoader: Loaded mod bundle 'kspedia_constructionui-parts'
[LOG 15:22:26.916] AssetLoader: Loaded mod bundle 'kspedia_constructionui-symmetry'
[LOG 15:22:26.916] AssetLoader: Loaded mod bundle 'kspedia_constructionui-vesseldetails'
[LOG 15:22:26.916] AssetLoader: Loaded mod bundle 'kspedia_constructionui'
[LOG 15:22:26.917] AssetLoader: Loaded mod bundle 'kspedia_controls-dockingmode'
[LOG 15:22:26.917] AssetLoader: Loaded mod bundle 'kspedia_controls-editor'
[LOG 15:22:26.917] AssetLoader: Loaded mod bundle 'kspedia_controls-editorgizmos'
[LOG 15:22:26.917] AssetLoader: Loaded mod bundle 'kspedia_controls-eva'
[LOG 15:22:26.918] AssetLoader: Loaded mod bundle 'kspedia_controls-flight'
[LOG 15:22:26.918] AssetLoader: Loaded mod bundle 'kspedia_controls-flightactivities'
[LOG 15:22:26.918] AssetLoader: Loaded mod bundle 'kspedia_controls-flightdirections'
[LOG 15:22:26.918] AssetLoader: Loaded mod bundle 'kspedia_controls-general'
[LOG 15:22:26.919] AssetLoader: Loaded mod bundle 'kspedia_controls-mapandtime'
[LOG 15:22:26.919] AssetLoader: Loaded mod bundle 'kspedia_controls-mouseconstruction'
[LOG 15:22:26.919] AssetLoader: Loaded mod bundle 'kspedia_controls-mouseflight'
[LOG 15:22:26.920] AssetLoader: Loaded mod bundle 'kspedia_controls-rcs'
[LOG 15:22:26.920] AssetLoader: Loaded mod bundle 'kspedia_controls'
[LOG 15:22:26.920] AssetLoader: Loaded mod bundle 'kspedia_eastereggs'
[LOG 15:22:26.920] AssetLoader: Loaded mod bundle 'kspedia_evaconstructionmode'
[LOG 15:22:26.921] AssetLoader: Loaded mod bundle 'kspedia_facilities-ac'
[LOG 15:22:26.921] AssetLoader: Loaded mod bundle 'kspedia_facilities-admin'
[LOG 15:22:26.921] AssetLoader: Loaded mod bundle 'kspedia_facilities-context'
[LOG 15:22:26.922] AssetLoader: Loaded mod bundle 'kspedia_facilities-ksc'
[LOG 15:22:26.922] AssetLoader: Loaded mod bundle 'kspedia_facilities-launchpad'
[LOG 15:22:26.922] AssetLoader: Loaded mod bundle 'kspedia_facilities-mc'
[LOG 15:22:26.922] AssetLoader: Loaded mod bundle 'kspedia_facilities-randd'
[LOG 15:22:26.922] AssetLoader: Loaded mod bundle 'kspedia_facilities-runway'
[LOG 15:22:26.923] AssetLoader: Loaded mod bundle 'kspedia_facilities-sph'
[LOG 15:22:26.923] AssetLoader: Loaded mod bundle 'kspedia_facilities-ts'
[LOG 15:22:26.923] AssetLoader: Loaded mod bundle 'kspedia_facilities-vab'
[LOG 15:22:26.924] AssetLoader: Loaded mod bundle 'kspedia_flightui-altimeter'
[LOG 15:22:26.924] AssetLoader: Loaded mod bundle 'kspedia_flightui-applauncher'
[LOG 15:22:26.924] AssetLoader: Loaded mod bundle 'kspedia_flightui-evaactivities'
[LOG 15:22:26.924] AssetLoader: Loaded mod bundle 'kspedia_flightui-maneuvermodeeditor'
[LOG 15:22:26.925] AssetLoader: Loaded mod bundle 'kspedia_flightui-maneuvermodeeditorcont'
[LOG 15:22:26.925] AssetLoader: Loaded mod bundle 'kspedia_flightui-maneuvermodeorbit'
[LOG 15:22:26.925] AssetLoader: Loaded mod bundle 'kspedia_flightui-maneuvertoolinfo'
[LOG 15:22:26.925] AssetLoader: Loaded mod bundle 'kspedia_flightui-maneuvertoolmain'
[LOG 15:22:26.926] AssetLoader: Loaded mod bundle 'kspedia_flightui-modecontrol'
[LOG 15:22:26.926] AssetLoader: Loaded mod bundle 'kspedia_flightui-navball'
[LOG 15:22:26.926] AssetLoader: Loaded mod bundle 'kspedia_flightui-partrepairs'
[LOG 15:22:26.927] AssetLoader: Loaded mod bundle 'kspedia_flightui-portraits'
[LOG 15:22:26.927] AssetLoader: Loaded mod bundle 'kspedia_flightui-staging'
[LOG 15:22:26.927] AssetLoader: Loaded mod bundle 'kspedia_flightui-timeandaction'
[LOG 15:22:26.927] AssetLoader: Loaded mod bundle 'kspedia_flightui'
[LOG 15:22:26.928] AssetLoader: Loaded mod bundle 'kspedia_heat'
[LOG 15:22:26.928] AssetLoader: Loaded mod bundle 'kspedia_heatactiveradiators'
[LOG 15:22:26.928] AssetLoader: Loaded mod bundle 'kspedia_heatengines'
[LOG 15:22:26.929] AssetLoader: Loaded mod bundle 'kspedia_heatflow'
[LOG 15:22:26.929] AssetLoader: Loaded mod bundle 'kspedia_heatpart'
[LOG 15:22:26.929] AssetLoader: Loaded mod bundle 'kspedia_heatpassiveradiators'
[LOG 15:22:26.930] AssetLoader: Loaded mod bundle 'kspedia_heatshields'
[LOG 15:22:26.930] AssetLoader: Loaded mod bundle 'kspedia_kerbnet'
[LOG 15:22:26.930] AssetLoader: Loaded mod bundle 'kspedia_kerbnetinterface'
[LOG 15:22:26.930] AssetLoader: Loaded mod bundle 'kspedia_kerbnetmodes'
[LOG 15:22:26.931] AssetLoader: Loaded mod bundle 'kspedia_kerbnetwaypoints'
[LOG 15:22:26.931] AssetLoader: Loaded mod bundle 'kspedia_locations'
[LOG 15:22:26.931] AssetLoader: Loaded mod bundle 'kspedia_manual'
[LOG 15:22:26.931] AssetLoader: Loaded mod bundle 'kspedia_mapui-alarmclockcreation'
[LOG 15:22:26.932] AssetLoader: Loaded mod bundle 'kspedia_mapui-alarmclockmain'
[LOG 15:22:26.932] AssetLoader: Loaded mod bundle 'kspedia_mapui-burnindicator'
[LOG 15:22:26.932] AssetLoader: Loaded mod bundle 'kspedia_mapui-dvtoolsflight'
[LOG 15:22:26.932] AssetLoader: Loaded mod bundle 'kspedia_mapui-dvtoolsvab'
[LOG 15:22:26.933] AssetLoader: Loaded mod bundle 'kspedia_mapui-mannodes'
[LOG 15:22:26.933] AssetLoader: Loaded mod bundle 'kspedia_mapui-orbitnodes'
[LOG 15:22:26.933] AssetLoader: Loaded mod bundle 'kspedia_mapui-orbitnodes2'
[LOG 15:22:26.934] AssetLoader: Loaded mod bundle 'kspedia_mapui'
[LOG 15:22:26.934] AssetLoader: Loaded mod bundle 'kspedia_orbitalbasics-atmosphere'
[LOG 15:22:26.934] AssetLoader: Loaded mod bundle 'kspedia_orbitalbasics-gettingbackdown'
[LOG 15:22:26.934] AssetLoader: Loaded mod bundle 'kspedia_orbitalbasics-gettingupthere'
[LOG 15:22:26.935] AssetLoader: Loaded mod bundle 'kspedia_orbitalbasics-gravityturn'
[LOG 15:22:26.935] AssetLoader: Loaded mod bundle 'kspedia_orbitalbasics-orbits'
[LOG 15:22:26.935] AssetLoader: Loaded mod bundle 'kspedia_orbitalbasics-stayingupthere'
[LOG 15:22:26.935] AssetLoader: Loaded mod bundle 'kspedia_orbitalbasics'
[LOG 15:22:26.936] AssetLoader: Loaded mod bundle 'kspedia_orbitaldefinitions-appe'
[LOG 15:22:26.936] AssetLoader: Loaded mod bundle 'kspedia_orbitaldefinitions-dirandinc'
[LOG 15:22:26.936] AssetLoader: Loaded mod bundle 'kspedia_orbitaldefinitions-directions'
[LOG 15:22:26.936] AssetLoader: Loaded mod bundle 'kspedia_orbitaldefinitions-eccentricity'
[LOG 15:22:26.937] AssetLoader: Loaded mod bundle 'kspedia_orbitaldefinitions'
[LOG 15:22:26.937] AssetLoader: Loaded mod bundle 'kspedia_orbitalmaneuvers-adjustinginclination'
[LOG 15:22:26.937] AssetLoader: Loaded mod bundle 'kspedia_orbitalmaneuvers-deltav'
[LOG 15:22:26.938] AssetLoader: Loaded mod bundle 'kspedia_orbitalmaneuvers-efficiency'
[LOG 15:22:26.938] AssetLoader: Loaded mod bundle 'kspedia_orbitalmaneuvers-hohmanntransfer'
[LOG 15:22:26.938] AssetLoader: Loaded mod bundle 'kspedia_orbitalmaneuvers-hohmanntransfer2'
[LOG 15:22:26.938] AssetLoader: Loaded mod bundle 'kspedia_orbitalmaneuvers-orbittypes'
[LOG 15:22:26.939] AssetLoader: Loaded mod bundle 'kspedia_orbitalmaneuvers-radandantirad'
[LOG 15:22:26.939] AssetLoader: Loaded mod bundle 'kspedia_orbitalmaneuvers-shapingup'
[LOG 15:22:26.939] AssetLoader: Loaded mod bundle 'kspedia_orbitalmaneuvers'
[LOG 15:22:26.939] AssetLoader: Loaded mod bundle 'kspedia_planets-dres'
[LOG 15:22:26.940] AssetLoader: Loaded mod bundle 'kspedia_planets-duna'
[LOG 15:22:26.940] AssetLoader: Loaded mod bundle 'kspedia_planets-eeloo'
[LOG 15:22:26.940] AssetLoader: Loaded mod bundle 'kspedia_planets-eve'
[LOG 15:22:26.940] AssetLoader: Loaded mod bundle 'kspedia_planets-jool'
[LOG 15:22:26.941] AssetLoader: Loaded mod bundle 'kspedia_planets-kerbin'
[LOG 15:22:26.941] AssetLoader: Loaded mod bundle 'kspedia_planets-moho'
[LOG 15:22:26.941] AssetLoader: Loaded mod bundle 'kspedia_planets-sun'
[LOG 15:22:26.941] AssetLoader: Loaded mod bundle 'kspedia_planets-system'
[LOG 15:22:26.942] AssetLoader: Loaded mod bundle 'kspedia_resources-asteroidmining'
[LOG 15:22:26.942] AssetLoader: Loaded mod bundle 'kspedia_resources-conversionmanagement'
[LOG 15:22:26.942] AssetLoader: Loaded mod bundle 'kspedia_resources-drilling'
[LOG 15:22:26.942] AssetLoader: Loaded mod bundle 'kspedia_resources-findingit'
[LOG 15:22:26.943] AssetLoader: Loaded mod bundle 'kspedia_resources-findingit2'
[LOG 15:22:26.943] AssetLoader: Loaded mod bundle 'kspedia_resources-storageandconversion'
[LOG 15:22:26.943] AssetLoader: Loaded mod bundle 'kspedia_resources'
[LOG 15:22:26.943] AssetLoader: Loaded mod bundle 'kspedia_rocketry'
[LOG 15:22:26.944] AssetLoader: Loaded mod bundle 'kspedia_rocketryadvanced-fairings'
[LOG 15:22:26.944] AssetLoader: Loaded mod bundle 'kspedia_rocketryadvanced-girders'
[LOG 15:22:26.944] AssetLoader: Loaded mod bundle 'kspedia_rocketryadvanced'
[LOG 15:22:26.944] AssetLoader: Loaded mod bundle 'kspedia_rocketrybasics'
[LOG 15:22:26.945] AssetLoader: Loaded mod bundle 'kspedia_rocketrybasicsaero'
[LOG 15:22:26.945] AssetLoader: Loaded mod bundle 'kspedia_rocketrybasicscentered'
[LOG 15:22:26.945] AssetLoader: Loaded mod bundle 'kspedia_rocketrybasicschutes'
[LOG 15:22:26.945] AssetLoader: Loaded mod bundle 'kspedia_rocketrybasicscontrol'
[LOG 15:22:26.946] AssetLoader: Loaded mod bundle 'kspedia_rocketrybasicsecrecharging'
[LOG 15:22:26.946] AssetLoader: Loaded mod bundle 'kspedia_rocketrybasicsengines'
[LOG 15:22:26.946] AssetLoader: Loaded mod bundle 'kspedia_rocketrybasicsforces'
[LOG 15:22:26.946] AssetLoader: Loaded mod bundle 'kspedia_rocketrybasicshatchesandladders'
[LOG 15:22:26.947] AssetLoader: Loaded mod bundle 'kspedia_rocketrybasicshibernation'
[LOG 15:22:26.947] AssetLoader: Loaded mod bundle 'kspedia_rocketrybasicsresources'
[LOG 15:22:26.947] AssetLoader: Loaded mod bundle 'kspedia_rocketrybasicsservicecontainers'
[LOG 15:22:26.947] AssetLoader: Loaded mod bundle 'kspedia_rocketrybasicsstability'
[LOG 15:22:26.948] AssetLoader: Loaded mod bundle 'kspedia_rocketrybasicsstabilityassist'
[LOG 15:22:26.948] AssetLoader: Loaded mod bundle 'kspedia_rocketrybasicsstaging'
[LOG 15:22:26.948] AssetLoader: Loaded mod bundle 'kspedia_rocketrybasicssymmetry'
[LOG 15:22:26.949] AssetLoader: Loaded mod bundle 'kspedia_science'
[LOG 15:22:26.949] AssetLoader: Loaded mod bundle 'kspedia_sciencedata'
[LOG 15:22:26.949] AssetLoader: Loaded mod bundle 'kspedia_scienceexperiments'
[LOG 15:22:26.949] AssetLoader: Loaded mod bundle 'kspedia_sciencelab'
[LOG 15:22:26.950] AssetLoader: Loaded mod bundle 'kspedia_sciencetransmitted'
[LOG 15:22:26.950] AssetLoader: Loaded mod bundle 'kspedia_spacetravel'
[LOG 15:22:26.950] AssetLoader: Loaded mod bundle 'kspedia_variantswitcher'
[LOG 15:22:26.950] AssetLoader: Loaded mod bundle 'kspfonts'
[LOG 15:22:27.104] AssetLoader: Loaded bundle 'squadcore'
[LOG 15:22:27.105] AssetLoader: Loaded bundle 'squadcorefx'
[LOG 15:22:27.105] AssetLoader: Loaded mod bundle 'kspedia_builder'
[LOG 15:22:27.106] AssetLoader: Loaded mod bundle 'kspedia_buildertoolbar'
[LOG 15:22:27.106] AssetLoader: Loaded mod bundle 'kspedia_canvas'
[LOG 15:22:27.106] AssetLoader: Loaded mod bundle 'kspedia_exportingvalidation'
[LOG 15:22:27.106] AssetLoader: Loaded mod bundle 'kspedia_flight'
[LOG 15:22:27.107] AssetLoader: Loaded mod bundle 'kspedia_flightapp'
[LOG 15:22:27.107] AssetLoader: Loaded mod bundle 'kspedia_gap'
[LOG 15:22:27.107] AssetLoader: Loaded mod bundle 'kspedia_gaptools'
[LOG 15:22:27.108] AssetLoader: Loaded mod bundle 'kspedia_makinghistory'
[LOG 15:22:27.108] AssetLoader: Loaded mod bundle 'kspedia_missionbriefing'
[LOG 15:22:27.108] AssetLoader: Loaded mod bundle 'kspedia_nodedocking'
[LOG 15:22:27.108] AssetLoader: Loaded mod bundle 'kspedia_nodesconnectors'
[LOG 15:22:27.109] AssetLoader: Loaded mod bundle 'kspedia_sap'
[LOG 15:22:27.109] AssetLoader: Loaded mod bundle 'kspedia_sidebar'
[LOG 15:22:27.109] AssetLoader: Loaded mod bundle 'kspedia_testingcheckpoints'
[LOG 15:22:27.109] AssetLoader: Loaded bundle 'makinghistory'
[LOG 15:22:27.110] AssetLoader: Loaded mod bundle 'kspedia_bladecyclic-collective-behaviour'
[LOG 15:22:27.110] AssetLoader: Loaded mod bundle 'kspedia_bladecyclic-collective-controls'
[LOG 15:22:27.110] AssetLoader: Loaded mod bundle 'kspedia_deployedscience-experiments'
[LOG 15:22:27.110] AssetLoader: Loaded mod bundle 'kspedia_deployedscience'
[LOG 15:22:27.111] AssetLoader: Loaded mod bundle 'kspedia_grippads'
[LOG 15:22:27.111] AssetLoader: Loaded mod bundle 'kspedia_layindtracks'
[LOG 15:22:27.111] AssetLoader: Loaded mod bundle 'kspedia_propellers'
[LOG 15:22:27.112] AssetLoader: Loaded mod bundle 'kspedia_propellersaerodynamics'
[LOG 15:22:27.112] AssetLoader: Loaded mod bundle 'kspedia_roboticcontroller'
[LOG 15:22:27.112] AssetLoader: Loaded mod bundle 'kspedia_roboticparts'
[LOG 15:22:27.113] AssetLoader: Loaded mod bundle 'kspedia_surface features-overview'
[LOG 15:22:27.113] AssetLoader: Loaded mod bundle 'kspedia_surface features-roverarmdetails'
[LOG 15:22:27.113] AssetLoader: Loaded mod bundle 'kspedia_trackeditor'
[LOG 15:22:27.114] AssetLoader: Loaded mod bundle 'kspedia_trackeditortoolbar'
[LOG 15:22:27.114] AssetLoader: Loaded mod bundle 'serenity'
[LOG 15:22:27.115] AssetLoader: Finished loading. 226 bundle definitions loaded.
[LOG 15:22:27.115] Compiling Configs:
[LOG 15:22:27.115] Config(PHYSICSGLOBALS) /Physics/PHYSICSGLOBALS
[LOG 15:22:27.116] Config(KOP_VERSION) Kopernicus/Config/00Version/Kopernicus_Version
[LOG 15:22:27.116] Config(@KOP_VERSION:FOR[Kopernicus_Version]) Kopernicus/Config/00Version/@KOP_VERSION:FOR[Kopernicus_Version]
[LOG 15:22:27.116] Config(Kopernicus_config) Kopernicus/Config/01_DefaultConfig/Kopernicus_config
[LOG 15:22:27.116] Config(Kopernicus_config_backup) Kopernicus/Config/02_ConfigCompat/Kopernicus_config_backup
[LOG 15:22:27.116] Config(@Kopernicus_config_backup:LAST[zKopernicus]) Kopernicus/Config/02_ConfigCompat/@Kopernicus_config_backup:LAST[zKopernicus]
[LOG 15:22:27.116] Config(@Kopernicus_config:LAST[zKopernicus]) Kopernicus/Config/02_ConfigCompat/@Kopernicus_config:LAST[zKopernicus]
[LOG 15:22:27.116] Config(@Kopernicus_config:HAS[#__kopConfigIndex[>0]]:LAST[zKopernicus]) Kopernicus/Config/02_ConfigCompat/@Kopernicus_config:HAS[#__kopConfigIndex[>0]]:LAST[zKopernicus]
[LOG 15:22:27.116] Config(@Kopernicus_config:HAS[#__kopHasDuplicates[true]]:LAST[zKopernicus]) Kopernicus/Config/02_ConfigCompat/@Kopernicus_config:HAS[#__kopHasDuplicates[true]]:LAST[zKopernicus]
[LOG 15:22:27.116] Config(@Kopernicus_config:HAS[#__kopHasDuplicates[true]]:LAST[zKopernicus]) Kopernicus/Config/02_ConfigCompat/@Kopernicus_config:HAS[#__kopHasDuplicates[true]]:LAST[zKopernicus]
[LOG 15:22:27.116] Config(!Kopernicus_config:HAS[#__kopConfigIndex[>0]]:LAST[zKopernicus]) Kopernicus/Config/02_ConfigCompat/!Kopernicus_config:HAS[#__kopConfigIndex[>0]]:LAST[zKopernicus]
[LOG 15:22:27.116] Config(@Kopernicus_config:LAST[zKopernicus]) Kopernicus/Config/02_ConfigCompat/@Kopernicus_config:LAST[zKopernicus]
[LOG 15:22:27.116] Config(@Kopernicus_config_backup:LAST[zKopernicus]) Kopernicus/Config/02_ConfigCompat/@Kopernicus_config_backup:LAST[zKopernicus]
[LOG 15:22:27.116] Config(@Kopernicus:FOR[Kopernicus]) Kopernicus/Config/BodyPQSFix/@Kopernicus:FOR[Kopernicus]
[LOG 15:22:27.116] Config(@Kopernicus_config:LAST[zKopernicus]) Kopernicus/Config/Kopernicus_Config/@Kopernicus_config:LAST[zKopernicus]
[LOG 15:22:27.117] Config(@KSP_COMMUNITY_FIXES:FINAL) Kopernicus/Config/KSPCF_DisableMapSOPatches/@KSP_COMMUNITY_FIXES:FINAL
[LOG 15:22:27.117] Config(@PART:HAS[@MODULE:HAS[#useKopernicusSolarPanels[?alse]]]:LAST[KOP_MULTI_STAR]) Kopernicus/Config/SolarPanels/@PART:HAS[@MODULE:HAS[#useKopernicusSolarPanels[?alse]]]:LAST[KOP_MULTI_STAR]
[LOG 15:22:27.117] Config(@PART:HAS[#useKopernicusSolarPanels[*]]:LAST[KOP_MULTI_STAR]) Kopernicus/Config/SolarPanels/@PART:HAS[#useKopernicusSolarPanels[*]]:LAST[KOP_MULTI_STAR]
[LOG 15:22:27.117] Config(@PART:HAS[@MODULE[ModuleDeployableSolarPanel]]:LAST[KOP_MULTI_STAR]) Kopernicus/Config/SolarPanels/@PART:HAS[@MODULE[ModuleDeployableSolarPanel]]:LAST[KOP_MULTI_STAR]
[LOG 15:22:27.117] Config(@Kopernicus_config:LAST[KOP_MULTI_STAR]) Kopernicus/Config/SolarPanels/@Kopernicus_config:LAST[KOP_MULTI_STAR]
[LOG 15:22:27.117] Config(@Kopernicus:LAST[KOP_MULTI_STAR]) Kopernicus/Config/SolarPanels/@Kopernicus:LAST[KOP_MULTI_STAR]
[LOG 15:22:27.117] Config(@PART:HAS[@MODULE[ModuleDeployableSolarPanel],~useKopernicusSolarPanels[false]]) Kopernicus/Config/SolarPanels/@PART:HAS[@MODULE[ModuleDeployableSolarPanel],~useKopernicusSolarPanels[false]]
[LOG 15:22:27.117] Config(@PART:HAS[@MODULE[ModuleCurvedSolarPanel],~useKopernicusSolarPanels[false]]) Kopernicus/Config/SolarPanels/@PART:HAS[@MODULE[ModuleCurvedSolarPanel],~useKopernicusSolarPanels[false]]
[LOG 15:22:27.117] Config(@PART:HAS[@MODULE[SSTUSolarPanelStatic],~useKopernicusSolarPanels[false]]) Kopernicus/Config/SolarPanels/@PART:HAS[@MODULE[SSTUSolarPanelStatic],~useKopernicusSolarPanels[false]]
[LOG 15:22:27.117] Config(@PART:HAS[@MODULE[SSTUSolarPanelDeployable],~useKopernicusSolarPanels[false]]) Kopernicus/Config/SolarPanels/@PART:HAS[@MODULE[SSTUSolarPanelDeployable],~useKopernicusSolarPanels[false]]
[LOG 15:22:27.117] Config(@PART:HAS[@MODULE[SSTUModularPart],~useKopernicusSolarPanels[false]]) Kopernicus/Config/SolarPanels/@PART:HAS[@MODULE[SSTUModularPart],~useKopernicusSolarPanels[false]]
[LOG 15:22:27.117] Config(@PART:HAS[@MODULE[ModuleROSolar],~useKopernicusSolarPanels[false]]) Kopernicus/Config/SolarPanels/@PART:HAS[@MODULE[ModuleROSolar],~useKopernicusSolarPanels[false]]
[LOG 15:22:27.117] Config(@PART:HAS[@MODULE[USSolarSwitch],~useKopernicusSolarPanels[false]]) Kopernicus/Config/SolarPanels/@PART:HAS[@MODULE[USSolarSwitch],~useKopernicusSolarPanels[false]]
[LOG 15:22:27.117] Config(@PART:HAS[@MODULE[ModuleDeployableSolarPanel],~useKopernicusSolarPanels[false]]:LAST[KOP_MULTI_STAR]) Kopernicus/Config/SolarPanels/@PART:HAS[@MODULE[ModuleDeployableSolarPanel],~useKopernicusSolarPanels[false]]:LAST[KOP_MULTI_STAR]
[LOG 15:22:27.117] Config(@PART:HAS[@MODULE[ModuleCurvedSolarPanel],~useKopernicusSolarPanels[false]]:LAST[KOP_MULTI_STAR]) Kopernicus/Config/SolarPanels/@PART:HAS[@MODULE[ModuleCurvedSolarPanel],~useKopernicusSolarPanels[false]]:LAST[KOP_MULTI_STAR]
[LOG 15:22:27.117] Config(@PART:HAS[@MODULE[SSTUSolarPanelStatic],~useKopernicusSolarPanels[false]]:LAST[KOP_MULTI_STAR]) Kopernicus/Config/SolarPanels/@PART:HAS[@MODULE[SSTUSolarPanelStatic],~useKopernicusSolarPanels[false]]:LAST[KOP_MULTI_STAR]
[LOG 15:22:27.117] Config(@PART:HAS[@MODULE[SSTUSolarPanelDeployable],~useKopernicusSolarPanels[false]]:LAST[KOP_MULTI_STAR]) Kopernicus/Config/SolarPanels/@PART:HAS[@MODULE[SSTUSolarPanelDeployable],~useKopernicusSolarPanels[false]]:LAST[KOP_MULTI_STAR]
[LOG 15:22:27.117] Config(@PART:HAS[@MODULE[SSTUModularPart],~useKopernicusSolarPanels[false]]:LAST[KOP_MULTI_STAR]) Kopernicus/Config/SolarPanels/@PART:HAS[@MODULE[SSTUModularPart],~useKopernicusSolarPanels[false]]:LAST[KOP_MULTI_STAR]
[LOG 15:22:27.117] Config(@PART:HAS[@MODULE[ModuleROSolar],~useKopernicusSolarPanels[false]]:LAST[KOP_MULTI_STAR]) Kopernicus/Config/SolarPanels/@PART:HAS[@MODULE[ModuleROSolar],~useKopernicusSolarPanels[false]]:LAST[KOP_MULTI_STAR]
[LOG 15:22:27.117] Config(@PART:HAS[@MODULE[USSolarSwitch],~useKopernicusSolarPanels[false]]:LAST[KOP_MULTI_STAR]) Kopernicus/Config/SolarPanels/@PART:HAS[@MODULE[USSolarSwitch],~useKopernicusSolarPanels[false]]:LAST[KOP_MULTI_STAR]
[LOG 15:22:27.117] Config(@PART:HAS[@MODULE[ModuleDeployableSolarPanel]:HAS[#chargeRate[>0],~resourceName[ThermalPower]],#__kop_star_count[>1]]:NEEDS[!Kerbalism,!RealismOverhaul]:LAST[KOP_MULTI_STAR]) Kopernicus/Config/SolarPanels/@PART:HAS[@MODULE[ModuleDeployableSolarPanel]:HAS[#chargeRate[>0],~resourceName[ThermalPower]],#__kop_star_count[>1]]:NEEDS[!Kerbalism,!RealismOverhaul]:LAST[KOP_MULTI_STAR]
[LOG 15:22:27.117] Config(@PART:HAS[@MODULE[ModuleDeployableSolarPanel]:HAS[#resourceName[ThermalPower]],#__kop_star_count[>1]]:NEEDS[!Kerbalism,!RealismOverhaul]:LAST[KOP_MULTI_STAR]) Kopernicus/Config/SolarPanels/@PART:HAS[@MODULE[ModuleDeployableSolarPanel]:HAS[#resourceName[ThermalPower]],#__kop_star_count[>1]]:NEEDS[!Kerbalism,!RealismOverhaul]:LAST[KOP_MULTI_STAR]
[LOG 15:22:27.117] Config(@PART:HAS[@MODULE[ModuleCurvedSolarPanel],#__kop_star_count[>1]]:NEEDS[!RealismOverhaul,!Kerbalism,NearFutureSolar]:LAST[KOP_MULTI_STAR]) Kopernicus/Config/SolarPanels/@PART:HAS[@MODULE[ModuleCurvedSolarPanel],#__kop_star_count[>1]]:NEEDS[!RealismOverhaul,!Kerbalism,NearFutureSolar]:LAST[KOP_MULTI_STAR]
[LOG 15:22:27.117] Config(@PART:HAS[@MODULE[SSTUSolarPanelStatic],#__kop_star_count[>1]]:NEEDS[!RealismOverhaul,!Kerbalism,SSTU]:LAST[KOP_MULTI_STAR]) Kopernicus/Config/SolarPanels/@PART:HAS[@MODULE[SSTUSolarPanelStatic],#__kop_star_count[>1]]:NEEDS[!RealismOverhaul,!Kerbalism,SSTU]:LAST[KOP_MULTI_STAR]
[LOG 15:22:27.117] Config(@PART:HAS[@MODULE[SSTUSolarPanelDeployable],#__kop_star_count[>1]]:NEEDS[!RealismOverhaul,!Kerbalism,SSTU]:LAST[KOP_MULTI_STAR]) Kopernicus/Config/SolarPanels/@PART:HAS[@MODULE[SSTUSolarPanelDeployable],#__kop_star_count[>1]]:NEEDS[!RealismOverhaul,!Kerbalism,SSTU]:LAST[KOP_MULTI_STAR]
[LOG 15:22:27.117] Config(@PART:HAS[@MODULE:[SSTUModularPart],!#currentSolar[Solar-None],#__kop_star_count[>1]]:NEEDS[!RealismOverhaul,!Kerbalism,SSTU]:LAST[KOP_MULTI_STAR]) Kopernicus/Config/SolarPanels/@PART:HAS[@MODULE:[SSTUModularPart],!#currentSolar[Solar-None],#__kop_star_count[>1]]:NEEDS[!RealismOverhaul,!Kerbalism,SSTU]:LAST[KOP_MULTI_STAR]
[LOG 15:22:27.117] Config(@PART:HAS[@MODULE[ModuleROSolar],#__kop_star_count[>1]]:NEEDS[!Kerbalism,RealismOverhaul]:LAST[KOP_MULTI_STAR]) Kopernicus/Config/SolarPanels/@PART:HAS[@MODULE[ModuleROSolar],#__kop_star_count[>1]]:NEEDS[!Kerbalism,RealismOverhaul]:LAST[KOP_MULTI_STAR]
[LOG 15:22:27.118] Config(@PART:HAS[@MODULE[USSolarSwitch],#__kop_star_count[>1]]:NEEDS[!Kerbalism,UniversalStorage2]:LAST[KOP_MULTI_STAR]) Kopernicus/Config/SolarPanels/@PART:HAS[@MODULE[USSolarSwitch],#__kop_star_count[>1]]:NEEDS[!Kerbalism,UniversalStorage2]:LAST[KOP_MULTI_STAR]
[LOG 15:22:27.118] Config(@PART:HAS[#useKopernicusSolarPanels[*]]:LAST[KOP_MULTI_STAR]) Kopernicus/Config/SolarPanels/@PART:HAS[#useKopernicusSolarPanels[*]]:LAST[KOP_MULTI_STAR]
[LOG 15:22:27.118] Config(@PART:HAS[@MODULE:HAS[#useKopernicusSolarPanels[*]]]:LAST[KOP_MULTI_STAR]) Kopernicus/Config/SolarPanels/@PART:HAS[@MODULE:HAS[#useKopernicusSolarPanels[*]]]:LAST[KOP_MULTI_STAR]
[LOG 15:22:27.118] Config(@PART:HAS[#__kop_star_count]:LAST[KOP_MULTI_STAR]) Kopernicus/Config/SolarPanels/@PART:HAS[#__kop_star_count]:LAST[KOP_MULTI_STAR]
[LOG 15:22:27.118] Config(@Kopernicus_config:LAST[KOP_MULTI_STAR]) Kopernicus/Config/SolarPanels/@Kopernicus_config:LAST[KOP_MULTI_STAR]
[LOG 15:22:27.118] Config(Kopernicus) Kopernicus/Config/System/Kerbol System
[LOG 15:22:27.118] Config(Localization) Kopernicus/Localization/de-de/Localization
[LOG 15:22:27.118] Config(Localization) Kopernicus/Localization/en-us/Localization
[LOG 15:22:27.118] Config(Localization) Kopernicus/Localization/es-es/Localization
[LOG 15:22:27.118] Config(Localization) Kopernicus/Localization/fr-fr/Localization
[LOG 15:22:27.118] Config(Localization) Kopernicus/Localization/it-it/Localization
[LOG 15:22:27.118] Config(Localization) Kopernicus/Localization/ru/Localization
[LOG 15:22:27.118] Config(Localization) Kopernicus/Localization/zh-cn/Localization
[LOG 15:22:27.118] Config(KSP_COMMUNITY_FIXES) KSPCommunityFixes/Settings/KSP_COMMUNITY_FIXES
[LOG 15:22:27.118] Config(Localization) KSPCommunityFixes/Localization/en-us/Localization
[LOG 15:22:27.118] Config(Localization) KSPCommunityFixes/Localization/fr-fr/Localization
[LOG 15:22:27.118] Config(Localization) KSPCommunityFixes/Localization/ru/Localization
[LOG 15:22:27.118] Config(Localization) KSPCommunityFixes/Localization/zh-cn/Localization
[LOG 15:22:27.118] Config(@PART[*]:HAS[@MODULE[ModuleDockingNodeFixed]]:NEEDS[FixDockingNodes]:FINAL) KSPCommunityFixes/MMPatches/ModSupport/FixDockingNodes/@PART[*]:HAS[@MODULE[ModuleDockingNodeFixed]]:NEEDS[FixDockingNodes]:FINAL
[LOG 15:22:27.118] Config(@PART[*]:HAS[@MODULE[Refunding]]:LAST[999_KSP-Recall]) KSPCommunityFixes/MMPatches/ModSupport/KSPRecall/@PART[*]:HAS[@MODULE[Refunding]]:LAST[999_KSP-Recall]
[LOG 15:22:27.118] Config(@PART[*]:HAS[#hasRefundingOnRecovery[?rue]]:LAST[999_KSP-Recall]) KSPCommunityFixes/MMPatches/ModSupport/KSPRecall/@PART[*]:HAS[#hasRefundingOnRecovery[?rue]]:LAST[999_KSP-Recall]
[LOG 15:22:27.118] Config(@PART[*]:HAS[#hasRefundingOnRecovery]:LAST[999_KSP-Recall]) KSPCommunityFixes/MMPatches/ModSupport/KSPRecall/@PART[*]:HAS[#hasRefundingOnRecovery]:LAST[999_KSP-Recall]
[LOG 15:22:27.118] Config(@KSP-Recall:LAST[999_KSP-Recall]) KSPCommunityFixes/MMPatches/ModSupport/KSPRecall/@KSP-Recall:LAST[999_KSP-Recall]
[LOG 15:22:27.118] Config(@KSP-Recall:HAS[#hasRefundingOnRecovery[?rue]]:LAST[999_KSP-Recall]) KSPCommunityFixes/MMPatches/ModSupport/KSPRecall/@KSP-Recall:HAS[#hasRefundingOnRecovery[?rue]]:LAST[999_KSP-Recall]
[LOG 15:22:27.118] Config(@KSP-Recall:HAS[#hasRefundingOnRecovery]:LAST[999_KSP-Recall]) KSPCommunityFixes/MMPatches/ModSupport/KSPRecall/@KSP-Recall:HAS[#hasRefundingOnRecovery]:LAST[999_KSP-Recall]
[LOG 15:22:27.118] Config(@KSP_COMMUNITY_FIXES:NEEDS[AttachedOnEditor]) KSPCommunityFixes/MMPatches/ModSupport/KSPRecall/@KSP_COMMUNITY_FIXES:NEEDS[AttachedOnEditor]
[LOG 15:22:27.118] Config(@KSP_COMMUNITY_FIXES:NEEDS[UniversalStorage2]) KSPCommunityFixes/MMPatches/ModSupport/UniversalStorage/@KSP_COMMUNITY_FIXES:NEEDS[UniversalStorage2]
[LOG 15:22:27.118] Config(@PART[telescopicLadderBay]:FIRST) KSPCommunityFixes/MMPatches/StockTweaks/LadderToggleableLight/@PART[telescopicLadderBay]:FIRST
[LOG 15:22:27.118] Config(@PART[telescopicLadderBay]:HAS[#LadderToggleableLight[?rue]]:FIRST) KSPCommunityFixes/MMPatches/StockTweaks/LadderToggleableLight/@PART[telescopicLadderBay]:HAS[#LadderToggleableLight[?rue]]:FIRST
[LOG 15:22:27.119] Config(@PART[telescopicLadderBay]:HAS[#LadderToggleableLight]:FIRST) KSPCommunityFixes/MMPatches/StockTweaks/LadderToggleableLight/@PART[telescopicLadderBay]:HAS[#LadderToggleableLight]:FIRST
[LOG 15:22:27.119] Config(@PART[GearSmall]:FIRST) KSPCommunityFixes/MMPatches/StockTweaks/LandingGearLights/@PART[GearSmall]:FIRST
[LOG 15:22:27.119] Config(@PART[SmallGearBay]:FIRST) KSPCommunityFixes/MMPatches/StockTweaks/LandingGearLights/@PART[SmallGearBay]:FIRST
[LOG 15:22:27.119] Config(@PART[sasModule]:FOR[KSPCommunityFixes]) KSPCommunityFixes/MMPatches/StockTweaks/ManufacturerFixes/@PART[sasModule]:FOR[KSPCommunityFixes]
[LOG 15:22:27.119] Config(@PART[xenonTankRadial]:FOR[KSPCommunityFixes]) KSPCommunityFixes/MMPatches/StockTweaks/ManufacturerFixes/@PART[xenonTankRadial]:FOR[KSPCommunityFixes]
[LOG 15:22:27.119] Config(@PART[winglet|fireworksLauncherSmall|fireworksLauncherBig]:FOR[KSPCommunityFixes]) KSPCommunityFixes/MMPatches/StockTweaks/ManufacturerFixes/@PART[winglet|fireworksLauncherSmall|fireworksLauncherBig]:FOR[KSPCommunityFixes]
[LOG 15:22:27.119] Config(@PART[solidBooster_sm_v2|solidBooster_v2]:FOR[KSPCommunityFixes]) KSPCommunityFixes/MMPatches/StockTweaks/ManufacturerFixes/@PART[solidBooster_sm_v2|solidBooster_v2]:FOR[KSPCommunityFixes]
[LOG 15:22:27.119] Config(@PART[ServiceBay_125_v2|ServiceBay_250_v2]:FOR[KSPCommunityFixes]) KSPCommunityFixes/MMPatches/StockTweaks/ManufacturerFixes/@PART[ServiceBay_125_v2|ServiceBay_250_v2]:FOR[KSPCommunityFixes]
[LOG 15:22:27.119] Config(@PART[externalTankCapsule]:FOR[KSPCommunityFixes]) KSPCommunityFixes/MMPatches/StockTweaks/ManufacturerFixes/@PART[externalTankCapsule]:FOR[KSPCommunityFixes]
[LOG 15:22:27.119] Config(@PART[RCSFuelTank|rcsTankMini|RCSTank1-2]:FOR[KSPCommunityFixes]) KSPCommunityFixes/MMPatches/StockTweaks/ManufacturerFixes/@PART[RCSFuelTank|rcsTankMini|RCSTank1-2]:FOR[KSPCommunityFixes]
[LOG 15:22:27.119] Config(@PART[landerCabinSmall]:FOR[KSPCommunityFixes]) KSPCommunityFixes/MMPatches/StockTweaks/ManufacturerFixes/@PART[landerCabinSmall]:FOR[KSPCommunityFixes]
[LOG 15:22:27.119] Config(@PART[dockingPortLateral]:FOR[KSPCommunityFixes]) KSPCommunityFixes/MMPatches/StockTweaks/ManufacturerFixes/@PART[dockingPortLateral]:FOR[KSPCommunityFixes]
[LOG 15:22:27.119] Config(@PART[EnginePlate4]:FOR[KSPCommunityFixes]:NEEDS[SquadExpansion/MakingHistory]) KSPCommunityFixes/MMPatches/StockTweaks/ManufacturerFixes/@PART[EnginePlate4]:FOR[KSPCommunityFixes]:NEEDS[SquadExpansion/MakingHistory]
[LOG 15:22:27.119] Config(@PART[Mk2Pod]:FOR[KSPCommunityFixes]:NEEDS[SquadExpansion/MakingHistory]) KSPCommunityFixes/MMPatches/StockTweaks/ManufacturerFixes/@PART[Mk2Pod]:FOR[KSPCommunityFixes]:NEEDS[SquadExpansion/MakingHistory]
[LOG 15:22:27.119] Config(@PART[evaChute|parachuteSingle|parachuteRadial|radialDrogue|parachuteLarge|parachuteDrogue]:FOR[KSPCommunityFixes]) KSPCommunityFixes/MMPatches/StockTweaks/ManufacturerFixes/@PART[evaChute|parachuteSingle|parachuteRadial|radialDrogue|parachuteLarge|parachuteDrogue]:FOR[KSPCommunityFixes]
[LOG 15:22:27.119] Config(@PART[stackPoint1|dockingPort1|dockingPort2|dockingPort3|dockingPortLarge]:FOR[KSPCommunityFixes]) KSPCommunityFixes/MMPatches/StockTweaks/ManufacturerFixes/@PART[stackPoint1|dockingPort1|dockingPort2|dockingPort3|dockingPortLarge]:FOR[KSPCommunityFixes]
[LOG 15:22:27.119] Config(AGENT) KSPCommunityFixes/MMPatches/StockTweaks/ManufacturerFixes/Clamp-O-Tron
[LOG 15:22:27.119] Config(AGENT) KSPCommunityFixes/MMPatches/StockTweaks/ManufacturerFixes/FreeFall Parachutes
[LOG 15:22:27.119] Config(AGENT) KSPCommunityFixes/MMPatches/StockTweaks/ManufacturerFixes/LightYear Tire Company
[LOG 15:22:27.119] Config(AGENT) KSPCommunityFixes/MMPatches/StockTweaks/ManufacturerFixes/Stratus Corporation
[LOG 15:22:27.119] Config(Localization) KSPCommunityFixes/MMPatches/StockTweaks/ManufacturerFixes/Localization
[LOG 15:22:27.119] Config(KSPTextureLoader) KSPTextureLoader/KSPTextureLoader/KSPTextureLoader
[LOG 15:22:27.119] Config(COMET_ORBIT_TYPE) RealSolarSystem/CometDefs/centaur
[LOG 15:22:27.119] Config(COMET_ORBIT_TYPE) RealSolarSystem/CometDefs/sungrazer
[LOG 15:22:27.119] Config(@Contracts:FOR[RealSolarSystem]) RealSolarSystem/ContractModifier/@Contracts:FOR[RealSolarSystem]
[LOG 15:22:27.119] Config(@PART[*]:HAS[@MODULE[ModuleDataTransmitter]]) RealSolarSystem/DSN_Ranges/@PART[*]:HAS[@MODULE[ModuleDataTransmitter]]
[LOG 15:22:27.119] Config(@CUSTOMBARNKIT) RealSolarSystem/DSN_Ranges/@CUSTOMBARNKIT
[LOG 15:22:27.119] Config(@KERBAL_WIND:FOR[RealSolarSystem]:NEEDS[KerbalWind]) RealSolarSystem/KerbalWind/@KERBAL_WIND:FOR[RealSolarSystem]:NEEDS[KerbalWind]
[LOG 15:22:27.119] Config(@KSCSWITCHER:FOR[RealSolarSystem]) RealSolarSystem/LaunchSites/@KSCSWITCHER:FOR[RealSolarSystem]
[LOG 15:22:27.120] Config(@KSCSWITCHER:LAST[RealSolarSystem]) RealSolarSystem/LaunchSites/@KSCSWITCHER:LAST[RealSolarSystem]
[LOG 15:22:27.120] Config(@PHYSICSGLOBALS:FIRST) RealSolarSystem/PhysicsModifier/@PHYSICSGLOBALS:FIRST
[LOG 15:22:27.120] Config(REALSOLARSYSTEM) RealSolarSystem/RealSolarSystem/REALSOLARSYSTEM
[LOG 15:22:27.120] Config(RSSRUNWAYFIX) RealSolarSystem/RealSolarSystem/RSSRUNWAYFIX
[LOG 15:22:27.120] Config(@NIMBY:FOR[RealSolarSystem]) RealSolarSystem/RecoveryBeacons/@NIMBY:FOR[RealSolarSystem]
[LOG 15:22:27.120] Config(@RemoteTechSettings:FOR[RealSolarSystem]) RealSolarSystem/RemoteTech_Settings/@RemoteTechSettings:FOR[RealSolarSystem]
[LOG 15:22:27.120] Config(!ROC_DEFINITION:HAS[@CELESTIALBODY:HAS[#Name[Moho]]]:FOR[RealSolarSystem]) RealSolarSystem/ROCDefinitions/!ROC_DEFINITION:HAS[@CELESTIALBODY:HAS[#Name[Moho]]]:FOR[RealSolarSystem]
[LOG 15:22:27.120] Config(!ROC_DEFINITION:HAS[@CELESTIALBODY:HAS[#Name[Eve]]]:FOR[RealSolarSystem]) RealSolarSystem/ROCDefinitions/!ROC_DEFINITION:HAS[@CELESTIALBODY:HAS[#Name[Eve]]]:FOR[RealSolarSystem]
[LOG 15:22:27.120] Config(!ROC_DEFINITION:HAS[@CELESTIALBODY:HAS[#Name[Gilly]]]:FOR[RealSolarSystem]) RealSolarSystem/ROCDefinitions/!ROC_DEFINITION:HAS[@CELESTIALBODY:HAS[#Name[Gilly]]]:FOR[RealSolarSystem]
[LOG 15:22:27.120] Config(!ROC_DEFINITION:HAS[@CELESTIALBODY:HAS[#Name[Kerbin]]]:FOR[RealSolarSystem]) RealSolarSystem/ROCDefinitions/!ROC_DEFINITION:HAS[@CELESTIALBODY:HAS[#Name[Kerbin]]]:FOR[RealSolarSystem]
[LOG 15:22:27.120] Config(!ROC_DEFINITION:HAS[@CELESTIALBODY:HAS[#Name[Mun]]]:FOR[RealSolarSystem]) RealSolarSystem/ROCDefinitions/!ROC_DEFINITION:HAS[@CELESTIALBODY:HAS[#Name[Mun]]]:FOR[RealSolarSystem]
[LOG 15:22:27.120] Config(!ROC_DEFINITION:HAS[@CELESTIALBODY:HAS[#Name[Minmus]]]:FOR[RealSolarSystem]) RealSolarSystem/ROCDefinitions/!ROC_DEFINITION:HAS[@CELESTIALBODY:HAS[#Name[Minmus]]]:FOR[RealSolarSystem]
[LOG 15:22:27.120] Config(!ROC_DEFINITION:HAS[@CELESTIALBODY:HAS[#Name[Duna]]]:FOR[RealSolarSystem]) RealSolarSystem/ROCDefinitions/!ROC_DEFINITION:HAS[@CELESTIALBODY:HAS[#Name[Duna]]]:FOR[RealSolarSystem]
[LOG 15:22:27.120] Config(!ROC_DEFINITION:HAS[@CELESTIALBODY:HAS[#Name[Ike]]]:FOR[RealSolarSystem]) RealSolarSystem/ROCDefinitions/!ROC_DEFINITION:HAS[@CELESTIALBODY:HAS[#Name[Ike]]]:FOR[RealSolarSystem]
[LOG 15:22:27.120] Config(!ROC_DEFINITION:HAS[@CELESTIALBODY:HAS[#Name[Dres]]]:FOR[RealSolarSystem]) RealSolarSystem/ROCDefinitions/!ROC_DEFINITION:HAS[@CELESTIALBODY:HAS[#Name[Dres]]]:FOR[RealSolarSystem]
[LOG 15:22:27.120] Config(!ROC_DEFINITION:HAS[@CELESTIALBODY:HAS[#Name[Laythe]]]:FOR[RealSolarSystem]) RealSolarSystem/ROCDefinitions/!ROC_DEFINITION:HAS[@CELESTIALBODY:HAS[#Name[Laythe]]]:FOR[RealSolarSystem]
[LOG 15:22:27.120] Config(!ROC_DEFINITION:HAS[@CELESTIALBODY:HAS[#Name[Vall]]]:FOR[RealSolarSystem]) RealSolarSystem/ROCDefinitions/!ROC_DEFINITION:HAS[@CELESTIALBODY:HAS[#Name[Vall]]]:FOR[RealSolarSystem]
[LOG 15:22:27.120] Config(!ROC_DEFINITION:HAS[@CELESTIALBODY:HAS[#Name[Tylo]]]:FOR[RealSolarSystem]) RealSolarSystem/ROCDefinitions/!ROC_DEFINITION:HAS[@CELESTIALBODY:HAS[#Name[Tylo]]]:FOR[RealSolarSystem]
[LOG 15:22:27.120] Config(!ROC_DEFINITION:HAS[@CELESTIALBODY:HAS[#Name[Bop]]]:FOR[RealSolarSystem]) RealSolarSystem/ROCDefinitions/!ROC_DEFINITION:HAS[@CELESTIALBODY:HAS[#Name[Bop]]]:FOR[RealSolarSystem]
[LOG 15:22:27.120] Config(!ROC_DEFINITION:HAS[@CELESTIALBODY:HAS[#Name[Pol]]]:FOR[RealSolarSystem]) RealSolarSystem/ROCDefinitions/!ROC_DEFINITION:HAS[@CELESTIALBODY:HAS[#Name[Pol]]]:FOR[RealSolarSystem]
[LOG 15:22:27.120] Config(!ROC_DEFINITION:HAS[@CELESTIALBODY:HAS[#Name[Eeloo]]]:FOR[RealSolarSystem]) RealSolarSystem/ROCDefinitions/!ROC_DEFINITION:HAS[@CELESTIALBODY:HAS[#Name[Eeloo]]]:FOR[RealSolarSystem]
[LOG 15:22:27.120] Config(@Kopernicus_config:FOR[RealSolarSystem]) RealSolarSystem/RSSKopernicusSettings/@Kopernicus_config:FOR[RealSolarSystem]
[LOG 15:22:27.120] Config(@Kopernicus:FOR[RealSolarSystem]) RealSolarSystem/RSSKopernicusSettings/@Kopernicus:FOR[RealSolarSystem]
[LOG 15:22:27.120] Config(@Kopernicus:AFTER[RealSolarSystem]) RealSolarSystem/RSS_CommNet_Stations/@Kopernicus:AFTER[RealSolarSystem]
[LOG 15:22:27.120] Config(@Kopernicus:FOR[RealSolarSystem]) RealSolarSystem/RSS_TerrainDetailPresets/@Kopernicus:FOR[RealSolarSystem]
[LOG 15:22:27.120] Config(@EXPERIMENT_DEFINITION[*]:HAS[#id[crewReport]]) RealSolarSystem/ScienceDefs/@EXPERIMENT_DEFINITION[*]:HAS[#id[crewReport]]
[LOG 15:22:27.120] Config(@EXPERIMENT_DEFINITION[*]:HAS[#id[evaReport]]) RealSolarSystem/ScienceDefs/@EXPERIMENT_DEFINITION[*]:HAS[#id[evaReport]]
[LOG 15:22:27.120] Config(@EXPERIMENT_DEFINITION[*]:HAS[#id[surfaceSample]]) RealSolarSystem/ScienceDefs/@EXPERIMENT_DEFINITION[*]:HAS[#id[surfaceSample]]
[LOG 15:22:27.121] Config(@EXPERIMENT_DEFINITION[*]:HAS[#id[temperatureScan]]) RealSolarSystem/ScienceDefs/@EXPERIMENT_DEFINITION[*]:HAS[#id[temperatureScan]]
[LOG 15:22:27.121] Config(@EXPERIMENT_DEFINITION[*]:HAS[#id[seismicScan]]) RealSolarSystem/ScienceDefs/@EXPERIMENT_DEFINITION[*]:HAS[#id[seismicScan]]
[LOG 15:22:27.121] Config(@EXPERIMENT_DEFINITION[*]:HAS[#id[gravityScan]]) RealSolarSystem/ScienceDefs/@EXPERIMENT_DEFINITION[*]:HAS[#id[gravityScan]]
[LOG 15:22:27.121] Config(@EXPERIMENT_DEFINITION[*]:HAS[#id[atmosphereAnalysis]]) RealSolarSystem/ScienceDefs/@EXPERIMENT_DEFINITION[*]:HAS[#id[atmosphereAnalysis]]
[LOG 15:22:27.121] Config(@EXPERIMENT_DEFINITION[*]:HAS[#id[mysteryGoo]]) RealSolarSystem/ScienceDefs/@EXPERIMENT_DEFINITION[*]:HAS[#id[mysteryGoo]]
[LOG 15:22:27.121] Config(@EXPERIMENT_DEFINITION[*]:HAS[#id[mobileMaterialsLab]]) RealSolarSystem/ScienceDefs/@EXPERIMENT_DEFINITION[*]:HAS[#id[mobileMaterialsLab]]
[LOG 15:22:27.121] Config(EXPERIMENT_DEFINITION) RealSolarSystem/ScienceDefs/EXPERIMENT_DEFINITION
[LOG 15:22:27.121] Config(EXPERIMENT_DEFINITION) RealSolarSystem/ScienceDefs/EXPERIMENT_DEFINITION
[LOG 15:22:27.121] Config(@DEPLOYEDSCIENCE:AFTER[RealSolarSystem]) RealSolarSystem/Compatibility/BreakingGround/@DEPLOYEDSCIENCE:AFTER[RealSolarSystem]
[LOG 15:22:27.121] Config(@DEPLOYEDSCIENCE:AFTER[RealSolarSystem]) RealSolarSystem/Compatibility/BreakingGround/@DEPLOYEDSCIENCE:AFTER[RealSolarSystem]
[LOG 15:22:27.121] Config(!AsteroidSets[CustomAsteroids_*]:FOR[RealSolarSystem]) RealSolarSystem/Compatibility/CustomAsteroids/!AsteroidSets[CustomAsteroids_*]:FOR[RealSolarSystem]
[LOG 15:22:27.121] Config(@Kopernicus:AFTER[RealSolarSystem]:NEEDS[CustomAsteroids]) RealSolarSystem/Compatibility/CustomAsteroids/@Kopernicus:AFTER[RealSolarSystem]:NEEDS[CustomAsteroids]
[LOG 15:22:27.121] Config(CustomAsteroidPlanes) RealSolarSystem/Compatibility/CustomAsteroids/CustomAsteroidPlanes
[LOG 15:22:27.121] Config(@CustomAsteroidPlanes:FOR[RealSolarSystem]) RealSolarSystem/Compatibility/CustomAsteroids/@CustomAsteroidPlanes:FOR[RealSolarSystem]
[LOG 15:22:27.121] Config(AsteroidSets) RealSolarSystem/Compatibility/CustomAsteroids/RealSolarSystem_asteroids
[LOG 15:22:27.121] Config(@FARAeroData[default]:FOR[RealSolarSystem]) RealSolarSystem/Compatibility/FARAtmospheres/@FARAeroData[default]:FOR[RealSolarSystem]
[LOG 15:22:27.121] Config(PlanetshineCelestialBody) RealSolarSystem/Compatibility/PlanetShineColors/Callisto
[LOG 15:22:27.121] Config(PlanetshineCelestialBody) RealSolarSystem/Compatibility/PlanetShineColors/Deimos
[LOG 15:22:27.121] Config(PlanetshineCelestialBody) RealSolarSystem/Compatibility/PlanetShineColors/Dione
[LOG 15:22:27.121] Config(PlanetshineCelestialBody) RealSolarSystem/Compatibility/PlanetShineColors/Earth
[LOG 15:22:27.121] Config(PlanetshineCelestialBody) RealSolarSystem/Compatibility/PlanetShineColors/Enceladus
[LOG 15:22:27.121] Config(PlanetshineCelestialBody) RealSolarSystem/Compatibility/PlanetShineColors/Europa
[LOG 15:22:27.121] Config(PlanetshineCelestialBody) RealSolarSystem/Compatibility/PlanetShineColors/Ganymede
[LOG 15:22:27.121] Config(PlanetshineCelestialBody) RealSolarSystem/Compatibility/PlanetShineColors/Iapetus
[LOG 15:22:27.121] Config(PlanetshineCelestialBody) RealSolarSystem/Compatibility/PlanetShineColors/Io
[LOG 15:22:27.121] Config(PlanetshineCelestialBody) RealSolarSystem/Compatibility/PlanetShineColors/Jupiter
[LOG 15:22:27.121] Config(PlanetshineCelestialBody) RealSolarSystem/Compatibility/PlanetShineColors/Mars
[LOG 15:22:27.121] Config(PlanetshineCelestialBody) RealSolarSystem/Compatibility/PlanetShineColors/Mercury
[LOG 15:22:27.121] Config(PlanetshineCelestialBody) RealSolarSystem/Compatibility/PlanetShineColors/Mimas
[LOG 15:22:27.121] Config(PlanetshineCelestialBody) RealSolarSystem/Compatibility/PlanetShineColors/Moon
[LOG 15:22:27.121] Config(PlanetshineCelestialBody) RealSolarSystem/Compatibility/PlanetShineColors/Neptune
[LOG 15:22:27.122] Config(PlanetshineCelestialBody) RealSolarSystem/Compatibility/PlanetShineColors/Phobos
[LOG 15:22:27.122] Config(PlanetshineCelestialBody) RealSolarSystem/Compatibility/PlanetShineColors/Pluto
[LOG 15:22:27.122] Config(PlanetshineCelestialBody) RealSolarSystem/Compatibility/PlanetShineColors/Rhea
[LOG 15:22:27.122] Config(PlanetshineCelestialBody) RealSolarSystem/Compatibility/PlanetShineColors/Saturn
[LOG 15:22:27.122] Config(PlanetshineCelestialBody) RealSolarSystem/Compatibility/PlanetShineColors/Sun
[LOG 15:22:27.122] Config(PlanetshineCelestialBody) RealSolarSystem/Compatibility/PlanetShineColors/Tethys
[LOG 15:22:27.122] Config(PlanetshineCelestialBody) RealSolarSystem/Compatibility/PlanetShineColors/Titan
[LOG 15:22:27.122] Config(PlanetshineCelestialBody) RealSolarSystem/Compatibility/PlanetShineColors/Triton
[LOG 15:22:27.122] Config(PlanetshineCelestialBody) RealSolarSystem/Compatibility/PlanetShineColors/Uranus
[LOG 15:22:27.122] Config(PlanetshineCelestialBody) RealSolarSystem/Compatibility/PlanetShineColors/Venus
[LOG 15:22:27.122] Config(PlanetshineCelestialBody) RealSolarSystem/Compatibility/PlanetShineColors/Ceres
[LOG 15:22:27.122] Config(PlanetshineCelestialBody) RealSolarSystem/Compatibility/PlanetShineColors/Vesta
[LOG 15:22:27.122] Config(PlanetshineCelestialBody) RealSolarSystem/Compatibility/PlanetShineColors/Miranda
[LOG 15:22:27.122] Config(PlanetshineCelestialBody) RealSolarSystem/Compatibility/PlanetShineColors/Ariel
[LOG 15:22:27.122] Config(PlanetshineCelestialBody) RealSolarSystem/Compatibility/PlanetShineColors/Umbriel
[LOG 15:22:27.122] Config(PlanetshineCelestialBody) RealSolarSystem/Compatibility/PlanetShineColors/Titania
[LOG 15:22:27.122] Config(PlanetshineCelestialBody) RealSolarSystem/Compatibility/PlanetShineColors/Oberon
[LOG 15:22:27.122] Config(PlanetshineCelestialBody) RealSolarSystem/Compatibility/PlanetShineColors/Charon
[LOG 15:22:27.122] Config(@REALSOLARSYSTEM:FOR[RationalResourcesAU]) RealSolarSystem/Compatibility/RationalResources/@REALSOLARSYSTEM:FOR[RationalResourcesAU]
[LOG 15:22:27.122] Config(@PART[SCANsat_Scanner]:FOR[RealSolarSystem]) RealSolarSystem/Compatibility/SCANsat/@PART[SCANsat_Scanner]:FOR[RealSolarSystem]
[LOG 15:22:27.122] Config(@PART[SCANsat_Scanner2]:FOR[RealSolarSystem]) RealSolarSystem/Compatibility/SCANsat/@PART[SCANsat_Scanner2]:FOR[RealSolarSystem]
[LOG 15:22:27.122] Config(@PART[SCANsat_Scanner24]:FOR[RealSolarSystem]) RealSolarSystem/Compatibility/SCANsat/@PART[SCANsat_Scanner24]:FOR[RealSolarSystem]
[LOG 15:22:27.122] Config(@PART[SCANsat_Scanner32]:FOR[RealSolarSystem]) RealSolarSystem/Compatibility/SCANsat/@PART[SCANsat_Scanner32]:FOR[RealSolarSystem]
[LOG 15:22:27.122] Config(@PART[*]:HAS[@MODULE[ModuleSCANresourceScanner]]:FOR[RealSolarSystem]) RealSolarSystem/Compatibility/SCANsat/@PART[*]:HAS[@MODULE[ModuleSCANresourceScanner]]:FOR[RealSolarSystem]
[LOG 15:22:27.122] Config(@PART[*]:HAS[@MODULE[SCANsat]]:FOR[RealSolarSystem]) RealSolarSystem/Compatibility/SCANsat/@PART[*]:HAS[@MODULE[SCANsat]]:FOR[RealSolarSystem]
[LOG 15:22:27.122] Config(@PART[*]:HAS[@MODULE[ModuleSCANresourceScanner]]:FOR[RealSolarSystem]) RealSolarSystem/Compatibility/SCANsat/@PART[*]:HAS[@MODULE[ModuleSCANresourceScanner]]:FOR[RealSolarSystem]
[LOG 15:22:27.122] Config(@COACH_COMMNET[CommNet]) RealSolarSystem/Compatibility/SCANsat/@COACH_COMMNET[CommNet]
[LOG 15:22:27.122] Config(TextureReplacer) RealSolarSystem/Compatibility/TextureReplacer/TextureReplacer
[LOG 15:22:27.122] Config(@ParallaxGlobalConfig:FOR[RealSolarSystem]) RealSolarSystem/Compatibility/Parallax/Parallax/@ParallaxGlobalConfig:FOR[RealSolarSystem]
[LOG 15:22:27.122] Config(@Parallax:FOR[RealSolarSystem]:NEEDS[Parallax,Parallax_StockTextures]) RealSolarSystem/Compatibility/Parallax/Parallax/@Parallax:FOR[RealSolarSystem]:NEEDS[Parallax,Parallax_StockTextures]
[LOG 15:22:27.123] Config(@Kopernicus:AFTER[RealSolarSystem]:NEEDS[Parallax,Parallax_StockTextures]) RealSolarSystem/Compatibility/Parallax/Parallax/@Kopernicus:AFTER[RealSolarSystem]:NEEDS[Parallax,Parallax_StockTextures]
[LOG 15:22:27.123] Config(Localization) RealSolarSystem/Localization/en-us/Localization
[LOG 15:22:27.123] Config(Localization) RealSolarSystem/Localization/fr-fr/Localization
[LOG 15:22:27.123] Config(Localization) RealSolarSystem/Localization/ru/Localization
[LOG 15:22:27.123] Config(Localization) RealSolarSystem/Localization/zh-cn/Localization
[LOG 15:22:27.123] Config(Localization) RealSolarSystem/Localization/LaunchSites/en-us/Localization
[LOG 15:22:27.123] Config(Localization) RealSolarSystem/Localization/LaunchSites/zh-cn/Localization
[LOG 15:22:27.123] Config(PLANETARY_RESOURCE) RealSolarSystem/ResourceConfigs/ArgonGas/PLANETARY_RESOURCE
[LOG 15:22:27.123] Config(PLANETARY_RESOURCE) RealSolarSystem/ResourceConfigs/ArgonGas/PLANETARY_RESOURCE
[LOG 15:22:27.123] Config(PLANETARY_RESOURCE) RealSolarSystem/ResourceConfigs/ArgonGas/PLANETARY_RESOURCE
[LOG 15:22:27.123] Config(PLANETARY_RESOURCE) RealSolarSystem/ResourceConfigs/CarbonDioxide/PLANETARY_RESOURCE
[LOG 15:22:27.123] Config(PLANETARY_RESOURCE) RealSolarSystem/ResourceConfigs/CarbonDioxide/PLANETARY_RESOURCE
[LOG 15:22:27.123] Config(PLANETARY_RESOURCE) RealSolarSystem/ResourceConfigs/CarbonDioxide/PLANETARY_RESOURCE
[LOG 15:22:27.123] Config(BIOME_RESOURCE) RealSolarSystem/ResourceConfigs/CarbonDioxide/BIOME_RESOURCE
[LOG 15:22:27.123] Config(BIOME_RESOURCE) RealSolarSystem/ResourceConfigs/CarbonDioxide/BIOME_RESOURCE
[LOG 15:22:27.123] Config(PLANETARY_RESOURCE) RealSolarSystem/ResourceConfigs/Dirt/PLANETARY_RESOURCE
[LOG 15:22:27.123] Config(PLANETARY_RESOURCE) RealSolarSystem/ResourceConfigs/Dirt/PLANETARY_RESOURCE
[LOG 15:22:27.123] Config(PLANETARY_RESOURCE) RealSolarSystem/ResourceConfigs/Dirt/PLANETARY_RESOURCE
[LOG 15:22:27.123] Config(PLANETARY_RESOURCE) RealSolarSystem/ResourceConfigs/Dirt/PLANETARY_RESOURCE
[LOG 15:22:27.123] Config(PLANETARY_RESOURCE) RealSolarSystem/ResourceConfigs/Ethane/PLANETARY_RESOURCE
[LOG 15:22:27.123] Config(PLANETARY_RESOURCE) RealSolarSystem/ResourceConfigs/ExoticMinerals/PLANETARY_RESOURCE
[LOG 15:22:27.123] Config(PLANETARY_RESOURCE) RealSolarSystem/ResourceConfigs/ExoticMinerals/PLANETARY_RESOURCE
[LOG 15:22:27.123] Config(PLANETARY_RESOURCE) RealSolarSystem/ResourceConfigs/ExoticMinerals/PLANETARY_RESOURCE
[LOG 15:22:27.123] Config(PLANETARY_RESOURCE) RealSolarSystem/ResourceConfigs/ExoticMinerals/PLANETARY_RESOURCE
[LOG 15:22:27.123] Config(PLANETARY_RESOURCE) RealSolarSystem/ResourceConfigs/Gypsum/PLANETARY_RESOURCE
[LOG 15:22:27.123] Config(PLANETARY_RESOURCE) RealSolarSystem/ResourceConfigs/Gypsum/PLANETARY_RESOURCE
[LOG 15:22:27.123] Config(PLANETARY_RESOURCE) RealSolarSystem/ResourceConfigs/Gypsum/PLANETARY_RESOURCE
[LOG 15:22:27.123] Config(PLANETARY_RESOURCE) RealSolarSystem/ResourceConfigs/Gypsum/PLANETARY_RESOURCE
[LOG 15:22:27.123] Config(PLANETARY_RESOURCE) RealSolarSystem/ResourceConfigs/Gypsum/PLANETARY_RESOURCE
[LOG 15:22:27.124] Config(BIOME_RESOURCE) RealSolarSystem/ResourceConfigs/Gypsum/BIOME_RESOURCE
[LOG 15:22:27.124] Config(PLANETARY_RESOURCE) RealSolarSystem/ResourceConfigs/Helium/PLANETARY_RESOURCE
[LOG 15:22:27.124] Config(PLANETARY_RESOURCE) RealSolarSystem/ResourceConfigs/Helium/PLANETARY_RESOURCE
[LOG 15:22:27.124] Config(PLANETARY_RESOURCE) RealSolarSystem/ResourceConfigs/Helium/PLANETARY_RESOURCE
[LOG 15:22:27.124] Config(PLANETARY_RESOURCE) RealSolarSystem/ResourceConfigs/Helium/PLANETARY_RESOURCE
[LOG 15:22:27.124] Config(PLANETARY_RESOURCE) RealSolarSystem/ResourceConfigs/Hydrates/PLANETARY_RESOURCE
[LOG 15:22:27.124] Config(PLANETARY_RESOURCE) RealSolarSystem/ResourceConfigs/Hydrates/PLANETARY_RESOURCE
[LOG 15:22:27.124] Config(PLANETARY_RESOURCE) RealSolarSystem/ResourceConfigs/Hydrates/PLANETARY_RESOURCE
[LOG 15:22:27.124] Config(PLANETARY_RESOURCE) RealSolarSystem/ResourceConfigs/Hydrates/PLANETARY_RESOURCE
[LOG 15:22:27.124] Config(PLANETARY_RESOURCE) RealSolarSystem/ResourceConfigs/Hydrates/PLANETARY_RESOURCE
[LOG 15:22:27.124] Config(PLANETARY_RESOURCE) RealSolarSystem/ResourceConfigs/Hydrogen/PLANETARY_RESOURCE
[LOG 15:22:27.124] Config(PLANETARY_RESOURCE) RealSolarSystem/ResourceConfigs/Hydrogen/PLANETARY_RESOURCE
[LOG 15:22:27.124] Config(PLANETARY_RESOURCE) RealSolarSystem/ResourceConfigs/Hydrogen/PLANETARY_RESOURCE
[LOG 15:22:27.124] Config(PLANETARY_RESOURCE) RealSolarSystem/ResourceConfigs/Hydrogen/PLANETARY_RESOURCE
[LOG 15:22:27.124] Config(PLANETARY_RESOURCE) RealSolarSystem/ResourceConfigs/Karbonite/PLANETARY_RESOURCE
[LOG 15:22:27.124] Config(PLANETARY_RESOURCE) RealSolarSystem/ResourceConfigs/Karbonite/PLANETARY_RESOURCE
[LOG 15:22:27.124] Config(PLANETARY_RESOURCE) RealSolarSystem/ResourceConfigs/Karbonite/PLANETARY_RESOURCE
[LOG 15:22:27.124] Config(PLANETARY_RESOURCE) RealSolarSystem/ResourceConfigs/Karbonite/PLANETARY_RESOURCE
[LOG 15:22:27.124] Config(PLANETARY_RESOURCE) RealSolarSystem/ResourceConfigs/Karbonite/PLANETARY_RESOURCE
[LOG 15:22:27.124] Config(PLANETARY_RESOURCE) RealSolarSystem/ResourceConfigs/Karbonite/PLANETARY_RESOURCE
[LOG 15:22:27.124] Config(PLANETARY_RESOURCE) RealSolarSystem/ResourceConfigs/Karbonite/PLANETARY_RESOURCE
[LOG 15:22:27.124] Config(PLANETARY_RESOURCE) RealSolarSystem/ResourceConfigs/Karbonite/PLANETARY_RESOURCE
[LOG 15:22:27.124] Config(PLANETARY_RESOURCE) RealSolarSystem/ResourceConfigs/Karbonite/PLANETARY_RESOURCE
[LOG 15:22:27.124] Config(PLANETARY_RESOURCE) RealSolarSystem/ResourceConfigs/Karbonite/PLANETARY_RESOURCE
[LOG 15:22:27.124] Config(PLANETARY_RESOURCE) RealSolarSystem/ResourceConfigs/Karbonite/PLANETARY_RESOURCE
[LOG 15:22:27.124] Config(PLANETARY_RESOURCE) RealSolarSystem/ResourceConfigs/Karbonite/PLANETARY_RESOURCE
[LOG 15:22:27.124] Config(PLANETARY_RESOURCE) RealSolarSystem/ResourceConfigs/Karbonite/PLANETARY_RESOURCE
[LOG 15:22:27.124] Config(PLANETARY_RESOURCE) RealSolarSystem/ResourceConfigs/Karbonite/PLANETARY_RESOURCE
[LOG 15:22:27.124] Config(PLANETARY_RESOURCE) RealSolarSystem/ResourceConfigs/Karbonite/PLANETARY_RESOURCE
[LOG 15:22:27.124] Config(PLANETARY_RESOURCE) RealSolarSystem/ResourceConfigs/Karbonite/PLANETARY_RESOURCE
[LOG 15:22:27.124] Config(PLANETARY_RESOURCE) RealSolarSystem/ResourceConfigs/Karbonite/PLANETARY_RESOURCE
[LOG 15:22:27.125] Config(PLANETARY_RESOURCE) RealSolarSystem/ResourceConfigs/Karbonite/PLANETARY_RESOURCE
[LOG 15:22:27.125] Config(PLANETARY_RESOURCE) RealSolarSystem/ResourceConfigs/Karbonite/PLANETARY_RESOURCE
[LOG 15:22:27.125] Config(PLANETARY_RESOURCE) RealSolarSystem/ResourceConfigs/Karbonite/PLANETARY_RESOURCE
[LOG 15:22:27.125] Config(PLANETARY_RESOURCE) RealSolarSystem/ResourceConfigs/Karborundum/PLANETARY_RESOURCE
[LOG 15:22:27.125] Config(PLANETARY_RESOURCE) RealSolarSystem/ResourceConfigs/Karborundum/PLANETARY_RESOURCE
[LOG 15:22:27.125] Config(PLANETARY_RESOURCE) RealSolarSystem/ResourceConfigs/Karborundum/PLANETARY_RESOURCE
[LOG 15:22:27.125] Config(PLANETARY_RESOURCE) RealSolarSystem/ResourceConfigs/Karborundum/PLANETARY_RESOURCE
[LOG 15:22:27.125] Config(PLANETARY_RESOURCE) RealSolarSystem/ResourceConfigs/Karborundum/PLANETARY_RESOURCE
[LOG 15:22:27.125] Config(PLANETARY_RESOURCE) RealSolarSystem/ResourceConfigs/Karborundum/PLANETARY_RESOURCE
[LOG 15:22:27.125] Config(PLANETARY_RESOURCE) RealSolarSystem/ResourceConfigs/Karborundum/PLANETARY_RESOURCE
[LOG 15:22:27.125] Config(PLANETARY_RESOURCE) RealSolarSystem/ResourceConfigs/MetallicOre/PLANETARY_RESOURCE
[LOG 15:22:27.125] Config(PLANETARY_RESOURCE) RealSolarSystem/ResourceConfigs/MetallicOre/PLANETARY_RESOURCE
[LOG 15:22:27.125] Config(PLANETARY_RESOURCE) RealSolarSystem/ResourceConfigs/MetallicOre/PLANETARY_RESOURCE
[LOG 15:22:27.125] Config(PLANETARY_RESOURCE) RealSolarSystem/ResourceConfigs/MetallicOre/PLANETARY_RESOURCE
[LOG 15:22:27.125] Config(PLANETARY_RESOURCE) RealSolarSystem/ResourceConfigs/MetallicOre/PLANETARY_RESOURCE
[LOG 15:22:27.125] Config(PLANETARY_RESOURCE) RealSolarSystem/ResourceConfigs/Methane/PLANETARY_RESOURCE
[LOG 15:22:27.125] Config(PLANETARY_RESOURCE) RealSolarSystem/ResourceConfigs/Methane/PLANETARY_RESOURCE
[LOG 15:22:27.125] Config(PLANETARY_RESOURCE) RealSolarSystem/ResourceConfigs/Methane/PLANETARY_RESOURCE
[LOG 15:22:27.125] Config(PLANETARY_RESOURCE) RealSolarSystem/ResourceConfigs/Methane/PLANETARY_RESOURCE
[LOG 15:22:27.125] Config(PLANETARY_RESOURCE) RealSolarSystem/ResourceConfigs/Methane/PLANETARY_RESOURCE
[LOG 15:22:27.125] Config(PLANETARY_RESOURCE) RealSolarSystem/ResourceConfigs/Methane/PLANETARY_RESOURCE
[LOG 15:22:27.125] Config(PLANETARY_RESOURCE) RealSolarSystem/ResourceConfigs/Methane/PLANETARY_RESOURCE
[LOG 15:22:27.125] Config(PLANETARY_RESOURCE) RealSolarSystem/ResourceConfigs/Methane/PLANETARY_RESOURCE
[LOG 15:22:27.125] Config(PLANETARY_RESOURCE) RealSolarSystem/ResourceConfigs/Methane/PLANETARY_RESOURCE
[LOG 15:22:27.125] Config(PLANETARY_RESOURCE) RealSolarSystem/ResourceConfigs/Methane/PLANETARY_RESOURCE
[LOG 15:22:27.125] Config(PLANETARY_RESOURCE) RealSolarSystem/ResourceConfigs/Methane/PLANETARY_RESOURCE
[LOG 15:22:27.125] Config(PLANETARY_RESOURCE) RealSolarSystem/ResourceConfigs/Methane/PLANETARY_RESOURCE
[LOG 15:22:27.125] Config(PLANETARY_RESOURCE) RealSolarSystem/ResourceConfigs/Methane/PLANETARY_RESOURCE
[LOG 15:22:27.125] Config(PLANETARY_RESOURCE) RealSolarSystem/ResourceConfigs/Methane/PLANETARY_RESOURCE
[LOG 15:22:27.125] Config(PLANETARY_RESOURCE) RealSolarSystem/ResourceConfigs/Methane/PLANETARY_RESOURCE
[LOG 15:22:27.126] Config(PLANETARY_RESOURCE) RealSolarSystem/ResourceConfigs/Methane/PLANETARY_RESOURCE
[LOG 15:22:27.126] Config(PLANETARY_RESOURCE) RealSolarSystem/ResourceConfigs/Minerals/PLANETARY_RESOURCE
[LOG 15:22:27.126] Config(PLANETARY_RESOURCE) RealSolarSystem/ResourceConfigs/Minerals/PLANETARY_RESOURCE
[LOG 15:22:27.126] Config(PLANETARY_RESOURCE) RealSolarSystem/ResourceConfigs/Minerals/PLANETARY_RESOURCE
[LOG 15:22:27.126] Config(PLANETARY_RESOURCE) RealSolarSystem/ResourceConfigs/Minerals/PLANETARY_RESOURCE
[LOG 15:22:27.126] Config(PLANETARY_RESOURCE) RealSolarSystem/ResourceConfigs/Minerals/PLANETARY_RESOURCE
[LOG 15:22:27.126] Config(PLANETARY_RESOURCE) RealSolarSystem/ResourceConfigs/Nitrogen/PLANETARY_RESOURCE
[LOG 15:22:27.126] Config(PLANETARY_RESOURCE) RealSolarSystem/ResourceConfigs/Nitrogen/PLANETARY_RESOURCE
[LOG 15:22:27.126] Config(PLANETARY_RESOURCE) RealSolarSystem/ResourceConfigs/Nitrogen/PLANETARY_RESOURCE
[LOG 15:22:27.126] Config(PLANETARY_RESOURCE) RealSolarSystem/ResourceConfigs/Nitrogen/PLANETARY_RESOURCE
[LOG 15:22:27.126] Config(PLANETARY_RESOURCE) RealSolarSystem/ResourceConfigs/Nitrogen/PLANETARY_RESOURCE
[LOG 15:22:27.126] Config(PLANETARY_RESOURCE) RealSolarSystem/ResourceConfigs/Nitrogen/PLANETARY_RESOURCE
[LOG 15:22:27.126] Config(PLANETARY_RESOURCE) RealSolarSystem/ResourceConfigs/Ore/PLANETARY_RESOURCE
[LOG 15:22:27.126] Config(PLANETARY_RESOURCE) RealSolarSystem/ResourceConfigs/Ore/PLANETARY_RESOURCE
[LOG 15:22:27.126] Config(PLANETARY_RESOURCE) RealSolarSystem/ResourceConfigs/Ore/PLANETARY_RESOURCE
[LOG 15:22:27.126] Config(PLANETARY_RESOURCE) RealSolarSystem/ResourceConfigs/Ore/PLANETARY_RESOURCE
[LOG 15:22:27.126] Config(PLANETARY_RESOURCE) RealSolarSystem/ResourceConfigs/Oxygen/PLANETARY_RESOURCE
[LOG 15:22:27.126] Config(PLANETARY_RESOURCE) RealSolarSystem/ResourceConfigs/Oxygen/PLANETARY_RESOURCE
[LOG 15:22:27.126] Config(PLANETARY_RESOURCE) RealSolarSystem/ResourceConfigs/RareMetals/PLANETARY_RESOURCE
[LOG 15:22:27.126] Config(PLANETARY_RESOURCE) RealSolarSystem/ResourceConfigs/RareMetals/PLANETARY_RESOURCE
[LOG 15:22:27.126] Config(PLANETARY_RESOURCE) RealSolarSystem/ResourceConfigs/RareMetals/PLANETARY_RESOURCE
[LOG 15:22:27.126] Config(PLANETARY_RESOURCE) RealSolarSystem/ResourceConfigs/RareMetals/PLANETARY_RESOURCE
[LOG 15:22:27.126] Config(PLANETARY_RESOURCE) RealSolarSystem/ResourceConfigs/RareMetals/PLANETARY_RESOURCE
[LOG 15:22:27.126] Config(PLANETARY_RESOURCE) RealSolarSystem/ResourceConfigs/Substrate/PLANETARY_RESOURCE
[LOG 15:22:27.126] Config(PLANETARY_RESOURCE) RealSolarSystem/ResourceConfigs/Substrate/PLANETARY_RESOURCE
[LOG 15:22:27.126] Config(PLANETARY_RESOURCE) RealSolarSystem/ResourceConfigs/Substrate/PLANETARY_RESOURCE
[LOG 15:22:27.126] Config(PLANETARY_RESOURCE) RealSolarSystem/ResourceConfigs/Substrate/PLANETARY_RESOURCE
[LOG 15:22:27.126] Config(PLANETARY_RESOURCE) RealSolarSystem/ResourceConfigs/Substrate/PLANETARY_RESOURCE
[LOG 15:22:27.126] Config(PLANETARY_RESOURCE) RealSolarSystem/ResourceConfigs/Uraninite/PLANETARY_RESOURCE
[LOG 15:22:27.126] Config(PLANETARY_RESOURCE) RealSolarSystem/ResourceConfigs/Uraninite/PLANETARY_RESOURCE
[LOG 15:22:27.126] Config(PLANETARY_RESOURCE) RealSolarSystem/ResourceConfigs/Uraninite/PLANETARY_RESOURCE
[LOG 15:22:27.127] Config(PLANETARY_RESOURCE) RealSolarSystem/ResourceConfigs/Uraninite/PLANETARY_RESOURCE
[LOG 15:22:27.127] Config(PLANETARY_RESOURCE) RealSolarSystem/ResourceConfigs/Uraninite/PLANETARY_RESOURCE
[LOG 15:22:27.127] Config(PLANETARY_RESOURCE) RealSolarSystem/ResourceConfigs/Water/PLANETARY_RESOURCE
[LOG 15:22:27.127] Config(PLANETARY_RESOURCE) RealSolarSystem/ResourceConfigs/Water/PLANETARY_RESOURCE
[LOG 15:22:27.127] Config(PLANETARY_RESOURCE) RealSolarSystem/ResourceConfigs/Water/PLANETARY_RESOURCE
[LOG 15:22:27.127] Config(PLANETARY_RESOURCE) RealSolarSystem/ResourceConfigs/Water/PLANETARY_RESOURCE
[LOG 15:22:27.127] Config(PLANETARY_RESOURCE) RealSolarSystem/ResourceConfigs/Water/PLANETARY_RESOURCE
[LOG 15:22:27.127] Config(PLANETARY_RESOURCE) RealSolarSystem/ResourceConfigs/Water/PLANETARY_RESOURCE
[LOG 15:22:27.127] Config(PLANETARY_RESOURCE) RealSolarSystem/ResourceConfigs/Water/PLANETARY_RESOURCE
[LOG 15:22:27.127] Config(PLANETARY_RESOURCE) RealSolarSystem/ResourceConfigs/Water/PLANETARY_RESOURCE
[LOG 15:22:27.127] Config(PLANETARY_RESOURCE) RealSolarSystem/ResourceConfigs/Water/PLANETARY_RESOURCE
[LOG 15:22:27.127] Config(PLANETARY_RESOURCE) RealSolarSystem/ResourceConfigs/Water/PLANETARY_RESOURCE
[LOG 15:22:27.127] Config(PLANETARY_RESOURCE) RealSolarSystem/ResourceConfigs/Water/PLANETARY_RESOURCE
[LOG 15:22:27.127] Config(PLANETARY_RESOURCE) RealSolarSystem/ResourceConfigs/Water/PLANETARY_RESOURCE
[LOG 15:22:27.127] Config(BIOME_RESOURCE) RealSolarSystem/ResourceConfigs/Water/BIOME_RESOURCE
[LOG 15:22:27.127] Config(BIOME_RESOURCE) RealSolarSystem/ResourceConfigs/Water/BIOME_RESOURCE
[LOG 15:22:27.127] Config(BIOME_RESOURCE) RealSolarSystem/ResourceConfigs/Water/BIOME_RESOURCE
[LOG 15:22:27.127] Config(PLANETARY_RESOURCE) RealSolarSystem/ResourceConfigs/Water/PLANETARY_RESOURCE
[LOG 15:22:27.127] Config(PLANETARY_RESOURCE) RealSolarSystem/ResourceConfigs/Water/PLANETARY_RESOURCE
[LOG 15:22:27.127] Config(PLANETARY_RESOURCE) RealSolarSystem/ResourceConfigs/Water/PLANETARY_RESOURCE
[LOG 15:22:27.127] Config(PLANETARY_RESOURCE) RealSolarSystem/ResourceConfigs/Water/PLANETARY_RESOURCE
[LOG 15:22:27.127] Config(PLANETARY_RESOURCE) RealSolarSystem/ResourceConfigs/XenonGas/PLANETARY_RESOURCE
[LOG 15:22:27.127] Config(PLANETARY_RESOURCE) RealSolarSystem/ResourceConfigs/XenonGas/PLANETARY_RESOURCE
[LOG 15:22:27.127] Config(@Kopernicus:AFTER[RealSolarSystem]) RealSolarSystem/RSSKopernicus/NavballSwitchAltitude/@Kopernicus:AFTER[RealSolarSystem]
[LOG 15:22:27.127] Config(@Kopernicus:FOR[RealSolarSystem]) RealSolarSystem/RSSKopernicus/Sun/@Kopernicus:FOR[RealSolarSystem]
[LOG 15:22:27.127] Config(@Kopernicus:FOR[RealSolarSystem]) RealSolarSystem/RSSKopernicus/Asteroids/Asteroids/@Kopernicus:FOR[RealSolarSystem]
[LOG 15:22:27.127] Config(@PART[*]:HAS[@MODULE[ModuleAsteroid]]:FOR[RealSolarSystem]) RealSolarSystem/RSSKopernicus/Asteroids/Asteroids/@PART[*]:HAS[@MODULE[ModuleAsteroid]]:FOR[RealSolarSystem]
[LOG 15:22:27.127] Config(@Kopernicus:FOR[RealSolarSystem]) RealSolarSystem/RSSKopernicus/Ceres/Ceres/@Kopernicus:FOR[RealSolarSystem]
[LOG 15:22:27.127] Config(@Kopernicus:FOR[RealSolarSystem]) RealSolarSystem/RSSKopernicus/Earth/Earth/@Kopernicus:FOR[RealSolarSystem]
[LOG 15:22:27.128] Config(@Kopernicus:FOR[RealSolarSystem]) RealSolarSystem/RSSKopernicus/Earth/Moon/@Kopernicus:FOR[RealSolarSystem]
[LOG 15:22:27.128] Config(@Kopernicus:FOR[RealSolarSystem]) RealSolarSystem/RSSKopernicus/Jupiter/Callisto/@Kopernicus:FOR[RealSolarSystem]
[LOG 15:22:27.128] Config(@Kopernicus:FOR[RealSolarSystem]) RealSolarSystem/RSSKopernicus/Jupiter/Europa/@Kopernicus:FOR[RealSolarSystem]
[LOG 15:22:27.128] Config(@Kopernicus:FOR[RealSolarSystem]) RealSolarSystem/RSSKopernicus/Jupiter/Ganymede/@Kopernicus:FOR[RealSolarSystem]
[LOG 15:22:27.128] Config(@Kopernicus:FOR[RealSolarSystem]) RealSolarSystem/RSSKopernicus/Jupiter/Io/@Kopernicus:FOR[RealSolarSystem]
[LOG 15:22:27.128] Config(@Kopernicus:FOR[RealSolarSystem]) RealSolarSystem/RSSKopernicus/Jupiter/Jupiter/@Kopernicus:FOR[RealSolarSystem]
[LOG 15:22:27.128] Config(@Kopernicus:FOR[RealSolarSystem]) RealSolarSystem/RSSKopernicus/Jupiter/Jupiter_Oblate/@Kopernicus:FOR[RealSolarSystem]
[LOG 15:22:27.128] Config(@Kopernicus:FOR[RealSolarSystem]) RealSolarSystem/RSSKopernicus/Mars/Deimos/@Kopernicus:FOR[RealSolarSystem]
[LOG 15:22:27.128] Config(@Kopernicus:FOR[RealSolarSystem]) RealSolarSystem/RSSKopernicus/Mars/Mars/@Kopernicus:FOR[RealSolarSystem]
[LOG 15:22:27.128] Config(@Kopernicus:FOR[RealSolarSystem]) RealSolarSystem/RSSKopernicus/Mars/Phobos/@Kopernicus:FOR[RealSolarSystem]
[LOG 15:22:27.128] Config(@Kopernicus:FOR[RealSolarSystem]) RealSolarSystem/RSSKopernicus/Mercury/Mercury/@Kopernicus:FOR[RealSolarSystem]
[LOG 15:22:27.128] Config(@Kopernicus:FOR[RealSolarSystem]) RealSolarSystem/RSSKopernicus/Neptune/Neptune/@Kopernicus:FOR[RealSolarSystem]
[LOG 15:22:27.128] Config(@Kopernicus:FOR[RealSolarSystem]) RealSolarSystem/RSSKopernicus/Neptune/Neptune_Oblate/@Kopernicus:FOR[RealSolarSystem]
[LOG 15:22:27.128] Config(@Kopernicus:FOR[RealSolarSystem]) RealSolarSystem/RSSKopernicus/Neptune/Triton/@Kopernicus:FOR[RealSolarSystem]
[LOG 15:22:27.128] Config(@Kopernicus:FOR[RealSolarSystem]) RealSolarSystem/RSSKopernicus/Neptune/Triton_Rotation/@Kopernicus:FOR[RealSolarSystem]
[LOG 15:22:27.128] Config(@Kopernicus:FOR[RealSolarSystem]) RealSolarSystem/RSSKopernicus/Pluto/Charon/@Kopernicus:FOR[RealSolarSystem]
[LOG 15:22:27.128] Config(@Kopernicus:FOR[RealSolarSystem]) RealSolarSystem/RSSKopernicus/Pluto/Pluto/@Kopernicus:FOR[RealSolarSystem]
[LOG 15:22:27.128] Config(@Kopernicus:FOR[RealSolarSystem]) RealSolarSystem/RSSKopernicus/Pluto/RotationPeriod/@Kopernicus:FOR[RealSolarSystem]
[LOG 15:22:27.128] Config(@Kopernicus:FOR[RealSolarSystem]) RealSolarSystem/RSSKopernicus/Saturn/Dione/@Kopernicus:FOR[RealSolarSystem]
[LOG 15:22:27.128] Config(@Kopernicus:FOR[RealSolarSystem]) RealSolarSystem/RSSKopernicus/Saturn/Enceladus/@Kopernicus:FOR[RealSolarSystem]
[LOG 15:22:27.128] Config(@Kopernicus:FOR[RealSolarSystem]) RealSolarSystem/RSSKopernicus/Saturn/Iapetus/@Kopernicus:FOR[RealSolarSystem]
[LOG 15:22:27.128] Config(@Kopernicus:FOR[RealSolarSystem]) RealSolarSystem/RSSKopernicus/Saturn/Mimas/@Kopernicus:FOR[RealSolarSystem]
[LOG 15:22:27.128] Config(@Kopernicus:FOR[RealSolarSystem]) RealSolarSystem/RSSKopernicus/Saturn/Rhea/@Kopernicus:FOR[RealSolarSystem]
[LOG 15:22:27.128] Config(@Kopernicus:FOR[RealSolarSystem]) RealSolarSystem/RSSKopernicus/Saturn/Saturn/@Kopernicus:FOR[RealSolarSystem]
[LOG 15:22:27.129] Config(@Kopernicus:FOR[RealSolarSystem]) RealSolarSystem/RSSKopernicus/Saturn/Saturn_Oblate/@Kopernicus:FOR[RealSolarSystem]
[LOG 15:22:27.129] Config(@Kopernicus:FOR[RealSolarSystem]) RealSolarSystem/RSSKopernicus/Saturn/Tethys/@Kopernicus:FOR[RealSolarSystem]
[LOG 15:22:27.129] Config(@Kopernicus:FOR[RealSolarSystem]) RealSolarSystem/RSSKopernicus/Saturn/Titan/@Kopernicus:FOR[RealSolarSystem]
[LOG 15:22:27.129] Config(@Kopernicus:FOR[RealSolarSystem]) RealSolarSystem/RSSKopernicus/Uranus/Ariel/@Kopernicus:FOR[RealSolarSystem]
[LOG 15:22:27.129] Config(@Kopernicus:FOR[RealSolarSystem]) RealSolarSystem/RSSKopernicus/Uranus/Miranda/@Kopernicus:FOR[RealSolarSystem]
[LOG 15:22:27.129] Config(@Kopernicus:FOR[RealSolarSystem]) RealSolarSystem/RSSKopernicus/Uranus/Oberon/@Kopernicus:FOR[RealSolarSystem]
[LOG 15:22:27.129] Config(@Kopernicus:FOR[RealSolarSystem]) RealSolarSystem/RSSKopernicus/Uranus/Titania/@Kopernicus:FOR[RealSolarSystem]
[LOG 15:22:27.129] Config(@Kopernicus:FOR[RealSolarSystem]) RealSolarSystem/RSSKopernicus/Uranus/Umbriel/@Kopernicus:FOR[RealSolarSystem]
[LOG 15:22:27.129] Config(@Kopernicus:FOR[RealSolarSystem]) RealSolarSystem/RSSKopernicus/Uranus/Uranus/@Kopernicus:FOR[RealSolarSystem]
[LOG 15:22:27.129] Config(@Kopernicus:FOR[RealSolarSystem]) RealSolarSystem/RSSKopernicus/Uranus/Uranus_Oblate/@Kopernicus:FOR[RealSolarSystem]
[LOG 15:22:27.129] Config(@Kopernicus:FOR[RealSolarSystem]) RealSolarSystem/RSSKopernicus/Venus/Venus/@Kopernicus:FOR[RealSolarSystem]
[LOG 15:22:27.129] Config(@Kopernicus:FOR[RealSolarSystem]) RealSolarSystem/RSSKopernicus/Vesta/Vesta/@Kopernicus:FOR[RealSolarSystem]
[LOG 15:22:27.129] Config(AGENT) Squad/Agencies/Agents/C7 Aerospace Division
[LOG 15:22:27.129] Config(AGENT) Squad/Agencies/Agents/Dinkelstein Kerman's Construction Emporium
[LOG 15:22:27.129] Config(AGENT) Squad/Agencies/Agents/Experimental Engineering Group
[LOG 15:22:27.129] Config(AGENT) Squad/Agencies/Agents/FLOOYD Dynamics Research Labs
[LOG 15:22:27.129] Config(AGENT) Squad/Agencies/Agents/Goliath National Products
[LOG 15:22:27.129] Config(AGENT) Squad/Agencies/Agents/Integrated Integrals
[LOG 15:22:27.129] Config(AGENT) Squad/Agencies/Agents/Ionic Symphonic Protonic Electronics
[LOG 15:22:27.129] Config(AGENT) Squad/Agencies/Agents/Jebediah Kerman's Junkyard and Spacecraft Parts Co
[LOG 15:22:27.129] Config(AGENT) Squad/Agencies/Agents/Kerbal Motion LLC
[LOG 15:22:27.129] Config(AGENT) Squad/Agencies/Agents/Kerbin World-Firsts Record-Keeping Society
[LOG 15:22:27.129] Config(AGENT) Squad/Agencies/Agents/Kerbodyne
[LOG 15:22:27.129] Config(AGENT) Squad/Agencies/Agents/Kerlington Model Rockets and Paper Products Inc
[LOG 15:22:27.129] Config(AGENT) Squad/Agencies/Agents/Maxo Construction Toys
[LOG 15:22:27.134] Config(AGENT) Squad/Agencies/Agents/Moving Parts Experts Group
[LOG 15:22:27.134] Config(AGENT) Squad/Agencies/Agents/O.M.B. Demolition Enterprises
[LOG 15:22:27.134] Config(AGENT) Squad/Agencies/Agents/Periapsis Rocket Supplies Co
[LOG 15:22:27.134] Config(AGENT) Squad/Agencies/Agents/Probodobodyne Inc
[LOG 15:22:27.134] Config(AGENT) Squad/Agencies/Agents/Research & Development Department
[LOG 15:22:27.134] Config(AGENT) Squad/Agencies/Agents/Reaction Systems Ltd
[LOG 15:22:27.134] Config(AGENT) Squad/Agencies/Agents/Rockomax Conglomerate
[LOG 15:22:27.134] Config(AGENT) Squad/Agencies/Agents/Rokea Inc
[LOG 15:22:27.134] Config(AGENT) Squad/Agencies/Agents/Sean's Cannery
[LOG 15:22:27.134] Config(AGENT) Squad/Agencies/Agents/STEADLER Engineering Corps
[LOG 15:22:27.134] Config(AGENT) Squad/Agencies/Agents/StrutCo
[LOG 15:22:27.134] Config(AGENT) Squad/Agencies/Agents/Vac-Co Advanced Suction Systems
[LOG 15:22:27.134] Config(AGENT) Squad/Agencies/Agents/WinterOwl Aircraft Emporium
[LOG 15:22:27.134] Config(AGENT) Squad/Agencies/Agents/Zaltonic Electronics
[LOG 15:22:27.134] Config(CONTRACT_CONSTRUCTION_PARTS) Squad/Contracts/constructionContractParts/CONTRACT_CONSTRUCTION_PARTS
[LOG 15:22:27.134] Config(Contracts) Squad/Contracts/Contracts/Contracts
[LOG 15:22:27.134] Config(CONTRACTCRAFT) Squad/Contracts/PrebuiltCraft/prebuiltData/CONTRACTCRAFT
[LOG 15:22:27.134] Config(CONTRACTCRAFT) Squad/Contracts/PrebuiltCraft/OrbitalConstructionContract/orbitalConstructionContractCraft/CONTRACTCRAFT
[LOG 15:22:27.134] Config(CONTRACTCRAFT) Squad/Contracts/PrebuiltCraft/RepairContract/repairContractCraft/CONTRACTCRAFT
[LOG 15:22:27.134] Config(CONTRACTCRAFT) Squad/Contracts/PrebuiltCraft/RoverContract/roverContractCraft/CONTRACTCRAFT
[LOG 15:22:27.134] Config(KEYBOARD_LAYOUT) Squad/Controls/Azerty/#autoLOC_6001233
[LOG 15:22:27.134] Config(PITCH_DOWN) Squad/Controls/Azerty/PITCH_DOWN
[LOG 15:22:27.134] Config(PITCH_UP) Squad/Controls/Azerty/PITCH_UP
[LOG 15:22:27.134] Config(YAW_LEFT) Squad/Controls/Azerty/YAW_LEFT
[LOG 15:22:27.134] Config(YAW_RIGHT) Squad/Controls/Azerty/YAW_RIGHT
[LOG 15:22:27.134] Config(ROLL_LEFT) Squad/Controls/Azerty/ROLL_LEFT
[LOG 15:22:27.135] Config(ROLL_RIGHT) Squad/Controls/Azerty/ROLL_RIGHT
[LOG 15:22:27.135] Config(THROTTLE_UP) Squad/Controls/Azerty/THROTTLE_UP
[LOG 15:22:27.135] Config(THROTTLE_DOWN) Squad/Controls/Azerty/THROTTLE_DOWN
[LOG 15:22:27.135] Config(SAS_HOLD) Squad/Controls/Azerty/SAS_HOLD
[LOG 15:22:27.135] Config(SAS_TOGGLE) Squad/Controls/Azerty/SAS_TOGGLE
[LOG 15:22:27.135] Config(LAUNCH_STAGES) Squad/Controls/Azerty/LAUNCH_STAGES
[LOG 15:22:27.135] Config(Docking_toggleRotLin) Squad/Controls/Azerty/Docking_toggleRotLin
[LOG 15:22:27.135] Config(CAMERA_MODE) Squad/Controls/Azerty/CAMERA_MODE
[LOG 15:22:27.135] Config(CAMERA_NEXT) Squad/Controls/Azerty/CAMERA_NEXT
[LOG 15:22:27.135] Config(PAUSE) Squad/Controls/Azerty/PAUSE
[LOG 15:22:27.135] Config(PRECISION_CTRL) Squad/Controls/Azerty/PRECISION_CTRL
[LOG 15:22:27.135] Config(ZOOM_IN) Squad/Controls/Azerty/ZOOM_IN
[LOG 15:22:27.135] Config(ZOOM_OUT) Squad/Controls/Azerty/ZOOM_OUT
[LOG 15:22:27.135] Config(SCROLL_VIEW_UP) Squad/Controls/Azerty/SCROLL_VIEW_UP
[LOG 15:22:27.135] Config(SCROLL_VIEW_DOWN) Squad/Controls/Azerty/SCROLL_VIEW_DOWN
[LOG 15:22:27.135] Config(SCROLL_ICONS_UP) Squad/Controls/Azerty/SCROLL_ICONS_UP
[LOG 15:22:27.135] Config(SCROLL_ICONS_DOWN) Squad/Controls/Azerty/SCROLL_ICONS_DOWN
[LOG 15:22:27.135] Config(CAMERA_ORBIT_UP) Squad/Controls/Azerty/CAMERA_ORBIT_UP
[LOG 15:22:27.135] Config(CAMERA_ORBIT_DOWN) Squad/Controls/Azerty/CAMERA_ORBIT_DOWN
[LOG 15:22:27.135] Config(CAMERA_ORBIT_LEFT) Squad/Controls/Azerty/CAMERA_ORBIT_LEFT
[LOG 15:22:27.135] Config(CAMERA_ORBIT_RIGHT) Squad/Controls/Azerty/CAMERA_ORBIT_RIGHT
[LOG 15:22:27.135] Config(CAMERA_RESET) Squad/Controls/Azerty/CAMERA_RESET
[LOG 15:22:27.135] Config(CAMERA_MOUSE_TOGGLE) Squad/Controls/Azerty/CAMERA_MOUSE_TOGGLE
[LOG 15:22:27.135] Config(TIME_WARP_INCREASE) Squad/Controls/Azerty/TIME_WARP_INCREASE
[LOG 15:22:27.135] Config(TIME_WARP_DECREASE) Squad/Controls/Azerty/TIME_WARP_DECREASE
[LOG 15:22:27.136] Config(TIME_WARP_STOP) Squad/Controls/Azerty/TIME_WARP_STOP
[LOG 15:22:27.136] Config(MAP_VIEW_TOGGLE) Squad/Controls/Azerty/MAP_VIEW_TOGGLE
[LOG 15:22:27.136] Config(NAVBALL_TOGGLE) Squad/Controls/Azerty/NAVBALL_TOGGLE
[LOG 15:22:27.136] Config(UIMODE_STAGING) Squad/Controls/Azerty/UIMODE_STAGING
[LOG 15:22:27.136] Config(UIMODE_DOCKING) Squad/Controls/Azerty/UIMODE_DOCKING
[LOG 15:22:27.136] Config(TRANSLATE_DOWN) Squad/Controls/Azerty/TRANSLATE_DOWN
[LOG 15:22:27.136] Config(TRANSLATE_UP) Squad/Controls/Azerty/TRANSLATE_UP
[LOG 15:22:27.136] Config(TRANSLATE_LEFT) Squad/Controls/Azerty/TRANSLATE_LEFT
[LOG 15:22:27.136] Config(TRANSLATE_RIGHT) Squad/Controls/Azerty/TRANSLATE_RIGHT
[LOG 15:22:27.136] Config(TRANSLATE_FWD) Squad/Controls/Azerty/TRANSLATE_FWD
[LOG 15:22:27.136] Config(TRANSLATE_BACK) Squad/Controls/Azerty/TRANSLATE_BACK
[LOG 15:22:27.136] Config(RCS_TOGGLE) Squad/Controls/Azerty/RCS_TOGGLE
[LOG 15:22:27.136] Config(FOCUS_NEXT_VESSEL) Squad/Controls/Azerty/FOCUS_NEXT_VESSEL
[LOG 15:22:27.136] Config(FOCUS_PREV_VESSEL) Squad/Controls/Azerty/FOCUS_PREV_VESSEL
[LOG 15:22:27.136] Config(TOGGLE_UI) Squad/Controls/Azerty/TOGGLE_UI
[LOG 15:22:27.136] Config(TOGGLE_STATUS_SCREEN) Squad/Controls/Azerty/TOGGLE_STATUS_SCREEN
[LOG 15:22:27.136] Config(TAKE_SCREENSHOT) Squad/Controls/Azerty/TAKE_SCREENSHOT
[LOG 15:22:27.136] Config(TOGGLE_LABELS) Squad/Controls/Azerty/TOGGLE_LABELS
[LOG 15:22:27.136] Config(TOGGLE_TEMP_GAUGES) Squad/Controls/Azerty/TOGGLE_TEMP_GAUGES
[LOG 15:22:27.136] Config(TOGGLE_TEMP_OVERLAY) Squad/Controls/Azerty/TOGGLE_TEMP_OVERLAY
[LOG 15:22:27.136] Config(TOGGLE_FLIGHT_FORCES) Squad/Controls/Azerty/TOGGLE_FLIGHT_FORCES
[LOG 15:22:27.136] Config(QUICKSAVE) Squad/Controls/Azerty/QUICKSAVE
[LOG 15:22:27.136] Config(QUICKLOAD) Squad/Controls/Azerty/QUICKLOAD
[LOG 15:22:27.136] Config(THROTTLE_CUTOFF) Squad/Controls/Azerty/THROTTLE_CUTOFF
[LOG 15:22:27.136] Config(THROTTLE_FULL) Squad/Controls/Azerty/THROTTLE_FULL
[LOG 15:22:27.136] Config(LANDING_GEAR) Squad/Controls/Azerty/LANDING_GEAR
[LOG 15:22:27.136] Config(HEADLIGHT_TOGGLE) Squad/Controls/Azerty/HEADLIGHT_TOGGLE
[LOG 15:22:27.136] Config(BRAKES) Squad/Controls/Azerty/BRAKES
[LOG 15:22:27.136] Config(TOGGLE_SPACENAV_FLIGHT_CONTROL) Squad/Controls/Azerty/TOGGLE_SPACENAV_FLIGHT_CONTROL
[LOG 15:22:27.136] Config(TOGGLE_SPACENAV_ROLL_LOCK) Squad/Controls/Azerty/TOGGLE_SPACENAV_ROLL_LOCK
[LOG 15:22:27.136] Config(WHEEL_STEER_LEFT) Squad/Controls/Azerty/WHEEL_STEER_LEFT
[LOG 15:22:27.137] Config(WHEEL_STEER_RIGHT) Squad/Controls/Azerty/WHEEL_STEER_RIGHT
[LOG 15:22:27.137] Config(WHEEL_THROTTLE_DOWN) Squad/Controls/Azerty/WHEEL_THROTTLE_DOWN
[LOG 15:22:27.137] Config(WHEEL_THROTTLE_UP) Squad/Controls/Azerty/WHEEL_THROTTLE_UP
[LOG 15:22:27.137] Config(EVA_forward) Squad/Controls/Azerty/EVA_forward
[LOG 15:22:27.137] Config(EVA_back) Squad/Controls/Azerty/EVA_back
[LOG 15:22:27.137] Config(EVA_left) Squad/Controls/Azerty/EVA_left
[LOG 15:22:27.137] Config(EVA_right) Squad/Controls/Azerty/EVA_right
[LOG 15:22:27.137] Config(EVA_yaw_left) Squad/Controls/Azerty/EVA_yaw_left
[LOG 15:22:27.137] Config(EVA_yaw_right) Squad/Controls/Azerty/EVA_yaw_right
[LOG 15:22:27.137] Config(EVA_Pack_forward) Squad/Controls/Azerty/EVA_Pack_forward
[LOG 15:22:27.137] Config(EVA_Pack_back) Squad/Controls/Azerty/EVA_Pack_back
[LOG 15:22:27.137] Config(EVA_Pack_left) Squad/Controls/Azerty/EVA_Pack_left
[LOG 15:22:27.137] Config(EVA_Pack_right) Squad/Controls/Azerty/EVA_Pack_right
[LOG 15:22:27.137] Config(EVA_Pack_up) Squad/Controls/Azerty/EVA_Pack_up
[LOG 15:22:27.137] Config(EVA_Pack_down) Squad/Controls/Azerty/EVA_Pack_down
[LOG 15:22:27.137] Config(EVA_Jump) Squad/Controls/Azerty/EVA_Jump
[LOG 15:22:27.137] Config(EVA_Run) Squad/Controls/Azerty/EVA_Run
[LOG 15:22:27.137] Config(EVA_ToggleMovementMode) Squad/Controls/Azerty/EVA_ToggleMovementMode
[LOG 15:22:27.137] Config(EVA_TogglePack) Squad/Controls/Azerty/EVA_TogglePack
[LOG 15:22:27.137] Config(EVA_Use) Squad/Controls/Azerty/EVA_Use
[LOG 15:22:27.137] Config(EVA_Board) Squad/Controls/Azerty/EVA_Board
[LOG 15:22:27.137] Config(EVA_Orient) Squad/Controls/Azerty/EVA_Orient
[LOG 15:22:27.137] Config(EVA_Lights) Squad/Controls/Azerty/EVA_Lights
[LOG 15:22:27.137] Config(EVA_ChuteDeploy) Squad/Controls/Azerty/EVA_ChuteDeploy
[LOG 15:22:27.137] Config(Editor_pitchUp) Squad/Controls/Azerty/Editor_pitchUp
[LOG 15:22:27.137] Config(Editor_pitchDown) Squad/Controls/Azerty/Editor_pitchDown
[LOG 15:22:27.137] Config(Editor_yawLeft) Squad/Controls/Azerty/Editor_yawLeft
[LOG 15:22:27.137] Config(Editor_yawRight) Squad/Controls/Azerty/Editor_yawRight
[LOG 15:22:27.137] Config(Editor_rollLeft) Squad/Controls/Azerty/Editor_rollLeft
[LOG 15:22:27.137] Config(Editor_rollRight) Squad/Controls/Azerty/Editor_rollRight
[LOG 15:22:27.137] Config(Editor_resetRotation) Squad/Controls/Azerty/Editor_resetRotation
[LOG 15:22:27.138] Config(Editor_modePlace) Squad/Controls/Azerty/Editor_modePlace
[LOG 15:22:27.138] Config(Editor_modeOffset) Squad/Controls/Azerty/Editor_modeOffset
[LOG 15:22:27.138] Config(Editor_modeRotate) Squad/Controls/Azerty/Editor_modeRotate
[LOG 15:22:27.138] Config(Editor_modeRoot) Squad/Controls/Azerty/Editor_modeRoot
[LOG 15:22:27.138] Config(Editor_coordSystem) Squad/Controls/Azerty/Editor_coordSystem
[LOG 15:22:27.138] Config(Editor_toggleSymMethod) Squad/Controls/Azerty/Editor_toggleSymMethod
[LOG 15:22:27.138] Config(Editor_toggleSymMode) Squad/Controls/Azerty/Editor_toggleSymMode
[LOG 15:22:27.138] Config(Editor_toggleAngleSnap) Squad/Controls/Azerty/Editor_toggleAngleSnap
[LOG 15:22:27.138] Config(Editor_fineTweak) Squad/Controls/Azerty/Editor_fineTweak
[LOG 15:22:27.138] Config(Editor_partSearch) Squad/Controls/Azerty/Editor_partSearch
[LOG 15:22:27.138] Config(Editor_zoomScrollModifier) Squad/Controls/Azerty/Editor_zoomScrollModifier
[LOG 15:22:27.138] Config(MODIFIER_KEY) Squad/Controls/Azerty/MODIFIER_KEY
[LOG 15:22:27.138] Config(AbortActionGroup) Squad/Controls/Azerty/AbortActionGroup
[LOG 15:22:27.138] Config(CustomActionGroup1) Squad/Controls/Azerty/CustomActionGroup1
[LOG 15:22:27.138] Config(CustomActionGroup2) Squad/Controls/Azerty/CustomActionGroup2
[LOG 15:22:27.138] Config(CustomActionGroup3) Squad/Controls/Azerty/CustomActionGroup3
[LOG 15:22:27.138] Config(CustomActionGroup4) Squad/Controls/Azerty/CustomActionGroup4
[LOG 15:22:27.138] Config(CustomActionGroup5) Squad/Controls/Azerty/CustomActionGroup5
[LOG 15:22:27.138] Config(CustomActionGroup6) Squad/Controls/Azerty/CustomActionGroup6
[LOG 15:22:27.138] Config(CustomActionGroup7) Squad/Controls/Azerty/CustomActionGroup7
[LOG 15:22:27.138] Config(CustomActionGroup8) Squad/Controls/Azerty/CustomActionGroup8
[LOG 15:22:27.138] Config(CustomActionGroup9) Squad/Controls/Azerty/CustomActionGroup9
[LOG 15:22:27.138] Config(CustomActionGroup10) Squad/Controls/Azerty/CustomActionGroup10
[LOG 15:22:27.138] Config(KEY_MAP) Squad/Controls/Azerty/KEY_MAP
[LOG 15:22:27.138] Config(KEYBOARD_LAYOUT) Squad/Controls/Dvorak/#autoLOC_6001234
[LOG 15:22:27.138] Config(PITCH_DOWN) Squad/Controls/Dvorak/PITCH_DOWN
[LOG 15:22:27.138] Config(PITCH_UP) Squad/Controls/Dvorak/PITCH_UP
[LOG 15:22:27.138] Config(YAW_LEFT) Squad/Controls/Dvorak/YAW_LEFT
[LOG 15:22:27.139] Config(YAW_RIGHT) Squad/Controls/Dvorak/YAW_RIGHT
[LOG 15:22:27.139] Config(ROLL_LEFT) Squad/Controls/Dvorak/ROLL_LEFT
[LOG 15:22:27.139] Config(ROLL_RIGHT) Squad/Controls/Dvorak/ROLL_RIGHT
[LOG 15:22:27.139] Config(THROTTLE_UP) Squad/Controls/Dvorak/THROTTLE_UP
[LOG 15:22:27.139] Config(THROTTLE_DOWN) Squad/Controls/Dvorak/THROTTLE_DOWN
[LOG 15:22:27.139] Config(SAS_HOLD) Squad/Controls/Dvorak/SAS_HOLD
[LOG 15:22:27.139] Config(SAS_TOGGLE) Squad/Controls/Dvorak/SAS_TOGGLE
[LOG 15:22:27.139] Config(LAUNCH_STAGES) Squad/Controls/Dvorak/LAUNCH_STAGES
[LOG 15:22:27.139] Config(Docking_toggleRotLin) Squad/Controls/Dvorak/Docking_toggleRotLin
[LOG 15:22:27.139] Config(CAMERA_MODE) Squad/Controls/Dvorak/CAMERA_MODE
[LOG 15:22:27.139] Config(CAMERA_NEXT) Squad/Controls/Dvorak/CAMERA_NEXT
[LOG 15:22:27.139] Config(PAUSE) Squad/Controls/Dvorak/PAUSE
[LOG 15:22:27.139] Config(PRECISION_CTRL) Squad/Controls/Dvorak/PRECISION_CTRL
[LOG 15:22:27.139] Config(ZOOM_IN) Squad/Controls/Dvorak/ZOOM_IN
[LOG 15:22:27.139] Config(ZOOM_OUT) Squad/Controls/Dvorak/ZOOM_OUT
[LOG 15:22:27.139] Config(SCROLL_VIEW_UP) Squad/Controls/Dvorak/SCROLL_VIEW_UP
[LOG 15:22:27.139] Config(SCROLL_VIEW_DOWN) Squad/Controls/Dvorak/SCROLL_VIEW_DOWN
[LOG 15:22:27.139] Config(SCROLL_ICONS_UP) Squad/Controls/Dvorak/SCROLL_ICONS_UP
[LOG 15:22:27.139] Config(SCROLL_ICONS_DOWN) Squad/Controls/Dvorak/SCROLL_ICONS_DOWN
[LOG 15:22:27.139] Config(CAMERA_ORBIT_UP) Squad/Controls/Dvorak/CAMERA_ORBIT_UP
[LOG 15:22:27.139] Config(CAMERA_ORBIT_DOWN) Squad/Controls/Dvorak/CAMERA_ORBIT_DOWN
[LOG 15:22:27.139] Config(CAMERA_ORBIT_LEFT) Squad/Controls/Dvorak/CAMERA_ORBIT_LEFT
[LOG 15:22:27.139] Config(CAMERA_ORBIT_RIGHT) Squad/Controls/Dvorak/CAMERA_ORBIT_RIGHT
[LOG 15:22:27.139] Config(CAMERA_RESET) Squad/Controls/Dvorak/CAMERA_RESET
[LOG 15:22:27.139] Config(CAMERA_MOUSE_TOGGLE) Squad/Controls/Dvorak/CAMERA_MOUSE_TOGGLE
[LOG 15:22:27.139] Config(TIME_WARP_INCREASE) Squad/Controls/Dvorak/TIME_WARP_INCREASE
[LOG 15:22:27.139] Config(TIME_WARP_DECREASE) Squad/Controls/Dvorak/TIME_WARP_DECREASE
[LOG 15:22:27.139] Config(TIME_WARP_STOP) Squad/Controls/Dvorak/TIME_WARP_STOP
[LOG 15:22:27.139] Config(MAP_VIEW_TOGGLE) Squad/Controls/Dvorak/MAP_VIEW_TOGGLE
[LOG 15:22:27.139] Config(NAVBALL_TOGGLE) Squad/Controls/Dvorak/NAVBALL_TOGGLE
[LOG 15:22:27.139] Config(UIMODE_STAGING) Squad/Controls/Dvorak/UIMODE_STAGING
[LOG 15:22:27.140] Config(UIMODE_DOCKING) Squad/Controls/Dvorak/UIMODE_DOCKING
[LOG 15:22:27.140] Config(TRANSLATE_DOWN) Squad/Controls/Dvorak/TRANSLATE_DOWN
[LOG 15:22:27.140] Config(TRANSLATE_UP) Squad/Controls/Dvorak/TRANSLATE_UP
[LOG 15:22:27.140] Config(TRANSLATE_LEFT) Squad/Controls/Dvorak/TRANSLATE_LEFT
[LOG 15:22:27.140] Config(TRANSLATE_RIGHT) Squad/Controls/Dvorak/TRANSLATE_RIGHT
[LOG 15:22:27.140] Config(TRANSLATE_FWD) Squad/Controls/Dvorak/TRANSLATE_FWD
[LOG 15:22:27.140] Config(TRANSLATE_BACK) Squad/Controls/Dvorak/TRANSLATE_BACK
[LOG 15:22:27.140] Config(RCS_TOGGLE) Squad/Controls/Dvorak/RCS_TOGGLE
[LOG 15:22:27.140] Config(FOCUS_NEXT_VESSEL) Squad/Controls/Dvorak/FOCUS_NEXT_VESSEL
[LOG 15:22:27.140] Config(FOCUS_PREV_VESSEL) Squad/Controls/Dvorak/FOCUS_PREV_VESSEL
[LOG 15:22:27.140] Config(TOGGLE_UI) Squad/Controls/Dvorak/TOGGLE_UI
[LOG 15:22:27.140] Config(TOGGLE_STATUS_SCREEN) Squad/Controls/Dvorak/TOGGLE_STATUS_SCREEN
[LOG 15:22:27.140] Config(TAKE_SCREENSHOT) Squad/Controls/Dvorak/TAKE_SCREENSHOT
[LOG 15:22:27.140] Config(TOGGLE_LABELS) Squad/Controls/Dvorak/TOGGLE_LABELS
[LOG 15:22:27.140] Config(TOGGLE_TEMP_GAUGES) Squad/Controls/Dvorak/TOGGLE_TEMP_GAUGES
[LOG 15:22:27.140] Config(TOGGLE_TEMP_OVERLAY) Squad/Controls/Dvorak/TOGGLE_TEMP_OVERLAY
[LOG 15:22:27.140] Config(TOGGLE_FLIGHT_FORCES) Squad/Controls/Dvorak/TOGGLE_FLIGHT_FORCES
[LOG 15:22:27.140] Config(QUICKSAVE) Squad/Controls/Dvorak/QUICKSAVE
[LOG 15:22:27.140] Config(QUICKLOAD) Squad/Controls/Dvorak/QUICKLOAD
[LOG 15:22:27.140] Config(THROTTLE_CUTOFF) Squad/Controls/Dvorak/THROTTLE_CUTOFF
[LOG 15:22:27.140] Config(THROTTLE_FULL) Squad/Controls/Dvorak/THROTTLE_FULL
[LOG 15:22:27.140] Config(LANDING_GEAR) Squad/Controls/Dvorak/LANDING_GEAR
[LOG 15:22:27.140] Config(HEADLIGHT_TOGGLE) Squad/Controls/Dvorak/HEADLIGHT_TOGGLE
[LOG 15:22:27.140] Config(BRAKES) Squad/Controls/Dvorak/BRAKES
[LOG 15:22:27.140] Config(TOGGLE_SPACENAV_FLIGHT_CONTROL) Squad/Controls/Dvorak/TOGGLE_SPACENAV_FLIGHT_CONTROL
[LOG 15:22:27.140] Config(TOGGLE_SPACENAV_ROLL_LOCK) Squad/Controls/Dvorak/TOGGLE_SPACENAV_ROLL_LOCK
[LOG 15:22:27.140] Config(WHEEL_STEER_LEFT) Squad/Controls/Dvorak/WHEEL_STEER_LEFT
[LOG 15:22:27.140] Config(WHEEL_STEER_RIGHT) Squad/Controls/Dvorak/WHEEL_STEER_RIGHT
[LOG 15:22:27.140] Config(WHEEL_THROTTLE_DOWN) Squad/Controls/Dvorak/WHEEL_THROTTLE_DOWN
[LOG 15:22:27.140] Config(WHEEL_THROTTLE_UP) Squad/Controls/Dvorak/WHEEL_THROTTLE_UP
[LOG 15:22:27.140] Config(EVA_forward) Squad/Controls/Dvorak/EVA_forward
[LOG 15:22:27.141] Config(EVA_back) Squad/Controls/Dvorak/EVA_back
[LOG 15:22:27.141] Config(EVA_left) Squad/Controls/Dvorak/EVA_left
[LOG 15:22:27.141] Config(EVA_right) Squad/Controls/Dvorak/EVA_right
[LOG 15:22:27.141] Config(EVA_yaw_left) Squad/Controls/Dvorak/EVA_yaw_left
[LOG 15:22:27.141] Config(EVA_yaw_right) Squad/Controls/Dvorak/EVA_yaw_right
[LOG 15:22:27.141] Config(EVA_Pack_forward) Squad/Controls/Dvorak/EVA_Pack_forward
[LOG 15:22:27.141] Config(EVA_Pack_back) Squad/Controls/Dvorak/EVA_Pack_back
[LOG 15:22:27.141] Config(EVA_Pack_left) Squad/Controls/Dvorak/EVA_Pack_left
[LOG 15:22:27.141] Config(EVA_Pack_right) Squad/Controls/Dvorak/EVA_Pack_right
[LOG 15:22:27.141] Config(EVA_Pack_up) Squad/Controls/Dvorak/EVA_Pack_up
[LOG 15:22:27.141] Config(EVA_Pack_down) Squad/Controls/Dvorak/EVA_Pack_down
[LOG 15:22:27.141] Config(EVA_Jump) Squad/Controls/Dvorak/EVA_Jump
[LOG 15:22:27.141] Config(EVA_Run) Squad/Controls/Dvorak/EVA_Run
[LOG 15:22:27.141] Config(EVA_ToggleMovementMode) Squad/Controls/Dvorak/EVA_ToggleMovementMode
[LOG 15:22:27.141] Config(EVA_TogglePack) Squad/Controls/Dvorak/EVA_TogglePack
[LOG 15:22:27.141] Config(EVA_Use) Squad/Controls/Dvorak/EVA_Use
[LOG 15:22:27.141] Config(EVA_Board) Squad/Controls/Dvorak/EVA_Board
[LOG 15:22:27.141] Config(EVA_Orient) Squad/Controls/Dvorak/EVA_Orient
[LOG 15:22:27.141] Config(EVA_Lights) Squad/Controls/Dvorak/EVA_Lights
[LOG 15:22:27.141] Config(EVA_ChuteDeploy) Squad/Controls/Dvorak/EVA_ChuteDeploy
[LOG 15:22:27.141] Config(Editor_pitchUp) Squad/Controls/Dvorak/Editor_pitchUp
[LOG 15:22:27.141] Config(Editor_pitchDown) Squad/Controls/Dvorak/Editor_pitchDown
[LOG 15:22:27.141] Config(Editor_yawLeft) Squad/Controls/Dvorak/Editor_yawLeft
[LOG 15:22:27.141] Config(Editor_yawRight) Squad/Controls/Dvorak/Editor_yawRight
[LOG 15:22:27.141] Config(Editor_rollLeft) Squad/Controls/Dvorak/Editor_rollLeft
[LOG 15:22:27.141] Config(Editor_rollRight) Squad/Controls/Dvorak/Editor_rollRight
[LOG 15:22:27.141] Config(Editor_resetRotation) Squad/Controls/Dvorak/Editor_resetRotation
[LOG 15:22:27.141] Config(Editor_modePlace) Squad/Controls/Dvorak/Editor_modePlace
[LOG 15:22:27.141] Config(Editor_modeOffset) Squad/Controls/Dvorak/Editor_modeOffset
[LOG 15:22:27.141] Config(Editor_modeRotate) Squad/Controls/Dvorak/Editor_modeRotate
[LOG 15:22:27.141] Config(Editor_modeRoot) Squad/Controls/Dvorak/Editor_modeRoot
[LOG 15:22:27.142] Config(Editor_coordSystem) Squad/Controls/Dvorak/Editor_coordSystem
[LOG 15:22:27.142] Config(Editor_toggleSymMethod) Squad/Controls/Dvorak/Editor_toggleSymMethod
[LOG 15:22:27.142] Config(Editor_toggleSymMode) Squad/Controls/Dvorak/Editor_toggleSymMode
[LOG 15:22:27.142] Config(Editor_toggleAngleSnap) Squad/Controls/Dvorak/Editor_toggleAngleSnap
[LOG 15:22:27.142] Config(Editor_fineTweak) Squad/Controls/Dvorak/Editor_fineTweak
[LOG 15:22:27.142] Config(Editor_partSearch) Squad/Controls/Dvorak/Editor_partSearch
[LOG 15:22:27.142] Config(Editor_zoomScrollModifier) Squad/Controls/Dvorak/Editor_zoomScrollModifier
[LOG 15:22:27.142] Config(MODIFIER_KEY) Squad/Controls/Dvorak/MODIFIER_KEY
[LOG 15:22:27.142] Config(AbortActionGroup) Squad/Controls/Dvorak/AbortActionGroup
[LOG 15:22:27.142] Config(CustomActionGroup1) Squad/Controls/Dvorak/CustomActionGroup1
[LOG 15:22:27.142] Config(CustomActionGroup2) Squad/Controls/Dvorak/CustomActionGroup2
[LOG 15:22:27.142] Config(CustomActionGroup3) Squad/Controls/Dvorak/CustomActionGroup3
[LOG 15:22:27.142] Config(CustomActionGroup4) Squad/Controls/Dvorak/CustomActionGroup4
[LOG 15:22:27.142] Config(CustomActionGroup5) Squad/Controls/Dvorak/CustomActionGroup5
[LOG 15:22:27.142] Config(CustomActionGroup6) Squad/Controls/Dvorak/CustomActionGroup6
[LOG 15:22:27.142] Config(CustomActionGroup7) Squad/Controls/Dvorak/CustomActionGroup7
[LOG 15:22:27.142] Config(CustomActionGroup8) Squad/Controls/Dvorak/CustomActionGroup8
[LOG 15:22:27.142] Config(CustomActionGroup9) Squad/Controls/Dvorak/CustomActionGroup9
[LOG 15:22:27.142] Config(CustomActionGroup10) Squad/Controls/Dvorak/CustomActionGroup10
[LOG 15:22:27.142] Config(KEY_MAP) Squad/Controls/Dvorak/KEY_MAP
[LOG 15:22:27.142] Config(KEYBOARD_LAYOUT) Squad/Controls/Qwerty/#autoLOC_6001227
[LOG 15:22:27.142] Config(PITCH_DOWN) Squad/Controls/Qwerty/PITCH_DOWN
[LOG 15:22:27.142] Config(PITCH_UP) Squad/Controls/Qwerty/PITCH_UP
[LOG 15:22:27.142] Config(YAW_LEFT) Squad/Controls/Qwerty/YAW_LEFT
[LOG 15:22:27.142] Config(YAW_RIGHT) Squad/Controls/Qwerty/YAW_RIGHT
[LOG 15:22:27.142] Config(ROLL_LEFT) Squad/Controls/Qwerty/ROLL_LEFT
[LOG 15:22:27.142] Config(ROLL_RIGHT) Squad/Controls/Qwerty/ROLL_RIGHT
[LOG 15:22:27.142] Config(THROTTLE_UP) Squad/Controls/Qwerty/THROTTLE_UP
[LOG 15:22:27.142] Config(THROTTLE_DOWN) Squad/Controls/Qwerty/THROTTLE_DOWN
[LOG 15:22:27.142] Config(SAS_HOLD) Squad/Controls/Qwerty/SAS_HOLD
[LOG 15:22:27.142] Config(SAS_TOGGLE) Squad/Controls/Qwerty/SAS_TOGGLE
[LOG 15:22:27.142] Config(LAUNCH_STAGES) Squad/Controls/Qwerty/LAUNCH_STAGES
[LOG 15:22:27.143] Config(Docking_toggleRotLin) Squad/Controls/Qwerty/Docking_toggleRotLin
[LOG 15:22:27.143] Config(CAMERA_MODE) Squad/Controls/Qwerty/CAMERA_MODE
[LOG 15:22:27.143] Config(CAMERA_NEXT) Squad/Controls/Qwerty/CAMERA_NEXT
[LOG 15:22:27.143] Config(PAUSE) Squad/Controls/Qwerty/PAUSE
[LOG 15:22:27.143] Config(PRECISION_CTRL) Squad/Controls/Qwerty/PRECISION_CTRL
[LOG 15:22:27.143] Config(ZOOM_IN) Squad/Controls/Qwerty/ZOOM_IN
[LOG 15:22:27.143] Config(ZOOM_OUT) Squad/Controls/Qwerty/ZOOM_OUT
[LOG 15:22:27.143] Config(SCROLL_VIEW_UP) Squad/Controls/Qwerty/SCROLL_VIEW_UP
[LOG 15:22:27.143] Config(SCROLL_VIEW_DOWN) Squad/Controls/Qwerty/SCROLL_VIEW_DOWN
[LOG 15:22:27.143] Config(SCROLL_ICONS_UP) Squad/Controls/Qwerty/SCROLL_ICONS_UP
[LOG 15:22:27.143] Config(SCROLL_ICONS_DOWN) Squad/Controls/Qwerty/SCROLL_ICONS_DOWN
[LOG 15:22:27.143] Config(CAMERA_ORBIT_UP) Squad/Controls/Qwerty/CAMERA_ORBIT_UP
[LOG 15:22:27.143] Config(CAMERA_ORBIT_DOWN) Squad/Controls/Qwerty/CAMERA_ORBIT_DOWN
[LOG 15:22:27.143] Config(CAMERA_ORBIT_LEFT) Squad/Controls/Qwerty/CAMERA_ORBIT_LEFT
[LOG 15:22:27.143] Config(CAMERA_ORBIT_RIGHT) Squad/Controls/Qwerty/CAMERA_ORBIT_RIGHT
[LOG 15:22:27.143] Config(CAMERA_RESET) Squad/Controls/Qwerty/CAMERA_RESET
[LOG 15:22:27.143] Config(CAMERA_MOUSE_TOGGLE) Squad/Controls/Qwerty/CAMERA_MOUSE_TOGGLE
[LOG 15:22:27.143] Config(TIME_WARP_INCREASE) Squad/Controls/Qwerty/TIME_WARP_INCREASE
[LOG 15:22:27.143] Config(TIME_WARP_DECREASE) Squad/Controls/Qwerty/TIME_WARP_DECREASE
[LOG 15:22:27.143] Config(TIME_WARP_STOP) Squad/Controls/Qwerty/TIME_WARP_STOP
[LOG 15:22:27.143] Config(MAP_VIEW_TOGGLE) Squad/Controls/Qwerty/MAP_VIEW_TOGGLE
[LOG 15:22:27.143] Config(NAVBALL_TOGGLE) Squad/Controls/Qwerty/NAVBALL_TOGGLE
[LOG 15:22:27.143] Config(UIMODE_STAGING) Squad/Controls/Qwerty/UIMODE_STAGING
[LOG 15:22:27.143] Config(UIMODE_DOCKING) Squad/Controls/Qwerty/UIMODE_DOCKING
[LOG 15:22:27.143] Config(TRANSLATE_DOWN) Squad/Controls/Qwerty/TRANSLATE_DOWN
[LOG 15:22:27.143] Config(TRANSLATE_UP) Squad/Controls/Qwerty/TRANSLATE_UP
[LOG 15:22:27.143] Config(TRANSLATE_LEFT) Squad/Controls/Qwerty/TRANSLATE_LEFT
[LOG 15:22:27.143] Config(TRANSLATE_RIGHT) Squad/Controls/Qwerty/TRANSLATE_RIGHT
[LOG 15:22:27.143] Config(TRANSLATE_FWD) Squad/Controls/Qwerty/TRANSLATE_FWD
[LOG 15:22:27.143] Config(TRANSLATE_BACK) Squad/Controls/Qwerty/TRANSLATE_BACK
[LOG 15:22:27.143] Config(RCS_TOGGLE) Squad/Controls/Qwerty/RCS_TOGGLE
[LOG 15:22:27.143] Config(FOCUS_NEXT_VESSEL) Squad/Controls/Qwerty/FOCUS_NEXT_VESSEL
[LOG 15:22:27.144] Config(FOCUS_PREV_VESSEL) Squad/Controls/Qwerty/FOCUS_PREV_VESSEL
[LOG 15:22:27.144] Config(TOGGLE_UI) Squad/Controls/Qwerty/TOGGLE_UI
[LOG 15:22:27.144] Config(TOGGLE_STATUS_SCREEN) Squad/Controls/Qwerty/TOGGLE_STATUS_SCREEN
[LOG 15:22:27.144] Config(TAKE_SCREENSHOT) Squad/Controls/Qwerty/TAKE_SCREENSHOT
[LOG 15:22:27.144] Config(TOGGLE_LABELS) Squad/Controls/Qwerty/TOGGLE_LABELS
[LOG 15:22:27.144] Config(TOGGLE_TEMP_GAUGES) Squad/Controls/Qwerty/TOGGLE_TEMP_GAUGES
[LOG 15:22:27.144] Config(TOGGLE_TEMP_OVERLAY) Squad/Controls/Qwerty/TOGGLE_TEMP_OVERLAY
[LOG 15:22:27.144] Config(TOGGLE_FLIGHT_FORCES) Squad/Controls/Qwerty/TOGGLE_FLIGHT_FORCES
[LOG 15:22:27.144] Config(QUICKSAVE) Squad/Controls/Qwerty/QUICKSAVE
[LOG 15:22:27.144] Config(QUICKLOAD) Squad/Controls/Qwerty/QUICKLOAD
[LOG 15:22:27.144] Config(THROTTLE_CUTOFF) Squad/Controls/Qwerty/THROTTLE_CUTOFF
[LOG 15:22:27.144] Config(THROTTLE_FULL) Squad/Controls/Qwerty/THROTTLE_FULL
[LOG 15:22:27.144] Config(LANDING_GEAR) Squad/Controls/Qwerty/LANDING_GEAR
[LOG 15:22:27.144] Config(HEADLIGHT_TOGGLE) Squad/Controls/Qwerty/HEADLIGHT_TOGGLE
[LOG 15:22:27.144] Config(BRAKES) Squad/Controls/Qwerty/BRAKES
[LOG 15:22:27.144] Config(TOGGLE_SPACENAV_FLIGHT_CONTROL) Squad/Controls/Qwerty/TOGGLE_SPACENAV_FLIGHT_CONTROL
[LOG 15:22:27.144] Config(TOGGLE_SPACENAV_ROLL_LOCK) Squad/Controls/Qwerty/TOGGLE_SPACENAV_ROLL_LOCK
[LOG 15:22:27.144] Config(WHEEL_STEER_LEFT) Squad/Controls/Qwerty/WHEEL_STEER_LEFT
[LOG 15:22:27.144] Config(WHEEL_STEER_RIGHT) Squad/Controls/Qwerty/WHEEL_STEER_RIGHT
[LOG 15:22:27.144] Config(WHEEL_THROTTLE_DOWN) Squad/Controls/Qwerty/WHEEL_THROTTLE_DOWN
[LOG 15:22:27.144] Config(WHEEL_THROTTLE_UP) Squad/Controls/Qwerty/WHEEL_THROTTLE_UP
[LOG 15:22:27.144] Config(EVA_forward) Squad/Controls/Qwerty/EVA_forward
[LOG 15:22:27.144] Config(EVA_back) Squad/Controls/Qwerty/EVA_back
[LOG 15:22:27.144] Config(EVA_left) Squad/Controls/Qwerty/EVA_left
[LOG 15:22:27.144] Config(EVA_right) Squad/Controls/Qwerty/EVA_right
[LOG 15:22:27.144] Config(EVA_yaw_left) Squad/Controls/Qwerty/EVA_yaw_left
[LOG 15:22:27.144] Config(EVA_yaw_right) Squad/Controls/Qwerty/EVA_yaw_right
[LOG 15:22:27.144] Config(EVA_Pack_forward) Squad/Controls/Qwerty/EVA_Pack_forward
[LOG 15:22:27.144] Config(EVA_Pack_back) Squad/Controls/Qwerty/EVA_Pack_back
[LOG 15:22:27.144] Config(EVA_Pack_left) Squad/Controls/Qwerty/EVA_Pack_left
[LOG 15:22:27.144] Config(EVA_Pack_right) Squad/Controls/Qwerty/EVA_Pack_right
[LOG 15:22:27.145] Config(EVA_Pack_up) Squad/Controls/Qwerty/EVA_Pack_up
[LOG 15:22:27.145] Config(EVA_Pack_down) Squad/Controls/Qwerty/EVA_Pack_down
[LOG 15:22:27.145] Config(EVA_Jump) Squad/Controls/Qwerty/EVA_Jump
[LOG 15:22:27.145] Config(EVA_Run) Squad/Controls/Qwerty/EVA_Run
[LOG 15:22:27.145] Config(EVA_ToggleMovementMode) Squad/Controls/Qwerty/EVA_ToggleMovementMode
[LOG 15:22:27.145] Config(EVA_TogglePack) Squad/Controls/Qwerty/EVA_TogglePack
[LOG 15:22:27.145] Config(EVA_Use) Squad/Controls/Qwerty/EVA_Use
[LOG 15:22:27.145] Config(EVA_Board) Squad/Controls/Qwerty/EVA_Board
[LOG 15:22:27.145] Config(EVA_Orient) Squad/Controls/Qwerty/EVA_Orient
[LOG 15:22:27.145] Config(EVA_Lights) Squad/Controls/Qwerty/EVA_Lights
[LOG 15:22:27.145] Config(EVA_ChuteDeploy) Squad/Controls/Qwerty/EVA_ChuteDeploy
[LOG 15:22:27.145] Config(Editor_pitchUp) Squad/Controls/Qwerty/Editor_pitchUp
[LOG 15:22:27.145] Config(Editor_pitchDown) Squad/Controls/Qwerty/Editor_pitchDown
[LOG 15:22:27.145] Config(Editor_yawLeft) Squad/Controls/Qwerty/Editor_yawLeft
[LOG 15:22:27.145] Config(Editor_yawRight) Squad/Controls/Qwerty/Editor_yawRight
[LOG 15:22:27.145] Config(Editor_rollLeft) Squad/Controls/Qwerty/Editor_rollLeft
[LOG 15:22:27.145] Config(Editor_rollRight) Squad/Controls/Qwerty/Editor_rollRight
[LOG 15:22:27.145] Config(Editor_resetRotation) Squad/Controls/Qwerty/Editor_resetRotation
[LOG 15:22:27.145] Config(Editor_modePlace) Squad/Controls/Qwerty/Editor_modePlace
[LOG 15:22:27.145] Config(Editor_modeOffset) Squad/Controls/Qwerty/Editor_modeOffset
[LOG 15:22:27.145] Config(Editor_modeRotate) Squad/Controls/Qwerty/Editor_modeRotate
[LOG 15:22:27.145] Config(Editor_modeRoot) Squad/Controls/Qwerty/Editor_modeRoot
[LOG 15:22:27.145] Config(Editor_coordSystem) Squad/Controls/Qwerty/Editor_coordSystem
[LOG 15:22:27.145] Config(Editor_toggleSymMethod) Squad/Controls/Qwerty/Editor_toggleSymMethod
[LOG 15:22:27.145] Config(Editor_toggleSymMode) Squad/Controls/Qwerty/Editor_toggleSymMode
[LOG 15:22:27.145] Config(Editor_toggleAngleSnap) Squad/Controls/Qwerty/Editor_toggleAngleSnap
[LOG 15:22:27.145] Config(Editor_fineTweak) Squad/Controls/Qwerty/Editor_fineTweak
[LOG 15:22:27.145] Config(Editor_partSearch) Squad/Controls/Qwerty/Editor_partSearch
[LOG 15:22:27.145] Config(Editor_zoomScrollModifier) Squad/Controls/Qwerty/Editor_zoomScrollModifier
[LOG 15:22:27.146] Config(MODIFIER_KEY) Squad/Controls/Qwerty/MODIFIER_KEY
[LOG 15:22:27.146] Config(AbortActionGroup) Squad/Controls/Qwerty/AbortActionGroup
[LOG 15:22:27.146] Config(CustomActionGroup1) Squad/Controls/Qwerty/CustomActionGroup1
[LOG 15:22:27.146] Config(CustomActionGroup2) Squad/Controls/Qwerty/CustomActionGroup2
[LOG 15:22:27.146] Config(CustomActionGroup3) Squad/Controls/Qwerty/CustomActionGroup3
[LOG 15:22:27.146] Config(CustomActionGroup4) Squad/Controls/Qwerty/CustomActionGroup4
[LOG 15:22:27.146] Config(CustomActionGroup5) Squad/Controls/Qwerty/CustomActionGroup5
[LOG 15:22:27.146] Config(CustomActionGroup6) Squad/Controls/Qwerty/CustomActionGroup6
[LOG 15:22:27.146] Config(CustomActionGroup7) Squad/Controls/Qwerty/CustomActionGroup7
[LOG 15:22:27.146] Config(CustomActionGroup8) Squad/Controls/Qwerty/CustomActionGroup8
[LOG 15:22:27.146] Config(CustomActionGroup9) Squad/Controls/Qwerty/CustomActionGroup9
[LOG 15:22:27.146] Config(CustomActionGroup10) Squad/Controls/Qwerty/CustomActionGroup10
[LOG 15:22:27.146] Config(KEY_MAP) Squad/Controls/Qwerty/KEY_MAP
[LOG 15:22:27.146] Config(KEYBOARD_LAYOUT) Squad/Controls/Qwerty_en-GB/#autoLOC_6001228
[LOG 15:22:27.146] Config(KEY_MAP) Squad/Controls/Qwerty_en-GB/KEY_MAP
[LOG 15:22:27.146] Config(KEYBOARD_LAYOUT) Squad/Controls/Qwerty_es-LA/#autoLOC_6001229
[LOG 15:22:27.146] Config(CAMERA_MOUSE_TOGGLE) Squad/Controls/Qwerty_es-LA/CAMERA_MOUSE_TOGGLE
[LOG 15:22:27.146] Config(TIME_WARP_STOP) Squad/Controls/Qwerty_es-LA/TIME_WARP_STOP
[LOG 15:22:27.146] Config(FOCUS_NEXT_VESSEL) Squad/Controls/Qwerty_es-LA/FOCUS_NEXT_VESSEL
[LOG 15:22:27.146] Config(FOCUS_PREV_VESSEL) Squad/Controls/Qwerty_es-LA/FOCUS_PREV_VESSEL
[LOG 15:22:27.146] Config(CAMERA_RESET) Squad/Controls/Qwerty_es-LA/CAMERA_RESET
[LOG 15:22:27.146] Config(Editor_partSearch) Squad/Controls/Qwerty_es-LA/Editor_partSearch
[LOG 15:22:27.146] Config(KEY_MAP) Squad/Controls/Qwerty_es-LA/KEY_MAP
[LOG 15:22:27.146] Config(KEYBOARD_LAYOUT) Squad/Controls/Qwerty_it-IT/#autoLOC_6001230
[LOG 15:22:27.146] Config(FOCUS_NEXT_VESSEL) Squad/Controls/Qwerty_it-IT/FOCUS_NEXT_VESSEL
[LOG 15:22:27.146] Config(FOCUS_PREV_VESSEL) Squad/Controls/Qwerty_it-IT/FOCUS_PREV_VESSEL
[LOG 15:22:27.146] Config(CAMERA_MOUSE_TOGGLE) Squad/Controls/Qwerty_it-IT/CAMERA_MOUSE_TOGGLE
[LOG 15:22:27.146] Config(TIME_WARP_STOP) Squad/Controls/Qwerty_it-IT/TIME_WARP_STOP
[LOG 15:22:27.146] Config(CAMERA_RESET) Squad/Controls/Qwerty_it-IT/CAMERA_RESET
[LOG 15:22:27.146] Config(Editor_partSearch) Squad/Controls/Qwerty_it-IT/Editor_partSearch
[LOG 15:22:27.146] Config(KEY_MAP) Squad/Controls/Qwerty_it-IT/KEY_MAP
[LOG 15:22:27.147] Config(KEYBOARD_LAYOUT) Squad/Controls/Qwerty_ja-JP/#autoLOC_6001231
[LOG 15:22:27.147] Config(FOCUS_NEXT_VESSEL) Squad/Controls/Qwerty_ja-JP/FOCUS_NEXT_VESSEL
[LOG 15:22:27.147] Config(FOCUS_PREV_VESSEL) Squad/Controls/Qwerty_ja-JP/FOCUS_PREV_VESSEL
[LOG 15:22:27.147] Config(PRECISION_CTRL) Squad/Controls/Qwerty_ja-JP/PRECISION_CTRL
[LOG 15:22:27.147] Config(CAMERA_MOUSE_TOGGLE) Squad/Controls/Qwerty_ja-JP/CAMERA_MOUSE_TOGGLE
[LOG 15:22:27.147] Config(Editor_partSearch) Squad/Controls/Qwerty_ja-JP/Editor_partSearch
[LOG 15:22:27.147] Config(CAMERA_RESET) Squad/Controls/Qwerty_ja-JP/CAMERA_RESET
[LOG 15:22:27.147] Config(KEY_MAP) Squad/Controls/Qwerty_ja-JP/KEY_MAP
[LOG 15:22:27.147] Config(KEYBOARD_LAYOUT) Squad/Controls/Qwerty_pt-PT/#autoLOC_6001230
[LOG 15:22:27.147] Config(FOCUS_NEXT_VESSEL) Squad/Controls/Qwerty_pt-PT/FOCUS_NEXT_VESSEL
[LOG 15:22:27.147] Config(FOCUS_PREV_VESSEL) Squad/Controls/Qwerty_pt-PT/FOCUS_PREV_VESSEL
[LOG 15:22:27.147] Config(CAMERA_MOUSE_TOGGLE) Squad/Controls/Qwerty_pt-PT/CAMERA_MOUSE_TOGGLE
[LOG 15:22:27.147] Config(TIME_WARP_STOP) Squad/Controls/Qwerty_pt-PT/TIME_WARP_STOP
[LOG 15:22:27.147] Config(CAMERA_RESET) Squad/Controls/Qwerty_pt-PT/CAMERA_RESET
[LOG 15:22:27.147] Config(Editor_partSearch) Squad/Controls/Qwerty_pt-PT/Editor_partSearch
[LOG 15:22:27.147] Config(KEY_MAP) Squad/Controls/Qwerty_pt-PT/KEY_MAP
[LOG 15:22:27.147] Config(KEYBOARD_LAYOUT) Squad/Controls/Qwertz/#autoLOC_6001232
[LOG 15:22:27.147] Config(PITCH_DOWN) Squad/Controls/Qwertz/PITCH_DOWN
[LOG 15:22:27.147] Config(PITCH_UP) Squad/Controls/Qwertz/PITCH_UP
[LOG 15:22:27.147] Config(YAW_LEFT) Squad/Controls/Qwertz/YAW_LEFT
[LOG 15:22:27.147] Config(YAW_RIGHT) Squad/Controls/Qwertz/YAW_RIGHT
[LOG 15:22:27.147] Config(ROLL_LEFT) Squad/Controls/Qwertz/ROLL_LEFT
[LOG 15:22:27.147] Config(ROLL_RIGHT) Squad/Controls/Qwertz/ROLL_RIGHT
[LOG 15:22:27.147] Config(THROTTLE_UP) Squad/Controls/Qwertz/THROTTLE_UP
[LOG 15:22:27.147] Config(THROTTLE_DOWN) Squad/Controls/Qwertz/THROTTLE_DOWN
[LOG 15:22:27.147] Config(SAS_HOLD) Squad/Controls/Qwertz/SAS_HOLD
[LOG 15:22:27.147] Config(SAS_TOGGLE) Squad/Controls/Qwertz/SAS_TOGGLE
[LOG 15:22:27.147] Config(LAUNCH_STAGES) Squad/Controls/Qwertz/LAUNCH_STAGES
[LOG 15:22:27.147] Config(Docking_toggleRotLin) Squad/Controls/Qwertz/Docking_toggleRotLin
[LOG 15:22:27.147] Config(CAMERA_MODE) Squad/Controls/Qwertz/CAMERA_MODE
[LOG 15:22:27.147] Config(CAMERA_NEXT) Squad/Controls/Qwertz/CAMERA_NEXT
[LOG 15:22:27.147] Config(PAUSE) Squad/Controls/Qwertz/PAUSE
[LOG 15:22:27.148] Config(PRECISION_CTRL) Squad/Controls/Qwertz/PRECISION_CTRL
[LOG 15:22:27.148] Config(ZOOM_IN) Squad/Controls/Qwertz/ZOOM_IN
[LOG 15:22:27.148] Config(ZOOM_OUT) Squad/Controls/Qwertz/ZOOM_OUT
[LOG 15:22:27.148] Config(SCROLL_VIEW_UP) Squad/Controls/Qwertz/SCROLL_VIEW_UP
[LOG 15:22:27.148] Config(SCROLL_VIEW_DOWN) Squad/Controls/Qwertz/SCROLL_VIEW_DOWN
[LOG 15:22:27.148] Config(SCROLL_ICONS_UP) Squad/Controls/Qwertz/SCROLL_ICONS_UP
[LOG 15:22:27.148] Config(SCROLL_ICONS_DOWN) Squad/Controls/Qwertz/SCROLL_ICONS_DOWN
[LOG 15:22:27.148] Config(CAMERA_ORBIT_UP) Squad/Controls/Qwertz/CAMERA_ORBIT_UP
[LOG 15:22:27.148] Config(CAMERA_ORBIT_DOWN) Squad/Controls/Qwertz/CAMERA_ORBIT_DOWN
[LOG 15:22:27.148] Config(CAMERA_ORBIT_LEFT) Squad/Controls/Qwertz/CAMERA_ORBIT_LEFT
[LOG 15:22:27.148] Config(CAMERA_ORBIT_RIGHT) Squad/Controls/Qwertz/CAMERA_ORBIT_RIGHT
[LOG 15:22:27.148] Config(CAMERA_RESET) Squad/Controls/Qwertz/CAMERA_RESET
[LOG 15:22:27.148] Config(CAMERA_MOUSE_TOGGLE) Squad/Controls/Qwertz/CAMERA_MOUSE_TOGGLE
[LOG 15:22:27.148] Config(TIME_WARP_INCREASE) Squad/Controls/Qwertz/TIME_WARP_INCREASE
[LOG 15:22:27.148] Config(TIME_WARP_DECREASE) Squad/Controls/Qwertz/TIME_WARP_DECREASE
[LOG 15:22:27.148] Config(TIME_WARP_STOP) Squad/Controls/Qwertz/TIME_WARP_STOP
[LOG 15:22:27.148] Config(MAP_VIEW_TOGGLE) Squad/Controls/Qwertz/MAP_VIEW_TOGGLE
[LOG 15:22:27.148] Config(NAVBALL_TOGGLE) Squad/Controls/Qwertz/NAVBALL_TOGGLE
[LOG 15:22:27.148] Config(UIMODE_STAGING) Squad/Controls/Qwertz/UIMODE_STAGING
[LOG 15:22:27.148] Config(UIMODE_DOCKING) Squad/Controls/Qwertz/UIMODE_DOCKING
[LOG 15:22:27.148] Config(TRANSLATE_DOWN) Squad/Controls/Qwertz/TRANSLATE_DOWN
[LOG 15:22:27.148] Config(TRANSLATE_UP) Squad/Controls/Qwertz/TRANSLATE_UP
[LOG 15:22:27.148] Config(TRANSLATE_LEFT) Squad/Controls/Qwertz/TRANSLATE_LEFT
[LOG 15:22:27.148] Config(TRANSLATE_RIGHT) Squad/Controls/Qwertz/TRANSLATE_RIGHT
[LOG 15:22:27.148] Config(TRANSLATE_FWD) Squad/Controls/Qwertz/TRANSLATE_FWD
[LOG 15:22:27.149] Config(TRANSLATE_BACK) Squad/Controls/Qwertz/TRANSLATE_BACK
[LOG 15:22:27.149] Config(RCS_TOGGLE) Squad/Controls/Qwertz/RCS_TOGGLE
[LOG 15:22:27.149] Config(FOCUS_NEXT_VESSEL) Squad/Controls/Qwertz/FOCUS_NEXT_VESSEL
[LOG 15:22:27.149] Config(FOCUS_PREV_VESSEL) Squad/Controls/Qwertz/FOCUS_PREV_VESSEL
[LOG 15:22:27.149] Config(TOGGLE_UI) Squad/Controls/Qwertz/TOGGLE_UI
[LOG 15:22:27.149] Config(TOGGLE_STATUS_SCREEN) Squad/Controls/Qwertz/TOGGLE_STATUS_SCREEN
[LOG 15:22:27.149] Config(TAKE_SCREENSHOT) Squad/Controls/Qwertz/TAKE_SCREENSHOT
[LOG 15:22:27.149] Config(TOGGLE_LABELS) Squad/Controls/Qwertz/TOGGLE_LABELS
[LOG 15:22:27.149] Config(TOGGLE_TEMP_GAUGES) Squad/Controls/Qwertz/TOGGLE_TEMP_GAUGES
[LOG 15:22:27.149] Config(TOGGLE_TEMP_OVERLAY) Squad/Controls/Qwertz/TOGGLE_TEMP_OVERLAY
[LOG 15:22:27.149] Config(TOGGLE_FLIGHT_FORCES) Squad/Controls/Qwertz/TOGGLE_FLIGHT_FORCES
[LOG 15:22:27.149] Config(QUICKSAVE) Squad/Controls/Qwertz/QUICKSAVE
[LOG 15:22:27.149] Config(QUICKLOAD) Squad/Controls/Qwertz/QUICKLOAD
[LOG 15:22:27.149] Config(THROTTLE_CUTOFF) Squad/Controls/Qwertz/THROTTLE_CUTOFF
[LOG 15:22:27.149] Config(THROTTLE_FULL) Squad/Controls/Qwertz/THROTTLE_FULL
[LOG 15:22:27.149] Config(LANDING_GEAR) Squad/Controls/Qwertz/LANDING_GEAR
[LOG 15:22:27.149] Config(HEADLIGHT_TOGGLE) Squad/Controls/Qwertz/HEADLIGHT_TOGGLE
[LOG 15:22:27.149] Config(BRAKES) Squad/Controls/Qwertz/BRAKES
[LOG 15:22:27.149] Config(TOGGLE_SPACENAV_FLIGHT_CONTROL) Squad/Controls/Qwertz/TOGGLE_SPACENAV_FLIGHT_CONTROL
[LOG 15:22:27.149] Config(TOGGLE_SPACENAV_ROLL_LOCK) Squad/Controls/Qwertz/TOGGLE_SPACENAV_ROLL_LOCK
[LOG 15:22:27.149] Config(WHEEL_STEER_LEFT) Squad/Controls/Qwertz/WHEEL_STEER_LEFT
[LOG 15:22:27.149] Config(WHEEL_STEER_RIGHT) Squad/Controls/Qwertz/WHEEL_STEER_RIGHT
[LOG 15:22:27.149] Config(WHEEL_THROTTLE_DOWN) Squad/Controls/Qwertz/WHEEL_THROTTLE_DOWN
[LOG 15:22:27.149] Config(WHEEL_THROTTLE_UP) Squad/Controls/Qwertz/WHEEL_THROTTLE_UP
[LOG 15:22:27.149] Config(EVA_forward) Squad/Controls/Qwertz/EVA_forward
[LOG 15:22:27.149] Config(EVA_back) Squad/Controls/Qwertz/EVA_back
[LOG 15:22:27.149] Config(EVA_left) Squad/Controls/Qwertz/EVA_left
[LOG 15:22:27.149] Config(EVA_right) Squad/Controls/Qwertz/EVA_right
[LOG 15:22:27.149] Config(EVA_yaw_left) Squad/Controls/Qwertz/EVA_yaw_left
[LOG 15:22:27.149] Config(EVA_yaw_right) Squad/Controls/Qwertz/EVA_yaw_right
[LOG 15:22:27.149] Config(EVA_Pack_forward) Squad/Controls/Qwertz/EVA_Pack_forward
[LOG 15:22:27.149] Config(EVA_Pack_back) Squad/Controls/Qwertz/EVA_Pack_back
[LOG 15:22:27.150] Config(EVA_Pack_left) Squad/Controls/Qwertz/EVA_Pack_left
[LOG 15:22:27.150] Config(EVA_Pack_right) Squad/Controls/Qwertz/EVA_Pack_right
[LOG 15:22:27.150] Config(EVA_Pack_up) Squad/Controls/Qwertz/EVA_Pack_up
[LOG 15:22:27.150] Config(EVA_Pack_down) Squad/Controls/Qwertz/EVA_Pack_down
[LOG 15:22:27.150] Config(EVA_Jump) Squad/Controls/Qwertz/EVA_Jump
[LOG 15:22:27.150] Config(EVA_Run) Squad/Controls/Qwertz/EVA_Run
[LOG 15:22:27.150] Config(EVA_ToggleMovementMode) Squad/Controls/Qwertz/EVA_ToggleMovementMode
[LOG 15:22:27.150] Config(EVA_TogglePack) Squad/Controls/Qwertz/EVA_TogglePack
[LOG 15:22:27.150] Config(EVA_Use) Squad/Controls/Qwertz/EVA_Use
[LOG 15:22:27.150] Config(EVA_Board) Squad/Controls/Qwertz/EVA_Board
[LOG 15:22:27.150] Config(EVA_Orient) Squad/Controls/Qwertz/EVA_Orient
[LOG 15:22:27.150] Config(EVA_Lights) Squad/Controls/Qwertz/EVA_Lights
[LOG 15:22:27.150] Config(Editor_pitchUp) Squad/Controls/Qwertz/Editor_pitchUp
[LOG 15:22:27.150] Config(Editor_pitchDown) Squad/Controls/Qwertz/Editor_pitchDown
[LOG 15:22:27.150] Config(Editor_yawLeft) Squad/Controls/Qwertz/Editor_yawLeft
[LOG 15:22:27.150] Config(Editor_yawRight) Squad/Controls/Qwertz/Editor_yawRight
[LOG 15:22:27.150] Config(Editor_rollLeft) Squad/Controls/Qwertz/Editor_rollLeft
[LOG 15:22:27.150] Config(Editor_rollRight) Squad/Controls/Qwertz/Editor_rollRight
[LOG 15:22:27.150] Config(Editor_resetRotation) Squad/Controls/Qwertz/Editor_resetRotation
[LOG 15:22:27.150] Config(Editor_modePlace) Squad/Controls/Qwertz/Editor_modePlace
[LOG 15:22:27.150] Config(Editor_modeOffset) Squad/Controls/Qwertz/Editor_modeOffset
[LOG 15:22:27.150] Config(Editor_modeRotate) Squad/Controls/Qwertz/Editor_modeRotate
[LOG 15:22:27.150] Config(Editor_modeRoot) Squad/Controls/Qwertz/Editor_modeRoot
[LOG 15:22:27.150] Config(Editor_coordSystem) Squad/Controls/Qwertz/Editor_coordSystem
[LOG 15:22:27.150] Config(Editor_toggleSymMethod) Squad/Controls/Qwertz/Editor_toggleSymMethod
[LOG 15:22:27.150] Config(Editor_toggleSymMode) Squad/Controls/Qwertz/Editor_toggleSymMode
[LOG 15:22:27.150] Config(Editor_toggleAngleSnap) Squad/Controls/Qwertz/Editor_toggleAngleSnap
[LOG 15:22:27.150] Config(Editor_fineTweak) Squad/Controls/Qwertz/Editor_fineTweak
[LOG 15:22:27.150] Config(Editor_partSearch) Squad/Controls/Qwertz/Editor_partSearch
[LOG 15:22:27.150] Config(Editor_zoomScrollModifier) Squad/Controls/Qwertz/Editor_zoomScrollModifier
[LOG 15:22:27.150] Config(MODIFIER_KEY) Squad/Controls/Qwertz/MODIFIER_KEY
[LOG 15:22:27.151] Config(AbortActionGroup) Squad/Controls/Qwertz/AbortActionGroup
[LOG 15:22:27.151] Config(CustomActionGroup1) Squad/Controls/Qwertz/CustomActionGroup1
[LOG 15:22:27.151] Config(CustomActionGroup2) Squad/Controls/Qwertz/CustomActionGroup2
[LOG 15:22:27.151] Config(CustomActionGroup3) Squad/Controls/Qwertz/CustomActionGroup3
[LOG 15:22:27.151] Config(CustomActionGroup4) Squad/Controls/Qwertz/CustomActionGroup4
[LOG 15:22:27.151] Config(CustomActionGroup5) Squad/Controls/Qwertz/CustomActionGroup5
[LOG 15:22:27.151] Config(CustomActionGroup6) Squad/Controls/Qwertz/CustomActionGroup6
[LOG 15:22:27.151] Config(CustomActionGroup7) Squad/Controls/Qwertz/CustomActionGroup7
[LOG 15:22:27.151] Config(CustomActionGroup8) Squad/Controls/Qwertz/CustomActionGroup8
[LOG 15:22:27.151] Config(CustomActionGroup9) Squad/Controls/Qwertz/CustomActionGroup9
[LOG 15:22:27.151] Config(CustomActionGroup10) Squad/Controls/Qwertz/CustomActionGroup10
[LOG 15:22:27.151] Config(KEY_MAP) Squad/Controls/Qwertz/KEY_MAP
[LOG 15:22:27.151] Config(EXPERIENCE_TRAIT) Squad/Experience/Traits/Pilot
[LOG 15:22:27.151] Config(EXPERIENCE_TRAIT) Squad/Experience/Traits/Engineer
[LOG 15:22:27.151] Config(EXPERIENCE_TRAIT) Squad/Experience/Traits/Scientist
[LOG 15:22:27.151] Config(EXPERIENCE_TRAIT) Squad/Experience/Traits/Tourist
[LOG 15:22:27.151] Config(Localization) Squad/Localization/dictionary/Localization
[LOG 15:22:27.151] Config(MISSIONPACK) Squad/Missions/MissionPacks/squad_ESA
[LOG 15:22:27.151] Config(VARIANTTHEME) Squad/Parts/VariantThemes/White
[LOG 15:22:27.151] Config(VARIANTTHEME) Squad/Parts/VariantThemes/BlackAndWhite
[LOG 15:22:27.151] Config(VARIANTTHEME) Squad/Parts/VariantThemes/GrayAndOrange
[LOG 15:22:27.151] Config(VARIANTTHEME) Squad/Parts/VariantThemes/Dark
[LOG 15:22:27.151] Config(VARIANTTHEME) Squad/Parts/VariantThemes/Gray
[LOG 15:22:27.151] Config(VARIANTTHEME) Squad/Parts/VariantThemes/Orange
[LOG 15:22:27.151] Config(VARIANTTHEME) Squad/Parts/VariantThemes/Gold
[LOG 15:22:27.151] Config(VARIANTTHEME) Squad/Parts/VariantThemes/Bare
[LOG 15:22:27.151] Config(VARIANTTHEME) Squad/Parts/VariantThemes/Shroud
[LOG 15:22:27.152] Config(VARIANTTHEME) Squad/Parts/VariantThemes/GrayAndWhite
[LOG 15:22:27.152] Config(VARIANTTHEME) Squad/Parts/VariantThemes/YellowAndWhite
[LOG 15:22:27.152] Config(VARIANTTHEME) Squad/Parts/VariantThemes/Silver
[LOG 15:22:27.152] Config(VARIANTTHEME) Squad/Parts/VariantThemes/Gray with Stripes
[LOG 15:22:27.152] Config(PART) Squad/Parts/Aero/aerodynamicNoseCone/aerodynamicNoseCone/noseCone
[LOG 15:22:27.152] Config(PART) Squad/Parts/Aero/airbrake/Airbrake/airbrake1
[LOG 15:22:27.152] Config(PART) Squad/Parts/Aero/airIntakeRadialXM-G50/airIntakeRadialXM-G50/airScoop
[LOG 15:22:27.152] Config(PART) Squad/Parts/Aero/airlinerWings/ControlSurface/airlinerCtrlSrf
[LOG 15:22:27.152] Config(PART) Squad/Parts/Aero/airlinerWings/MainWing/airlinerMainWing
[LOG 15:22:27.152] Config(PART) Squad/Parts/Aero/airlinerWings/TailFin/airlinerTailFin
[LOG 15:22:27.152] Config(PART) Squad/Parts/Aero/airplaneFins/advancedCanard/AdvancedCanard
[LOG 15:22:27.152] Config(PART) Squad/Parts/Aero/airplaneFins/standardCanard/CanardController
[LOG 15:22:27.152] Config(PART) Squad/Parts/Aero/airplaneFins/sweptWing/sweptWing
[LOG 15:22:27.152] Config(PART) Squad/Parts/Aero/airplaneFins/tailfin/tailfin
[LOG 15:22:27.152] Config(PART) Squad/Parts/Aero/basicFin/basicFin/basicFin
[LOG 15:22:27.152] Config(PART) Squad/Parts/Aero/circularIntake/circularIntake/CircularIntake
[LOG 15:22:27.152] Config(PART) Squad/Parts/Aero/circularIntake/intakeShockCone/shockConeIntake
[LOG 15:22:27.152] Config(PART) Squad/Parts/Aero/cones/avionicsNoseCone/avionicsNoseCone
[LOG 15:22:27.152] Config(PART) Squad/Parts/Aero/cones/ConeA/pointyNoseConeA
[LOG 15:22:27.152] Config(PART) Squad/Parts/Aero/cones/ConeB/pointyNoseConeB
[LOG 15:22:27.152] Config(PART) Squad/Parts/Aero/cones/noseConeAdapter/noseConeAdapter
[LOG 15:22:27.152] Config(PART) Squad/Parts/Aero/cones/protectiveRocketNoseMk7_v2/rocketNoseCone_v2
[LOG 15:22:27.152] Config(PART) Squad/Parts/Aero/cones/protectiveRocketNoseMk7_v3/rocketNoseCone_v3
[LOG 15:22:27.152] Config(PART) Squad/Parts/Aero/cones/rocketNoseCone_size3/rocketNoseConeSize3
[LOG 15:22:27.152] Config(PART) Squad/Parts/Aero/cones/smallNoseCone/standardNoseCone
[LOG 15:22:27.152] Config(PART) Squad/Parts/Aero/cones/tailConnectorA/airplaneTail
[LOG 15:22:27.152] Config(PART) Squad/Parts/Aero/cones/tailConnectorB/airplaneTailB
[LOG 15:22:27.152] Config(PART) Squad/Parts/Aero/fairings/fairingSize1/fairingSize1
[LOG 15:22:27.153] Config(PART) Squad/Parts/Aero/fairings/fairingSize2/fairingSize2
[LOG 15:22:27.153] Config(PART) Squad/Parts/Aero/fairings/fairingSize3/fairingSize3
[LOG 15:22:27.153] Config(PART) Squad/Parts/Aero/HeatShield/HeatShield0/HeatShield0
[LOG 15:22:27.153] Config(PART) Squad/Parts/Aero/HeatShield/HeatShield1/HeatShield1
[LOG 15:22:27.153] Config(PART) Squad/Parts/Aero/HeatShield/HeatShield2/HeatShield2
[LOG 15:22:27.153] Config(PART) Squad/Parts/Aero/HeatShield/HeatShield3/HeatShield3
[LOG 15:22:27.153] Config(PART) Squad/Parts/Aero/InflatableHeatShield/HeatShield/InflatableHeatShield
[LOG 15:22:27.153] Config(PART) Squad/Parts/Aero/intakeRadialLong/intakeRadialLong/IntakeRadialLong
[LOG 15:22:27.153] Config(PART) Squad/Parts/Aero/miniIntake/SmallIntake/miniIntake
[LOG 15:22:27.153] Config(PART) Squad/Parts/Aero/ramAirIntake/ramAirIntake/ramAirIntake
[LOG 15:22:27.153] Config(PART) Squad/Parts/Aero/shuttleWings/delta/wingShuttleDelta
[LOG 15:22:27.153] Config(PART) Squad/Parts/Aero/shuttleWings/elevon1/wingShuttleElevon1
[LOG 15:22:27.153] Config(PART) Squad/Parts/Aero/shuttleWings/elevon2/wingShuttleElevon2
[LOG 15:22:27.153] Config(PART) Squad/Parts/Aero/shuttleWings/rudder/wingShuttleRudder
[LOG 15:22:27.153] Config(PART) Squad/Parts/Aero/shuttleWings/strake/wingShuttleStrake
[LOG 15:22:27.153] Config(PART) Squad/Parts/Aero/wingletAV-R8/wingletAV-R8/R8winglet
[LOG 15:22:27.153] Config(PART) Squad/Parts/Aero/wingletAV-T1/wingletAV-T1/winglet
[LOG 15:22:27.153] Config(PART) Squad/Parts/Aero/wingletDeltaDeluxe/wingletDeltaDeluxe/winglet3
[LOG 15:22:27.153] Config(PART) Squad/Parts/Aero/wings/connector1/wingConnector
[LOG 15:22:27.153] Config(PART) Squad/Parts/Aero/wings/connector2/wingConnector2
[LOG 15:22:27.153] Config(PART) Squad/Parts/Aero/wings/connector3/wingConnector3
[LOG 15:22:27.153] Config(PART) Squad/Parts/Aero/wings/connector4/wingConnector4
[LOG 15:22:27.153] Config(PART) Squad/Parts/Aero/wings/connector5/wingConnector5
[LOG 15:22:27.153] Config(PART) Squad/Parts/Aero/wings/delta/deltaWing
[LOG 15:22:27.153] Config(PART) Squad/Parts/Aero/wings/delta_small/delta_small
[LOG 15:22:27.153] Config(PART) Squad/Parts/Aero/wings/elevon1/StandardCtrlSrf
[LOG 15:22:27.153] Config(PART) Squad/Parts/Aero/wings/elevon2/elevon2
[LOG 15:22:27.153] Config(PART) Squad/Parts/Aero/wings/elevon3/elevon3
[LOG 15:22:27.154] Config(PART) Squad/Parts/Aero/wings/elevon4/smallCtrlSrf
[LOG 15:22:27.154] Config(PART) Squad/Parts/Aero/wings/elevon5/elevon5
[LOG 15:22:27.154] Config(PART) Squad/Parts/Aero/wings/strake/wingStrake
[LOG 15:22:27.154] Config(PART) Squad/Parts/Aero/wings/structural1/structuralWing
[LOG 15:22:27.154] Config(PART) Squad/Parts/Aero/wings/structural2/structuralWing2
[LOG 15:22:27.154] Config(PART) Squad/Parts/Aero/wings/structural3/structuralWing3
[LOG 15:22:27.154] Config(PART) Squad/Parts/Aero/wings/structural4/structuralWing4
[LOG 15:22:27.154] Config(PART) Squad/Parts/Aero/wings/swept1/sweptWing1
[LOG 15:22:27.154] Config(PART) Squad/Parts/Aero/wings/swept2/sweptWing2
[LOG 15:22:27.154] Config(PART) Squad/Parts/Cargo/CargoContainers/cargoContainer/cargoContainer
[LOG 15:22:27.154] Config(PART) Squad/Parts/Cargo/CargoContainers/smallCargoContainer/smallCargoContainer
[LOG 15:22:27.154] Config(PART) Squad/Parts/Cargo/Cylinder/Cylinder/evaCylinder
[LOG 15:22:27.154] Config(PART) Squad/Parts/Cargo/GroundAnchor/groundAnchor/groundAnchor
[LOG 15:22:27.154] Config(PART) Squad/Parts/Cargo/Jetpack/Jetpack/evaJetpack
[LOG 15:22:27.154] Config(PART) Squad/Parts/Cargo/Parachute/Parachute/evaChute
[LOG 15:22:27.154] Config(PART) Squad/Parts/Cargo/RepairKit/RepairKit/evaRepairKit
[LOG 15:22:27.154] Config(PART) Squad/Parts/Cargo/ScienceKit/evaScienceKit/evaScienceKit
[LOG 15:22:27.154] Config(PART) Squad/Parts/Cargo/StorageUnits/CargoStorageUnit/CargoStorageUnit
[LOG 15:22:27.154] Config(PART) Squad/Parts/Cargo/StorageUnits/ConformalStorageUnit/ConformalStorageUnit
[LOG 15:22:27.154] Config(PART) Squad/Parts/Command/advancedSasModuleLarge/advSasModuleLarge/asasmodule1-2
[LOG 15:22:27.154] Config(PART) Squad/Parts/Command/cupola/cupola/cupola
[LOG 15:22:27.154] Config(PART) Squad/Parts/Command/externalCommandSeat/externalCommandSeat/seatExternalCmd
[LOG 15:22:27.154] Config(PART) Squad/Parts/Command/hitchhikerStorageContainer/hitchikerStorageContainer/crewCabin
[LOG 15:22:27.154] Config(PART) Squad/Parts/Command/inlineAdvancedStabilizer/inlineAdvancedStabilizer/advSasModule
[LOG 15:22:27.154] Config(PART) Squad/Parts/Command/inlineReactionWheel/inlineReactionWheel/sasModule
[LOG 15:22:27.154] Config(PART) Squad/Parts/Command/Mk1-3Pod/mk1-3/mk1-3pod
[LOG 15:22:27.154] Config(PART) Squad/Parts/Command/mk1Cockpits/mk1Cockpit/Mark1Cockpit
[LOG 15:22:27.155] Config(PART) Squad/Parts/Command/mk1Cockpits/mk1CrewCabin/MK1CrewCabin
[LOG 15:22:27.155] Config(PART) Squad/Parts/Command/mk1Cockpits/mk1InlineCockpit/Mark2Cockpit
[LOG 15:22:27.155] Config(PART) Squad/Parts/Command/mk1LanderCan/mk1LanderCan/landerCabinSmall
[LOG 15:22:27.155] Config(PART) Squad/Parts/Command/mk1pod_v2/mk1Pod_v2/mk1pod_v2
[LOG 15:22:27.155] Config(PART) Squad/Parts/Command/mk2CockpitInline/mk2CockpitInline/mk2Cockpit_Inline
[LOG 15:22:27.155] Config(PART) Squad/Parts/Command/mk2CockpitStandard/mk2CockpitStandard/mk2Cockpit_Standard
[LOG 15:22:27.155] Config(PART) Squad/Parts/Command/mk2DroneCore/mk2Dronecore/mk2DroneCore
[LOG 15:22:27.155] Config(PART) Squad/Parts/Command/mk2LanderCan/mk2LanderCan/mk2LanderCabin
[LOG 15:22:27.155] Config(PART) Squad/Parts/Command/mk2LanderCan_v2/mk2LanderCan_v2/mk2LanderCabin_v2
[LOG 15:22:27.155] Config(PART) Squad/Parts/Command/mk3CockpitShuttle/mk3CockpitShuttle/mk3Cockpit_Shuttle
[LOG 15:22:27.155] Config(PART) Squad/Parts/Command/MpoProbe/MpoProbe/MpoProbe
[LOG 15:22:27.155] Config(PART) Squad/Parts/Command/MtmStage/MTM_Stage/MtmStage
[LOG 15:22:27.155] Config(PART) Squad/Parts/Command/probeCoreCube/probeCoreCube/probeCoreCube
[LOG 15:22:27.155] Config(PART) Squad/Parts/Command/probeCoreHex/probeCoreHex/probeCoreHex
[LOG 15:22:27.155] Config(PART) Squad/Parts/Command/probeCoreHex_v2/probeCoreHex_v2/probeCoreHex_v2
[LOG 15:22:27.155] Config(PART) Squad/Parts/Command/probeCoreOcto2_v2/probeCoreOcto2_v2/probeCoreOcto2_v2
[LOG 15:22:27.155] Config(PART) Squad/Parts/Command/probeCoreOcto_v2/probeCoreOcto_v2/probeCoreOcto_v2
[LOG 15:22:27.155] Config(PART) Squad/Parts/Command/probeRoverBody/probeRoverBody/roverBody
[LOG 15:22:27.155] Config(PART) Squad/Parts/Command/probeRoverBody_v2/probeRoverBody_v2/roverBody_v2
[LOG 15:22:27.155] Config(PART) Squad/Parts/Command/probeStackLarge/probeStackLarge/probeStackLarge
[LOG 15:22:27.155] Config(PART) Squad/Parts/Command/probeStackSmall/probeStackSmall/probeStackSmall
[LOG 15:22:27.155] Config(PART) Squad/Parts/Command/probeStackSphere_v2/probeStackSphere_v2/probeCoreSphere_v2
[LOG 15:22:27.156] Config(PART) Squad/Parts/CompoundParts/FuelLine/fuelLine/fuelLine
[LOG 15:22:27.156] Config(PART) Squad/Parts/CompoundParts/strutConnector/strutConnector/strutConnector
[LOG 15:22:27.156] Config(PART) Squad/Parts/Coupling/Decoupler_0/Decoupler_0
[LOG 15:22:27.156] Config(PART) Squad/Parts/Coupling/Decoupler_1/Decoupler_1
[LOG 15:22:27.156] Config(PART) Squad/Parts/Coupling/Decoupler_2/Decoupler_2
[LOG 15:22:27.156] Config(PART) Squad/Parts/Coupling/Decoupler_3/Decoupler_3
[LOG 15:22:27.156] Config(PART) Squad/Parts/Coupling/Separator_0/Separator_0
[LOG 15:22:27.156] Config(PART) Squad/Parts/Coupling/Separator_1/Separator_1
[LOG 15:22:27.156] Config(PART) Squad/Parts/Coupling/Separator_2/Separator_2
[LOG 15:22:27.156] Config(PART) Squad/Parts/Coupling/Separator_3/Separator_3
[LOG 15:22:27.156] Config(PART) Squad/Parts/Electrical/10CSolarPanels/OX-10C/solarPanelOX10C
[LOG 15:22:27.156] Config(PART) Squad/Parts/Electrical/10CSolarPanels/SP-10C/solarPanelSP10C
[LOG 15:22:27.156] Config(PART) Squad/Parts/Electrical/10LSolarPanels/OX-10L/solarPanelOX10L
[LOG 15:22:27.156] Config(PART) Squad/Parts/Electrical/10LSolarPanels/SP-10L/solarPanelSP10L
[LOG 15:22:27.156] Config(PART) Squad/Parts/Electrical/1x6ShroudSolarPanels/1x6ShroudSolarPanels/solarPanels2
[LOG 15:22:27.156] Config(PART) Squad/Parts/Electrical/1x6SolarPanels/1x6SolarPanels/solarPanels4
[LOG 15:22:27.156] Config(PART) Squad/Parts/Electrical/3x2ShroudSolarPanels/3x2ShroudSolarPanels/solarPanels1
[LOG 15:22:27.156] Config(PART) Squad/Parts/Electrical/3x2SolarPanels/3x2SolarPanels/solarPanels3
[LOG 15:22:27.156] Config(PART) Squad/Parts/Electrical/gigantorXlSolarArray/gigantorXlSolarArray/largeSolarPanel
[LOG 15:22:27.156] Config(PART) Squad/Parts/Electrical/radialFlatSolarPanel/radialFlatSolarPanel/solarPanels5
[LOG 15:22:27.156] Config(PART) Squad/Parts/Electrical/RTG/RTG/rtg
[LOG 15:22:27.156] Config(PART) Squad/Parts/Electrical/z-100Battery/z-100Battery/batteryPack
[LOG 15:22:27.156] Config(PART) Squad/Parts/Electrical/z-1kBattery/z-1kBattery/batteryBank
[LOG 15:22:27.156] Config(PART) Squad/Parts/Electrical/z-200Battery/z-200Battery/batteryBankMini
[LOG 15:22:27.156] Config(PART) Squad/Parts/Electrical/z-400Battery/z-400Battery/ksp_r_largeBatteryPack
[LOG 15:22:27.156] Config(PART) Squad/Parts/Electrical/z-4kBattery/z-4kBattery/batteryBankLarge
[LOG 15:22:27.156] Config(PART) Squad/Parts/Engine/ionEngine/ionEngine/ionEngine
[LOG 15:22:27.157] Config(PART) Squad/Parts/Engine/jetEngines/jetEngineAfterburning/turboJet
[LOG 15:22:27.157] Config(PART) Squad/Parts/Engine/jetEngines/jetEngineBasic/JetEngine
[LOG 15:22:27.157] Config(PART) Squad/Parts/Engine/jetEngines/jetEngineBig/turboFanSize2
[LOG 15:22:27.157] Config(PART) Squad/Parts/Engine/jetEngines/jetEngineTurbo/turboFanEngine
[LOG 15:22:27.157] Config(PART) Squad/Parts/Engine/liquidEngine24-77/liquidEngine24-77/smallRadialEngine
[LOG 15:22:27.157] Config(PART) Squad/Parts/Engine/liquidEngine24-77_v2/liquidEngine24-77_v2/smallRadialEngine_v2
[LOG 15:22:27.157] Config(PART) Squad/Parts/Engine/liquidEngine48-7S_v2/liquidEngine48-7S_v2/liquidEngineMini_v2
[LOG 15:22:27.157] Config(PART) Squad/Parts/Engine/liquidEngineAerospike/liquidEngineAerospike/toroidalAerospike
[LOG 15:22:27.157] Config(PART) Squad/Parts/Engine/liquidEngineLV-1_v2/liquidEngineLV-1R _v2/radialEngineMini_v2
[LOG 15:22:27.157] Config(PART) Squad/Parts/Engine/liquidEngineLV-1_v2/liquidEngineLV-1_v2/microEngine_v2
[LOG 15:22:27.157] Config(PART) Squad/Parts/Engine/liquidEngineLV-909_v2/liquidEngineLV-909_v2/liquidEngine3_v2
[LOG 15:22:27.157] Config(PART) Squad/Parts/Engine/liquidEngineLV-N/liquidEngineLV-N/nuclearEngine
[LOG 15:22:27.157] Config(PART) Squad/Parts/Engine/liquidEngineLV-T30/liquidEngineLV-T30/liquidEngine
[LOG 15:22:27.157] Config(PART) Squad/Parts/Engine/liquidEngineLV-T30_v2/liquidEngineLV-T30_v2/liquidEngine_v2
[LOG 15:22:27.157] Config(PART) Squad/Parts/Engine/liquidEngineLV-T45/liquidEngineLV-T45/liquidEngine2
[LOG 15:22:27.157] Config(PART) Squad/Parts/Engine/liquidEngineLV-T45_v2/liquidEngineLV-T45_v2/liquidEngine2_v2
[LOG 15:22:27.157] Config(PART) Squad/Parts/Engine/liquidEngineMainsail_v2/liquidEngineMainsail_v2/liquidEngineMainsail_v2
[LOG 15:22:27.157] Config(PART) Squad/Parts/Engine/liquidEngineMk55/liquidEngineMk55/radialLiquidEngine1-2
[LOG 15:22:27.157] Config(PART) Squad/Parts/Engine/liquidEnginePoodle_v2/liquidEnginePoodle_v2/liquidEngine2-2_v2
[LOG 15:22:27.157] Config(PART) Squad/Parts/Engine/liquidEngineSkipper_v2/skipperLiquidEngine_v2/engineLargeSkipper_v2
[LOG 15:22:27.157] Config(PART) Squad/Parts/Engine/liquidEngineSSME/SSME/SSME
[LOG 15:22:27.157] Config(PART) Squad/Parts/Engine/MassiveSRB/part/MassiveBooster
[LOG 15:22:27.157] Config(PART) Squad/Parts/Engine/miniJet/SmallJetEngine/miniJetEngine
[LOG 15:22:27.157] Config(PART) Squad/Parts/Engine/OMSEngine/omsEngine/omsEngine
[LOG 15:22:27.158] Config(PART) Squad/Parts/Engine/rapierEngine/rapierEngine/RAPIER
[LOG 15:22:27.158] Config(PART) Squad/Parts/Engine/Size1_SRBs/solidBoosterRT-10_v2/solidBooster_v2
[LOG 15:22:27.158] Config(PART) Squad/Parts/Engine/Size1_SRBs/solidBoosterRT-5_v2/solidBooster_sm_v2
[LOG 15:22:27.158] Config(PART) Squad/Parts/Engine/Size2LFB/part/Size2LFB
[LOG 15:22:27.158] Config(PART) Squad/Parts/Engine/Size2LFB_v2/part/Size2LFB_v2
[LOG 15:22:27.158] Config(PART) Squad/Parts/Engine/Size3AdvancedEngine/part/Size3AdvancedEngine
[LOG 15:22:27.158] Config(PART) Squad/Parts/Engine/Size3EngineCluster/part/Size3EngineCluster
[LOG 15:22:27.158] Config(PART) Squad/Parts/Engine/solidBoosterBACC/solidBoosterBACC/solidBooster1-1
[LOG 15:22:27.158] Config(PART) Squad/Parts/Engine/solidBoosterS2-17/solidBoosterS2-17/Thoroughbred
[LOG 15:22:27.158] Config(PART) Squad/Parts/Engine/solidBoosterS2-33/solidBoosterS2-33/Clydesdale
[LOG 15:22:27.158] Config(PART) Squad/Parts/Engine/solidBoosterSep/solidBoosterSep/sepMotor1
[LOG 15:22:27.158] Config(PART) Squad/Parts/Engine/SolidBoostersF/SolidBoosterF3S0/Shrimp
[LOG 15:22:27.158] Config(PART) Squad/Parts/Engine/SolidBoostersF/SolidBoosterFM1/Mite
[LOG 15:22:27.158] Config(PART) Squad/Parts/FuelTank/adapterTanks/Mk3-Mk2/adapterMk3-Mk2
[LOG 15:22:27.158] Config(PART) Squad/Parts/FuelTank/adapterTanks/Mk3-ShuttleAdapter/adapterEngines
[LOG 15:22:27.158] Config(PART) Squad/Parts/FuelTank/adapterTanks/Mk3-Size2/adapterMk3-Size2
[LOG 15:22:27.158] Config(PART) Squad/Parts/FuelTank/adapterTanks/Mk3-Size2Slant/adapterMk3-Size2Slant
[LOG 15:22:27.158] Config(PART) Squad/Parts/FuelTank/adapterTanks/Size2-Mk2/adapterSize2-Mk2
[LOG 15:22:27.158] Config(PART) Squad/Parts/FuelTank/adapterTanks/Size2-Size1/adapterSize2-Size1
[LOG 15:22:27.158] Config(PART) Squad/Parts/FuelTank/adapterTanks/Size2-Size1Slant/adapterSize2-Size1Slant
[LOG 15:22:27.158] Config(PART) Squad/Parts/FuelTank/adapterTanks/Size3-Mk3/adapterSize3-Mk3
[LOG 15:22:27.158] Config(PART) Squad/Parts/FuelTank/drainTankFTE-1/ReleaseValve/ReleaseValve
[LOG 15:22:27.158] Config(PART) Squad/Parts/FuelTank/FoilTanks/RadialTank_Capsule/externalTankCapsule
[LOG 15:22:27.158] Config(PART) Squad/Parts/FuelTank/FoilTanks/RadialTank_Round/externalTankRound
[LOG 15:22:27.158] Config(PART) Squad/Parts/FuelTank/FoilTanks/ToroidTank/externalTankToroid
[LOG 15:22:27.158] Config(PART) Squad/Parts/FuelTank/fuelTankOscarB/fuelTankOscarB/miniFuelTank
[LOG 15:22:27.159] Config(PART) Squad/Parts/FuelTank/miniFuselage/miniFuselage/miniFuselage
[LOG 15:22:27.159] Config(PART) Squad/Parts/FuelTank/mk2Adapters/bicoupler/mk2_1m_Bicoupler
[LOG 15:22:27.159] Config(PART) Squad/Parts/FuelTank/mk2Adapters/long/mk2_1m_AdapterLong
[LOG 15:22:27.159] Config(PART) Squad/Parts/FuelTank/mk2Adapters/standard/mk2SpacePlaneAdapter
[LOG 15:22:27.159] Config(PART) Squad/Parts/FuelTank/mk2FuselageLong/LFO_long/mk2FuselageLongLFO
[LOG 15:22:27.159] Config(PART) Squad/Parts/FuelTank/mk2FuselageLong/L_long/mk2Fuselage
[LOG 15:22:27.159] Config(PART) Squad/Parts/FuelTank/mk2FuselageShort/LFO_short/mk2FuselageShortLFO
[LOG 15:22:27.159] Config(PART) Squad/Parts/FuelTank/mk2FuselageShort/L_short/mk2FuselageShortLiquid
[LOG 15:22:27.159] Config(PART) Squad/Parts/FuelTank/mk2FuselageShort/Mono_short/mk2FuselageShortMono
[LOG 15:22:27.159] Config(PART) Squad/Parts/FuelTank/mk3Fuselage/CREW/mk3CrewCabin
[LOG 15:22:27.159] Config(PART) Squad/Parts/FuelTank/mk3Fuselage/LFO_100/mk3FuselageLFO_100
[LOG 15:22:27.159] Config(PART) Squad/Parts/FuelTank/mk3Fuselage/LFO_25/mk3FuselageLFO_25
[LOG 15:22:27.159] Config(PART) Squad/Parts/FuelTank/mk3Fuselage/LFO_50/mk3FuselageLFO_50
[LOG 15:22:27.159] Config(PART) Squad/Parts/FuelTank/mk3Fuselage/LF_100/mk3FuselageLF_100
[LOG 15:22:27.159] Config(PART) Squad/Parts/FuelTank/mk3Fuselage/LF_25/mk3FuselageLF_25
[LOG 15:22:27.159] Config(PART) Squad/Parts/FuelTank/mk3Fuselage/LF_50/mk3FuselageLF_50
[LOG 15:22:27.159] Config(PART) Squad/Parts/FuelTank/mk3Fuselage/MONO/mk3FuselageMONO
[LOG 15:22:27.159] Config(PART) Squad/Parts/FuelTank/RCSFuelTankR1/RCSFuelTankR1/RCSTank1-2
[LOG 15:22:27.159] Config(PART) Squad/Parts/FuelTank/RCSFuelTankR10/RCSFuelTankR10/rcsTankMini
[LOG 15:22:27.159] Config(PART) Squad/Parts/FuelTank/RCSFuelTankR25/RCSFuelTankR25/RCSFuelTank
[LOG 15:22:27.159] Config(PART) Squad/Parts/FuelTank/RCSTankRadial/radialRCSTank/radialRCSTank
[LOG 15:22:27.159] Config(PART) Squad/Parts/FuelTank/RCStankRadialLong/RCSTankRadialLong/rcsTankRadialLong
[LOG 15:22:27.159] Config(PART) Squad/Parts/FuelTank/RockomaxTanks/Rockomax16/Rockomax16_BW
[LOG 15:22:27.159] Config(PART) Squad/Parts/FuelTank/RockomaxTanks/Rockomax32/Rockomax32_BW
[LOG 15:22:27.159] Config(PART) Squad/Parts/FuelTank/RockomaxTanks/Rockomax64/Rockomax64_BW
[LOG 15:22:27.159] Config(PART) Squad/Parts/FuelTank/RockomaxTanks/Rockomax8/Rockomax8BW
[LOG 15:22:27.159] Config(PART) Squad/Parts/FuelTank/Size1_Tanks/fuelTankT100/fuelTankSmallFlat
[LOG 15:22:27.159] Config(PART) Squad/Parts/FuelTank/Size1_Tanks/fuelTankT200/fuelTankSmall
[LOG 15:22:27.159] Config(PART) Squad/Parts/FuelTank/Size1_Tanks/fuelTankT400/fuelTank
[LOG 15:22:27.160] Config(PART) Squad/Parts/FuelTank/Size1_Tanks/fuelTankT800/fuelTank_long
[LOG 15:22:27.160] Config(PART) Squad/Parts/FuelTank/Size3Tanks/large/Size3LargeTank
[LOG 15:22:27.160] Config(PART) Squad/Parts/FuelTank/Size3Tanks/medium/Size3MediumTank
[LOG 15:22:27.160] Config(PART) Squad/Parts/FuelTank/Size3Tanks/small/Size3SmallTank
[LOG 15:22:27.160] Config(PART) Squad/Parts/FuelTank/xenonTank/xenonTank/xenonTank
[LOG 15:22:27.160] Config(PART) Squad/Parts/FuelTank/xenonTankLarge/xenonTankLarge/xenonTankLarge
[LOG 15:22:27.160] Config(PART) Squad/Parts/FuelTank/xenonTankRadial/xenonTankRadial/xenonTankRadial
[LOG 15:22:27.160] Config(PART) Squad/Parts/Misc/AsteroidDay/CamSat/InfraredTelescope
[LOG 15:22:27.160] Config(PART) Squad/Parts/Misc/AsteroidDay/HECS2/HECS2_ProbeCore
[LOG 15:22:27.160] Config(PART) Squad/Parts/Misc/AsteroidDay/HighGainAntenna/HighGainAntenna
[LOG 15:22:27.160] Config(PART) Squad/Parts/Misc/AsteroidDay/LgRadialSolar/LgRadialSolarPanel
[LOG 15:22:27.160] Config(PART) Squad/Parts/Misc/PotatoComet/part/PotatoComet
[LOG 15:22:27.160] Config(PART) Squad/Parts/Misc/PotatoRoid/part/PotatoRoid
[LOG 15:22:27.160] Config(PART) Squad/Parts/Prebuilt/flag/flag
[LOG 15:22:27.160] Config(PART) Squad/Parts/Prebuilt/kerbalEVA/kerbalEVA
[LOG 15:22:27.160] Config(PART) Squad/Parts/Prebuilt/kerbalEVAfemale/kerbalEVAfemale
[LOG 15:22:27.160] Config(PART) Squad/Parts/Prebuilt/kerbalEVASlimSuit/kerbalEVASlimSuit
[LOG 15:22:27.160] Config(PART) Squad/Parts/Prebuilt/kerbalEVASlimSuitFemale/kerbalEVASlimSuitFemale
[LOG 15:22:27.160] Config(PART) Squad/Parts/Resources/FuelCell/FuelCell/FuelCell
[LOG 15:22:27.160] Config(PART) Squad/Parts/Resources/FuelCell/FuelCellArray/FuelCellArray
[LOG 15:22:27.160] Config(PART) Squad/Parts/Resources/ISRU/ISRU/ISRU
[LOG 15:22:27.160] Config(PART) Squad/Parts/Resources/LargeTank/LargeTank/LargeTank
[LOG 15:22:27.160] Config(PART) Squad/Parts/Resources/MiniDrill/MiniDrill/MiniDrill
[LOG 15:22:27.160] Config(PART) Squad/Parts/Resources/MiniISRU/MiniISRU/MiniISRU
[LOG 15:22:27.160] Config(PART) Squad/Parts/Resources/OrbitalScanner/OrbitalScanner/OrbitalScanner
[LOG 15:22:27.160] Config(PART) Squad/Parts/Resources/RadialDrill/RadialDrill/RadialDrill
[LOG 15:22:27.161] Config(PART) Squad/Parts/Resources/RadialTank/RadialTank/RadialOreTank
[LOG 15:22:27.161] Config(PART) Squad/Parts/Resources/SmallTank/SmallTank/SmallTank
[LOG 15:22:27.161] Config(PART) Squad/Parts/Resources/SurfaceScanner/SurfaceScanner/SurfaceScanner
[LOG 15:22:27.161] Config(PART) Squad/Parts/Resources/SurveyScanner/SurveyScanner/SurveyScanner
[LOG 15:22:27.161] Config(PART) Squad/Parts/Science/AtmosphereSensor/sensorAtmosphere/sensorAtmosphere
[LOG 15:22:27.161] Config(PART) Squad/Parts/Science/GooExperiment/gooExperiment/GooExperiment
[LOG 15:22:27.161] Config(PART) Squad/Parts/Science/LargeCrewedLab/largeCrewedLab/Large_Crewed_Lab
[LOG 15:22:27.161] Config(PART) Squad/Parts/Science/Magnetometer/Magnetometer/Magnetometer
[LOG 15:22:27.161] Config(PART) Squad/Parts/Science/MaterialBay/materialBay/science_module
[LOG 15:22:27.161] Config(PART) Squad/Parts/Science/ScienceBox/ScienceBox/ScienceBox
[LOG 15:22:27.161] Config(PART) Squad/Parts/Science/sensorAccelerometer/sensorAccelerometer/sensorAccelerometer
[LOG 15:22:27.161] Config(PART) Squad/Parts/Science/sensorBarometer/sensorBarometer/sensorBarometer
[LOG 15:22:27.161] Config(PART) Squad/Parts/Science/sensorGravimeter/sensorGravimeter/sensorGravimeter
[LOG 15:22:27.161] Config(PART) Squad/Parts/Science/sensorThermometer/sensorThermometer/sensorThermometer
[LOG 15:22:27.161] Config(PART) Squad/Parts/Structural/FLAdapters/adapterSmallMiniShort/adapterSmallMiniShort
[LOG 15:22:27.161] Config(PART) Squad/Parts/Structural/FLAdapters/adapterSmallMiniTall/adapterSmallMiniTall
[LOG 15:22:27.161] Config(PART) Squad/Parts/Structural/mk1Parts/engineBodyRadial/radialEngineBody
[LOG 15:22:27.161] Config(PART) Squad/Parts/Structural/mk1Parts/engineNacelle/nacelleBody
[LOG 15:22:27.161] Config(PART) Squad/Parts/Structural/mk1Parts/mk1Fuselage/MK1Fuselage
[LOG 15:22:27.161] Config(PART) Squad/Parts/Structural/mk1Parts/mk1FuselageIntake/MK1IntakeFuselage
[LOG 15:22:27.161] Config(PART) Squad/Parts/Structural/mk1Parts/mk1Structural/Mk1FuselageStructural
[LOG 15:22:27.161] Config(PART) Squad/Parts/Structural/Size3To2Adapter_v2/Size2to3_v2/Size3To2Adapter_v2
[LOG 15:22:27.161] Config(PART) Squad/Parts/Structural/stackAdapters/adapterLargeSmallBi/adapterLargeSmallBi
[LOG 15:22:27.161] Config(PART) Squad/Parts/Structural/stackAdapters/adapterLargeSmallQuad/adapterLargeSmallQuad
[LOG 15:22:27.161] Config(PART) Squad/Parts/Structural/stackAdapters/adapterLargeSmallTri/adapterLargeSmallTri
[LOG 15:22:27.161] Config(PART) Squad/Parts/Structural/stationHub/stationHub/stationHub
[LOG 15:22:27.161] Config(PART) Squad/Parts/Structural/structuralIBeam200/structuralIBeam200/structuralIBeam2
[LOG 15:22:27.161] Config(PART) Squad/Parts/Structural/structuralIBeam200Pocket/structuralIBeam200Pocket/structuralIBeam3
[LOG 15:22:27.162] Config(PART) Squad/Parts/Structural/structuralIBeam650/structuralIBeam650/structuralIBeam1
[LOG 15:22:27.162] Config(PART) Squad/Parts/Structural/structuralMicronode/structuralMicronode/structuralMiniNode
[LOG 15:22:27.162] Config(PART) Squad/Parts/Structural/structuralPanel1x1/structuralPanel1x1/structuralPanel1
[LOG 15:22:27.162] Config(PART) Squad/Parts/Structural/structuralPanel2x2/structuralPanel2x2/structuralPanel2
[LOG 15:22:27.162] Config(PART) Squad/Parts/Structural/structuralPylons/smallHardpoint/smallHardpoint
[LOG 15:22:27.162] Config(PART) Squad/Parts/Structural/structuralPylons/structuralPylon/structuralPylon
[LOG 15:22:27.162] Config(PART) Squad/Parts/Structural/strutCubicOcto/strutCubicOcto/strutCube
[LOG 15:22:27.162] Config(PART) Squad/Parts/Structural/strutOcto/strutOcto/strutOcto
[LOG 15:22:27.162] Config(PART) Squad/Parts/Structural/trussGirderAdapter/trussGirderAdapter/trussAdapter
[LOG 15:22:27.162] Config(PART) Squad/Parts/Structural/trussGirderL/trussGirderL/trussPiece1x
[LOG 15:22:27.162] Config(PART) Squad/Parts/Structural/trussGirderXL/trussGirderXL/trussPiece3x
[LOG 15:22:27.162] Config(PART) Squad/Parts/Thermal/FoldingRadiators/foldingRadLarge/foldingRadLarge
[LOG 15:22:27.162] Config(PART) Squad/Parts/Thermal/FoldingRadiators/foldingRadMed/foldingRadMed
[LOG 15:22:27.162] Config(PART) Squad/Parts/Thermal/FoldingRadiators/foldingRadSmall/foldingRadSmall
[LOG 15:22:27.162] Config(PART) Squad/Parts/Thermal/RadiatorPanels/radPanelEdge/radPanelEdge
[LOG 15:22:27.162] Config(PART) Squad/Parts/Thermal/RadiatorPanels/radPanelLg/radPanelLg
[LOG 15:22:27.162] Config(PART) Squad/Parts/Thermal/RadiatorPanels/radPanelSm/radPanelSm
[LOG 15:22:27.162] Config(PART) Squad/Parts/Utility/commDish88-88/commDish88-88/commDish
[LOG 15:22:27.162] Config(PART) Squad/Parts/Utility/commsAntennaDTS-M1/commsAntennaDTS-M1/mediumDishAntenna
[LOG 15:22:27.162] Config(PART) Squad/Parts/Utility/commsDish16/commsAntenna16/longAntenna
[LOG 15:22:27.162] Config(PART) Squad/Parts/Utility/decouplerRadialHDM/decouplerRadialHDM/radialDecoupler1-2
[LOG 15:22:27.162] Config(PART) Squad/Parts/Utility/decouplerRadialTT-38K/decouplerRadialTT-38K/radialDecoupler
[LOG 15:22:27.162] Config(PART) Squad/Parts/Utility/decouplerRadialTT-70/decouplerRadialTT-70/radialDecoupler2
[LOG 15:22:27.162] Config(PART) Squad/Parts/Utility/DirectAntennas/C16S/SurfAntenna
[LOG 15:22:27.162] Config(PART) Squad/Parts/Utility/DirectAntennas/HG-5/HighGainAntenna5
[LOG 15:22:27.162] Config(PART) Squad/Parts/Utility/DirectAntennas/HG-5_v2/HighGainAntenna5_v2
[LOG 15:22:27.162] Config(PART) Squad/Parts/Utility/dockingPort/dockingPort/dockingPort2
[LOG 15:22:27.162] Config(PART) Squad/Parts/Utility/dockingPortInline/dockingPortInline/dockingPortLateral
[LOG 15:22:27.162] Config(PART) Squad/Parts/Utility/dockingPortJr/dockingPortJr/dockingPort3
[LOG 15:22:27.163] Config(PART) Squad/Parts/Utility/dockingPortShielded/dockingPortShielded/dockingPort1
[LOG 15:22:27.163] Config(PART) Squad/Parts/Utility/dockingPortSr/dockingPortSr/dockingPortLarge
[LOG 15:22:27.163] Config(PART) Squad/Parts/Utility/Fireworks/fireworksLauncherBig/fireworksLauncherBig
[LOG 15:22:27.163] Config(PART) Squad/Parts/Utility/Fireworks/fireworksLauncherSmall/fireworksLauncherSmall
[LOG 15:22:27.163] Config(PART) Squad/Parts/Utility/flags/flagFlat/flagFlat/flagPartFlat
[LOG 15:22:27.163] Config(PART) Squad/Parts/Utility/flags/flagSize0/flagSize0/flagPartSize0
[LOG 15:22:27.163] Config(PART) Squad/Parts/Utility/flags/flagSize1/flagSize1/flagPartSize1
[LOG 15:22:27.163] Config(PART) Squad/Parts/Utility/flags/flagSize2/flagSize2/flagPartSize2
[LOG 15:22:27.163] Config(PART) Squad/Parts/Utility/flags/flagSize3/flagSize3/flagPartSize3
[LOG 15:22:27.163] Config(PART) Squad/Parts/Utility/GrapplingDevice/part/GrapplingDevice
[LOG 15:22:27.163] Config(PART) Squad/Parts/Utility/ladderRadial/ladderRadial/ladder1
[LOG 15:22:27.163] Config(PART) Squad/Parts/Utility/ladderTelescopic/ladderTelescopic/telescopicLadder
[LOG 15:22:27.163] Config(PART) Squad/Parts/Utility/ladderTelescopicBay/ladderTelescopicBay/telescopicLadderBay
[LOG 15:22:27.163] Config(PART) Squad/Parts/Utility/landingLegLT-1/landingLegLT-1/landingLeg1
[LOG 15:22:27.163] Config(PART) Squad/Parts/Utility/landingLegLT-2/landingLegLT-2/landingLeg1-2
[LOG 15:22:27.163] Config(PART) Squad/Parts/Utility/landingLegLT-5/landingLegLT-5/miniLandingLeg
[LOG 15:22:27.163] Config(PART) Squad/Parts/Utility/launchClamp1/launchClamp1/launchClamp1
[LOG 15:22:27.163] Config(PART) Squad/Parts/Utility/launchEscapeSystem/part/LaunchEscapeSystem
[LOG 15:22:27.163] Config(PART) Squad/Parts/Utility/Lights/domeLight1/domeLight1
[LOG 15:22:27.163] Config(PART) Squad/Parts/Utility/Lights/groundLight1/groundLight1
[LOG 15:22:27.163] Config(PART) Squad/Parts/Utility/Lights/groundLight2/groundLight2
[LOG 15:22:27.163] Config(PART) Squad/Parts/Utility/Lights/navLight1/navLight1
[LOG 15:22:27.163] Config(PART) Squad/Parts/Utility/Lights/spotLight1/spotLight3
[LOG 15:22:27.163] Config(PART) Squad/Parts/Utility/Lights/stripLight1/stripLight1
[LOG 15:22:27.163] Config(PART) Squad/Parts/Utility/linearVernorRCS/linearRCS/linearRcs
[LOG 15:22:27.164] Config(PART) Squad/Parts/Utility/linearVernorRCS/vernorEngine/vernierEngine
[LOG 15:22:27.164] Config(PART) Squad/Parts/Utility/mk2CargoBay/BayL/mk2CargoBayL
[LOG 15:22:27.164] Config(PART) Squad/Parts/Utility/mk2CargoBay/BayS/mk2CargoBayS
[LOG 15:22:27.164] Config(PART) Squad/Parts/Utility/mk2CrewCabin/mk2CrewCabin/mk2CrewCabin
[LOG 15:22:27.164] Config(PART) Squad/Parts/Utility/mk2DockingPort/mk2DockingPort/mk2DockingPort
[LOG 15:22:27.164] Config(PART) Squad/Parts/Utility/mk3CargoBay/long/mk3CargoBayL
[LOG 15:22:27.164] Config(PART) Squad/Parts/Utility/mk3CargoBay/medium/mk3CargoBayM
[LOG 15:22:27.164] Config(PART) Squad/Parts/Utility/mk3CargoBay/ramp/mk3CargoRamp
[LOG 15:22:27.164] Config(PART) Squad/Parts/Utility/mk3CargoBay/short/mk3CargoBayS
[LOG 15:22:27.164] Config(PART) Squad/Parts/Utility/parachuteMk1/parachuteMk1/parachuteSingle
[LOG 15:22:27.164] Config(PART) Squad/Parts/Utility/parachuteMk12-R/parachuteMk12-R/radialDrogue
[LOG 15:22:27.164] Config(PART) Squad/Parts/Utility/parachuteMk16-XL/parachuteMk16-XL/parachuteLarge
[LOG 15:22:27.164] Config(PART) Squad/Parts/Utility/parachuteMk2-R/parachuteMk2-R/parachuteRadial
[LOG 15:22:27.164] Config(PART) Squad/Parts/Utility/parachuteMk25/parachuteMk25/parachuteDrogue
[LOG 15:22:27.164] Config(PART) Squad/Parts/Utility/radialAttachmentPoint/radialAttachmentPoint/stackPoint1
[LOG 15:22:27.164] Config(PART) Squad/Parts/Utility/rcsBlockRV-105_v2/rcsBlockRV-105/RCSBlock_v2
[LOG 15:22:27.164] Config(PART) Squad/Parts/Utility/rcsBlockRV-105_v2/RCSblock_01_small/RCSblock_01_small
[LOG 15:22:27.164] Config(PART) Squad/Parts/Utility/rcsSmallLinear/RCSLinearSmall/RCSLinearSmall
[LOG 15:22:27.164] Config(PART) Squad/Parts/Utility/RelayAntennas/RA-100/RelayAntenna100
[LOG 15:22:27.164] Config(PART) Squad/Parts/Utility/RelayAntennas/RA-5/RelayAntenna5
[LOG 15:22:27.164] Config(PART) Squad/Parts/Utility/RelayAntennas/RA-50/RelayAntenna50
[LOG 15:22:27.164] Config(PART) Squad/Parts/Utility/rockomaxAdapters/largeAdapter/largeAdapter
[LOG 15:22:27.164] Config(PART) Squad/Parts/Utility/rockomaxAdapters/largeAdapterShort/largeAdapter2
[LOG 15:22:27.164] Config(PART) Squad/Parts/Utility/ServiceBay_v2/ServiceBay_125_v2/ServiceBay_125_v2
[LOG 15:22:27.164] Config(PART) Squad/Parts/Utility/ServiceBay_v2/ServiceBay_250_v2/ServiceBay_250_v2
[LOG 15:22:27.165] Config(PART) Squad/Parts/Utility/smallClaw/smallClaw/smallClaw
[LOG 15:22:27.165] Config(PART) Squad/Parts/Utility/spotLightMk1/spotLightMk1/spotLight1
[LOG 15:22:27.165] Config(PART) Squad/Parts/Utility/spotLightMk1_v2/spotLightMk1_v2/spotLight1_v2
[LOG 15:22:27.165] Config(PART) Squad/Parts/Utility/spotLightMk2/spotLightMk2/spotLight2
[LOG 15:22:27.165] Config(PART) Squad/Parts/Utility/spotLightMk2_v2/spotLightMk2_v2/spotLight2_v2
[LOG 15:22:27.165] Config(PART) Squad/Parts/Utility/stackCouplers/stackBiCoupler_v2/stackBiCoupler_v2
[LOG 15:22:27.165] Config(PART) Squad/Parts/Utility/stackCouplers/stackQuadCoupler/stackQuadCoupler
[LOG 15:22:27.165] Config(PART) Squad/Parts/Utility/stackCouplers/stackTriCoupler_v2/stackTriCoupler_v2
[LOG 15:22:27.165] Config(PART) Squad/Parts/Wheel/LandingGear/GearExtraLarge/GearLarge
[LOG 15:22:27.165] Config(PART) Squad/Parts/Wheel/LandingGear/GearFixed/GearFixed
[LOG 15:22:27.165] Config(PART) Squad/Parts/Wheel/LandingGear/GearFree/GearFree
[LOG 15:22:27.165] Config(PART) Squad/Parts/Wheel/LandingGear/GearLarge/GearMedium
[LOG 15:22:27.165] Config(PART) Squad/Parts/Wheel/LandingGear/GearMedium/GearSmall
[LOG 15:22:27.165] Config(PART) Squad/Parts/Wheel/LandingGear/GearSmall/SmallGearBay
[LOG 15:22:27.165] Config(PART) Squad/Parts/Wheel/roverWheelM1/roverWheelM1/roverWheel1
[LOG 15:22:27.165] Config(PART) Squad/Parts/Wheel/roverWheelS2/roverWheelS2/roverWheel2
[LOG 15:22:27.165] Config(PART) Squad/Parts/Wheel/roverWheelTR-2L/roverWheelTR-2L/wheelMed
[LOG 15:22:27.165] Config(PART) Squad/Parts/Wheel/roverWheelXL3/roverWheelXL3/roverWheel3
[LOG 15:22:27.165] Config(PROP) Squad/Props/AltimeterThreeHands/prop/AltimeterThreeHands
[LOG 15:22:27.165] Config(PROP) Squad/Props/AtmosphereDepth/prop/AtmosphereDepth
[LOG 15:22:27.166] Config(PROP) Squad/Props/AxisIndicator/pitchConfig/AxisIndicatorPitch
[LOG 15:22:27.166] Config(PROP) Squad/Props/AxisIndicator/rollConfig/AxisIndicatorRoll
[LOG 15:22:27.166] Config(PROP) Squad/Props/AxisIndicator/yawConfig/AxisIndicatorYaw
[LOG 15:22:27.166] Config(PROP) Squad/Props/buttonsGeneric/circularButton/genericCircularButton
[LOG 15:22:27.166] Config(PROP) Squad/Props/buttonsGeneric/clusterButtons/genericClusterButtons
[LOG 15:22:27.166] Config(PROP) Squad/Props/buttonsGeneric/clusterButtons2/genericClusterButtons2
[LOG 15:22:27.166] Config(PROP) Squad/Props/buttonsGeneric/clusterKnob/genericClusterKnobs
[LOG 15:22:27.166] Config(PROP) Squad/Props/buttonsGeneric/clusterKnob2/genericClusterKnobs2
[LOG 15:22:27.166] Config(PROP) Squad/Props/buttonsGeneric/clusterMixed/genericClusterMixed
[LOG 15:22:27.166] Config(PROP) Squad/Props/buttonsGeneric/clusterSwitches01/genericClusterSwitches01
[LOG 15:22:27.166] Config(PROP) Squad/Props/buttonsGeneric/clusterSwitches02/genericClusterSwitches02
[LOG 15:22:27.166] Config(PROP) Squad/Props/buttonsGeneric/clusterSwitches03/genericClusterSwitches03
[LOG 15:22:27.166] Config(PROP) Squad/Props/buttonsGeneric/clusterSwitches04/genericClusterSwitches04
[LOG 15:22:27.166] Config(PROP) Squad/Props/buttonsGeneric/clusterSwitches05/genericClusterSwitches05
[LOG 15:22:27.166] Config(PROP) Squad/Props/buttonsGeneric/clusterSwitches06/genericClusterSwitches06
[LOG 15:22:27.166] Config(PROP) Squad/Props/buttonsGeneric/clusterSwitches07/genericClusterSwitches07
[LOG 15:22:27.166] Config(PROP) Squad/Props/buttonsGeneric/directionalKnob/genericDirectionalKnob
[LOG 15:22:27.166] Config(PROP) Squad/Props/buttonsGeneric/directionalKnob2/genericDirectionalKnob2
[LOG 15:22:27.166] Config(PROP) Squad/Props/buttonsGeneric/pullSwitch/genericPullSwitch
[LOG 15:22:27.166] Config(PROP) Squad/Props/buttonsGeneric/squareButton/genericSquareButton
[LOG 15:22:27.166] Config(PROP) Squad/Props/buttonsGeneric/standingSwitch/genericStandingSwitch
[LOG 15:22:27.166] Config(PROP) Squad/Props/buttonsGeneric/switch/genericSwitch
[LOG 15:22:27.166] Config(PROP) Squad/Props/buttonsGeneric/switchWithGuards/genericSwitchWithGuards
[LOG 15:22:27.166] Config(PROP) Squad/Props/ButtonSquare/prop/ButtonSquare
[LOG 15:22:27.166] Config(PROP) Squad/Props/circularButton/prop/circularButton
[LOG 15:22:27.166] Config(PROP) Squad/Props/Compass/prop/Compass
[LOG 15:22:27.167] Config(PROP) Squad/Props/directionalKnob/prop/directionalKnob
[LOG 15:22:27.167] Config(PROP) Squad/Props/directionalKnob2/prop/directionalKnob2
[LOG 15:22:27.167] Config(PROP) Squad/Props/IndicatorPanel/prop/IndicatorPanel
[LOG 15:22:27.167] Config(PROP) Squad/Props/IVANavBall/prop/NavBall
[LOG 15:22:27.167] Config(PROP) Squad/Props/IVANavBallNoBase/prop/NavBallNoBase
[LOG 15:22:27.167] Config(PROP) Squad/Props/ledPanelSpeed/prop/ledPanelSpeed
[LOG 15:22:27.167] Config(PROP) Squad/Props/Monitor/DockingMode/MonitorDockingMode
[LOG 15:22:27.167] Config(PROP) Squad/Props/NavBall/prop/NavBall
[LOG 15:22:27.167] Config(PROP) Squad/Props/PropsGeneric/Button_DockingMode/Button_DockingMode
[LOG 15:22:27.167] Config(PROP) Squad/Props/PropsGeneric/CargoBagA/CargoBagA
[LOG 15:22:27.167] Config(PROP) Squad/Props/PropsGeneric/CargoBagB/CargoBagB
[LOG 15:22:27.167] Config(PROP) Squad/Props/PropsGeneric/CargoBagC/CargoBagC
[LOG 15:22:27.167] Config(PROP) Squad/Props/PropsGeneric/Hatch_Plane/Hatch_Plane
[LOG 15:22:27.167] Config(PROP) Squad/Props/PropsGeneric/Hatch_Plane_Curve90/Hatch_Plane_Curve90
[LOG 15:22:27.167] Config(PROP) Squad/Props/PropsGeneric/Hatch_Plane_Frame/Hatch_Plane_Frame
[LOG 15:22:27.167] Config(PROP) Squad/Props/PropsGeneric/Seat_Passenger/Seat_Passenger
[LOG 15:22:27.167] Config(PROP) Squad/Props/PropsGeneric/Seat_Pilot/Seat_Pilot
[LOG 15:22:27.167] Config(PROP) Squad/Props/PropsGeneric/Seat_Pilot_Helmet/Seat_Pilot_Helmet
[LOG 15:22:27.167] Config(PROP) Squad/Props/PropsGeneric/SideStick/SideStick
[LOG 15:22:27.167] Config(PROP) Squad/Props/pullSwitch/prop/pullSwitch
[LOG 15:22:27.167] Config(PROP) Squad/Props/radarAltitude/prop/RadarAltimeter
[LOG 15:22:27.167] Config(PROP) Squad/Props/squareButton/prop/squareButton
[LOG 15:22:27.167] Config(PROP) Squad/Props/standingSwitch/prop/standingSwitch
[LOG 15:22:27.167] Config(PROP) Squad/Props/switch/prop/switch
[LOG 15:22:27.167] Config(PROP) Squad/Props/switchGuard/prop/switchGuard
[LOG 15:22:27.167] Config(PROP) Squad/Props/switchWithGuards/prop/switchWithGuards
[LOG 15:22:27.167] Config(PROP) Squad/Props/throttle/prop/throttle
[LOG 15:22:27.167] Config(PROP) Squad/Props/VSI/prop/VSI
[LOG 15:22:27.168] Config(SPACEOBJECTS_LIMITS) Squad/Resources/CometDefs/SPACEOBJECTS_LIMITS
[LOG 15:22:27.168] Config(COMET_MANAGER) Squad/Resources/CometDefs/COMET_MANAGER
[LOG 15:22:27.168] Config(COMET_ORBIT_TYPE) Squad/Resources/CometDefs/short
[LOG 15:22:27.168] Config(COMET_ORBIT_TYPE) Squad/Resources/CometDefs/intermediate
[LOG 15:22:27.168] Config(COMET_ORBIT_TYPE) Squad/Resources/CometDefs/long
[LOG 15:22:27.168] Config(COMET_ORBIT_TYPE) Squad/Resources/CometDefs/interstellar
[LOG 15:22:27.168] Config(FIREWORKFX_DEFINITION) Squad/Resources/FireworkFXDefinitions/classicTrail
[LOG 15:22:27.168] Config(FIREWORKFX_DEFINITION) Squad/Resources/FireworkFXDefinitions/whirlyTrail
[LOG 15:22:27.168] Config(FIREWORKFX_DEFINITION) Squad/Resources/FireworkFXDefinitions/strobeTrail
[LOG 15:22:27.168] Config(FIREWORKFX_DEFINITION) Squad/Resources/FireworkFXDefinitions/bareTrail
[LOG 15:22:27.168] Config(FIREWORKFX_DEFINITION) Squad/Resources/FireworkFXDefinitions/classicBurst
[LOG 15:22:27.168] Config(FIREWORKFX_DEFINITION) Squad/Resources/FireworkFXDefinitions/chrysBurst
[LOG 15:22:27.168] Config(FIREWORKFX_DEFINITION) Squad/Resources/FireworkFXDefinitions/palmBurst
[LOG 15:22:27.168] Config(FIREWORKFX_DEFINITION) Squad/Resources/FireworkFXDefinitions/ringBurst
[LOG 15:22:27.168] Config(FIREWORKFX_DEFINITION) Squad/Resources/FireworkFXDefinitions/crosetteBurst
[LOG 15:22:27.168] Config(FIREWORKFX_DEFINITION) Squad/Resources/FireworkFXDefinitions/willowBurst
[LOG 15:22:27.168] Config(FIREWORKFX_DEFINITION) Squad/Resources/FireworkFXDefinitions/crackeBurst
[LOG 15:22:27.168] Config(FIREWORKFX_DEFINITION) Squad/Resources/FireworkFXDefinitions/palmCrackleBurst
[LOG 15:22:27.168] Config(FIREWORKFX_DEFINITION) Squad/Resources/FireworkFXDefinitions/dragonBurst
[LOG 15:22:27.168] Config(GLOBAL_RESOURCE) Squad/Resources/Ore/GLOBAL_RESOURCE
[LOG 15:22:27.168] Config(PLANETARY_RESOURCE) Squad/Resources/Ore/PLANETARY_RESOURCE
[LOG 15:22:27.168] Config(PLANETARY_RESOURCE) Squad/Resources/Ore/PLANETARY_RESOURCE
[LOG 15:22:27.168] Config(RESOURCE_OVERLAY_CONFIGURATION_SOLID) Squad/Resources/Overlay/RESOURCE_OVERLAY_CONFIGURATION_SOLID
[LOG 15:22:27.168] Config(RESOURCE_OVERLAY_CONFIGURATION_LINES) Squad/Resources/Overlay/RESOURCE_OVERLAY_CONFIGURATION_LINES
[LOG 15:22:27.168] Config(RESOURCE_OVERLAY_CONFIGURATION_DOTS) Squad/Resources/Overlay/RESOURCE_OVERLAY_CONFIGURATION_DOTS
[LOG 15:22:27.168] Config(RESOURCE_CONFIGURATION) Squad/Resources/ResourceDefaults/RESOURCE_CONFIGURATION
[LOG 15:22:27.168] Config(RESOURCE_DEFINITION) Squad/Resources/ResourcesGeneric/LiquidFuel
[LOG 15:22:27.169] Config(RESOURCE_DEFINITION) Squad/Resources/ResourcesGeneric/Oxidizer
[LOG 15:22:27.169] Config(RESOURCE_DEFINITION) Squad/Resources/ResourcesGeneric/SolidFuel
[LOG 15:22:27.169] Config(RESOURCE_DEFINITION) Squad/Resources/ResourcesGeneric/MonoPropellant
[LOG 15:22:27.169] Config(RESOURCE_DEFINITION) Squad/Resources/ResourcesGeneric/XenonGas
[LOG 15:22:27.169] Config(RESOURCE_DEFINITION) Squad/Resources/ResourcesGeneric/ElectricCharge
[LOG 15:22:27.169] Config(RESOURCE_DEFINITION) Squad/Resources/ResourcesGeneric/IntakeAir
[LOG 15:22:27.169] Config(RESOURCE_DEFINITION) Squad/Resources/ResourcesGeneric/EVA Propellant
[LOG 15:22:27.169] Config(RESOURCE_DEFINITION) Squad/Resources/ResourcesGeneric/Ore
[LOG 15:22:27.169] Config(RESOURCE_DEFINITION) Squad/Resources/ResourcesGeneric/Ablator
[LOG 15:22:27.169] Config(EXPERIMENT_DEFINITION) Squad/Resources/ScienceDefs/EXPERIMENT_DEFINITION
[LOG 15:22:27.169] Config(EXPERIMENT_DEFINITION) Squad/Resources/ScienceDefs/EXPERIMENT_DEFINITION
[LOG 15:22:27.169] Config(EXPERIMENT_DEFINITION) Squad/Resources/ScienceDefs/EXPERIMENT_DEFINITION
[LOG 15:22:27.169] Config(EXPERIMENT_DEFINITION) Squad/Resources/ScienceDefs/EXPERIMENT_DEFINITION
[LOG 15:22:27.169] Config(EXPERIMENT_DEFINITION) Squad/Resources/ScienceDefs/EXPERIMENT_DEFINITION
[LOG 15:22:27.169] Config(EXPERIMENT_DEFINITION) Squad/Resources/ScienceDefs/EXPERIMENT_DEFINITION
[LOG 15:22:27.169] Config(EXPERIMENT_DEFINITION) Squad/Resources/ScienceDefs/EXPERIMENT_DEFINITION
[LOG 15:22:27.169] Config(EXPERIMENT_DEFINITION) Squad/Resources/ScienceDefs/EXPERIMENT_DEFINITION
[LOG 15:22:27.169] Config(EXPERIMENT_DEFINITION) Squad/Resources/ScienceDefs/EXPERIMENT_DEFINITION
[LOG 15:22:27.169] Config(EXPERIMENT_DEFINITION) Squad/Resources/ScienceDefs/EXPERIMENT_DEFINITION
[LOG 15:22:27.169] Config(EXPERIMENT_DEFINITION) Squad/Resources/ScienceDefs/EXPERIMENT_DEFINITION
[LOG 15:22:27.169] Config(EXPERIMENT_DEFINITION) Squad/Resources/ScienceDefs/EXPERIMENT_DEFINITION
[LOG 15:22:27.169] Config(EXPERIMENT_DEFINITION) Squad/Resources/ScienceDefs/EXPERIMENT_DEFINITION
[LOG 15:22:27.169] Config(EXPERIMENT_DEFINITION) Squad/Resources/ScienceDefs/EXPERIMENT_DEFINITION
[LOG 15:22:27.169] Config(EXPERIMENT_DEFINITION) Squad/Resources/ScienceDefs/EXPERIMENT_DEFINITION
[LOG 15:22:27.169] Config(EXPERIMENT_DEFINITION) Squad/Resources/ScienceDefs/EXPERIMENT_DEFINITION
[LOG 15:22:27.169] Config(EXPERIMENT_DEFINITION) Squad/Resources/ScienceDefs/EXPERIMENT_DEFINITION
[LOG 15:22:27.169] Config(EXPERIMENT_DEFINITION) Squad/Resources/ScienceDefs/EXPERIMENT_DEFINITION
[LOG 15:22:27.169] Config(STORY_DEF) Squad/Resources/StoryDefs/STORY_DEF
[LOG 15:22:27.170] Config(TechTree) Squad/Resources/TechTree/TechTree
[LOG 15:22:27.170] Config(INTERNAL) Squad/Spaces/crewCabinInternals/internal/crewCabinInternals
[LOG 15:22:27.170] Config(INTERNAL) Squad/Spaces/cupolaInternal/internal/cupolaInternal
[LOG 15:22:27.170] Config(INTERNAL) Squad/Spaces/GenericSpace1/internal/GenericSpace1
[LOG 15:22:27.170] Config(INTERNAL) Squad/Spaces/GenericSpace3/internal/GenericSpace3
[LOG 15:22:27.170] Config(INTERNAL) Squad/Spaces/landerCabinInternals/internal/landerCabinInternals
[LOG 15:22:27.170] Config(INTERNAL) Squad/Spaces/landerCabinSmallInternal/internal/landerCabinSmallInternal
[LOG 15:22:27.170] Config(INTERNAL) Squad/Spaces/LargeCrewedLabInternals/internal/Mobile_Processing_Lab_Int
[LOG 15:22:27.170] Config(INTERNAL) Squad/Spaces/Mk1-3/internal/Mk1-3
[LOG 15:22:27.170] Config(INTERNAL) Squad/Spaces/mk1CabinInternal/internal/mk1CabinInternal
[LOG 15:22:27.170] Config(INTERNAL) Squad/Spaces/mk1CockpitInternal/internal/mk1CockpitInternal
[LOG 15:22:27.170] Config(INTERNAL) Squad/Spaces/mk1InlineInternal/internal/mk1InlineInternal
[LOG 15:22:27.170] Config(INTERNAL) Squad/Spaces/mk1PodCockpit/internal/mk1PodCockpit
[LOG 15:22:27.170] Config(INTERNAL) Squad/Spaces/mk1pod_IVA/mk1pod_Internal/mk1pod_IVA
[LOG 15:22:27.170] Config(INTERNAL) Squad/Spaces/mk2CockpitStandardInternal/internal/mk2CockpitStandardInternals
[LOG 15:22:27.170] Config(INTERNAL) Squad/Spaces/Mk2CrewCabinInternal/internal_MK2_CrewCab/MK2_CrewCab_Int
[LOG 15:22:27.170] Config(INTERNAL) Squad/Spaces/mk2InlineInternal/internal/mk2InlineInternal
[LOG 15:22:27.170] Config(INTERNAL) Squad/Spaces/mk2LanderCanInternal/internal/mk2LanderCanInternal
[LOG 15:22:27.170] Config(INTERNAL) Squad/Spaces/MK3CockpitInternal/internal_MK3/MK3_Cockpit_Int
[LOG 15:22:27.170] Config(INTERNAL) Squad/Spaces/MK3_CrewCab_Int/internal_MK3_CrewCab/MK3_CrewCab_Int
[LOG 15:22:27.170] Config(INTERNAL) Squad/Spaces/Placeholder/internal/Placeholder
[LOG 15:22:27.170] Config(INTERNAL) Squad/Spaces/PodCockpit/internal/PodCockpit
[LOG 15:22:27.170] Config(STRATEGY_DEPARTMENT) Squad/Strategies/Departments/Finances
[LOG 15:22:27.171] Config(STRATEGY_DEPARTMENT) Squad/Strategies/Departments/Science
[LOG 15:22:27.171] Config(STRATEGY_DEPARTMENT) Squad/Strategies/Departments/Public Relations
[LOG 15:22:27.171] Config(STRATEGY_DEPARTMENT) Squad/Strategies/Departments/Operations
[LOG 15:22:27.171] Config(STRATEGY) Squad/Strategies/Strategies/AppreciationCampaignCfg
[LOG 15:22:27.171] Config(STRATEGY) Squad/Strategies/Strategies/FundraisingCampaignCfg
[LOG 15:22:27.171] Config(STRATEGY) Squad/Strategies/Strategies/OpenSourceTechProgramCfg
[LOG 15:22:27.171] Config(STRATEGY) Squad/Strategies/Strategies/UnpaidResearchProgramCfg
[LOG 15:22:27.171] Config(STRATEGY) Squad/Strategies/Strategies/OutsourcedResearchCfg
[LOG 15:22:27.171] Config(STRATEGY) Squad/Strategies/Strategies/PatentsLicensingCfg
[LOG 15:22:27.171] Config(STRATEGY) Squad/Strategies/Strategies/AgressiveNegotiations
[LOG 15:22:27.171] Config(STRATEGY) Squad/Strategies/Strategies/RecoveryTransponders
[LOG 15:22:27.171] Config(STRATEGY) Squad/Strategies/Strategies/BailoutGrant
[LOG 15:22:27.171] Config(STRATEGY) Squad/Strategies/Strategies/researchIPsellout
[LOG 15:22:27.171] Config(STRATEGY) Squad/Strategies/Strategies/LeadershipInitiative
[LOG 15:22:27.171] Config(TUTORIAL) Squad/Tutorials/FlightSuborbital/FlightSuborbital
[LOG 15:22:27.171] Config(TUTORIAL) Squad/Tutorials/FromMun/FromMun
[LOG 15:22:27.171] Config(TUTORIAL) Squad/Tutorials/GoForOrbit/GoForOrbit
[LOG 15:22:27.171] Config(MISSIONPACK) SquadExpansion/MakingHistory/Missions/MissionPacks/squad_MakingHistory
[LOG 15:22:27.171] Config(MISSIONPACK) SquadExpansion/MakingHistory/Missions/MissionPacks/squad_MakingHistory_Other
[LOG 15:22:27.171] Config(MISSIONPACK) SquadExpansion/MakingHistory/Missions/MissionPacks/squad_MakingHistory_Tutorial
[LOG 15:22:27.172] Config(MEBASICNODE) SquadExpansion/MakingHistory/Nodes/AccuracyLogic/TestAccuracyLogic
[LOG 15:22:27.172] Config(MEBASICNODE) SquadExpansion/MakingHistory/Nodes/ActionChancePartResourceLevels/ActionPartResourceAmount
[LOG 15:22:27.172] Config(MEBASICNODE) SquadExpansion/MakingHistory/Nodes/ActionExplode/ActionVesselExplode
[LOG 15:22:27.172] Config(MEBASICNODE) SquadExpansion/MakingHistory/Nodes/ActionMissionScore/MissionScore
[LOG 15:22:27.172] Config(MEBASICNODE) SquadExpansion/MakingHistory/Nodes/ActionModifierFunds/ModifyFunds
[LOG 15:22:27.172] Config(MEBASICNODE) SquadExpansion/MakingHistory/Nodes/ActionModifierScore/MissionScore
[LOG 15:22:27.172] Config(MEBASICNODE) SquadExpansion/MakingHistory/Nodes/ActionPartExplode/ActionPartExplode
[LOG 15:22:27.172] Config(MEBASICNODE) SquadExpansion/MakingHistory/Nodes/ActionPartResourceDrain/ActionPartResourceDrain
[LOG 15:22:27.172] Config(MEBASICNODE) SquadExpansion/MakingHistory/Nodes/ActionVesselActionGroup/ActionVesselActionGroup
[LOG 15:22:27.172] Config(MEBASICNODE) SquadExpansion/MakingHistory/Nodes/ActionVesselStage/ActionVesselStage
[LOG 15:22:27.172] Config(MEBASICNODE) SquadExpansion/MakingHistory/Nodes/CreateAsteroid/CreateAsteroid
[LOG 15:22:27.172] Config(MEBASICNODE) SquadExpansion/MakingHistory/Nodes/CreateComet/CreateComet
[LOG 15:22:27.172] Config(MEBASICNODE) SquadExpansion/MakingHistory/Nodes/CreateFlag/CreateFlag
[LOG 15:22:27.172] Config(MEBASICNODE) SquadExpansion/MakingHistory/Nodes/CreateLaunchSite/CreateLaunchSite
[LOG 15:22:27.172] Config(MEBASICNODE) SquadExpansion/MakingHistory/Nodes/CreateVessel/CreateVessel
[LOG 15:22:27.172] Config(MEBASICNODE) SquadExpansion/MakingHistory/Nodes/CrewAssignment/TestCrewAssignment
[LOG 15:22:27.172] Config(MEBASICNODE) SquadExpansion/MakingHistory/Nodes/Destroyed/Crashed
[LOG 15:22:27.172] Config(MEBASICNODE) SquadExpansion/MakingHistory/Nodes/DialogMessage/DialogMessage
[LOG 15:22:27.172] Config(MEBASICNODE) SquadExpansion/MakingHistory/Nodes/Distance/Distance
[LOG 15:22:27.172] Config(MEBASICNODE) SquadExpansion/MakingHistory/Nodes/EmptyFalse/EmptyFalse
[LOG 15:22:27.172] Config(MEBASICNODE) SquadExpansion/MakingHistory/Nodes/EmptyTrue/EmptyTrue
[LOG 15:22:27.172] Config(MEBASICNODE) SquadExpansion/MakingHistory/Nodes/EscapeSOI/SOILeft
[LOG 15:22:27.172] Config(MEBASICNODE) SquadExpansion/MakingHistory/Nodes/EVA/EVA
[LOG 15:22:27.172] Config(MEBASICNODE) SquadExpansion/MakingHistory/Nodes/Flying/Flying
[LOG 15:22:27.172] Config(MEBASICNODE) SquadExpansion/MakingHistory/Nodes/FundsRecovery/FundsRecovery
[LOG 15:22:27.172] Config(MEBASICNODE) SquadExpansion/MakingHistory/Nodes/KerbalBoarded/TestKerbalBoarded
[LOG 15:22:27.173] Config(MEBASICNODE) SquadExpansion/MakingHistory/Nodes/KerbalKilled/EVA
[LOG 15:22:27.173] Config(MEBASICNODE) SquadExpansion/MakingHistory/Nodes/KerbalRecovery/KerbalRecovery
[LOG 15:22:27.173] Config(MEBASICNODE) SquadExpansion/MakingHistory/Nodes/KerbalRescue/KerbalRescue
[LOG 15:22:27.173] Config(MEBASICNODE) SquadExpansion/MakingHistory/Nodes/Landed/Landed
[LOG 15:22:27.173] Config(MEBASICNODE) SquadExpansion/MakingHistory/Nodes/Message/Message
[LOG 15:22:27.173] Config(MEBASICNODE) SquadExpansion/MakingHistory/Nodes/MissionFunds/MissionFunds
[LOG 15:22:27.173] Config(MEBASICNODE) SquadExpansion/MakingHistory/Nodes/MissionScore/MissionScore
[LOG 15:22:27.173] Config(MEBASICNODE) SquadExpansion/MakingHistory/Nodes/Orbit/Orbit
[LOG 15:22:27.173] Config(MEBASICNODE) SquadExpansion/MakingHistory/Nodes/OrbitParams/OrbitParams
[LOG 15:22:27.173] Config(MEBASICNODE) SquadExpansion/MakingHistory/Nodes/PartDocking/TestPartDocking
[LOG 15:22:27.173] Config(MEBASICNODE) SquadExpansion/MakingHistory/Nodes/PartFailure/PartFailure
[LOG 15:22:27.173] Config(MEBASICNODE) SquadExpansion/MakingHistory/Nodes/PartGrapple/TestGrapple
[LOG 15:22:27.173] Config(MEBASICNODE) SquadExpansion/MakingHistory/Nodes/PartRepair/PartRepair
[LOG 15:22:27.173] Config(MEBASICNODE) SquadExpansion/MakingHistory/Nodes/PlaceKerbal/CreateKerbal
[LOG 15:22:27.173] Config(MEBASICNODE) SquadExpansion/MakingHistory/Nodes/PlantFlag/PlantFlag
[LOG 15:22:27.173] Config(MEBASICNODE) SquadExpansion/MakingHistory/Nodes/ReachSOI/ReachSOI
[LOG 15:22:27.173] Config(MEBASICNODE) SquadExpansion/MakingHistory/Nodes/Resource/ResourceAmount
[LOG 15:22:27.173] Config(MEBASICNODE) SquadExpansion/MakingHistory/Nodes/ResourceRecovery/TestResourcesRecovery
[LOG 15:22:27.173] Config(MEBASICNODE) SquadExpansion/MakingHistory/Nodes/ScienceExperiment/ScienceExperiment
[LOG 15:22:27.173] Config(MEBASICNODE) SquadExpansion/MakingHistory/Nodes/SetCamera/SetCamera
[LOG 15:22:27.173] Config(MEBASICNODE) SquadExpansion/MakingHistory/Nodes/SplashDown/SplashDown
[LOG 15:22:27.173] Config(MEBASICNODE) SquadExpansion/MakingHistory/Nodes/StageActivated/TestVesselStageActivated
[LOG 15:22:27.173] Config(MEBASICNODE) SquadExpansion/MakingHistory/Nodes/TakeKerbal/TestTakeKerbal
[LOG 15:22:27.173] Config(MEBASICNODE) SquadExpansion/MakingHistory/Nodes/TestFlyThrough/TestFlyThrough
[LOG 15:22:27.173] Config(MEBASICNODE) SquadExpansion/MakingHistory/Nodes/TestGoTo/TestGoTo
[LOG 15:22:27.173] Config(MEBASICNODE) SquadExpansion/MakingHistory/Nodes/TimeMET/TimeMET
[LOG 15:22:27.174] Config(MEBASICNODE) SquadExpansion/MakingHistory/Nodes/TimeOfMission/TimeOfMission
[LOG 15:22:27.174] Config(MEBASICNODE) SquadExpansion/MakingHistory/Nodes/TimeSinceNode/TestTimeSinceNode
[LOG 15:22:27.174] Config(MEBASICNODE) SquadExpansion/MakingHistory/Nodes/VesselActiveCount/TestVesselActiveCount
[LOG 15:22:27.174] Config(MEBASICNODE) SquadExpansion/MakingHistory/Nodes/VesselAltitudeGoal/VesselAltitudeGoal
[LOG 15:22:27.174] Config(MEBASICNODE) SquadExpansion/MakingHistory/Nodes/VesselCrewCount/VeselCrewCount
[LOG 15:22:27.174] Config(MEBASICNODE) SquadExpansion/MakingHistory/Nodes/VesselMassLogic/VesselMass
[LOG 15:22:27.174] Config(MEBASICNODE) SquadExpansion/MakingHistory/Nodes/VesselPartCount/PartCount
[LOG 15:22:27.174] Config(MEBASICNODE) SquadExpansion/MakingHistory/Nodes/VesselRecovery/TestVesselRecovery
[LOG 15:22:27.174] Config(MEBASICNODE) SquadExpansion/MakingHistory/Nodes/VesselStage/TestVesselStage
[LOG 15:22:27.174] Config(MEBASICNODE) SquadExpansion/MakingHistory/Nodes/VesselVelocity/VesselVelocity
[LOG 15:22:27.174] Config(PART) SquadExpansion/MakingHistory/Parts/Aero/protectiveRocketNoseMk16/rocketNoseCone_size4/rocketNoseConeSize4
[LOG 15:22:27.174] Config(PART) SquadExpansion/MakingHistory/Parts/Aero/protectiveRocketNoseMk5A/Size_1_5_Cone/Size_1_5_Cone
[LOG 15:22:27.174] Config(PART) SquadExpansion/MakingHistory/Parts/Coupling/Decoupler_1p5/Decoupler_1p5
[LOG 15:22:27.174] Config(PART) SquadExpansion/MakingHistory/Parts/Coupling/Decoupler_4/Decoupler_4
[LOG 15:22:27.174] Config(PART) SquadExpansion/MakingHistory/Parts/Coupling/EnginePlate_1p5/EnginePlate1p5
[LOG 15:22:27.174] Config(PART) SquadExpansion/MakingHistory/Parts/Coupling/EnginePlate_2/EnginePlate2
[LOG 15:22:27.174] Config(PART) SquadExpansion/MakingHistory/Parts/Coupling/EnginePlate_3/EnginePlate3
[LOG 15:22:27.174] Config(PART) SquadExpansion/MakingHistory/Parts/Coupling/EnginePlate_4/EnginePlate4
[LOG 15:22:27.174] Config(PART) SquadExpansion/MakingHistory/Parts/Coupling/EnginePlate_5/EnginePlate5
[LOG 15:22:27.174] Config(PART) SquadExpansion/MakingHistory/Parts/Coupling/InflatableAirlock/InflatableAirlock
[LOG 15:22:27.174] Config(PART) SquadExpansion/MakingHistory/Parts/Coupling/Separator_1p5/Separator_1p5
[LOG 15:22:27.174] Config(PART) SquadExpansion/MakingHistory/Parts/Coupling/Separator_4/Separator_4
[LOG 15:22:27.174] Config(PART) SquadExpansion/MakingHistory/Parts/Coupling/Size1p5_Strut_Decoupler/Size1p5_Strut_Decoupler
[LOG 15:22:27.174] Config(PART) SquadExpansion/MakingHistory/Parts/Engine/LiquidEngineKE-1/LiquidEngineKE-1
[LOG 15:22:27.175] Config(PART) SquadExpansion/MakingHistory/Parts/Engine/LiquidEngineLV-T91/LiquidEngineLV-T91
[LOG 15:22:27.175] Config(PART) SquadExpansion/MakingHistory/Parts/Engine/LiquidEngineLV-TX87/LiquidEngineLV-TX87
[LOG 15:22:27.175] Config(PART) SquadExpansion/MakingHistory/Parts/Engine/LiquidEngineRE-I2/LiquidEngineRE-I2
[LOG 15:22:27.175] Config(PART) SquadExpansion/MakingHistory/Parts/Engine/LiquidEngineRE-J10/LiquidEngineRE-J10
[LOG 15:22:27.175] Config(PART) SquadExpansion/MakingHistory/Parts/Engine/LiquidEngineRK-7/LiquidEngineRK-7
[LOG 15:22:27.175] Config(PART) SquadExpansion/MakingHistory/Parts/Engine/LiquidEngineRV-1/LiquidEngineRV-1
[LOG 15:22:27.175] Config(PART) SquadExpansion/MakingHistory/Parts/Engine/solidBoosterTHK/solidBoosterTHK/Pollux
[LOG 15:22:27.175] Config(PART) SquadExpansion/MakingHistory/Parts/FuelTank/MonoPropMini/monopropMiniSphere
[LOG 15:22:27.175] Config(PART) SquadExpansion/MakingHistory/Parts/FuelTank/Size1p5_Monoprop/Size1p5_Monoprop
[LOG 15:22:27.175] Config(PART) SquadExpansion/MakingHistory/Parts/FuelTank/Size1p5_Size0_Adapter_01/Size1p5_Size0_Adapter_01
[LOG 15:22:27.175] Config(PART) SquadExpansion/MakingHistory/Parts/FuelTank/Size1p5_Size1_Adapter_01/Size1p5_Size1_Adapter_01
[LOG 15:22:27.175] Config(PART) SquadExpansion/MakingHistory/Parts/FuelTank/Size1p5_Size1_Adapter_02/Size1p5_Size1_Adapter_02
[LOG 15:22:27.175] Config(PART) SquadExpansion/MakingHistory/Parts/FuelTank/Size1p5_Size2_Adapter_01/Size1p5_Size2_Adapter_01
[LOG 15:22:27.175] Config(PART) SquadExpansion/MakingHistory/Parts/FuelTank/Size1p5_Tank_01/Size1p5_Tank_01
[LOG 15:22:27.175] Config(PART) SquadExpansion/MakingHistory/Parts/FuelTank/Size1p5_Tank_02/Size1p5_Tank_02
[LOG 15:22:27.175] Config(PART) SquadExpansion/MakingHistory/Parts/FuelTank/Size1p5_Tank_03/Size1p5_Tank_03
[LOG 15:22:27.175] Config(PART) SquadExpansion/MakingHistory/Parts/FuelTank/Size1p5_Tank_04/Size1p5_Tank_04
[LOG 15:22:27.175] Config(PART) SquadExpansion/MakingHistory/Parts/FuelTank/Size1p5_Tank_05/Size1p5_Tank_05
[LOG 15:22:27.175] Config(PART) SquadExpansion/MakingHistory/Parts/FuelTank/Size3_Size4_Adapter_01/Size3_Size4_Adapter_01
[LOG 15:22:27.175] Config(PART) SquadExpansion/MakingHistory/Parts/FuelTank/Size4_EngineAdapter_01/Size4_EngineAdapter_01
[LOG 15:22:27.175] Config(PART) SquadExpansion/MakingHistory/Parts/FuelTank/Size4_Tank_01/Size4_Tank_01
[LOG 15:22:27.175] Config(PART) SquadExpansion/MakingHistory/Parts/FuelTank/Size4_Tank_02/Size4_Tank_02
[LOG 15:22:27.175] Config(PART) SquadExpansion/MakingHistory/Parts/FuelTank/Size4_Tank_03/Size4_Tank_03
[LOG 15:22:27.175] Config(PART) SquadExpansion/MakingHistory/Parts/FuelTank/Size4_Tank_04/Size4_Tank_04
[LOG 15:22:27.176] Config(PART) SquadExpansion/MakingHistory/Parts/Ground/RoverWheel/roverWheelM1-F
[LOG 15:22:27.176] Config(PART) SquadExpansion/MakingHistory/Parts/Payload/fairingSize1p5/fairingSize1p5
[LOG 15:22:27.176] Config(PART) SquadExpansion/MakingHistory/Parts/Payload/fairingSize4/fairingSize4
[LOG 15:22:27.176] Config(PART) SquadExpansion/MakingHistory/Parts/Payload/Size1to0ServiceModule/Size1to0ServiceModule
[LOG 15:22:27.176] Config(PART) SquadExpansion/MakingHistory/Parts/Payload/SM18/ServiceModule18
[LOG 15:22:27.176] Config(PART) SquadExpansion/MakingHistory/Parts/Payload/SM25/ServiceModule25
[LOG 15:22:27.176] Config(PART) SquadExpansion/MakingHistory/Parts/Pods/KV1Pod/kv1Pod
[LOG 15:22:27.176] Config(PART) SquadExpansion/MakingHistory/Parts/Pods/KV2Pod/kv2Pod
[LOG 15:22:27.176] Config(PART) SquadExpansion/MakingHistory/Parts/Pods/KV3Pod/kv3Pod
[LOG 15:22:27.176] Config(PART) SquadExpansion/MakingHistory/Parts/Pods/Mk2Pod/Mk2Pod
[LOG 15:22:27.176] Config(PART) SquadExpansion/MakingHistory/Parts/Pods/Size1_5_Lander/MEMLander
[LOG 15:22:27.176] Config(PART) SquadExpansion/MakingHistory/Parts/Prebuilt/kerbalEVAfemaleVintage/kerbalEVAfemaleVintage
[LOG 15:22:27.176] Config(PART) SquadExpansion/MakingHistory/Parts/Prebuilt/kerbalEVAVintage/kerbalEVAVintage
[LOG 15:22:27.176] Config(PART) SquadExpansion/MakingHistory/Parts/Structural/EquiTriangle0/EquiTriangle0
[LOG 15:22:27.176] Config(PART) SquadExpansion/MakingHistory/Parts/Structural/EquiTriangle1/EquiTriangle1
[LOG 15:22:27.176] Config(PART) SquadExpansion/MakingHistory/Parts/Structural/EquiTriangle1p5/EquiTriangle1p5
[LOG 15:22:27.176] Config(PART) SquadExpansion/MakingHistory/Parts/Structural/EquiTriangle2/EquiTriangle2
[LOG 15:22:27.176] Config(PART) SquadExpansion/MakingHistory/Parts/Structural/Panel0/Panel0
[LOG 15:22:27.176] Config(PART) SquadExpansion/MakingHistory/Parts/Structural/Panel1/Panel1
[LOG 15:22:27.176] Config(PART) SquadExpansion/MakingHistory/Parts/Structural/Panel1p5/Panel1p5
[LOG 15:22:27.177] Config(PART) SquadExpansion/MakingHistory/Parts/Structural/Panel2/Panel2
[LOG 15:22:27.177] Config(PART) SquadExpansion/MakingHistory/Parts/Structural/Triangle0/Triangle0
[LOG 15:22:27.177] Config(PART) SquadExpansion/MakingHistory/Parts/Structural/Triangle1/Triangle1
[LOG 15:22:27.177] Config(PART) SquadExpansion/MakingHistory/Parts/Structural/Triangle1p5/Triangle1p5
[LOG 15:22:27.177] Config(PART) SquadExpansion/MakingHistory/Parts/Structural/Triangle2/Triangle2
[LOG 15:22:27.177] Config(PART) SquadExpansion/MakingHistory/Parts/Structural/Tube1/Tube1
[LOG 15:22:27.177] Config(PART) SquadExpansion/MakingHistory/Parts/Structural/Tube1p5/Tube1p5
[LOG 15:22:27.177] Config(PART) SquadExpansion/MakingHistory/Parts/Structural/Tube2/Tube2
[LOG 15:22:27.177] Config(PART) SquadExpansion/MakingHistory/Parts/Structural/Tube3/Tube3
[LOG 15:22:27.177] Config(PART) SquadExpansion/MakingHistory/Parts/Structural/Tube4/Tube4
[LOG 15:22:27.177] Config(PART) SquadExpansion/MakingHistory/Parts/Thermal/HeatShield1p5/HeatShield1p5
[LOG 15:22:27.177] Config(PART) SquadExpansion/MakingHistory/Parts/Utility/flags/flagSize1p5/flagSize1p5/flagPartSize1p5
[LOG 15:22:27.177] Config(PART) SquadExpansion/MakingHistory/Parts/Utility/flags/flagSize4/flagSize4/flagPartSize4
[LOG 15:22:27.177] Config(INTERNAL) SquadExpansion/MakingHistory/Spaces/KVPods/Airlock_Internal/Airlock_IVA
[LOG 15:22:27.177] Config(INTERNAL) SquadExpansion/MakingHistory/Spaces/KVPods/KV1_Internal/KV1_IVA
[LOG 15:22:27.177] Config(INTERNAL) SquadExpansion/MakingHistory/Spaces/KVPods/KV2_Internal/KV2_IVA
[LOG 15:22:27.177] Config(INTERNAL) SquadExpansion/MakingHistory/Spaces/KVPods/KV3_Internal/KV3_IVA
[LOG 15:22:27.177] Config(INTERNAL) SquadExpansion/MakingHistory/Spaces/MEM/MEM_IVA/MEM_IVA
[LOG 15:22:27.177] Config(INTERNAL) SquadExpansion/MakingHistory/Spaces/Mk2Pod/Mk2Pod_Internal/MK2POD_IVA
[LOG 15:22:27.177] Config(Contracts) SquadExpansion/Serenity/Contracts/contracts/Contracts
[LOG 15:22:27.177] Config(EXPERIENCE_TRAIT) SquadExpansion/Serenity/Experience/Traits/Engineer
[LOG 15:22:27.177] Config(EXPERIENCE_TRAIT) SquadExpansion/Serenity/Experience/Traits/Scientist
[LOG 15:22:27.178] Config(Localization) SquadExpansion/Serenity/Localization/dictionary/Localization
[LOG 15:22:27.178] Config(PART) SquadExpansion/Serenity/Parts/Aero/FanShroud_01/FanShroud_01
[LOG 15:22:27.178] Config(PART) SquadExpansion/Serenity/Parts/Aero/FanShroud_02/FanShroud_02
[LOG 15:22:27.178] Config(PART) SquadExpansion/Serenity/Parts/Aero/FanShroud_03/FanShroud_03
[LOG 15:22:27.178] Config(PART) SquadExpansion/Serenity/Parts/Aero/noseconeTiny/noseconeTiny
[LOG 15:22:27.178] Config(PART) SquadExpansion/Serenity/Parts/Aero/noseconeVS/noseconeVS
[LOG 15:22:27.178] Config(PART) SquadExpansion/Serenity/Parts/DeployedScience/centralStation/DeployedCentralStation
[LOG 15:22:27.178] Config(PART) SquadExpansion/Serenity/Parts/DeployedScience/gooObservation/DeployedGoExOb
[LOG 15:22:27.178] Config(PART) SquadExpansion/Serenity/Parts/DeployedScience/ionCollector/DeployedIONExp
[LOG 15:22:27.178] Config(PART) SquadExpansion/Serenity/Parts/DeployedScience/rtg/DeployedRTG
[LOG 15:22:27.178] Config(PART) SquadExpansion/Serenity/Parts/DeployedScience/satDish/DeployedSatDish
[LOG 15:22:27.178] Config(PART) SquadExpansion/Serenity/Parts/DeployedScience/seismicSensor/DeployedSeismicSensor
[LOG 15:22:27.178] Config(PART) SquadExpansion/Serenity/Parts/DeployedScience/solarPanel/DeployedSolarPanel
[LOG 15:22:27.178] Config(PART) SquadExpansion/Serenity/Parts/DeployedScience/weatherStation/DeployedWeatherStn
[LOG 15:22:27.178] Config(PART) SquadExpansion/Serenity/Parts/Prebuilt/kerbalEVA/kerbalEVA
[LOG 15:22:27.178] Config(PART) SquadExpansion/Serenity/Parts/Prebuilt/kerbalEVAfemale/kerbalEVAfemale
[LOG 15:22:27.178] Config(PART) SquadExpansion/Serenity/Parts/Prebuilt/kerbalEVAfemaleFuture/kerbalEVAfemaleFuture
[LOG 15:22:27.178] Config(PART) SquadExpansion/Serenity/Parts/Prebuilt/kerbalEVAfemaleVintage/kerbalEVAfemaleVintage
[LOG 15:22:27.178] Config(PART) SquadExpansion/Serenity/Parts/Prebuilt/kerbalEVAFuture/kerbalEVAFuture
[LOG 15:22:27.178] Config(PART) SquadExpansion/Serenity/Parts/Prebuilt/kerbalEVASlimSuit/kerbalEVASlimSuit
[LOG 15:22:27.178] Config(PART) SquadExpansion/Serenity/Parts/Prebuilt/kerbalEVASlimSuitFemale/kerbalEVASlimSuitFemale
[LOG 15:22:27.178] Config(PART) SquadExpansion/Serenity/Parts/Prebuilt/kerbalEVAVintage/kerbalEVAVintage
[LOG 15:22:27.178] Config(PART) SquadExpansion/Serenity/Parts/Propellers/largeFanBlade/largeFanBlade
[LOG 15:22:27.178] Config(PART) SquadExpansion/Serenity/Parts/Propellers/largeHeliBlade/largeHeliBlade
[LOG 15:22:27.178] Config(PART) SquadExpansion/Serenity/Parts/Propellers/largePropeller/largePropeller
[LOG 15:22:27.179] Config(PART) SquadExpansion/Serenity/Parts/Propellers/mediumFanBlade/mediumFanBlade
[LOG 15:22:27.179] Config(PART) SquadExpansion/Serenity/Parts/Propellers/mediumHeliBlade/mediumHeliBlade
[LOG 15:22:27.179] Config(PART) SquadExpansion/Serenity/Parts/Propellers/mediumPropeller/mediumPropeller
[LOG 15:22:27.179] Config(PART) SquadExpansion/Serenity/Parts/Propellers/smallFanBlade/smallFanBlade
[LOG 15:22:27.179] Config(PART) SquadExpansion/Serenity/Parts/Propellers/smallHeliBlade/smallHeliBlade
[LOG 15:22:27.179] Config(PART) SquadExpansion/Serenity/Parts/Propellers/smallPropeller/smallPropeller
[LOG 15:22:27.179] Config(PART) SquadExpansion/Serenity/Parts/Robotics/hinge_01/hinge_01
[LOG 15:22:27.179] Config(PART) SquadExpansion/Serenity/Parts/Robotics/hinge_01_s/hinge_01_s
[LOG 15:22:27.179] Config(PART) SquadExpansion/Serenity/Parts/Robotics/hinge_03/hinge_03
[LOG 15:22:27.179] Config(PART) SquadExpansion/Serenity/Parts/Robotics/hinge_03_s/hinge_03_s
[LOG 15:22:27.179] Config(PART) SquadExpansion/Serenity/Parts/Robotics/hinge_04/hinge_04
[LOG 15:22:27.179] Config(PART) SquadExpansion/Serenity/Parts/Robotics/piston_01/piston_01
[LOG 15:22:27.179] Config(PART) SquadExpansion/Serenity/Parts/Robotics/piston_02/piston_02
[LOG 15:22:27.179] Config(PART) SquadExpansion/Serenity/Parts/Robotics/piston_03/piston_03
[LOG 15:22:27.179] Config(PART) SquadExpansion/Serenity/Parts/Robotics/piston_04/piston_04
[LOG 15:22:27.179] Config(PART) SquadExpansion/Serenity/Parts/Robotics/RotorEngine_02/RotorEngine_02
[LOG 15:22:27.179] Config(PART) SquadExpansion/Serenity/Parts/Robotics/RotorEngine_03/RotorEngine_03
[LOG 15:22:27.179] Config(PART) SquadExpansion/Serenity/Parts/Robotics/rotor_01/rotor_01
[LOG 15:22:27.179] Config(PART) SquadExpansion/Serenity/Parts/Robotics/rotor_01s/rotor_01s
[LOG 15:22:27.179] Config(PART) SquadExpansion/Serenity/Parts/Robotics/rotor_02/rotor_02
[LOG 15:22:27.179] Config(PART) SquadExpansion/Serenity/Parts/Robotics/rotor_02s/rotor_02s
[LOG 15:22:27.179] Config(PART) SquadExpansion/Serenity/Parts/Robotics/rotor_03/rotor_03
[LOG 15:22:27.180] Config(PART) SquadExpansion/Serenity/Parts/Robotics/rotor_03s/rotor_03s
[LOG 15:22:27.180] Config(PART) SquadExpansion/Serenity/Parts/Robotics/rotoServo_00/rotoServo_00
[LOG 15:22:27.180] Config(PART) SquadExpansion/Serenity/Parts/Robotics/rotoServo_02/rotoServo_02
[LOG 15:22:27.180] Config(PART) SquadExpansion/Serenity/Parts/Robotics/rotoServo_03/rotoServo_03
[LOG 15:22:27.180] Config(PART) SquadExpansion/Serenity/Parts/Robotics/rotoServo_04/rotoServo_04
[LOG 15:22:27.180] Config(PART) SquadExpansion/Serenity/Parts/Robotics/Controllers/KAL1000/controller1000
[LOG 15:22:27.180] Config(PART) SquadExpansion/Serenity/Parts/Science/RobotArmScanner/RobotArmScanner_S1/RobotArmScanner_S1
[LOG 15:22:27.180] Config(PART) SquadExpansion/Serenity/Parts/Science/RobotArmScanner/RobotArmScanner_S2/RobotArmScanner_S2
[LOG 15:22:27.180] Config(PART) SquadExpansion/Serenity/Parts/Science/RobotArmScanner/RobotArmScanner_S3/RobotArmScanner_S3
[LOG 15:22:27.180] Config(PART) SquadExpansion/Serenity/Parts/Structural/gripPads/lGripPad/lGripPad
[LOG 15:22:27.180] Config(PART) SquadExpansion/Serenity/Parts/Structural/gripPads/lGripStrip/lGripStrip
[LOG 15:22:27.180] Config(PART) SquadExpansion/Serenity/Parts/Structural/gripPads/mGripPad/mGripPad
[LOG 15:22:27.180] Config(PART) SquadExpansion/Serenity/Parts/Structural/gripPads/sGripPad/sGripPad
[LOG 15:22:27.180] Config(PART) SquadExpansion/Serenity/Parts/Structural/gripPads/sGripStrip/sGripStrip
[LOG 15:22:27.180] Config(DEPLOYEDSCIENCE) SquadExpansion/Serenity/Resources/DeployedScience/DEPLOYEDSCIENCE
[LOG 15:22:27.180] Config(PHYSICMATERIAL_DEFINITION) SquadExpansion/Serenity/Resources/PhysicsMaterials/MediumGrip
[LOG 15:22:27.180] Config(PHYSICMATERIAL_DEFINITION) SquadExpansion/Serenity/Resources/PhysicsMaterials/HighGrip
[LOG 15:22:27.180] Config(PHYSICMATERIAL_DEFINITION) SquadExpansion/Serenity/Resources/PhysicsMaterials/ExtremeGrip
[LOG 15:22:27.180] Config(PHYSICMATERIAL_DEFINITION) SquadExpansion/Serenity/Resources/PhysicsMaterials/LowGrip
[LOG 15:22:27.180] Config(PHYSICMATERIAL_DEFINITION) SquadExpansion/Serenity/Resources/PhysicsMaterials/Default
[LOG 15:22:27.180] Config(ROC_DEFINITION) SquadExpansion/Serenity/Resources/rocsdef/ROC_DEFINITION
[LOG 15:22:27.180] Config(ROC_DEFINITION) SquadExpansion/Serenity/Resources/rocsdef/ROC_DEFINITION
[LOG 15:22:27.180] Config(ROC_DEFINITION) SquadExpansion/Serenity/Resources/rocsdef/ROC_DEFINITION
[LOG 15:22:27.180] Config(ROC_DEFINITION) SquadExpansion/Serenity/Resources/rocsdef/ROC_DEFINITION
[LOG 15:22:27.181] Config(ROC_DEFINITION) SquadExpansion/Serenity/Resources/rocsdef/ROC_DEFINITION
[LOG 15:22:27.181] Config(ROC_DEFINITION) SquadExpansion/Serenity/Resources/rocsdef/ROC_DEFINITION
[LOG 15:22:27.181] Config(ROC_DEFINITION) SquadExpansion/Serenity/Resources/rocsdef/ROC_DEFINITION
[LOG 15:22:27.181] Config(ROC_DEFINITION) SquadExpansion/Serenity/Resources/rocsdef/ROC_DEFINITION
[LOG 15:22:27.181] Config(ROC_DEFINITION) SquadExpansion/Serenity/Resources/rocsdef/ROC_DEFINITION
[LOG 15:22:27.181] Config(ROC_DEFINITION) SquadExpansion/Serenity/Resources/rocsdef/ROC_DEFINITION
[LOG 15:22:27.181] Config(ROC_DEFINITION) SquadExpansion/Serenity/Resources/rocsdef/ROC_DEFINITION
[LOG 15:22:27.181] Config(ROC_DEFINITION) SquadExpansion/Serenity/Resources/rocsdef/ROC_DEFINITION
[LOG 15:22:27.181] Config(ROC_DEFINITION) SquadExpansion/Serenity/Resources/rocsdef/ROC_DEFINITION
[LOG 15:22:27.181] Config(ROC_DEFINITION) SquadExpansion/Serenity/Resources/rocsdef/ROC_DEFINITION
[LOG 15:22:27.181] Config(ROC_DEFINITION) SquadExpansion/Serenity/Resources/rocsdef/ROC_DEFINITION
[LOG 15:22:27.181] Config(ROC_DEFINITION) SquadExpansion/Serenity/Resources/rocsdef/ROC_DEFINITION
[LOG 15:22:27.181] Config(ROC_DEFINITION) SquadExpansion/Serenity/Resources/rocsdef/ROC_DEFINITION
[LOG 15:22:27.181] Config(ROC_DEFINITION) SquadExpansion/Serenity/Resources/rocsdef/ROC_DEFINITION
[LOG 15:22:27.181] Config(ROC_DEFINITION) SquadExpansion/Serenity/Resources/rocsdef/ROC_DEFINITION
[LOG 15:22:27.181] Config(ROC_DEFINITION) SquadExpansion/Serenity/Resources/rocsdef/ROC_DEFINITION
[LOG 15:22:27.181] Config(ROC_DEFINITION) SquadExpansion/Serenity/Resources/rocsdef/ROC_DEFINITION
[LOG 15:22:27.181] Config(ROC_DEFINITION) SquadExpansion/Serenity/Resources/rocsdef/ROC_DEFINITION
[LOG 15:22:27.181] Config(ROC_DEFINITION) SquadExpansion/Serenity/Resources/rocsdef/ROC_DEFINITION
[LOG 15:22:27.181] Config(ROC_DEFINITION) SquadExpansion/Serenity/Resources/rocsdef/ROC_DEFINITION
[LOG 15:22:27.181] Config(ROC_DEFINITION) SquadExpansion/Serenity/Resources/rocsdef/ROC_DEFINITION
[LOG 15:22:27.181] Config(ROC_DEFINITION) SquadExpansion/Serenity/Resources/rocsdef/ROC_DEFINITION
[LOG 15:22:27.181] Config(ROC_DEFINITION) SquadExpansion/Serenity/Resources/rocsdef/ROC_DEFINITION
[LOG 15:22:27.181] Config(ROC_DEFINITION) SquadExpansion/Serenity/Resources/rocsdef/ROC_DEFINITION
[LOG 15:22:27.181] Config(ROC_DEFINITION) SquadExpansion/Serenity/Resources/rocsdef/ROC_DEFINITION
[LOG 15:22:27.182] Config(ROC_DEFINITION) SquadExpansion/Serenity/Resources/rocsdef/ROC_DEFINITION
[LOG 15:22:27.182] Config(ROC_DEFINITION) SquadExpansion/Serenity/Resources/rocsdef/ROC_DEFINITION
[LOG 15:22:27.182] Config(ROC_DEFINITION) SquadExpansion/Serenity/Resources/rocsdef/ROC_DEFINITION
[LOG 15:22:27.182] Config(ROC_DEFINITION) SquadExpansion/Serenity/Resources/rocsdef/ROC_DEFINITION
[LOG 15:22:27.182] Config(ROC_DEFINITION) SquadExpansion/Serenity/Resources/rocsdef/ROC_DEFINITION
[LOG 15:22:27.182] Config(EXPERIMENT_DEFINITION) SquadExpansion/Serenity/Resources/ScienceDefs/EXPERIMENT_DEFINITION
[LOG 15:22:27.182] Config(EXPERIMENT_DEFINITION) SquadExpansion/Serenity/Resources/ScienceDefs/EXPERIMENT_DEFINITION
[LOG 15:22:27.182] Config(EXPERIMENT_DEFINITION) SquadExpansion/Serenity/Resources/ScienceDefs/EXPERIMENT_DEFINITION
[LOG 15:22:27.182] Config(EXPERIMENT_DEFINITION) SquadExpansion/Serenity/Resources/ScienceDefs/EXPERIMENT_DEFINITION
[LOG 15:22:27.182] Config(EXPERIMENT_DEFINITION) SquadExpansion/Serenity/Resources/ScienceDefs/EXPERIMENT_DEFINITION
[LOG 15:22:27.182] Config(EXPERIMENT_DEFINITION) SquadExpansion/Serenity/Resources/ScienceDefs/EXPERIMENT_DEFINITION
[LOG 15:22:27.182] Config(EXPERIMENT_DEFINITION) SquadExpansion/Serenity/Resources/ScienceDefs/EXPERIMENT_DEFINITION
[LOG 15:22:27.182] Config(EXPERIMENT_DEFINITION) SquadExpansion/Serenity/Resources/ScienceDefs/EXPERIMENT_DEFINITION
[LOG 15:22:27.182] Config(EXPERIMENT_DEFINITION) SquadExpansion/Serenity/Resources/ScienceDefs/EXPERIMENT_DEFINITION
[LOG 15:22:27.182] Config(EXPERIMENT_DEFINITION) SquadExpansion/Serenity/Resources/ScienceDefs/EXPERIMENT_DEFINITION
[LOG 15:22:27.182] Config(EXPERIMENT_DEFINITION) SquadExpansion/Serenity/Resources/ScienceDefs/EXPERIMENT_DEFINITION
[LOG 15:22:27.182] Config(EXPERIMENT_DEFINITION) SquadExpansion/Serenity/Resources/ScienceDefs/EXPERIMENT_DEFINITION
[LOG 15:22:27.182] Config(EXPERIMENT_DEFINITION) SquadExpansion/Serenity/Resources/ScienceDefs/EXPERIMENT_DEFINITION
[LOG 15:22:27.182] Config(EXPERIMENT_DEFINITION) SquadExpansion/Serenity/Resources/ScienceDefs/EXPERIMENT_DEFINITION
[LOG 15:22:27.182] Config(EXPERIMENT_DEFINITION) SquadExpansion/Serenity/Resources/ScienceDefs/EXPERIMENT_DEFINITION
[LOG 15:22:27.182] Config(EXPERIMENT_DEFINITION) SquadExpansion/Serenity/Resources/ScienceDefs/EXPERIMENT_DEFINITION
[LOG 15:22:27.182] Config(EXPERIMENT_DEFINITION) SquadExpansion/Serenity/Resources/ScienceDefs/EXPERIMENT_DEFINITION
[LOG 15:22:27.182] Config(EXPERIMENT_DEFINITION) SquadExpansion/Serenity/Resources/ScienceDefs/EXPERIMENT_DEFINITION
[LOG 15:22:27.182] Config(EXPERIMENT_DEFINITION) SquadExpansion/Serenity/Resources/ScienceDefs/EXPERIMENT_DEFINITION
[LOG 15:22:27.182] Config(EXPERIMENT_DEFINITION) SquadExpansion/Serenity/Resources/ScienceDefs/EXPERIMENT_DEFINITION
[LOG 15:22:27.182] Config(EXPERIMENT_DEFINITION) SquadExpansion/Serenity/Resources/ScienceDefs/EXPERIMENT_DEFINITION
[LOG 15:22:27.182] Config(EXPERIMENT_DEFINITION) SquadExpansion/Serenity/Resources/ScienceDefs/EXPERIMENT_DEFINITION
[LOG 15:22:27.183] Config(EXPERIMENT_DEFINITION) SquadExpansion/Serenity/Resources/ScienceDefs/EXPERIMENT_DEFINITION
[LOG 15:22:27.183] Config(EXPERIMENT_DEFINITION) SquadExpansion/Serenity/Resources/ScienceDefs/EXPERIMENT_DEFINITION
[LOG 15:22:27.183] Config(EXPERIMENT_DEFINITION) SquadExpansion/Serenity/Resources/ScienceDefs/EXPERIMENT_DEFINITION
[LOG 15:22:27.183] Config(EXPERIMENT_DEFINITION) SquadExpansion/Serenity/Resources/ScienceDefs/EXPERIMENT_DEFINITION
[LOG 15:22:27.183] Config(EXPERIMENT_DEFINITION) SquadExpansion/Serenity/Resources/ScienceDefs/EXPERIMENT_DEFINITION
[LOG 15:22:27.183] Config(EXPERIMENT_DEFINITION) SquadExpansion/Serenity/Resources/ScienceDefs/EXPERIMENT_DEFINITION
[LOG 15:22:27.183] Config(EXPERIMENT_DEFINITION) SquadExpansion/Serenity/Resources/ScienceDefs/EXPERIMENT_DEFINITION
[LOG 15:22:27.183] Config(EXPERIMENT_DEFINITION) SquadExpansion/Serenity/Resources/ScienceDefs/EXPERIMENT_DEFINITION
[LOG 15:22:27.183] Config(EXPERIMENT_DEFINITION) SquadExpansion/Serenity/Resources/ScienceDefs/EXPERIMENT_DEFINITION
[LOG 15:22:27.183] Config(EXPERIMENT_DEFINITION) SquadExpansion/Serenity/Resources/ScienceDefs/EXPERIMENT_DEFINITION
[LOG 15:22:27.183] Config(EXPERIMENT_DEFINITION) SquadExpansion/Serenity/Resources/ScienceDefs/EXPERIMENT_DEFINITION
[LOG 15:22:27.183] Config(EXPERIMENT_DEFINITION) SquadExpansion/Serenity/Resources/ScienceDefs/EXPERIMENT_DEFINITION
[LOG 15:22:27.183] Config(EXPERIMENT_DEFINITION) SquadExpansion/Serenity/Resources/ScienceDefs/EXPERIMENT_DEFINITION
[LOG 15:22:27.183] Config(EXPERIMENT_DEFINITION) SquadExpansion/Serenity/Resources/ScienceDefs/EXPERIMENT_DEFINITION
[LOG 15:22:27.183] Config(EXPERIMENT_DEFINITION) SquadExpansion/Serenity/Resources/ScienceDefs/EXPERIMENT_DEFINITION
[LOG 15:22:27.183] Config(EXPERIMENT_DEFINITION) SquadExpansion/Serenity/Resources/ScienceDefs/EXPERIMENT_DEFINITION
[LOG 15:22:27.183] Config(STORY_DEF) SquadExpansion/Serenity/Resources/StoryDefs/STORY_DEF
[LOG 15:22:27.183] Compiling Configs Completed.
[LOG 15:22:27.186] Resource LiquidFuel added to database
[LOG 15:22:27.186] Resource Oxidizer added to database
[LOG 15:22:27.186] Resource SolidFuel added to database
[LOG 15:22:27.187] Resource MonoPropellant added to database
[LOG 15:22:27.187] Resource XenonGas added to database
[LOG 15:22:27.187] Resource ElectricCharge added to database
[LOG 15:22:27.187] Resource IntakeAir added to database
[LOG 15:22:27.187] Resource EVA Propellant added to database
[LOG 15:22:27.187] Resource Ore added to database
[LOG 15:22:27.187] Resource Ablator added to database
[LOG 15:22:27.188] Resource MediumGrip added to database
[LOG 15:22:27.189] Resource HighGrip added to database
[LOG 15:22:27.189] Resource ExtremeGrip added to database
[LOG 15:22:27.189] Resource LowGrip added to database
[LOG 15:22:27.189] Resource Default added to database
[LOG 15:22:27.189] CodeAssetLoader: Compiling all code assets
[LOG 15:22:27.193] ExperienceSystemConfig: Added Effect 'DeployedSciencePowerSkill' to Trait 'Ingénieur'
[LOG 15:22:27.193] ExperienceSystemConfig: Added Effect 'DeployedScienceExpSkill' to Trait 'Scientifique'
[LOG 15:22:27.205] ConfigNode[]
[LOG 15:22:27.206] GameDatabase: Assets loaded in 7.846s
[LOG 15:22:27.317] [Kopernicus] Loaded 'D:/KSP-RSS-Dev/KSP_x64_Data/../GameData/RealSolarSystem\RSSKopernicus\Cache\Ariel.bin'
[LOG 15:22:27.337] [Kopernicus] Loaded 'D:/KSP-RSS-Dev/KSP_x64_Data/../GameData/RealSolarSystem\RSSKopernicus\Cache\Callisto.bin'
[LOG 15:22:27.362] [Kopernicus] Loaded 'D:/KSP-RSS-Dev/KSP_x64_Data/../GameData/RealSolarSystem\RSSKopernicus\Cache\Ceres.bin'
[LOG 15:22:27.376] [Kopernicus] Loaded 'D:/KSP-RSS-Dev/KSP_x64_Data/../GameData/RealSolarSystem\RSSKopernicus\Cache\Charon.bin'
[LOG 15:22:27.391] [Kopernicus] Loaded 'D:/KSP-RSS-Dev/KSP_x64_Data/../GameData/RealSolarSystem\RSSKopernicus\Cache\Deimos.bin'
[LOG 15:22:27.406] [Kopernicus] Loaded 'D:/KSP-RSS-Dev/KSP_x64_Data/../GameData/RealSolarSystem\RSSKopernicus\Cache\Dione.bin'
[LOG 15:22:27.420] [Kopernicus] Loaded 'D:/KSP-RSS-Dev/KSP_x64_Data/../GameData/RealSolarSystem\RSSKopernicus\Cache\Earth.bin'
[LOG 15:22:27.434] [Kopernicus] Loaded 'D:/KSP-RSS-Dev/KSP_x64_Data/../GameData/RealSolarSystem\RSSKopernicus\Cache\Enceladus.bin'
[LOG 15:22:27.449] [Kopernicus] Loaded 'D:/KSP-RSS-Dev/KSP_x64_Data/../GameData/RealSolarSystem\RSSKopernicus\Cache\Europa.bin'
[LOG 15:22:27.463] [Kopernicus] Loaded 'D:/KSP-RSS-Dev/KSP_x64_Data/../GameData/RealSolarSystem\RSSKopernicus\Cache\Ganymede.bin'
[LOG 15:22:27.478] [Kopernicus] Loaded 'D:/KSP-RSS-Dev/KSP_x64_Data/../GameData/RealSolarSystem\RSSKopernicus\Cache\Iapetus.bin'
[LOG 15:22:27.492] [Kopernicus] Loaded 'D:/KSP-RSS-Dev/KSP_x64_Data/../GameData/RealSolarSystem\RSSKopernicus\Cache\Io.bin'
[LOG 15:22:27.506] [Kopernicus] Loaded 'D:/KSP-RSS-Dev/KSP_x64_Data/../GameData/RealSolarSystem\RSSKopernicus\Cache\JupiterOblate.bin'
[LOG 15:22:27.522] [Kopernicus] Loaded 'D:/KSP-RSS-Dev/KSP_x64_Data/../GameData/RealSolarSystem\RSSKopernicus\Cache\Mars.bin'
[LOG 15:22:27.536] [Kopernicus] Loaded 'D:/KSP-RSS-Dev/KSP_x64_Data/../GameData/RealSolarSystem\RSSKopernicus\Cache\Mercury.bin'
[LOG 15:22:27.551] [Kopernicus] Loaded 'D:/KSP-RSS-Dev/KSP_x64_Data/../GameData/RealSolarSystem\RSSKopernicus\Cache\Mimas.bin'
[LOG 15:22:27.566] [Kopernicus] Loaded 'D:/KSP-RSS-Dev/KSP_x64_Data/../GameData/RealSolarSystem\RSSKopernicus\Cache\Miranda.bin'
[LOG 15:22:27.580] [Kopernicus] Loaded 'D:/KSP-RSS-Dev/KSP_x64_Data/../GameData/RealSolarSystem\RSSKopernicus\Cache\Moon.bin'
[LOG 15:22:27.595] [Kopernicus] Loaded 'D:/KSP-RSS-Dev/KSP_x64_Data/../GameData/RealSolarSystem\RSSKopernicus\Cache\NeptuneOblate.bin'
[LOG 15:22:27.610] [Kopernicus] Loaded 'D:/KSP-RSS-Dev/KSP_x64_Data/../GameData/RealSolarSystem\RSSKopernicus\Cache\Oberon.bin'
[LOG 15:22:27.624] [Kopernicus] Loaded 'D:/KSP-RSS-Dev/KSP_x64_Data/../GameData/RealSolarSystem\RSSKopernicus\Cache\Phobos.bin'
[LOG 15:22:27.638] [Kopernicus] Loaded 'D:/KSP-RSS-Dev/KSP_x64_Data/../GameData/RealSolarSystem\RSSKopernicus\Cache\Pluto.bin'
[LOG 15:22:27.653] [Kopernicus] Loaded 'D:/KSP-RSS-Dev/KSP_x64_Data/../GameData/RealSolarSystem\RSSKopernicus\Cache\Rhea.bin'
[LOG 15:22:27.667] [Kopernicus] Loaded 'D:/KSP-RSS-Dev/KSP_x64_Data/../GameData/RealSolarSystem\RSSKopernicus\Cache\SaturnOblate.bin'
[LOG 15:22:27.681] [Kopernicus] Loaded 'D:/KSP-RSS-Dev/KSP_x64_Data/../GameData/RealSolarSystem\RSSKopernicus\Cache\Sun.bin'
[LOG 15:22:27.696] [Kopernicus] Loaded 'D:/KSP-RSS-Dev/KSP_x64_Data/../GameData/RealSolarSystem\RSSKopernicus\Cache\Tethys.bin'
[LOG 15:22:27.711] [Kopernicus] Loaded 'D:/KSP-RSS-Dev/KSP_x64_Data/../GameData/RealSolarSystem\RSSKopernicus\Cache\Titan.bin'
[LOG 15:22:27.725] [Kopernicus] Loaded 'D:/KSP-RSS-Dev/KSP_x64_Data/../GameData/RealSolarSystem\RSSKopernicus\Cache\Titania.bin'
[LOG 15:22:27.739] [Kopernicus] Loaded 'D:/KSP-RSS-Dev/KSP_x64_Data/../GameData/RealSolarSystem\RSSKopernicus\Cache\Triton.bin'
[LOG 15:22:27.754] [Kopernicus] Loaded 'D:/KSP-RSS-Dev/KSP_x64_Data/../GameData/RealSolarSystem\RSSKopernicus\Cache\Umbriel.bin'
[LOG 15:22:27.768] [Kopernicus] Loaded 'D:/KSP-RSS-Dev/KSP_x64_Data/../GameData/RealSolarSystem\RSSKopernicus\Cache\UranusOblate.bin'
[LOG 15:22:27.783] [Kopernicus] Loaded 'D:/KSP-RSS-Dev/KSP_x64_Data/../GameData/RealSolarSystem\RSSKopernicus\Cache\Venus.bin'
[LOG 15:22:27.797] [Kopernicus] Loaded 'D:/KSP-RSS-Dev/KSP_x64_Data/../GameData/RealSolarSystem\RSSKopernicus\Cache\Vesta.bin'
[LOG 15:22:27.800] [ModuleManager] Waited 0.000s for patching to finish
[LOG 15:22:27.800] [ModuleManager] Applying patched game database
[LOG 15:22:27.806] [ModuleManager] Dumping ModuleManager log to main log
[LOG 15:22:27.812] [ModuleManager] 
#### BEGIN MODULEMANAGER LOG ####


[LOG 15:22:20.717] Log started at 2026-09-25 15:22:20.717
[LOG 15:22:23.066] Checking Cache
[LOG 15:22:23.444] SHA generated in 0.375s
[LOG 15:22:23.444]       SHA = 64-D9-AC-5F-C4-DA-0C-57-27-C1-C9-FE-AE-BA-A5-95-60-B7-0B-96-4F-40-C2-71-11-34-48-83-E5-F3-6F-F6
[LOG 15:22:23.463] Cache SHA = 40-75-C9-D7-8F-AC-5C-10-23-81-42-C2-54-EC-E4-A3-34-D8-DB-94-55-2F-6D-4A-3B-71-73-CA-FD-D5-DB-9C
[LOG 15:22:23.463] useCache = False
[LOG 15:22:23.464] Pre patch init
[LOG 15:22:23.720] compiling list of loaded mods...
Mod DLLs found:
  Name                                    Assembly Version         Assembly File Version    KSPAssembly Version      SHA256

  Assembly-CSharp                         0.0.0.0                  0.0.0.0                  1.12                     d9e42483f25ee80a9c11d6c1c0a0d29b4ec78c1e08d76c971b71580c9cce51e4
  ModuleManager                           4.2.3.0                  4.2.3.0                  2.5                      95847827ab293b9e82a19b7efb97ffea3e98cc03b181862536ac8eb572e30d7d
  0Harmony                                2.2.1.0                  2.2.1.0                                           19ce60ac3280f72ec1751d36a40cb7e2fece2934df8345969dc7feb83bd633e4
  HarmonyInstallChecker                   2.2.1.0                  2.2.1.0                  1.0                      f11e659e91a52c21c5bda78e52b82a7bdc246bcab6a999733af3c69a11a9dc0e
  Kopernicus.Parser                       1.0.0.0                  1.0.0.0                  1.0                      0c97222328b6bacfb05e292c502d509ce7509373e7f8d5c2c187ff9ea88e0ecc
  ModularFlightIntegrator                 1.0.0.0                  1.2.10.0                 1.0                      280b6a7b2452673697a8a54b8b449730d7f9344fd05e81ce72f97f48b35d91d9
  SharpDX                                 4.2.0.0                  4.2.0                                             a0af255ea4b09a8cdb995b8c6fd1075e46f098e23c2351c974e6ded9b8b620cf
  SharpDX.DXGI                            4.2.0.0                  4.2.0                                             bc0243134c93c55ea105d0e9c2a43b6030e973290d0a061cf3a61986a2268a88
  SharpDX.Direct3D11                      4.2.0.0                  4.2.0                                             56f525e33494f4cd2a560a71cdf237303a3fb54a8fa44e1693eba35c9245c60a
  KSPTextureLoader                        1.0.36.0                 1.0.36.0                 1.0                      41bc1ea347d9db76f87c8665b0a8625644525d3d9865b2e9d8b4613fb5509cd3
  Kopernicus                              1.0.248.0                1.12.248.0               1.0                      66a354e560a6214d4b98b4592e0951a0a46ca8aa083179ec8c10b9a2ec9b51ac
  0_MultipleModuleInPartAPI               1.0.0.0                  1.0.0.0                  1.0                      df4a22fb0535de7fa154ca234b50dd7c2fc6be879e4a877d9bad1f87bafafcbf
  KSPCommunityFixes                       1.41.0.0                 1.41.1.0                 1.41                     e08ebbec7ab34f4f7ff56d6e900051bb0d259a4bc092881d7db3ca2f9f2e9a11
  KSPTextureLoader.Burst                  0.0.0.0                  0.0.0.0                                           a9bb1db8a9934288ef80e627c53a283692757c2d992eceb15d988170d95fd6c1
  RealSolarSystem                         20.1.3.0                 20.1.3.0                                          60c5f484d41993fc803fa76de9008d2756636ec3e02a2a6f50445b1c7b7f0eb5
  TerrainPrecisionFixDiag2Mod             1.0.9764.27375           1.0.9764.27375                                    e7869c4109b7aa84077ab584ca50358ebc0f5ac9382b60879f812bc06c4deea7
  TerrainPrecisionFixDiagMod              1.0.9764.24952           1.0.9764.24952                                    84b1bd881502e7f17ea2cf8e684157a4c983068f9498b71359b1aad42ff0b762
Non-DLL mods added (:FOR[xxx]):
  Kopernicus_Version
  RationalResourcesAU
Mods by directory (sub directories of GameData):
  000_Harmony
  RSS-Textures
  Squad
  SquadExpansion
Mods added by assemblies:

[LOG 15:22:23.722] Loading Physics.cfg
[LOG 15:22:23.725] Extracting patches
[LOG 15:22:23.739] Deleting root node in file Kopernicus/Config/SolarPanels node: @PART:HAS[@MODULE[ModuleCurvedSolarPanel],#__kop_star_count[>1]]:NEEDS[!RealismOverhaul,!Kerbalism,NearFutureSolar]:LAST[KOP_MULTI_STAR] as it can't satisfy its NEEDS
[LOG 15:22:23.739] Deleting root node in file Kopernicus/Config/SolarPanels node: @PART:HAS[@MODULE[SSTUSolarPanelStatic],#__kop_star_count[>1]]:NEEDS[!RealismOverhaul,!Kerbalism,SSTU]:LAST[KOP_MULTI_STAR] as it can't satisfy its NEEDS
[LOG 15:22:23.739] Deleting root node in file Kopernicus/Config/SolarPanels node: @PART:HAS[@MODULE[SSTUSolarPanelDeployable],#__kop_star_count[>1]]:NEEDS[!RealismOverhaul,!Kerbalism,SSTU]:LAST[KOP_MULTI_STAR] as it can't satisfy its NEEDS
[LOG 15:22:23.739] Deleting root node in file Kopernicus/Config/SolarPanels node: @PART:HAS[@MODULE:[SSTUModularPart],!#currentSolar[Solar-None],#__kop_star_count[>1]]:NEEDS[!RealismOverhaul,!Kerbalism,SSTU]:LAST[KOP_MULTI_STAR] as it can't satisfy its NEEDS
[LOG 15:22:23.739] Deleting root node in file Kopernicus/Config/SolarPanels node: @PART:HAS[@MODULE[ModuleROSolar],#__kop_star_count[>1]]:NEEDS[!Kerbalism,RealismOverhaul]:LAST[KOP_MULTI_STAR] as it can't satisfy its NEEDS
[LOG 15:22:23.739] Deleting root node in file Kopernicus/Config/SolarPanels node: @PART:HAS[@MODULE[USSolarSwitch],#__kop_star_count[>1]]:NEEDS[!Kerbalism,UniversalStorage2]:LAST[KOP_MULTI_STAR] as it can't satisfy its NEEDS
[LOG 15:22:23.740] Deleting root node in file KSPCommunityFixes/MMPatches/ModSupport/FixDockingNodes node: @PART[*]:HAS[@MODULE[ModuleDockingNodeFixed]]:NEEDS[FixDockingNodes]:FINAL as it can't satisfy its NEEDS
[LOG 15:22:23.740] Deleting root node in file KSPCommunityFixes/MMPatches/ModSupport/KSPRecall node: @KSP_COMMUNITY_FIXES:NEEDS[AttachedOnEditor] as it can't satisfy its NEEDS
[LOG 15:22:23.740] Deleting root node in file KSPCommunityFixes/MMPatches/ModSupport/UniversalStorage node: @KSP_COMMUNITY_FIXES:NEEDS[UniversalStorage2] as it can't satisfy its NEEDS
[LOG 15:22:23.741] Deleting root node in file RealSolarSystem/KerbalWind node: @KERBAL_WIND:FOR[RealSolarSystem]:NEEDS[KerbalWind] as it can't satisfy its NEEDS
[LOG 15:22:23.744] Deleting root node in file RealSolarSystem/Compatibility/CustomAsteroids node: @Kopernicus:AFTER[RealSolarSystem]:NEEDS[CustomAsteroids] as it can't satisfy its NEEDS
[LOG 15:22:23.745] Deleting root node in file RealSolarSystem/Compatibility/Parallax/Parallax node: @Parallax:FOR[RealSolarSystem]:NEEDS[Parallax,Parallax_StockTextures] as it can't satisfy its NEEDS
[LOG 15:22:23.745] Deleting root node in file RealSolarSystem/Compatibility/Parallax/Parallax node: @Kopernicus:AFTER[RealSolarSystem]:NEEDS[Parallax,Parallax_StockTextures] as it can't satisfy its NEEDS
[LOG 15:22:23.753] Deleting value in file RealSolarSystem/RSSKopernicus/Neptune/Triton_Rotation value: @Kopernicus:FOR[RealSolarSystem]/@Body[Triton]/@Properties/@rotationPeriod:NEEDS[Principia] as it can't satisfy its NEEDS
[LOG 15:22:23.835] Applying patches
[LOG 15:22:23.837] :INSERT (initial) pass
[LOG 15:22:23.869] :FIRST pass
[LOG 15:22:23.872] Applying update KSPCommunityFixes/MMPatches/StockTweaks/LadderToggleableLight/@PART[telescopicLadderBay]:FIRST to Squad/Parts/Utility/ladderTelescopicBay/ladderTelescopicBay.cfg/PART[telescopicLadderBay]
[LOG 15:22:23.881] Applying update KSPCommunityFixes/MMPatches/StockTweaks/LadderToggleableLight/@PART[telescopicLadderBay]:HAS[#LadderToggleableLight[?rue]]:FIRST to Squad/Parts/Utility/ladderTelescopicBay/ladderTelescopicBay.cfg/PART[telescopicLadderBay]
[LOG 15:22:23.881] Applying update KSPCommunityFixes/MMPatches/StockTweaks/LadderToggleableLight/@PART[telescopicLadderBay]:HAS[#LadderToggleableLight]:FIRST to Squad/Parts/Utility/ladderTelescopicBay/ladderTelescopicBay.cfg/PART[telescopicLadderBay]
[LOG 15:22:23.882] Applying update KSPCommunityFixes/MMPatches/StockTweaks/LandingGearLights/@PART[GearSmall]:FIRST to Squad/Parts/Wheel/LandingGear/GearMedium.cfg/PART[GearSmall]
[LOG 15:22:23.884] Applying update KSPCommunityFixes/MMPatches/StockTweaks/LandingGearLights/@PART[SmallGearBay]:FIRST to Squad/Parts/Wheel/LandingGear/GearSmall.cfg/PART[SmallGearBay]
[LOG 15:22:23.884] Applying update RealSolarSystem/PhysicsModifier/@PHYSICSGLOBALS:FIRST to /Physics.cfg/PHYSICSGLOBALS
[LOG 15:22:23.885] :LEGACY (default) pass
[LOG 15:22:23.887] Applying update Kopernicus/Config/SolarPanels/@PART:HAS[@MODULE[ModuleDeployableSolarPanel],~useKopernicusSolarPanels[false]] to Squad/Parts/Electrical/10CSolarPanels/OX-10C.cfg/PART[solarPanelOX10C]
[LOG 15:22:23.887] Applying update Kopernicus/Config/SolarPanels/@PART:HAS[@MODULE[ModuleDeployableSolarPanel],~useKopernicusSolarPanels[false]] to Squad/Parts/Electrical/10CSolarPanels/SP-10C.cfg/PART[solarPanelSP10C]
[LOG 15:22:23.887] Applying update Kopernicus/Config/SolarPanels/@PART:HAS[@MODULE[ModuleDeployableSolarPanel],~useKopernicusSolarPanels[false]] to Squad/Parts/Electrical/10LSolarPanels/OX-10L.cfg/PART[solarPanelOX10L]
[LOG 15:22:23.887] Applying update Kopernicus/Config/SolarPanels/@PART:HAS[@MODULE[ModuleDeployableSolarPanel],~useKopernicusSolarPanels[false]] to Squad/Parts/Electrical/10LSolarPanels/SP-10L.cfg/PART[solarPanelSP10L]
[LOG 15:22:23.887] Applying update Kopernicus/Config/SolarPanels/@PART:HAS[@MODULE[ModuleDeployableSolarPanel],~useKopernicusSolarPanels[false]] to Squad/Parts/Electrical/1x6ShroudSolarPanels/1x6ShroudSolarPanels.cfg/PART[solarPanels2]
[LOG 15:22:23.887] Applying update Kopernicus/Config/SolarPanels/@PART:HAS[@MODULE[ModuleDeployableSolarPanel],~useKopernicusSolarPanels[false]] to Squad/Parts/Electrical/1x6SolarPanels/1x6SolarPanels.cfg/PART[solarPanels4]
[LOG 15:22:23.887] Applying update Kopernicus/Config/SolarPanels/@PART:HAS[@MODULE[ModuleDeployableSolarPanel],~useKopernicusSolarPanels[false]] to Squad/Parts/Electrical/3x2ShroudSolarPanels/3x2ShroudSolarPanels.cfg/PART[solarPanels1]
[LOG 15:22:23.887] Applying update Kopernicus/Config/SolarPanels/@PART:HAS[@MODULE[ModuleDeployableSolarPanel],~useKopernicusSolarPanels[false]] to Squad/Parts/Electrical/3x2SolarPanels/3x2SolarPanels.cfg/PART[solarPanels3]
[LOG 15:22:23.888] Applying update Kopernicus/Config/SolarPanels/@PART:HAS[@MODULE[ModuleDeployableSolarPanel],~useKopernicusSolarPanels[false]] to Squad/Parts/Electrical/gigantorXlSolarArray/gigantorXlSolarArray.cfg/PART[largeSolarPanel]
[LOG 15:22:23.888] Applying update Kopernicus/Config/SolarPanels/@PART:HAS[@MODULE[ModuleDeployableSolarPanel],~useKopernicusSolarPanels[false]] to Squad/Parts/Electrical/radialFlatSolarPanel/radialFlatSolarPanel.cfg/PART[solarPanels5]
[LOG 15:22:23.889] Applying update Kopernicus/Config/SolarPanels/@PART:HAS[@MODULE[ModuleDeployableSolarPanel],~useKopernicusSolarPanels[false]] to Squad/Parts/Misc/AsteroidDay/LgRadialSolar.cfg/PART[LgRadialSolarPanel]
[LOG 15:22:24.011] Applying update RealSolarSystem/DSN_Ranges/@PART[*]:HAS[@MODULE[ModuleDataTransmitter]] to Squad/Parts/Command/cupola/cupola.cfg/PART[cupola]
[LOG 15:22:24.012] Applying update RealSolarSystem/DSN_Ranges/@PART[*]:HAS[@MODULE[ModuleDataTransmitter]] to Squad/Parts/Command/Mk1-3Pod/mk1-3.cfg/PART[mk1-3pod]
[LOG 15:22:24.012] Applying update RealSolarSystem/DSN_Ranges/@PART[*]:HAS[@MODULE[ModuleDataTransmitter]] to Squad/Parts/Command/mk1Cockpits/mk1Cockpit.cfg/PART[Mark1Cockpit]
[LOG 15:22:24.012] Applying update RealSolarSystem/DSN_Ranges/@PART[*]:HAS[@MODULE[ModuleDataTransmitter]] to Squad/Parts/Command/mk1Cockpits/mk1CrewCabin.cfg/PART[MK1CrewCabin]
[LOG 15:22:24.012] Applying update RealSolarSystem/DSN_Ranges/@PART[*]:HAS[@MODULE[ModuleDataTransmitter]] to Squad/Parts/Command/mk1Cockpits/mk1InlineCockpit.cfg/PART[Mark2Cockpit]
[LOG 15:22:24.012] Applying update RealSolarSystem/DSN_Ranges/@PART[*]:HAS[@MODULE[ModuleDataTransmitter]] to Squad/Parts/Command/mk1LanderCan/mk1LanderCan.cfg/PART[landerCabinSmall]
[LOG 15:22:24.013] Applying update RealSolarSystem/DSN_Ranges/@PART[*]:HAS[@MODULE[ModuleDataTransmitter]] to Squad/Parts/Command/mk1pod_v2/mk1Pod_v2.cfg/PART[mk1pod_v2]
[LOG 15:22:24.013] Applying update RealSolarSystem/DSN_Ranges/@PART[*]:HAS[@MODULE[ModuleDataTransmitter]] to Squad/Parts/Command/mk2CockpitInline/mk2CockpitInline.cfg/PART[mk2Cockpit_Inline]
[LOG 15:22:24.013] Applying update RealSolarSystem/DSN_Ranges/@PART[*]:HAS[@MODULE[ModuleDataTransmitter]] to Squad/Parts/Command/mk2CockpitStandard/mk2CockpitStandard.cfg/PART[mk2Cockpit_Standard]
[LOG 15:22:24.013] Applying update RealSolarSystem/DSN_Ranges/@PART[*]:HAS[@MODULE[ModuleDataTransmitter]] to Squad/Parts/Command/mk2DroneCore/mk2Dronecore.cfg/PART[mk2DroneCore]
[LOG 15:22:24.013] Applying update RealSolarSystem/DSN_Ranges/@PART[*]:HAS[@MODULE[ModuleDataTransmitter]] to Squad/Parts/Command/mk2LanderCan/mk2LanderCan.cfg/PART[mk2LanderCabin]
[LOG 15:22:24.013] Applying update RealSolarSystem/DSN_Ranges/@PART[*]:HAS[@MODULE[ModuleDataTransmitter]] to Squad/Parts/Command/mk2LanderCan_v2/mk2LanderCan_v2.cfg/PART[mk2LanderCabin_v2]
[LOG 15:22:24.013] Applying update RealSolarSystem/DSN_Ranges/@PART[*]:HAS[@MODULE[ModuleDataTransmitter]] to Squad/Parts/Command/mk3CockpitShuttle/mk3CockpitShuttle.cfg/PART[mk3Cockpit_Shuttle]
[LOG 15:22:24.014] Applying update RealSolarSystem/DSN_Ranges/@PART[*]:HAS[@MODULE[ModuleDataTransmitter]] to Squad/Parts/Command/MpoProbe/MpoProbe.cfg/PART[MpoProbe]
[LOG 15:22:24.014] Applying update RealSolarSystem/DSN_Ranges/@PART[*]:HAS[@MODULE[ModuleDataTransmitter]] to Squad/Parts/Command/MtmStage/MTM_Stage.cfg/PART[MtmStage]
[LOG 15:22:24.014] Applying update RealSolarSystem/DSN_Ranges/@PART[*]:HAS[@MODULE[ModuleDataTransmitter]] to Squad/Parts/Command/probeCoreCube/probeCoreCube.cfg/PART[probeCoreCube]
[LOG 15:22:24.014] Applying update RealSolarSystem/DSN_Ranges/@PART[*]:HAS[@MODULE[ModuleDataTransmitter]] to Squad/Parts/Command/probeCoreHex/probeCoreHex.cfg/PART[probeCoreHex]
[LOG 15:22:24.014] Applying update RealSolarSystem/DSN_Ranges/@PART[*]:HAS[@MODULE[ModuleDataTransmitter]] to Squad/Parts/Command/probeCoreHex_v2/probeCoreHex_v2.cfg/PART[probeCoreHex_v2]
[LOG 15:22:24.014] Applying update RealSolarSystem/DSN_Ranges/@PART[*]:HAS[@MODULE[ModuleDataTransmitter]] to Squad/Parts/Command/probeCoreOcto2_v2/probeCoreOcto2_v2.cfg/PART[probeCoreOcto2_v2]
[LOG 15:22:24.015] Applying update RealSolarSystem/DSN_Ranges/@PART[*]:HAS[@MODULE[ModuleDataTransmitter]] to Squad/Parts/Command/probeCoreOcto_v2/probeCoreOcto_v2.cfg/PART[probeCoreOcto_v2]
[LOG 15:22:24.015] Applying update RealSolarSystem/DSN_Ranges/@PART[*]:HAS[@MODULE[ModuleDataTransmitter]] to Squad/Parts/Command/probeRoverBody/probeRoverBody.cfg/PART[roverBody]
[LOG 15:22:24.015] Applying update RealSolarSystem/DSN_Ranges/@PART[*]:HAS[@MODULE[ModuleDataTransmitter]] to Squad/Parts/Command/probeRoverBody_v2/probeRoverBody_v2.cfg/PART[roverBody_v2]
[LOG 15:22:24.015] Applying update RealSolarSystem/DSN_Ranges/@PART[*]:HAS[@MODULE[ModuleDataTransmitter]] to Squad/Parts/Command/probeStackLarge/probeStackLarge.cfg/PART[probeStackLarge]
[LOG 15:22:24.016] Applying update RealSolarSystem/DSN_Ranges/@PART[*]:HAS[@MODULE[ModuleDataTransmitter]] to Squad/Parts/Command/probeStackSmall/probeStackSmall.cfg/PART[probeStackSmall]
[LOG 15:22:24.016] Applying update RealSolarSystem/DSN_Ranges/@PART[*]:HAS[@MODULE[ModuleDataTransmitter]] to Squad/Parts/Command/probeStackSphere_v2/probeStackSphere_v2.cfg/PART[probeCoreSphere_v2]
[LOG 15:22:24.022] Applying update RealSolarSystem/DSN_Ranges/@PART[*]:HAS[@MODULE[ModuleDataTransmitter]] to Squad/Parts/Misc/AsteroidDay/HECS2.cfg/PART[HECS2_ProbeCore]
[LOG 15:22:24.023] Applying update RealSolarSystem/DSN_Ranges/@PART[*]:HAS[@MODULE[ModuleDataTransmitter]] to Squad/Parts/Misc/AsteroidDay/HighGainAntenna.cfg/PART[HighGainAntenna]
[LOG 15:22:24.025] Applying update RealSolarSystem/DSN_Ranges/@PART[*]:HAS[@MODULE[ModuleDataTransmitter]] to Squad/Parts/Utility/commDish88-88/commDish88-88.cfg/PART[commDish]
[LOG 15:22:24.026] Applying update RealSolarSystem/DSN_Ranges/@PART[*]:HAS[@MODULE[ModuleDataTransmitter]] to Squad/Parts/Utility/commsAntennaDTS-M1/commsAntennaDTS-M1.cfg/PART[mediumDishAntenna]
[LOG 15:22:24.026] Applying update RealSolarSystem/DSN_Ranges/@PART[*]:HAS[@MODULE[ModuleDataTransmitter]] to Squad/Parts/Utility/commsDish16/commsAntenna16.cfg/PART[longAntenna]
[LOG 15:22:24.026] Applying update RealSolarSystem/DSN_Ranges/@PART[*]:HAS[@MODULE[ModuleDataTransmitter]] to Squad/Parts/Utility/DirectAntennas/C16S.cfg/PART[SurfAntenna]
[LOG 15:22:24.026] Applying update RealSolarSystem/DSN_Ranges/@PART[*]:HAS[@MODULE[ModuleDataTransmitter]] to Squad/Parts/Utility/DirectAntennas/HG-5.cfg/PART[HighGainAntenna5]
[LOG 15:22:24.027] Applying update RealSolarSystem/DSN_Ranges/@PART[*]:HAS[@MODULE[ModuleDataTransmitter]] to Squad/Parts/Utility/DirectAntennas/HG-5_v2.cfg/PART[HighGainAntenna5_v2]
[LOG 15:22:24.029] Applying update RealSolarSystem/DSN_Ranges/@PART[*]:HAS[@MODULE[ModuleDataTransmitter]] to Squad/Parts/Utility/RelayAntennas/RA-100.cfg/PART[RelayAntenna100]
[LOG 15:22:24.029] Applying update RealSolarSystem/DSN_Ranges/@PART[*]:HAS[@MODULE[ModuleDataTransmitter]] to Squad/Parts/Utility/RelayAntennas/RA-5.cfg/PART[RelayAntenna5]
[LOG 15:22:24.030] Applying update RealSolarSystem/DSN_Ranges/@PART[*]:HAS[@MODULE[ModuleDataTransmitter]] to Squad/Parts/Utility/RelayAntennas/RA-50.cfg/PART[RelayAntenna50]
[LOG 15:22:24.036] Applying update RealSolarSystem/DSN_Ranges/@PART[*]:HAS[@MODULE[ModuleDataTransmitter]] to SquadExpansion/MakingHistory/Parts/Payload/SM25.cfg/PART[ServiceModule25]
[LOG 15:22:24.036] Applying update RealSolarSystem/DSN_Ranges/@PART[*]:HAS[@MODULE[ModuleDataTransmitter]] to SquadExpansion/MakingHistory/Parts/Pods/KV1Pod.cfg/PART[kv1Pod]
[LOG 15:22:24.036] Applying update RealSolarSystem/DSN_Ranges/@PART[*]:HAS[@MODULE[ModuleDataTransmitter]] to SquadExpansion/MakingHistory/Parts/Pods/KV2Pod.cfg/PART[kv2Pod]
[LOG 15:22:24.036] Applying update RealSolarSystem/DSN_Ranges/@PART[*]:HAS[@MODULE[ModuleDataTransmitter]] to SquadExpansion/MakingHistory/Parts/Pods/KV3Pod.cfg/PART[kv3Pod]
[LOG 15:22:24.036] Applying update RealSolarSystem/DSN_Ranges/@PART[*]:HAS[@MODULE[ModuleDataTransmitter]] to SquadExpansion/MakingHistory/Parts/Pods/Mk2Pod.cfg/PART[Mk2Pod]
[LOG 15:22:24.036] Applying update RealSolarSystem/DSN_Ranges/@PART[*]:HAS[@MODULE[ModuleDataTransmitter]] to SquadExpansion/MakingHistory/Parts/Pods/Size1_5_Lander.cfg/PART[MEMLander]
[LOG 15:22:24.041] :BEFORE[0_MULTIPLEMODULEINPARTAPI] pass
[LOG 15:22:24.041] :FOR[0_MULTIPLEMODULEINPARTAPI] pass
[LOG 15:22:24.041] :AFTER[0_MULTIPLEMODULEINPARTAPI] pass
[LOG 15:22:24.041] :BEFORE[000_HARMONY] pass
[LOG 15:22:24.041] :FOR[000_HARMONY] pass
[LOG 15:22:24.041] :AFTER[000_HARMONY] pass
[LOG 15:22:24.041] :BEFORE[0HARMONY] pass
[LOG 15:22:24.041] :FOR[0HARMONY] pass
[LOG 15:22:24.041] :AFTER[0HARMONY] pass
[LOG 15:22:24.041] :BEFORE[ASSEMBLY-CSHARP] pass
[LOG 15:22:24.041] :FOR[ASSEMBLY-CSHARP] pass
[LOG 15:22:24.041] :AFTER[ASSEMBLY-CSHARP] pass
[LOG 15:22:24.041] :BEFORE[HARMONYINSTALLCHECKER] pass
[LOG 15:22:24.041] :FOR[HARMONYINSTALLCHECKER] pass
[LOG 15:22:24.041] :AFTER[HARMONYINSTALLCHECKER] pass
[LOG 15:22:24.041] :BEFORE[KOPERNICUS] pass
[LOG 15:22:24.041] :FOR[KOPERNICUS] pass
[LOG 15:22:24.041] Applying update Kopernicus/Config/BodyPQSFix/@Kopernicus:FOR[Kopernicus] to Kopernicus/Config/System.cfg/Kopernicus[Kerbol System]
[LOG 15:22:24.041] :AFTER[KOPERNICUS] pass
[LOG 15:22:24.041] :BEFORE[KOPERNICUS.PARSER] pass
[LOG 15:22:24.041] :FOR[KOPERNICUS.PARSER] pass
[LOG 15:22:24.041] :AFTER[KOPERNICUS.PARSER] pass
[LOG 15:22:24.041] :BEFORE[KOPERNICUS_VERSION] pass
[LOG 15:22:24.041] :FOR[KOPERNICUS_VERSION] pass
[LOG 15:22:24.041] Applying update Kopernicus/Config/00Version/@KOP_VERSION:FOR[Kopernicus_Version] to Kopernicus/Config/00Version.cfg/KOP_VERSION[Kopernicus_Version]
[LOG 15:22:24.041] :AFTER[KOPERNICUS_VERSION] pass
[LOG 15:22:24.041] :BEFORE[KSPCOMMUNITYFIXES] pass
[LOG 15:22:24.041] :FOR[KSPCOMMUNITYFIXES] pass
[LOG 15:22:24.041] Applying update KSPCommunityFixes/MMPatches/StockTweaks/ManufacturerFixes/@PART[sasModule]:FOR[KSPCommunityFixes] to Squad/Parts/Command/inlineReactionWheel/inlineReactionWheel.cfg/PART[sasModule]
[LOG 15:22:24.042] Applying update KSPCommunityFixes/MMPatches/StockTweaks/ManufacturerFixes/@PART[xenonTankRadial]:FOR[KSPCommunityFixes] to Squad/Parts/FuelTank/xenonTankRadial/xenonTankRadial.cfg/PART[xenonTankRadial]
[LOG 15:22:24.043] Applying update KSPCommunityFixes/MMPatches/StockTweaks/ManufacturerFixes/@PART[winglet|fireworksLauncherSmall|fireworksLauncherBig]:FOR[KSPCommunityFixes] to Squad/Parts/Aero/wingletAV-T1/wingletAV-T1.cfg/PART[winglet]
[LOG 15:22:24.043] Applying update KSPCommunityFixes/MMPatches/StockTweaks/ManufacturerFixes/@PART[winglet|fireworksLauncherSmall|fireworksLauncherBig]:FOR[KSPCommunityFixes] to Squad/Parts/Utility/Fireworks/fireworksLauncherBig.cfg/PART[fireworksLauncherBig]
[LOG 15:22:24.043] Applying update KSPCommunityFixes/MMPatches/StockTweaks/ManufacturerFixes/@PART[winglet|fireworksLauncherSmall|fireworksLauncherBig]:FOR[KSPCommunityFixes] to Squad/Parts/Utility/Fireworks/fireworksLauncherSmall.cfg/PART[fireworksLauncherSmall]
[LOG 15:22:24.044] Applying update KSPCommunityFixes/MMPatches/StockTweaks/ManufacturerFixes/@PART[solidBooster_sm_v2|solidBooster_v2]:FOR[KSPCommunityFixes] to Squad/Parts/Engine/Size1_SRBs/solidBoosterRT-10_v2.cfg/PART[solidBooster_v2]
[LOG 15:22:24.044] Applying update KSPCommunityFixes/MMPatches/StockTweaks/ManufacturerFixes/@PART[solidBooster_sm_v2|solidBooster_v2]:FOR[KSPCommunityFixes] to Squad/Parts/Engine/Size1_SRBs/solidBoosterRT-5_v2.cfg/PART[solidBooster_sm_v2]
[LOG 15:22:24.045] Applying update KSPCommunityFixes/MMPatches/StockTweaks/ManufacturerFixes/@PART[ServiceBay_125_v2|ServiceBay_250_v2]:FOR[KSPCommunityFixes] to Squad/Parts/Utility/ServiceBay_v2/ServiceBay_125_v2.cfg/PART[ServiceBay_125_v2]
[LOG 15:22:24.045] Applying update KSPCommunityFixes/MMPatches/StockTweaks/ManufacturerFixes/@PART[ServiceBay_125_v2|ServiceBay_250_v2]:FOR[KSPCommunityFixes] to Squad/Parts/Utility/ServiceBay_v2/ServiceBay_250_v2.cfg/PART[ServiceBay_250_v2]
[LOG 15:22:24.045] Applying update KSPCommunityFixes/MMPatches/StockTweaks/ManufacturerFixes/@PART[externalTankCapsule]:FOR[KSPCommunityFixes] to Squad/Parts/FuelTank/FoilTanks/RadialTank_Capsule.cfg/PART[externalTankCapsule]
[LOG 15:22:24.046] Applying update KSPCommunityFixes/MMPatches/StockTweaks/ManufacturerFixes/@PART[RCSFuelTank|rcsTankMini|RCSTank1-2]:FOR[KSPCommunityFixes] to Squad/Parts/FuelTank/RCSFuelTankR1/RCSFuelTankR1.cfg/PART[RCSTank1-2]
[LOG 15:22:24.046] Applying update KSPCommunityFixes/MMPatches/StockTweaks/ManufacturerFixes/@PART[RCSFuelTank|rcsTankMini|RCSTank1-2]:FOR[KSPCommunityFixes] to Squad/Parts/FuelTank/RCSFuelTankR10/RCSFuelTankR10.cfg/PART[rcsTankMini]
[LOG 15:22:24.046] Applying update KSPCommunityFixes/MMPatches/StockTweaks/ManufacturerFixes/@PART[RCSFuelTank|rcsTankMini|RCSTank1-2]:FOR[KSPCommunityFixes] to Squad/Parts/FuelTank/RCSFuelTankR25/RCSFuelTankR25.cfg/PART[RCSFuelTank]
[LOG 15:22:24.047] Applying update KSPCommunityFixes/MMPatches/StockTweaks/ManufacturerFixes/@PART[landerCabinSmall]:FOR[KSPCommunityFixes] to Squad/Parts/Command/mk1LanderCan/mk1LanderCan.cfg/PART[landerCabinSmall]
[LOG 15:22:24.047] Applying update KSPCommunityFixes/MMPatches/StockTweaks/ManufacturerFixes/@PART[dockingPortLateral]:FOR[KSPCommunityFixes] to Squad/Parts/Utility/dockingPortInline/dockingPortInline.cfg/PART[dockingPortLateral]
[LOG 15:22:24.048] Applying update KSPCommunityFixes/MMPatches/StockTweaks/ManufacturerFixes/@PART[EnginePlate4]:FOR[KSPCommunityFixes]:NEEDS[SquadExpansion/MakingHistory] to SquadExpansion/MakingHistory/Parts/Coupling/EnginePlate_4.cfg/PART[EnginePlate4]
[LOG 15:22:24.049] Applying update KSPCommunityFixes/MMPatches/StockTweaks/ManufacturerFixes/@PART[Mk2Pod]:FOR[KSPCommunityFixes]:NEEDS[SquadExpansion/MakingHistory] to SquadExpansion/MakingHistory/Parts/Pods/Mk2Pod.cfg/PART[Mk2Pod]
[LOG 15:22:24.049] Applying update KSPCommunityFixes/MMPatches/StockTweaks/ManufacturerFixes/@PART[evaChute|parachuteSingle|parachuteRadial|radialDrogue|parachuteLarge|parachuteDrogue]:FOR[KSPCommunityFixes] to Squad/Parts/Cargo/Parachute/Parachute.cfg/PART[evaChute]
[LOG 15:22:24.050] Applying update KSPCommunityFixes/MMPatches/StockTweaks/ManufacturerFixes/@PART[evaChute|parachuteSingle|parachuteRadial|radialDrogue|parachuteLarge|parachuteDrogue]:FOR[KSPCommunityFixes] to Squad/Parts/Utility/parachuteMk1/parachuteMk1.cfg/PART[parachuteSingle]
[LOG 15:22:24.050] Applying update KSPCommunityFixes/MMPatches/StockTweaks/ManufacturerFixes/@PART[evaChute|parachuteSingle|parachuteRadial|radialDrogue|parachuteLarge|parachuteDrogue]:FOR[KSPCommunityFixes] to Squad/Parts/Utility/parachuteMk12-R/parachuteMk12-R.cfg/PART[radialDrogue]
[LOG 15:22:24.050] Applying update KSPCommunityFixes/MMPatches/StockTweaks/ManufacturerFixes/@PART[evaChute|parachuteSingle|parachuteRadial|radialDrogue|parachuteLarge|parachuteDrogue]:FOR[KSPCommunityFixes] to Squad/Parts/Utility/parachuteMk16-XL/parachuteMk16-XL.cfg/PART[parachuteLarge]
[LOG 15:22:24.050] Applying update KSPCommunityFixes/MMPatches/StockTweaks/ManufacturerFixes/@PART[evaChute|parachuteSingle|parachuteRadial|radialDrogue|parachuteLarge|parachuteDrogue]:FOR[KSPCommunityFixes] to Squad/Parts/Utility/parachuteMk2-R/parachuteMk2-R.cfg/PART[parachuteRadial]
[LOG 15:22:24.050] Applying update KSPCommunityFixes/MMPatches/StockTweaks/ManufacturerFixes/@PART[evaChute|parachuteSingle|parachuteRadial|radialDrogue|parachuteLarge|parachuteDrogue]:FOR[KSPCommunityFixes] to Squad/Parts/Utility/parachuteMk25/parachuteMk25.cfg/PART[parachuteDrogue]
[LOG 15:22:24.052] Applying update KSPCommunityFixes/MMPatches/StockTweaks/ManufacturerFixes/@PART[stackPoint1|dockingPort1|dockingPort2|dockingPort3|dockingPortLarge]:FOR[KSPCommunityFixes] to Squad/Parts/Utility/dockingPort/dockingPort.cfg/PART[dockingPort2]
[LOG 15:22:24.052] Applying update KSPCommunityFixes/MMPatches/StockTweaks/ManufacturerFixes/@PART[stackPoint1|dockingPort1|dockingPort2|dockingPort3|dockingPortLarge]:FOR[KSPCommunityFixes] to Squad/Parts/Utility/dockingPortJr/dockingPortJr.cfg/PART[dockingPort3]
[LOG 15:22:24.052] Applying update KSPCommunityFixes/MMPatches/StockTweaks/ManufacturerFixes/@PART[stackPoint1|dockingPort1|dockingPort2|dockingPort3|dockingPortLarge]:FOR[KSPCommunityFixes] to Squad/Parts/Utility/dockingPortShielded/dockingPortShielded.cfg/PART[dockingPort1]
[LOG 15:22:24.052] Applying update KSPCommunityFixes/MMPatches/StockTweaks/ManufacturerFixes/@PART[stackPoint1|dockingPort1|dockingPort2|dockingPort3|dockingPortLarge]:FOR[KSPCommunityFixes] to Squad/Parts/Utility/dockingPortSr/dockingPortSr.cfg/PART[dockingPortLarge]
[LOG 15:22:24.052] Applying update KSPCommunityFixes/MMPatches/StockTweaks/ManufacturerFixes/@PART[stackPoint1|dockingPort1|dockingPort2|dockingPort3|dockingPortLarge]:FOR[KSPCommunityFixes] to Squad/Parts/Utility/radialAttachmentPoint/radialAttachmentPoint.cfg/PART[stackPoint1]
[LOG 15:22:24.053] :AFTER[KSPCOMMUNITYFIXES] pass
[LOG 15:22:24.053] :BEFORE[KSPTEXTURELOADER] pass
[LOG 15:22:24.053] :FOR[KSPTEXTURELOADER] pass
[LOG 15:22:24.053] :AFTER[KSPTEXTURELOADER] pass
[LOG 15:22:24.053] :BEFORE[KSPTEXTURELOADER.BURST] pass
[LOG 15:22:24.053] :FOR[KSPTEXTURELOADER.BURST] pass
[LOG 15:22:24.053] :AFTER[KSPTEXTURELOADER.BURST] pass
[LOG 15:22:24.053] :BEFORE[MODULARFLIGHTINTEGRATOR] pass
[LOG 15:22:24.053] :FOR[MODULARFLIGHTINTEGRATOR] pass
[LOG 15:22:24.053] :AFTER[MODULARFLIGHTINTEGRATOR] pass
[LOG 15:22:24.053] :BEFORE[MODULEMANAGER] pass
[LOG 15:22:24.053] :FOR[MODULEMANAGER] pass
[LOG 15:22:24.053] :AFTER[MODULEMANAGER] pass
[LOG 15:22:24.053] :BEFORE[RATIONALRESOURCESAU] pass
[LOG 15:22:24.053] :FOR[RATIONALRESOURCESAU] pass
[LOG 15:22:24.053] Applying update RealSolarSystem/Compatibility/RationalResources/@REALSOLARSYSTEM:FOR[RationalResourcesAU] to RealSolarSystem/RealSolarSystem.cfg/REALSOLARSYSTEM
[LOG 15:22:24.053] :AFTER[RATIONALRESOURCESAU] pass
[LOG 15:22:24.053] :BEFORE[REALSOLARSYSTEM] pass
[LOG 15:22:24.053] :FOR[REALSOLARSYSTEM] pass
[LOG 15:22:24.053] Applying update RealSolarSystem/ContractModifier/@Contracts:FOR[RealSolarSystem] to Squad/Contracts/Contracts.cfg/Contracts
[LOG 15:22:24.055] Applying update RealSolarSystem/ContractModifier/@Contracts:FOR[RealSolarSystem] to SquadExpansion/Serenity/Contracts/contracts.cfg/Contracts
[LOG 15:22:24.056] Applying delete RealSolarSystem/ROCDefinitions/!ROC_DEFINITION:HAS[@CELESTIALBODY:HAS[#Name[Moho]]]:FOR[RealSolarSystem] to SquadExpansion/Serenity/Resources/rocsdef.cfg/ROC_DEFINITION
[LOG 15:22:24.056] Applying delete RealSolarSystem/ROCDefinitions/!ROC_DEFINITION:HAS[@CELESTIALBODY:HAS[#Name[Moho]]]:FOR[RealSolarSystem] to SquadExpansion/Serenity/Resources/rocsdef.cfg/ROC_DEFINITION
[LOG 15:22:24.057] Applying delete RealSolarSystem/ROCDefinitions/!ROC_DEFINITION:HAS[@CELESTIALBODY:HAS[#Name[Eve]]]:FOR[RealSolarSystem] to SquadExpansion/Serenity/Resources/rocsdef.cfg/ROC_DEFINITION
[LOG 15:22:24.057] Applying delete RealSolarSystem/ROCDefinitions/!ROC_DEFINITION:HAS[@CELESTIALBODY:HAS[#Name[Eve]]]:FOR[RealSolarSystem] to SquadExpansion/Serenity/Resources/rocsdef.cfg/ROC_DEFINITION
[LOG 15:22:24.057] Applying delete RealSolarSystem/ROCDefinitions/!ROC_DEFINITION:HAS[@CELESTIALBODY:HAS[#Name[Eve]]]:FOR[RealSolarSystem] to SquadExpansion/Serenity/Resources/rocsdef.cfg/ROC_DEFINITION
[LOG 15:22:24.057] Applying delete RealSolarSystem/ROCDefinitions/!ROC_DEFINITION:HAS[@CELESTIALBODY:HAS[#Name[Gilly]]]:FOR[RealSolarSystem] to SquadExpansion/Serenity/Resources/rocsdef.cfg/ROC_DEFINITION
[LOG 15:22:24.057] Applying delete RealSolarSystem/ROCDefinitions/!ROC_DEFINITION:HAS[@CELESTIALBODY:HAS[#Name[Kerbin]]]:FOR[RealSolarSystem] to SquadExpansion/Serenity/Resources/rocsdef.cfg/ROC_DEFINITION
[LOG 15:22:24.057] Applying delete RealSolarSystem/ROCDefinitions/!ROC_DEFINITION:HAS[@CELESTIALBODY:HAS[#Name[Kerbin]]]:FOR[RealSolarSystem] to SquadExpansion/Serenity/Resources/rocsdef.cfg/ROC_DEFINITION
[LOG 15:22:24.058] Applying delete RealSolarSystem/ROCDefinitions/!ROC_DEFINITION:HAS[@CELESTIALBODY:HAS[#Name[Mun]]]:FOR[RealSolarSystem] to SquadExpansion/Serenity/Resources/rocsdef.cfg/ROC_DEFINITION
[LOG 15:22:24.058] Applying delete RealSolarSystem/ROCDefinitions/!ROC_DEFINITION:HAS[@CELESTIALBODY:HAS[#Name[Mun]]]:FOR[RealSolarSystem] to SquadExpansion/Serenity/Resources/rocsdef.cfg/ROC_DEFINITION
[LOG 15:22:24.058] Applying delete RealSolarSystem/ROCDefinitions/!ROC_DEFINITION:HAS[@CELESTIALBODY:HAS[#Name[Mun]]]:FOR[RealSolarSystem] to SquadExpansion/Serenity/Resources/rocsdef.cfg/ROC_DEFINITION
[LOG 15:22:24.058] Applying delete RealSolarSystem/ROCDefinitions/!ROC_DEFINITION:HAS[@CELESTIALBODY:HAS[#Name[Minmus]]]:FOR[RealSolarSystem] to SquadExpansion/Serenity/Resources/rocsdef.cfg/ROC_DEFINITION
[LOG 15:22:24.058] Applying delete RealSolarSystem/ROCDefinitions/!ROC_DEFINITION:HAS[@CELESTIALBODY:HAS[#Name[Minmus]]]:FOR[RealSolarSystem] to SquadExpansion/Serenity/Resources/rocsdef.cfg/ROC_DEFINITION
[LOG 15:22:24.058] Applying delete RealSolarSystem/ROCDefinitions/!ROC_DEFINITION:HAS[@CELESTIALBODY:HAS[#Name[Duna]]]:FOR[RealSolarSystem] to SquadExpansion/Serenity/Resources/rocsdef.cfg/ROC_DEFINITION
[LOG 15:22:24.058] Applying delete RealSolarSystem/ROCDefinitions/!ROC_DEFINITION:HAS[@CELESTIALBODY:HAS[#Name[Duna]]]:FOR[RealSolarSystem] to SquadExpansion/Serenity/Resources/rocsdef.cfg/ROC_DEFINITION
[LOG 15:22:24.058] Applying delete RealSolarSystem/ROCDefinitions/!ROC_DEFINITION:HAS[@CELESTIALBODY:HAS[#Name[Duna]]]:FOR[RealSolarSystem] to SquadExpansion/Serenity/Resources/rocsdef.cfg/ROC_DEFINITION
[LOG 15:22:24.058] Applying delete RealSolarSystem/ROCDefinitions/!ROC_DEFINITION:HAS[@CELESTIALBODY:HAS[#Name[Duna]]]:FOR[RealSolarSystem] to SquadExpansion/Serenity/Resources/rocsdef.cfg/ROC_DEFINITION
[LOG 15:22:24.059] Applying delete RealSolarSystem/ROCDefinitions/!ROC_DEFINITION:HAS[@CELESTIALBODY:HAS[#Name[Ike]]]:FOR[RealSolarSystem] to SquadExpansion/Serenity/Resources/rocsdef.cfg/ROC_DEFINITION
[LOG 15:22:24.059] Applying delete RealSolarSystem/ROCDefinitions/!ROC_DEFINITION:HAS[@CELESTIALBODY:HAS[#Name[Dres]]]:FOR[RealSolarSystem] to SquadExpansion/Serenity/Resources/rocsdef.cfg/ROC_DEFINITION
[LOG 15:22:24.059] Applying delete RealSolarSystem/ROCDefinitions/!ROC_DEFINITION:HAS[@CELESTIALBODY:HAS[#Name[Dres]]]:FOR[RealSolarSystem] to SquadExpansion/Serenity/Resources/rocsdef.cfg/ROC_DEFINITION
[LOG 15:22:24.059] Applying delete RealSolarSystem/ROCDefinitions/!ROC_DEFINITION:HAS[@CELESTIALBODY:HAS[#Name[Laythe]]]:FOR[RealSolarSystem] to SquadExpansion/Serenity/Resources/rocsdef.cfg/ROC_DEFINITION
[LOG 15:22:24.059] Applying delete RealSolarSystem/ROCDefinitions/!ROC_DEFINITION:HAS[@CELESTIALBODY:HAS[#Name[Laythe]]]:FOR[RealSolarSystem] to SquadExpansion/Serenity/Resources/rocsdef.cfg/ROC_DEFINITION
[LOG 15:22:24.059] Applying delete RealSolarSystem/ROCDefinitions/!ROC_DEFINITION:HAS[@CELESTIALBODY:HAS[#Name[Laythe]]]:FOR[RealSolarSystem] to SquadExpansion/Serenity/Resources/rocsdef.cfg/ROC_DEFINITION
[LOG 15:22:24.059] Applying delete RealSolarSystem/ROCDefinitions/!ROC_DEFINITION:HAS[@CELESTIALBODY:HAS[#Name[Vall]]]:FOR[RealSolarSystem] to SquadExpansion/Serenity/Resources/rocsdef.cfg/ROC_DEFINITION
[LOG 15:22:24.059] Applying delete RealSolarSystem/ROCDefinitions/!ROC_DEFINITION:HAS[@CELESTIALBODY:HAS[#Name[Vall]]]:FOR[RealSolarSystem] to SquadExpansion/Serenity/Resources/rocsdef.cfg/ROC_DEFINITION
[LOG 15:22:24.059] Applying delete RealSolarSystem/ROCDefinitions/!ROC_DEFINITION:HAS[@CELESTIALBODY:HAS[#Name[Vall]]]:FOR[RealSolarSystem] to SquadExpansion/Serenity/Resources/rocsdef.cfg/ROC_DEFINITION
[LOG 15:22:24.059] Applying delete RealSolarSystem/ROCDefinitions/!ROC_DEFINITION:HAS[@CELESTIALBODY:HAS[#Name[Tylo]]]:FOR[RealSolarSystem] to SquadExpansion/Serenity/Resources/rocsdef.cfg/ROC_DEFINITION
[LOG 15:22:24.059] Applying delete RealSolarSystem/ROCDefinitions/!ROC_DEFINITION:HAS[@CELESTIALBODY:HAS[#Name[Tylo]]]:FOR[RealSolarSystem] to SquadExpansion/Serenity/Resources/rocsdef.cfg/ROC_DEFINITION
[LOG 15:22:24.059] Applying delete RealSolarSystem/ROCDefinitions/!ROC_DEFINITION:HAS[@CELESTIALBODY:HAS[#Name[Tylo]]]:FOR[RealSolarSystem] to SquadExpansion/Serenity/Resources/rocsdef.cfg/ROC_DEFINITION
[LOG 15:22:24.059] Applying delete RealSolarSystem/ROCDefinitions/!ROC_DEFINITION:HAS[@CELESTIALBODY:HAS[#Name[Bop]]]:FOR[RealSolarSystem] to SquadExpansion/Serenity/Resources/rocsdef.cfg/ROC_DEFINITION
[LOG 15:22:24.060] Applying delete RealSolarSystem/ROCDefinitions/!ROC_DEFINITION:HAS[@CELESTIALBODY:HAS[#Name[Pol]]]:FOR[RealSolarSystem] to SquadExpansion/Serenity/Resources/rocsdef.cfg/ROC_DEFINITION
[LOG 15:22:24.060] Applying delete RealSolarSystem/ROCDefinitions/!ROC_DEFINITION:HAS[@CELESTIALBODY:HAS[#Name[Eeloo]]]:FOR[RealSolarSystem] to SquadExpansion/Serenity/Resources/rocsdef.cfg/ROC_DEFINITION
[LOG 15:22:24.060] Applying delete RealSolarSystem/ROCDefinitions/!ROC_DEFINITION:HAS[@CELESTIALBODY:HAS[#Name[Eeloo]]]:FOR[RealSolarSystem] to SquadExpansion/Serenity/Resources/rocsdef.cfg/ROC_DEFINITION
[LOG 15:22:24.060] Applying delete RealSolarSystem/ROCDefinitions/!ROC_DEFINITION:HAS[@CELESTIALBODY:HAS[#Name[Eeloo]]]:FOR[RealSolarSystem] to SquadExpansion/Serenity/Resources/rocsdef.cfg/ROC_DEFINITION
[LOG 15:22:24.060] Applying update RealSolarSystem/RSSKopernicusSettings/@Kopernicus_config:FOR[RealSolarSystem] to Kopernicus/Config/01_DefaultConfig.cfg/Kopernicus_config
[LOG 15:22:24.060] Applying update RealSolarSystem/RSSKopernicusSettings/@Kopernicus:FOR[RealSolarSystem] to Kopernicus/Config/System.cfg/Kopernicus[Kerbol System]
[LOG 15:22:24.061] Applying update RealSolarSystem/RSS_TerrainDetailPresets/@Kopernicus:FOR[RealSolarSystem] to Kopernicus/Config/System.cfg/Kopernicus[Solar System]
[LOG 15:22:24.064] Applying update RealSolarSystem/Compatibility/CustomAsteroids/@CustomAsteroidPlanes:FOR[RealSolarSystem] to RealSolarSystem/Compatibility/CustomAsteroids.cfg/CustomAsteroidPlanes
[LOG 15:22:24.108] Applying update RealSolarSystem/RSSKopernicus/Sun/@Kopernicus:FOR[RealSolarSystem] to Kopernicus/Config/System.cfg/Kopernicus[Solar System]
[LOG 15:22:24.108] Applying update RealSolarSystem/RSSKopernicus/Asteroids/Asteroids/@Kopernicus:FOR[RealSolarSystem] to Kopernicus/Config/System.cfg/Kopernicus[Solar System]
[LOG 15:22:24.115] Applying update RealSolarSystem/RSSKopernicus/Asteroids/Asteroids/@PART[*]:HAS[@MODULE[ModuleAsteroid]]:FOR[RealSolarSystem] to Squad/Parts/Misc/PotatoRoid/part.cfg/PART[PotatoRoid]
[LOG 15:22:24.159] Applying update RealSolarSystem/RSSKopernicus/Ceres/Ceres/@Kopernicus:FOR[RealSolarSystem] to Kopernicus/Config/System.cfg/Kopernicus[Solar System]
[LOG 15:22:24.160] Applying update RealSolarSystem/RSSKopernicus/Earth/Earth/@Kopernicus:FOR[RealSolarSystem] to Kopernicus/Config/System.cfg/Kopernicus[Solar System]
[LOG 15:22:24.162] Applying update RealSolarSystem/RSSKopernicus/Earth/Moon/@Kopernicus:FOR[RealSolarSystem] to Kopernicus/Config/System.cfg/Kopernicus[Solar System]
[LOG 15:22:24.164] Applying update RealSolarSystem/RSSKopernicus/Jupiter/Callisto/@Kopernicus:FOR[RealSolarSystem] to Kopernicus/Config/System.cfg/Kopernicus[Solar System]
[LOG 15:22:24.165] Applying update RealSolarSystem/RSSKopernicus/Jupiter/Europa/@Kopernicus:FOR[RealSolarSystem] to Kopernicus/Config/System.cfg/Kopernicus[Solar System]
[LOG 15:22:24.167] Applying update RealSolarSystem/RSSKopernicus/Jupiter/Ganymede/@Kopernicus:FOR[RealSolarSystem] to Kopernicus/Config/System.cfg/Kopernicus[Solar System]
[LOG 15:22:24.168] Applying update RealSolarSystem/RSSKopernicus/Jupiter/Io/@Kopernicus:FOR[RealSolarSystem] to Kopernicus/Config/System.cfg/Kopernicus[Solar System]
[LOG 15:22:24.170] Applying update RealSolarSystem/RSSKopernicus/Jupiter/Jupiter/@Kopernicus:FOR[RealSolarSystem] to Kopernicus/Config/System.cfg/Kopernicus[Solar System]
[LOG 15:22:24.172] Applying update RealSolarSystem/RSSKopernicus/Jupiter/Jupiter_Oblate/@Kopernicus:FOR[RealSolarSystem] to Kopernicus/Config/System.cfg/Kopernicus[Solar System]
[LOG 15:22:24.174] Applying update RealSolarSystem/RSSKopernicus/Mars/Deimos/@Kopernicus:FOR[RealSolarSystem] to Kopernicus/Config/System.cfg/Kopernicus[Solar System]
[LOG 15:22:24.176] Applying update RealSolarSystem/RSSKopernicus/Mars/Mars/@Kopernicus:FOR[RealSolarSystem] to Kopernicus/Config/System.cfg/Kopernicus[Solar System]
[LOG 15:22:24.186] Applying update RealSolarSystem/RSSKopernicus/Mars/Phobos/@Kopernicus:FOR[RealSolarSystem] to Kopernicus/Config/System.cfg/Kopernicus[Solar System]
[LOG 15:22:24.189] Applying update RealSolarSystem/RSSKopernicus/Mercury/Mercury/@Kopernicus:FOR[RealSolarSystem] to Kopernicus/Config/System.cfg/Kopernicus[Solar System]
[LOG 15:22:24.193] Applying update RealSolarSystem/RSSKopernicus/Neptune/Neptune/@Kopernicus:FOR[RealSolarSystem] to Kopernicus/Config/System.cfg/Kopernicus[Solar System]
[LOG 15:22:24.197] Applying update RealSolarSystem/RSSKopernicus/Neptune/Neptune_Oblate/@Kopernicus:FOR[RealSolarSystem] to Kopernicus/Config/System.cfg/Kopernicus[Solar System]
[LOG 15:22:24.201] Applying update RealSolarSystem/RSSKopernicus/Neptune/Triton/@Kopernicus:FOR[RealSolarSystem] to Kopernicus/Config/System.cfg/Kopernicus[Solar System]
[LOG 15:22:24.203] Applying update RealSolarSystem/RSSKopernicus/Neptune/Triton_Rotation/@Kopernicus:FOR[RealSolarSystem] to Kopernicus/Config/System.cfg/Kopernicus[Solar System]
[LOG 15:22:24.210] Applying update RealSolarSystem/RSSKopernicus/Pluto/Charon/@Kopernicus:FOR[RealSolarSystem] to Kopernicus/Config/System.cfg/Kopernicus[Solar System]
[LOG 15:22:24.224] Applying update RealSolarSystem/RSSKopernicus/Pluto/Pluto/@Kopernicus:FOR[RealSolarSystem] to Kopernicus/Config/System.cfg/Kopernicus[Solar System]
[LOG 15:22:24.227] Applying update RealSolarSystem/RSSKopernicus/Pluto/RotationPeriod/@Kopernicus:FOR[RealSolarSystem] to Kopernicus/Config/System.cfg/Kopernicus[Solar System]
[LOG 15:22:24.251] Applying update RealSolarSystem/RSSKopernicus/Saturn/Dione/@Kopernicus:FOR[RealSolarSystem] to Kopernicus/Config/System.cfg/Kopernicus[Solar System]
[LOG 15:22:24.255] Applying update RealSolarSystem/RSSKopernicus/Saturn/Enceladus/@Kopernicus:FOR[RealSolarSystem] to Kopernicus/Config/System.cfg/Kopernicus[Solar System]
[LOG 15:22:24.264] Applying update RealSolarSystem/RSSKopernicus/Saturn/Iapetus/@Kopernicus:FOR[RealSolarSystem] to Kopernicus/Config/System.cfg/Kopernicus[Solar System]
[LOG 15:22:24.277] Applying update RealSolarSystem/RSSKopernicus/Saturn/Mimas/@Kopernicus:FOR[RealSolarSystem] to Kopernicus/Config/System.cfg/Kopernicus[Solar System]
[LOG 15:22:24.279] Applying update RealSolarSystem/RSSKopernicus/Saturn/Rhea/@Kopernicus:FOR[RealSolarSystem] to Kopernicus/Config/System.cfg/Kopernicus[Solar System]
[LOG 15:22:24.285] Applying update RealSolarSystem/RSSKopernicus/Saturn/Saturn/@Kopernicus:FOR[RealSolarSystem] to Kopernicus/Config/System.cfg/Kopernicus[Solar System]
[LOG 15:22:24.288] Applying update RealSolarSystem/RSSKopernicus/Saturn/Saturn_Oblate/@Kopernicus:FOR[RealSolarSystem] to Kopernicus/Config/System.cfg/Kopernicus[Solar System]
[LOG 15:22:24.291] Applying update RealSolarSystem/RSSKopernicus/Saturn/Tethys/@Kopernicus:FOR[RealSolarSystem] to Kopernicus/Config/System.cfg/Kopernicus[Solar System]
[LOG 15:22:24.298] Applying update RealSolarSystem/RSSKopernicus/Saturn/Titan/@Kopernicus:FOR[RealSolarSystem] to Kopernicus/Config/System.cfg/Kopernicus[Solar System]
[LOG 15:22:24.313] Applying update RealSolarSystem/RSSKopernicus/Uranus/Ariel/@Kopernicus:FOR[RealSolarSystem] to Kopernicus/Config/System.cfg/Kopernicus[Solar System]
[LOG 15:22:24.317] Applying update RealSolarSystem/RSSKopernicus/Uranus/Miranda/@Kopernicus:FOR[RealSolarSystem] to Kopernicus/Config/System.cfg/Kopernicus[Solar System]
[LOG 15:22:24.321] Applying update RealSolarSystem/RSSKopernicus/Uranus/Oberon/@Kopernicus:FOR[RealSolarSystem] to Kopernicus/Config/System.cfg/Kopernicus[Solar System]
[LOG 15:22:24.324] Applying update RealSolarSystem/RSSKopernicus/Uranus/Titania/@Kopernicus:FOR[RealSolarSystem] to Kopernicus/Config/System.cfg/Kopernicus[Solar System]
[LOG 15:22:24.328] Applying update RealSolarSystem/RSSKopernicus/Uranus/Umbriel/@Kopernicus:FOR[RealSolarSystem] to Kopernicus/Config/System.cfg/Kopernicus[Solar System]
[LOG 15:22:24.333] Applying update RealSolarSystem/RSSKopernicus/Uranus/Uranus/@Kopernicus:FOR[RealSolarSystem] to Kopernicus/Config/System.cfg/Kopernicus[Solar System]
[LOG 15:22:24.341] Applying update RealSolarSystem/RSSKopernicus/Uranus/Uranus_Oblate/@Kopernicus:FOR[RealSolarSystem] to Kopernicus/Config/System.cfg/Kopernicus[Solar System]
[LOG 15:22:24.346] Applying update RealSolarSystem/RSSKopernicus/Venus/Venus/@Kopernicus:FOR[RealSolarSystem] to Kopernicus/Config/System.cfg/Kopernicus[Solar System]
[LOG 15:22:24.353] Applying update RealSolarSystem/RSSKopernicus/Vesta/Vesta/@Kopernicus:FOR[RealSolarSystem] to Kopernicus/Config/System.cfg/Kopernicus[Solar System]
[LOG 15:22:24.359] :AFTER[REALSOLARSYSTEM] pass
[LOG 15:22:24.359] Applying update RealSolarSystem/RSS_CommNet_Stations/@Kopernicus:AFTER[RealSolarSystem] to Kopernicus/Config/System.cfg/Kopernicus[Solar System]
[LOG 15:22:24.390] Applying update RealSolarSystem/Compatibility/BreakingGround/@DEPLOYEDSCIENCE:AFTER[RealSolarSystem] to SquadExpansion/Serenity/Resources/DeployedScience.cfg/DEPLOYEDSCIENCE
[LOG 15:22:24.390] Applying update RealSolarSystem/Compatibility/BreakingGround/@DEPLOYEDSCIENCE:AFTER[RealSolarSystem] to SquadExpansion/Serenity/Resources/DeployedScience.cfg/DEPLOYEDSCIENCE
[LOG 15:22:24.394] Applying update RealSolarSystem/RSSKopernicus/NavballSwitchAltitude/@Kopernicus:AFTER[RealSolarSystem] to Kopernicus/Config/System.cfg/Kopernicus[Solar System]
[LOG 15:22:24.426] :BEFORE[RSS-TEXTURES] pass
[LOG 15:22:24.426] :FOR[RSS-TEXTURES] pass
[LOG 15:22:24.426] :AFTER[RSS-TEXTURES] pass
[LOG 15:22:24.426] :BEFORE[SHARPDX] pass
[LOG 15:22:24.426] :FOR[SHARPDX] pass
[LOG 15:22:24.426] :AFTER[SHARPDX] pass
[LOG 15:22:24.426] :BEFORE[SHARPDX.DIRECT3D11] pass
[LOG 15:22:24.426] :FOR[SHARPDX.DIRECT3D11] pass
[LOG 15:22:24.426] :AFTER[SHARPDX.DIRECT3D11] pass
[LOG 15:22:24.426] :BEFORE[SHARPDX.DXGI] pass
[LOG 15:22:24.426] :FOR[SHARPDX.DXGI] pass
[LOG 15:22:24.426] :AFTER[SHARPDX.DXGI] pass
[LOG 15:22:24.426] :BEFORE[SQUAD] pass
[LOG 15:22:24.426] :FOR[SQUAD] pass
[LOG 15:22:24.426] :AFTER[SQUAD] pass
[LOG 15:22:24.426] :BEFORE[SQUADEXPANSION] pass
[LOG 15:22:24.426] :FOR[SQUADEXPANSION] pass
[LOG 15:22:24.426] :AFTER[SQUADEXPANSION] pass
[LOG 15:22:24.426] :BEFORE[TERRAINPRECISIONFIXDIAG2MOD] pass
[LOG 15:22:24.426] :FOR[TERRAINPRECISIONFIXDIAG2MOD] pass
[LOG 15:22:24.426] :AFTER[TERRAINPRECISIONFIXDIAG2MOD] pass
[LOG 15:22:24.426] :BEFORE[TERRAINPRECISIONFIXDIAGMOD] pass
[LOG 15:22:24.426] :FOR[TERRAINPRECISIONFIXDIAGMOD] pass
[LOG 15:22:24.426] :AFTER[TERRAINPRECISIONFIXDIAGMOD] pass
[LOG 15:22:24.428] :LAST[999_KSP-RECALL] pass
[LOG 15:22:24.475] :LAST[KOP_MULTI_STAR] pass
[LOG 15:22:24.521] Applying update Kopernicus/Config/SolarPanels/@PART:HAS[@MODULE[ModuleDeployableSolarPanel]]:LAST[KOP_MULTI_STAR] to Squad/Parts/Electrical/10CSolarPanels/OX-10C.cfg/PART[solarPanelOX10C]
[LOG 15:22:24.521] Applying update Kopernicus/Config/SolarPanels/@PART:HAS[@MODULE[ModuleDeployableSolarPanel]]:LAST[KOP_MULTI_STAR] to Squad/Parts/Electrical/10CSolarPanels/SP-10C.cfg/PART[solarPanelSP10C]
[LOG 15:22:24.521] Applying update Kopernicus/Config/SolarPanels/@PART:HAS[@MODULE[ModuleDeployableSolarPanel]]:LAST[KOP_MULTI_STAR] to Squad/Parts/Electrical/10LSolarPanels/OX-10L.cfg/PART[solarPanelOX10L]
[LOG 15:22:24.521] Applying update Kopernicus/Config/SolarPanels/@PART:HAS[@MODULE[ModuleDeployableSolarPanel]]:LAST[KOP_MULTI_STAR] to Squad/Parts/Electrical/10LSolarPanels/SP-10L.cfg/PART[solarPanelSP10L]
[LOG 15:22:24.521] Applying update Kopernicus/Config/SolarPanels/@PART:HAS[@MODULE[ModuleDeployableSolarPanel]]:LAST[KOP_MULTI_STAR] to Squad/Parts/Electrical/1x6ShroudSolarPanels/1x6ShroudSolarPanels.cfg/PART[solarPanels2]
[LOG 15:22:24.521] Applying update Kopernicus/Config/SolarPanels/@PART:HAS[@MODULE[ModuleDeployableSolarPanel]]:LAST[KOP_MULTI_STAR] to Squad/Parts/Electrical/1x6SolarPanels/1x6SolarPanels.cfg/PART[solarPanels4]
[LOG 15:22:24.521] Applying update Kopernicus/Config/SolarPanels/@PART:HAS[@MODULE[ModuleDeployableSolarPanel]]:LAST[KOP_MULTI_STAR] to Squad/Parts/Electrical/3x2ShroudSolarPanels/3x2ShroudSolarPanels.cfg/PART[solarPanels1]
[LOG 15:22:24.521] Applying update Kopernicus/Config/SolarPanels/@PART:HAS[@MODULE[ModuleDeployableSolarPanel]]:LAST[KOP_MULTI_STAR] to Squad/Parts/Electrical/3x2SolarPanels/3x2SolarPanels.cfg/PART[solarPanels3]
[LOG 15:22:24.521] Applying update Kopernicus/Config/SolarPanels/@PART:HAS[@MODULE[ModuleDeployableSolarPanel]]:LAST[KOP_MULTI_STAR] to Squad/Parts/Electrical/gigantorXlSolarArray/gigantorXlSolarArray.cfg/PART[largeSolarPanel]
[LOG 15:22:24.521] Applying update Kopernicus/Config/SolarPanels/@PART:HAS[@MODULE[ModuleDeployableSolarPanel]]:LAST[KOP_MULTI_STAR] to Squad/Parts/Electrical/radialFlatSolarPanel/radialFlatSolarPanel.cfg/PART[solarPanels5]
[LOG 15:22:24.523] Applying update Kopernicus/Config/SolarPanels/@PART:HAS[@MODULE[ModuleDeployableSolarPanel]]:LAST[KOP_MULTI_STAR] to Squad/Parts/Misc/AsteroidDay/LgRadialSolar.cfg/PART[LgRadialSolarPanel]
[LOG 15:22:24.527] Applying update Kopernicus/Config/SolarPanels/@Kopernicus_config:LAST[KOP_MULTI_STAR] to Kopernicus/Config/01_DefaultConfig.cfg/Kopernicus_config
[LOG 15:22:24.527] Applying update Kopernicus/Config/SolarPanels/@Kopernicus:LAST[KOP_MULTI_STAR] to Kopernicus/Config/System.cfg/Kopernicus[Solar System]
[LOG 15:22:24.535] Applying update Kopernicus/Config/SolarPanels/@PART:HAS[@MODULE[ModuleDeployableSolarPanel],~useKopernicusSolarPanels[false]]:LAST[KOP_MULTI_STAR] to Squad/Parts/Electrical/10CSolarPanels/OX-10C.cfg/PART[solarPanelOX10C]
[LOG 15:22:24.535] Applying update Kopernicus/Config/SolarPanels/@PART:HAS[@MODULE[ModuleDeployableSolarPanel],~useKopernicusSolarPanels[false]]:LAST[KOP_MULTI_STAR] to Squad/Parts/Electrical/10CSolarPanels/SP-10C.cfg/PART[solarPanelSP10C]
[LOG 15:22:24.535] Applying update Kopernicus/Config/SolarPanels/@PART:HAS[@MODULE[ModuleDeployableSolarPanel],~useKopernicusSolarPanels[false]]:LAST[KOP_MULTI_STAR] to Squad/Parts/Electrical/10LSolarPanels/OX-10L.cfg/PART[solarPanelOX10L]
[LOG 15:22:24.535] Applying update Kopernicus/Config/SolarPanels/@PART:HAS[@MODULE[ModuleDeployableSolarPanel],~useKopernicusSolarPanels[false]]:LAST[KOP_MULTI_STAR] to Squad/Parts/Electrical/10LSolarPanels/SP-10L.cfg/PART[solarPanelSP10L]
[LOG 15:22:24.535] Applying update Kopernicus/Config/SolarPanels/@PART:HAS[@MODULE[ModuleDeployableSolarPanel],~useKopernicusSolarPanels[false]]:LAST[KOP_MULTI_STAR] to Squad/Parts/Electrical/1x6ShroudSolarPanels/1x6ShroudSolarPanels.cfg/PART[solarPanels2]
[LOG 15:22:24.535] Applying update Kopernicus/Config/SolarPanels/@PART:HAS[@MODULE[ModuleDeployableSolarPanel],~useKopernicusSolarPanels[false]]:LAST[KOP_MULTI_STAR] to Squad/Parts/Electrical/1x6SolarPanels/1x6SolarPanels.cfg/PART[solarPanels4]
[LOG 15:22:24.536] Applying update Kopernicus/Config/SolarPanels/@PART:HAS[@MODULE[ModuleDeployableSolarPanel],~useKopernicusSolarPanels[false]]:LAST[KOP_MULTI_STAR] to Squad/Parts/Electrical/3x2ShroudSolarPanels/3x2ShroudSolarPanels.cfg/PART[solarPanels1]
[LOG 15:22:24.536] Applying update Kopernicus/Config/SolarPanels/@PART:HAS[@MODULE[ModuleDeployableSolarPanel],~useKopernicusSolarPanels[false]]:LAST[KOP_MULTI_STAR] to Squad/Parts/Electrical/3x2SolarPanels/3x2SolarPanels.cfg/PART[solarPanels3]
[LOG 15:22:24.536] Applying update Kopernicus/Config/SolarPanels/@PART:HAS[@MODULE[ModuleDeployableSolarPanel],~useKopernicusSolarPanels[false]]:LAST[KOP_MULTI_STAR] to Squad/Parts/Electrical/gigantorXlSolarArray/gigantorXlSolarArray.cfg/PART[largeSolarPanel]
[LOG 15:22:24.536] Applying update Kopernicus/Config/SolarPanels/@PART:HAS[@MODULE[ModuleDeployableSolarPanel],~useKopernicusSolarPanels[false]]:LAST[KOP_MULTI_STAR] to Squad/Parts/Electrical/radialFlatSolarPanel/radialFlatSolarPanel.cfg/PART[solarPanels5]
[LOG 15:22:24.538] Applying update Kopernicus/Config/SolarPanels/@PART:HAS[@MODULE[ModuleDeployableSolarPanel],~useKopernicusSolarPanels[false]]:LAST[KOP_MULTI_STAR] to Squad/Parts/Misc/AsteroidDay/LgRadialSolar.cfg/PART[LgRadialSolarPanel]
[LOG 15:22:24.803] Applying update Kopernicus/Config/SolarPanels/@PART:HAS[#__kop_star_count]:LAST[KOP_MULTI_STAR] to Squad/Parts/Electrical/10CSolarPanels/OX-10C.cfg/PART[solarPanelOX10C]
[LOG 15:22:24.803] Applying update Kopernicus/Config/SolarPanels/@PART:HAS[#__kop_star_count]:LAST[KOP_MULTI_STAR] to Squad/Parts/Electrical/10CSolarPanels/SP-10C.cfg/PART[solarPanelSP10C]
[LOG 15:22:24.803] Applying update Kopernicus/Config/SolarPanels/@PART:HAS[#__kop_star_count]:LAST[KOP_MULTI_STAR] to Squad/Parts/Electrical/10LSolarPanels/OX-10L.cfg/PART[solarPanelOX10L]
[LOG 15:22:24.803] Applying update Kopernicus/Config/SolarPanels/@PART:HAS[#__kop_star_count]:LAST[KOP_MULTI_STAR] to Squad/Parts/Electrical/10LSolarPanels/SP-10L.cfg/PART[solarPanelSP10L]
[LOG 15:22:24.803] Applying update Kopernicus/Config/SolarPanels/@PART:HAS[#__kop_star_count]:LAST[KOP_MULTI_STAR] to Squad/Parts/Electrical/1x6ShroudSolarPanels/1x6ShroudSolarPanels.cfg/PART[solarPanels2]
[LOG 15:22:24.803] Applying update Kopernicus/Config/SolarPanels/@PART:HAS[#__kop_star_count]:LAST[KOP_MULTI_STAR] to Squad/Parts/Electrical/1x6SolarPanels/1x6SolarPanels.cfg/PART[solarPanels4]
[LOG 15:22:24.803] Applying update Kopernicus/Config/SolarPanels/@PART:HAS[#__kop_star_count]:LAST[KOP_MULTI_STAR] to Squad/Parts/Electrical/3x2ShroudSolarPanels/3x2ShroudSolarPanels.cfg/PART[solarPanels1]
[LOG 15:22:24.803] Applying update Kopernicus/Config/SolarPanels/@PART:HAS[#__kop_star_count]:LAST[KOP_MULTI_STAR] to Squad/Parts/Electrical/3x2SolarPanels/3x2SolarPanels.cfg/PART[solarPanels3]
[LOG 15:22:24.804] Applying update Kopernicus/Config/SolarPanels/@PART:HAS[#__kop_star_count]:LAST[KOP_MULTI_STAR] to Squad/Parts/Electrical/gigantorXlSolarArray/gigantorXlSolarArray.cfg/PART[largeSolarPanel]
[LOG 15:22:24.804] Applying update Kopernicus/Config/SolarPanels/@PART:HAS[#__kop_star_count]:LAST[KOP_MULTI_STAR] to Squad/Parts/Electrical/radialFlatSolarPanel/radialFlatSolarPanel.cfg/PART[solarPanels5]
[LOG 15:22:24.805] Applying update Kopernicus/Config/SolarPanels/@PART:HAS[#__kop_star_count]:LAST[KOP_MULTI_STAR] to Squad/Parts/Misc/AsteroidDay/LgRadialSolar.cfg/PART[LgRadialSolarPanel]
[LOG 15:22:24.808] Applying update Kopernicus/Config/SolarPanels/@Kopernicus_config:LAST[KOP_MULTI_STAR] to Kopernicus/Config/01_DefaultConfig.cfg/Kopernicus_config
[LOG 15:22:24.809] :LAST[REALSOLARSYSTEM] pass
[LOG 15:22:24.809] :LAST[ZKOPERNICUS] pass
[LOG 15:22:24.809] Applying update Kopernicus/Config/02_ConfigCompat/@Kopernicus_config_backup:LAST[zKopernicus] to Kopernicus/Config/02_ConfigCompat.cfg/Kopernicus_config_backup
[LOG 15:22:24.812] Applying update Kopernicus/Config/02_ConfigCompat/@Kopernicus_config:LAST[zKopernicus] to Kopernicus/Config/01_DefaultConfig.cfg/Kopernicus_config
[LOG 15:22:24.813] Applying update Kopernicus/Config/02_ConfigCompat/@Kopernicus_config:LAST[zKopernicus] to Kopernicus/Config/01_DefaultConfig.cfg/Kopernicus_config
[LOG 15:22:24.813] Applying update Kopernicus/Config/02_ConfigCompat/@Kopernicus_config_backup:LAST[zKopernicus] to Kopernicus/Config/02_ConfigCompat.cfg/Kopernicus_config_backup
[LOG 15:22:24.813] Applying update Kopernicus/Config/Kopernicus_Config/@Kopernicus_config:LAST[zKopernicus] to Kopernicus/Config/01_DefaultConfig.cfg/Kopernicus_config
[LOG 15:22:24.813] :FINAL pass
[LOG 15:22:24.814] Applying update Kopernicus/Config/KSPCF_DisableMapSOPatches/@KSP_COMMUNITY_FIXES:FINAL to KSPCommunityFixes/Settings.cfg/KSP_COMMUNITY_FIXES
[LOG 15:22:24.814] Done patching
[LOG 15:22:24.815] Saving Cache
[LOG 15:22:24.935] Saving cache
[LOG 15:22:25.542] ModuleManager: 217 patches applied

[LOG 15:22:25.542] Ran in 2.475s
[LOG 15:22:25.629] Done!



#### END MODULEMANAGER LOG ####
[LOG 15:22:27.814] [ModuleManager] Running tests...
[LOG 15:22:27.815] [ModuleManager] tests complete.
[LOG 15:22:27.816] [ModuleManager] Reloading resources definitions
[LOG 15:22:27.816] Resource LiquidFuel added to database
[LOG 15:22:27.816] Resource Oxidizer added to database
[LOG 15:22:27.816] Resource SolidFuel added to database
[LOG 15:22:27.816] Resource MonoPropellant added to database
[LOG 15:22:27.816] Resource XenonGas added to database
[LOG 15:22:27.816] Resource ElectricCharge added to database
[LOG 15:22:27.816] Resource IntakeAir added to database
[LOG 15:22:27.816] Resource EVA Propellant added to database
[LOG 15:22:27.817] Resource Ore added to database
[LOG 15:22:27.817] Resource Ablator added to database
[LOG 15:22:27.817] [ModuleManager] Reloading Trait configs
[LOG 15:22:27.817] ExperienceSystemConfig: Added Effect 'DeployedSciencePowerSkill' to Trait 'Ingénieur'
[LOG 15:22:27.817] ExperienceSystemConfig: Added Effect 'DeployedScienceExpSkill' to Trait 'Scientifique'
[LOG 15:22:27.817] [ModuleManager] Reloading Part Upgrades
[LOG 15:22:27.817] [ModuleManager] Setting modded physics as the active one
[LOG 15:22:27.818] PhysicsGlobals: Loading database
[LOG 15:22:27.819] [ModuleManager] Running post patch callbacks
[LOG 15:22:27.832] [KSPCommunityFixes] Patch AutoStrutDrift applied.
[LOG 15:22:27.835] [KSPCommunityFixes] Patch EditorAnimatedPartsShipModified applied.
[LOG 15:22:27.842] [KSPCommunityFixes] Patch DragCubeLoadException applied.
[LOG 15:22:27.847] [KSPCommunityFixes] Patch DoubleCurvePreserveTangents applied.
[LOG 15:22:27.895] [KSPCommunityFixes] Patch DockingPortRotationDriftAndFixes applied.
[LOG 15:22:27.943] [KSPCommunityFixes] Patch DockingPortConserveMomentum applied.
[LOG 15:22:27.949] [KSPCommunityFixes] Patch DebugConsoleDontStealInput applied.
[LOG 15:22:27.953] [KSPCommunityFixes] Patch CorrectDragForFlags applied.
[LOG 15:22:27.954] [KSPCommunityFixes] Patch CometMiningNotRemovingMass applied.
[LOG 15:22:27.960] [KSPCommunityFixes] Patch ChutePhantomSymmetry applied.
[LOG 15:22:27.963] [KSPCommunityFixes] Patch CometSpawnerUniqueFlightId applied.
[LOG 15:22:27.964] [KSPCommunityFixes] Patch AsteroidSpawnerUniqueFlightId applied.
[LOG 15:22:27.965] [KSPCommunityFixes] Patch AsteroidInfiniteMining applied.
[LOG 15:22:27.993] [KSPCommunityFixes] Patch PersistentIConfigNode applied.
[LOG 15:22:27.993] [KSPCommunityFixes] Patch OnSymmetryFieldChanged not applied (not enabled in Settings.cfg)
[LOG 15:22:27.993] [KSPCommunityFixes] Patch ModUpgradePipeline not applied (not enabled in Settings.cfg)
[LOG 15:22:27.994] [KSPCommunityFixes] Patch KSPFieldEnumDesc not applied (not enabled in Settings.cfg)
[LOG 15:22:27.996] [KSPCommunityFixes] Patch EventProfilerMarkers not applied (not enabled in Settings.cfg)
[LOG 15:22:27.996] [KSPCommunityFixes] Patch DockingPortLockedEvents not applied (not enabled in Settings.cfg)
[LOG 15:22:27.998] [KSPCommunityFixes] Patch DepartmentHeadImage applied.
[LOG 15:22:28.010] [KSPCommunityFixes] Patch BaseFieldListUseFieldHost applied.
[LOG 15:22:28.038] [KSPCommunityFixes] Patch ResourceConverterPerf applied.
[LOG 15:22:28.047] [KSPCommunityFixes] Patch ProgressTrackingSpeedBoost applied.
[LOG 15:22:28.050] [KSPCommunityFixes] Patch PQSUpdateNoMemoryAlloc applied.
[LOG 15:22:28.050] [KSPCommunityFixes] Patch PQSOnlyStartOnce not applied (not enabled in Settings.cfg)
[LOG 15:22:28.061] [KSPCommunityFixes] Patch PQSCoroutineLeak applied.
[LOG 15:22:28.109] [KSPCommunityFixes] Patch PartSystemsFastUpdate applied.
[LOG 15:22:28.131] [KSPCommunityFixes] Patch PartParsingPerf applied.
[LOG 15:22:28.135] [KSPCommunityFixes] Patch EnginePlateAirstreamShieldedTopPart applied.
[LOG 15:22:28.143] [KSPCommunityFixes] Patch EVAConstructionMass applied.
[LOG 15:22:28.150] [KSPCommunityFixes] Patch EVAConstructionUninitializedInventory applied.
[LOG 15:22:28.156] [KSPCommunityFixes] Patch EVAKerbalRecovery applied.
[LOG 15:22:28.162] [KSPCommunityFixes] Patch TimeWarpOrbitShift applied.
[LOG 15:22:28.163] [KSPCommunityFixes] Patch TimeWarpBodyCollision applied.
[LOG 15:22:28.177] [KSPCommunityFixes] Patch ThumbnailSpotlight applied.
[LOG 15:22:28.182] [KSPCommunityFixes] Patch SymmetryReferenceOnDelete applied.
[LOG 15:22:28.182] [KSPCommunityFixes] Patch StrategyDuration not applied (not enabled in Settings.cfg)
[LOG 15:22:28.186] [KSPCommunityFixes] Patch StockAlarmDescPreserveLineBreak applied.
[LOG 15:22:28.216] [KSPCommunityFixes] Patch StickySplashedFixer applied.
[LOG 15:22:28.216] [KSPCommunityFixes] Patch ScatterDistribution not applied (not enabled in Settings.cfg)
[LOG 15:22:28.247] [KSPCommunityFixes] Patch RoboticsDrift applied.
[LOG 15:22:28.250] [KSPCommunityFixes] Patch RestoreMaxPhysicsDT applied.
[LOG 15:22:28.269] [KSPCommunityFixes] Patch RespawnDeadKerbals applied.
[LOG 15:22:28.273] [KSPCommunityFixes] Patch RescaledRoboticParts applied.
[LOG 15:22:28.276] [KSPCommunityFixes] Patch ReRootPreserveSurfaceAttach applied.
[LOG 15:22:28.300] [KSPCommunityFixes] Patch OptimizedModuleRaycasts applied.
[LOG 15:22:28.310] GetSubclassesOfParentClass: Found 1 types with ModuleInventoryPart parent in 17 assemblies.
[LOG 15:22:28.315] [KSPCommunityFixes] Patch RefundingOnRecovery applied.
[LOG 15:22:28.315] [KSPCommunityFixes] Patch PatchedConicEncounterFlickering applied.
[LOG 15:22:28.327] [KSPCommunityFixes] Patch PartListTooltipIconSpin applied.
[LOG 15:22:28.331] [KSPCommunityFixes] Patch PackedPartsRotation applied.
[LOG 15:22:28.345] [KSPCommunityFixes] Patch ModulePartVariantsNodePersistence applied.
[LOG 15:22:28.348] [KSPCommunityFixes] Patch ModuleAnimateGenericCrewModSpawnIVA applied.
[LOG 15:22:28.350] [KSPCommunityFixes] Patch ModuleActiveRadiatorNoParentException applied.
[LOG 15:22:28.353] [KSPCommunityFixes] Patch MapTargetBodyWithEncounter applied.
[LOG 15:22:28.356] [KSPCommunityFixes] Patch LostSoundAfterSceneSwitch applied.
[LOG 15:22:28.364] [KSPCommunityFixes] Patch LadderToggleableLight applied.
[LOG 15:22:28.383] [KSPCommunityFixes] Patch InventoryPartMass applied.
[LOG 15:22:28.392] [KSPCommunityFixes] Patch HarvesterECConsumption applied.
[LOG 15:22:28.393] [KSPCommunityFixes] Patch FixGetUnivseralTime applied.
[LOG 15:22:28.418] [KSPCommunityFixes] Patch ExtendedDeployableParts applied.
[LOG 15:22:28.420] [KSPCommunityFixes] Patch PropellantFlowDescription applied.
[LOG 15:22:28.446] [KSPCommunityFixes] Patch OptimisedVectorLines applied.
[LOG 15:22:28.454] [KSPCommunityFixes] Patch ModuleDockingNodeFindOtherNodesFaster applied.
[LOG 15:22:28.459] [KSPCommunityFixes] Patch ModuleColorChangerOptimization applied.
[LOG 15:22:28.465] [KSPCommunityFixes] Patch AutoSavedCraftNameAtLaunch applied.
[LOG 15:22:28.491] [KSPCommunityFixes] Patch PAWCollapsedInventories applied.
[LOG 15:22:28.495] [KSPCommunityFixes] Patch UIFloatEditNumericInput applied.
[LOG 15:22:28.523] [KSPCommunityFixes] Patch PAWStockGroups applied.
[LOG 15:22:28.534] [KSPCommunityFixes] Patch AltimeterHorizontalPosition applied.
[LOG 15:22:28.543] [KSPCommunityFixes] Patch SceneLoadSpeedBoost applied.
[LOG 15:22:28.588] [KSPCommunityFixes] Patch OnDemandPartBuoyancy applied.
[LOG 15:22:28.589] [KSPCommunityFixes] Patch ForceSyncSceneSwitch applied.
[LOG 15:22:28.589] [KSPCommunityFixes] Patch FewerSaves not applied (not enabled in Settings.cfg)
[LOG 15:22:28.590] [KSPCommunityFixes] Patch WheelInertiaLimit applied.
[LOG 15:22:28.590] [KSPCommunityFixes] Patch StockAlarmCustomFormatterDate isn't applicable to this KSP version.
[LOG 15:22:28.591] [KSPCommunityFixes] Patch ROCValidationOOR not applied (not enabled in Settings.cfg)
[LOG 15:22:28.594] [KSPCommunityFixes] Patch ZeroCostTechNodes applied.
[LOG 15:22:28.596] [KSPCommunityFixes] Patch ReactionWheelsPotentialTorque applied.
[LOG 15:22:28.601] [KSPCommunityFixes] Patch PAWGroupMemory applied.
[LOG 15:22:28.646] [KSPCommunityFixes] Patch PartStartStability applied.
[LOG 15:22:28.654] [KSPCommunityFixes] Patch PartBoundsIgnoreDisabledTransforms applied.
[LOG 15:22:28.722] [KSPCommunityFixes] Patch ModuleIndexingMismatch applied.
[LOG 15:22:28.723] [KSPCommunityFixes] Patch MapSOCorrectWrapping not applied (not enabled in Settings.cfg)
[LOG 15:22:28.723] [KSPCommunityFixes] Patch KerbalTooltipMaxSustainedG applied.
[LOG 15:22:28.727] [KSPCommunityFixes] Patch KerbalInventoryPersistence applied.
[LOG 15:22:28.727] [KSPCommunityFixes] Patch FlightSceneLoadKraken not applied (not enabled in Settings.cfg)
[LOG 15:22:28.730] [KSPCommunityFixes] Patch FIUpdateRadiation applied.
[LOG 15:22:28.732] [KSPCommunityFixes] Patch FastAndFixedEnumExtensions applied.
[LOG 15:22:28.777] [KSPCommunityFixes] Patch DeltaVHideWhenDisabled applied.
[LOG 15:22:28.783] [KSPCommunityFixes] Patch BlockMapViewPartClick applied.
[LOG 15:22:28.787] [KSPCommunityFixes] Patch PAWItemsOrder applied.
[LOG 15:22:28.849] [KSPCommunityFixes] Patch BetterEditorUndoRedo applied.
[LOG 15:22:28.862] [KSPCommunityFixes] Patch AutostrutActions applied.
[LOG 15:22:28.862] [KSPCommunityFixes] Patch DisableNewGameIntro not applied (not enabled in Settings.cfg)
[LOG 15:22:28.899] [KSPCommunityFixes] Patch MinorPerfTweaks applied.
[LOG 15:22:28.991] [KSPCommunityFixes] Patch MemoryLeaks applied.
[LOG 15:22:29.001] [KSPCommunityFixes] Patch LowerMinPhysicsDTPerFrame applied.
[LOG 15:22:29.009] [KSPCommunityFixes] Patch LocalizerPerf applied.
[LOG 15:22:29.013] [KSPCommunityFixes] Patch IMGUIOptimization applied.
[LOG 15:22:29.041] [KSPCommunityFixes] Patch FloatingOriginPerf applied.
[LOG 15:22:29.108] [KSPCommunityFixes] Patch FlightIntegratorPerf applied.
[LOG 15:22:29.114] [KSPCommunityFixes] Patch FasterPartFindTransform applied.
[LOG 15:22:29.129] [KSPCommunityFixes] Patch FasterEditorPartList applied.
[LOG 15:22:29.131] [KSPCommunityFixes] Patch ExpansionBundlePreload applied.
[LOG 15:22:29.144] [KSPCommunityFixes] Patch DragCubeGeneration applied.
[LOG 15:22:29.149] [KSPCommunityFixes] Patch DisableMapUpdateInFlight applied.
[LOG 15:22:29.150] [KSPCommunityFixes] Patch DisableHiddenPortraits applied.
[LOG 15:22:29.152] [KSPCommunityFixes] Patch DisableManeuverTool applied.
[LOG 15:22:29.176] [KSPCommunityFixes] Patch CraftBrowserOptimisations applied.
[LOG 15:22:29.178] [KSPCommunityFixes] Patch CommNetThrottling applied.
[LOG 15:22:29.184] [KSPCommunityFixes] Patch FairingMouseOverPersistence applied.
[LOG 15:22:29.203] [KSPCommunityFixes] Patch OptionalMakingHistoryDLCFeatures applied.
[LOG 15:22:29.207] [KSPCommunityFixes] Patch ResourceLockActions applied.
[LOG 15:22:29.216] [KSPCommunityFixes] Patch ShowContractFinishDates applied.
[LOG 15:22:29.226] [KSPCommunityFixes] Patch TargetParentBody applied.
[LOG 15:22:29.247] [KSPCommunityFixes] Patch ToolbarShowHide applied.
[LOG 15:22:29.250] [KSPCommunityFixes] Patch ContractProgressEnumCache applied.
[LOG 15:22:29.261] [KSPCommunityFixes] Patch ActiveRadiatorPerf applied.
[LOG 15:22:29.266] [KSPCommunityFixes] Patch CargoBayPerf applied.
[LOG 15:22:29.276] [KSPCommunityFixes] Patch CollisionEnhancerFastUpdate applied.
[LOG 15:22:29.281] [KSPCommunityFixes] Patch CollisionManagerFastUpdate applied.
[LOG 15:22:29.286] [KSPCommunityFixes] Patch AsteroidAndCometDrillCache applied.
[LOG 15:22:29.300] [KSPCommunityFixes] Patch TweakableWheelsAutostrut applied.
[LOG 15:22:29.347] [KSPCommunityFixes] Patch PatchSettings applied.
[LOG 15:22:29.407] [KSPCommunityFixes] Patch UpgradeBugs applied.
[LOG 15:22:29.408] [KSPCommunityFixes] Patch PartTooltipUpgradesApplyToSubstituteParts not applied (not enabled in Settings.cfg)
[LOG 15:22:29.489] [ModuleManager] Calling KSPTextureLoader.Config.ModuleManagerPostLoad()
[LOG 15:22:29.493] [ModuleManager] Calling Kopernicus.ConfigLoader.ModuleManagerPostLoad()
[LOG 15:22:29.498] [Kopernicus Configurations] Using: 
[LOG 15:22:29.498] HomeWorldName: Kerbin
[LOG 15:22:29.498] EnforceShaders: False
[LOG 15:22:29.498] WarnShaders: False
[LOG 15:22:29.498] EnforcedShaderLevel: 2
[LOG 15:22:29.498] UseKopernicusAsteroidSystem: True
[LOG 15:22:29.498] SolarRefreshRate: 1
[LOG 15:22:29.498] EnableKopernicusShadowManager: True
[LOG 15:22:29.498] ShadowRangeCap: 50000
[LOG 15:22:29.498] DisableMainMenuMunScene: True
[LOG 15:22:29.498] KSCLightsAlwaysOn: False
[LOG 15:22:29.498] UseOriginalKS2: False
[LOG 15:22:29.498] HandleHomeworldAtmosphericUnitDisplay: True
[LOG 15:22:29.498] UseIncorrectScatterDensityLogic: False
[LOG 15:22:29.498] DisableFarAwayColliders: True
[LOG 15:22:29.498] EnableAtmosphericExtinction: False
[LOG 15:22:29.498] UseStockMohoTemplate: True
[LOG 15:22:29.498] UseOnDemandLoader: True
[LOG 15:22:29.498] UseRealWorldDensity: False
[LOG 15:22:29.498] ApplyDensityMultToMinorObjects: 1
[LOG 15:22:29.498] RecomputeSOIAndHillSpheres: False
[LOG 15:22:29.499] PrincipiaFriendlySOIComputation: False
[LOG 15:22:29.499] LimitRWDensityToStockBodies: True
[LOG 15:22:29.499] UseOlderRWScalingLogic: False
[LOG 15:22:29.499] RescaleFactor: 1
[LOG 15:22:29.499] RealWorldSizeFactor: 10.625
[LOG 15:22:29.499] SettingsWindowXcoord: 0
[LOG 15:22:29.499] SettingsWindowYcoord: 0
[LOG 15:22:29.502] [ModuleManager] Calling ConfigNodePerf.ModuleManagerPostLoad()
[LOG 15:22:29.504] [ModuleManager] Post patch ran in 1.703s
[LOG 15:22:29.531] PartLoader: Creating part database
[LOG 15:22:29.532] PartLoader: Compiling Part 'Squad/Parts/Aero/aerodynamicNoseCone/aerodynamicNoseCone/noseCone'
[LOG 15:22:29.559] EffectList: Created 15 effect types
[LOG 15:22:29.661] PartLoader: Part 'Squad/Parts/Aero/aerodynamicNoseCone/aerodynamicNoseCone/noseCone' has no database record. Creating.
[LOG 15:22:29.661] [DragCubeSystem]: Drag cubes not found or cannot be read for part Part. Generating New drag cubes.
[LOG 15:22:29.662] [KSPCF/DragCubeGeneration] Creating drag cubes for part 'noseCone'
[LOG 15:22:29.710] PartLoader: Compiling Part 'Squad/Parts/Aero/airbrake/Airbrake/airbrake1'
[LOG 15:22:29.740] PartLoader: Part 'Squad/Parts/Aero/airbrake/Airbrake/airbrake1' has no database record. Creating.
[LOG 15:22:29.740] [DragCubeSystem]: Drag cubes not found or cannot be read for part Part. Generating New drag cubes.
[LOG 15:22:29.740] [KSPCF/DragCubeGeneration] Creating drag cubes for part 'airbrake1'
[LOG 15:22:29.778] PartLoader: Compiling Part 'Squad/Parts/Aero/airIntakeRadialXM-G50/airIntakeRadialXM-G50/airScoop'
[LOG 15:22:29.793] PartLoader: Part 'Squad/Parts/Aero/airIntakeRadialXM-G50/airIntakeRadialXM-G50/airScoop' has no database record. Creating.
[LOG 15:22:29.793] [DragCubeSystem]: Drag cubes not found or cannot be read for part Part. Generating New drag cubes.
[LOG 15:22:29.793] [KSPCF/DragCubeGeneration] Creating drag cubes for part 'airScoop'
[LOG 15:22:29.804] PartLoader: Compiling Part 'Squad/Parts/Aero/airlinerWings/ControlSurface/airlinerCtrlSrf'
[LOG 15:22:29.841] PartLoader: Part 'Squad/Parts/Aero/airlinerWings/ControlSurface/airlinerCtrlSrf' has no database record. Creating.
[LOG 15:22:29.841] [DragCubeSystem]: Drag cubes not found or cannot be read for part Part. Generating New drag cubes.
[LOG 15:22:29.841] [KSPCF/DragCubeGeneration] Creating drag cubes for part 'airlinerCtrlSrf'
[LOG 15:22:29.874] PartLoader: Compiling Part 'Squad/Parts/Aero/airlinerWings/MainWing/airlinerMainWing'
[LOG 15:22:29.884] PartLoader: Part 'Squad/Parts/Aero/airlinerWings/MainWing/airlinerMainWing' has no database record. Creating.
[LOG 15:22:29.884] [DragCubeSystem]: Drag cubes not found or cannot be read for part Part. Generating New drag cubes.
[LOG 15:22:29.884] [KSPCF/DragCubeGeneration] Creating drag cubes for part 'airlinerMainWing'
[LOG 15:22:29.889] PartLoader: Compiling Part 'Squad/Parts/Aero/airlinerWings/TailFin/airlinerTailFin'
[LOG 15:22:29.906] PartLoader: Part 'Squad/Parts/Aero/airlinerWings/TailFin/airlinerTailFin' has no database record. Creating.
[LOG 15:22:29.906] [DragCubeSystem]: Drag cubes not found or cannot be read for part Part. Generating New drag cubes.
[LOG 15:22:29.906] [KSPCF/DragCubeGeneration] Creating drag cubes for part 'airlinerTailFin'
[LOG 15:22:29.933] PartLoader: Compiling Part 'Squad/Parts/Aero/airplaneFins/advancedCanard/AdvancedCanard'
[LOG 15:22:29.939] PartLoader: Part 'Squad/Parts/Aero/airplaneFins/advancedCanard/AdvancedCanard' has no database record. Creating.
[LOG 15:22:29.940] [DragCubeSystem]: Drag cubes not found or cannot be read for part Part. Generating New drag cubes.
[LOG 15:22:29.940] [KSPCF/DragCubeGeneration] Creating drag cubes for part 'AdvancedCanard'
[LOG 15:22:29.966] PartLoader: Compiling Part 'Squad/Parts/Aero/airplaneFins/standardCanard/CanardController'
[LOG 15:22:29.973] PartLoader: Part 'Squad/Parts/Aero/airplaneFins/standardCanard/CanardController' has no database record. Creating.
[LOG 15:22:29.973] [DragCubeSystem]: Drag cubes not found or cannot be read for part Part. Generating New drag cubes.
[LOG 15:22:29.973] [KSPCF/DragCubeGeneration] Creating drag cubes for part 'CanardController'
[LOG 15:22:30.001] PartLoader: Compiling Part 'Squad/Parts/Aero/airplaneFins/sweptWing/sweptWing'
[LOG 15:22:30.005] PartLoader: Part 'Squad/Parts/Aero/airplaneFins/sweptWing/sweptWing' has no database record. Creating.
[LOG 15:22:30.005] [DragCubeSystem]: Drag cubes not found or cannot be read for part Part. Generating New drag cubes.
[LOG 15:22:30.006] [KSPCF/DragCubeGeneration] Creating drag cubes for part 'sweptWing'
[LOG 15:22:30.010] PartLoader: Compiling Part 'Squad/Parts/Aero/airplaneFins/tailfin/tailfin'
[LOG 15:22:30.016] PartLoader: Part 'Squad/Parts/Aero/airplaneFins/tailfin/tailfin' has no database record. Creating.
[LOG 15:22:30.016] [DragCubeSystem]: Drag cubes not found or cannot be read for part Part. Generating New drag cubes.
[LOG 15:22:30.016] [KSPCF/DragCubeGeneration] Creating drag cubes for part 'tailfin'
[LOG 15:22:30.032] PartLoader: Compiling Part 'Squad/Parts/Aero/basicFin/basicFin/basicFin'
[LOG 15:22:30.036] PartLoader: Part 'Squad/Parts/Aero/basicFin/basicFin/basicFin' has no database record. Creating.
[LOG 15:22:30.036] [DragCubeSystem]: Drag cubes not found or cannot be read for part Part. Generating New drag cubes.
[LOG 15:22:30.036] [KSPCF/DragCubeGeneration] Creating drag cubes for part 'basicFin'
[LOG 15:22:30.041] PartLoader: Compiling Part 'Squad/Parts/Aero/circularIntake/circularIntake/CircularIntake'
[LOG 15:22:30.049] PartLoader: Part 'Squad/Parts/Aero/circularIntake/circularIntake/CircularIntake' has no database record. Creating.
[LOG 15:22:30.050] PartLoader: Compiling Part 'Squad/Parts/Aero/circularIntake/intakeShockCone/shockConeIntake'
[LOG 15:22:30.053] PartLoader: Part 'Squad/Parts/Aero/circularIntake/intakeShockCone/shockConeIntake' has no database record. Creating.
[LOG 15:22:30.053] PartLoader: Compiling Part 'Squad/Parts/Aero/cones/avionicsNoseCone/avionicsNoseCone'
[LOG 15:22:30.073] PartLoader: Part 'Squad/Parts/Aero/cones/avionicsNoseCone/avionicsNoseCone' has no database record. Creating.
[LOG 15:22:30.073] [DragCubeSystem]: Drag cubes not found or cannot be read for part Part. Generating New drag cubes.
[LOG 15:22:30.073] [KSPCF/DragCubeGeneration] Creating drag cubes for part 'avionicsNoseCone'
[LOG 15:22:30.081] PartLoader: Compiling Part 'Squad/Parts/Aero/cones/ConeA/pointyNoseConeA'
[LOG 15:22:30.085] PartLoader: Part 'Squad/Parts/Aero/cones/ConeA/pointyNoseConeA' has no database record. Creating.
[LOG 15:22:30.085] [DragCubeSystem]: Drag cubes not found or cannot be read for part Part. Generating New drag cubes.
[LOG 15:22:30.085] [KSPCF/DragCubeGeneration] Creating drag cubes for part 'pointyNoseConeA'
[LOG 15:22:30.090] PartLoader: Compiling Part 'Squad/Parts/Aero/cones/ConeB/pointyNoseConeB'
[LOG 15:22:30.094] PartLoader: Part 'Squad/Parts/Aero/cones/ConeB/pointyNoseConeB' has no database record. Creating.
[LOG 15:22:30.094] [DragCubeSystem]: Drag cubes not found or cannot be read for part Part. Generating New drag cubes.
[LOG 15:22:30.094] [KSPCF/DragCubeGeneration] Creating drag cubes for part 'pointyNoseConeB'
[LOG 15:22:30.099] PartLoader: Compiling Part 'Squad/Parts/Aero/cones/noseConeAdapter/noseConeAdapter'
[LOG 15:22:30.103] PartLoader: Part 'Squad/Parts/Aero/cones/noseConeAdapter/noseConeAdapter' has no database record. Creating.
[LOG 15:22:30.103] [DragCubeSystem]: Drag cubes not found or cannot be read for part Part. Generating New drag cubes.
[LOG 15:22:30.103] [KSPCF/DragCubeGeneration] Creating drag cubes for part 'noseConeAdapter'
[LOG 15:22:30.109] PartLoader: Compiling Part 'Squad/Parts/Aero/cones/protectiveRocketNoseMk7_v2/rocketNoseCone_v2'
[LOG 15:22:30.112] PartLoader: Part 'Squad/Parts/Aero/cones/protectiveRocketNoseMk7_v2/rocketNoseCone_v2' has no database record. Creating.
[LOG 15:22:30.112] [DragCubeSystem]: Drag cubes not found or cannot be read for part Part. Generating New drag cubes.
[LOG 15:22:30.112] [KSPCF/DragCubeGeneration] Creating drag cubes for part 'rocketNoseCone.v2'
[LOG 15:22:30.118] PartLoader: Compiling Part 'Squad/Parts/Aero/cones/protectiveRocketNoseMk7_v3/rocketNoseCone_v3'
[LOG 15:22:30.122] PartLoader: Part 'Squad/Parts/Aero/cones/protectiveRocketNoseMk7_v3/rocketNoseCone_v3' has no database record. Creating.
[LOG 15:22:30.122] [DragCubeSystem]: Drag cubes not found or cannot be read for part Part. Generating New drag cubes.
[LOG 15:22:30.122] [KSPCF/DragCubeGeneration] Creating drag cubes for part 'rocketNoseCone.v3'
[LOG 15:22:30.127] PartLoader: Compiling Part 'Squad/Parts/Aero/cones/rocketNoseCone_size3/rocketNoseConeSize3'
[LOG 15:22:30.132] PartLoader: Part 'Squad/Parts/Aero/cones/rocketNoseCone_size3/rocketNoseConeSize3' has no database record. Creating.
[LOG 15:22:30.132] [DragCubeSystem]: Drag cubes not found or cannot be read for part Part. Generating New drag cubes.
[LOG 15:22:30.132] [KSPCF/DragCubeGeneration] Creating drag cubes for part 'rocketNoseConeSize3'
[LOG 15:22:30.136] PartLoader: Compiling Part 'Squad/Parts/Aero/cones/smallNoseCone/standardNoseCone'
[LOG 15:22:30.141] PartLoader: Part 'Squad/Parts/Aero/cones/smallNoseCone/standardNoseCone' has no database record. Creating.
[LOG 15:22:30.141] [DragCubeSystem]: Drag cubes not found or cannot be read for part Part. Generating New drag cubes.
[LOG 15:22:30.141] [KSPCF/DragCubeGeneration] Creating drag cubes for part 'standardNoseCone'
[LOG 15:22:30.146] PartLoader: Compiling Part 'Squad/Parts/Aero/cones/tailConnectorA/airplaneTail'
[LOG 15:22:30.151] PartLoader: Part 'Squad/Parts/Aero/cones/tailConnectorA/airplaneTail' has no database record. Creating.
[LOG 15:22:30.151] [DragCubeSystem]: Drag cubes not found or cannot be read for part Part. Generating New drag cubes.
[LOG 15:22:30.151] [KSPCF/DragCubeGeneration] Creating drag cubes for part 'airplaneTail'
[LOG 15:22:30.155] PartLoader: Compiling Part 'Squad/Parts/Aero/cones/tailConnectorB/airplaneTailB'
[LOG 15:22:30.158] PartLoader: Part 'Squad/Parts/Aero/cones/tailConnectorB/airplaneTailB' has no database record. Creating.
[LOG 15:22:30.158] [DragCubeSystem]: Drag cubes not found or cannot be read for part Part. Generating New drag cubes.
[LOG 15:22:30.158] [KSPCF/DragCubeGeneration] Creating drag cubes for part 'airplaneTailB'
[LOG 15:22:30.162] PartLoader: Compiling Part 'Squad/Parts/Aero/fairings/fairingSize1/fairingSize1'
[LOG 15:22:30.197] PartLoader: Part 'Squad/Parts/Aero/fairings/fairingSize1/fairingSize1' has no database record. Creating.
[LOG 15:22:30.197] [DragCubeSystem]: Drag cubes not found or cannot be read for part Part. Generating New drag cubes.
[LOG 15:22:30.197] [KSPCF/DragCubeGeneration] Creating drag cubes for part 'fairingSize1'
[LOG 15:22:30.202] PartLoader: Compiling Part 'Squad/Parts/Aero/fairings/fairingSize2/fairingSize2'
[LOG 15:22:30.219] PartLoader: Part 'Squad/Parts/Aero/fairings/fairingSize2/fairingSize2' has no database record. Creating.
[LOG 15:22:30.219] [DragCubeSystem]: Drag cubes not found or cannot be read for part Part. Generating New drag cubes.
[LOG 15:22:30.219] [KSPCF/DragCubeGeneration] Creating drag cubes for part 'fairingSize2'
[LOG 15:22:30.224] PartLoader: Compiling Part 'Squad/Parts/Aero/fairings/fairingSize3/fairingSize3'
[LOG 15:22:30.235] PartLoader: Part 'Squad/Parts/Aero/fairings/fairingSize3/fairingSize3' has no database record. Creating.
[LOG 15:22:30.235] [DragCubeSystem]: Drag cubes not found or cannot be read for part Part. Generating New drag cubes.
[LOG 15:22:30.236] [KSPCF/DragCubeGeneration] Creating drag cubes for part 'fairingSize3'
[LOG 15:22:30.241] PartLoader: Compiling Part 'Squad/Parts/Aero/HeatShield/HeatShield0/HeatShield0'
[LOG 15:22:30.264] PartLoader: Part 'Squad/Parts/Aero/HeatShield/HeatShield0/HeatShield0' has no database record. Creating.
[LOG 15:22:30.264] [DragCubeSystem]: Drag cubes not found or cannot be read for part Part. Generating New drag cubes.
[LOG 15:22:30.264] [KSPCF/DragCubeGeneration] Creating drag cubes for part 'HeatShield0'
[LOG 15:22:30.272] PartLoader: Compiling Part 'Squad/Parts/Aero/HeatShield/HeatShield1/HeatShield1'
[LOG 15:22:30.282] PartLoader: Part 'Squad/Parts/Aero/HeatShield/HeatShield1/HeatShield1' has no database record. Creating.
[LOG 15:22:30.282] [DragCubeSystem]: Drag cubes not found or cannot be read for part Part. Generating New drag cubes.
[LOG 15:22:30.282] [KSPCF/DragCubeGeneration] Creating drag cubes for part 'HeatShield1'
[LOG 15:22:30.296] PartLoader: Compiling Part 'Squad/Parts/Aero/HeatShield/HeatShield2/HeatShield2'
[LOG 15:22:30.305] PartLoader: Part 'Squad/Parts/Aero/HeatShield/HeatShield2/HeatShield2' has no database record. Creating.
[LOG 15:22:30.305] [DragCubeSystem]: Drag cubes not found or cannot be read for part Part. Generating New drag cubes.
[LOG 15:22:30.305] [KSPCF/DragCubeGeneration] Creating drag cubes for part 'HeatShield2'
[LOG 15:22:30.319] PartLoader: Compiling Part 'Squad/Parts/Aero/HeatShield/HeatShield3/HeatShield3'
[LOG 15:22:30.327] PartLoader: Part 'Squad/Parts/Aero/HeatShield/HeatShield3/HeatShield3' has no database record. Creating.
[LOG 15:22:30.327] [DragCubeSystem]: Drag cubes not found or cannot be read for part Part. Generating New drag cubes.
[LOG 15:22:30.327] [KSPCF/DragCubeGeneration] Creating drag cubes for part 'HeatShield3'
[LOG 15:22:30.341] PartLoader: Compiling Part 'Squad/Parts/Aero/InflatableHeatShield/HeatShield/InflatableHeatShield'
[LOG 15:22:30.354] PartLoader: Part 'Squad/Parts/Aero/InflatableHeatShield/HeatShield/InflatableHeatShield' has no database record. Creating.
[LOG 15:22:30.354] [DragCubeSystem]: Drag cubes not found or cannot be read for part Part. Generating New drag cubes.
[LOG 15:22:30.355] [KSPCF/DragCubeGeneration] Creating drag cubes for part 'InflatableHeatShield'
[LOG 15:22:30.370] PartLoader: Compiling Part 'Squad/Parts/Aero/intakeRadialLong/intakeRadialLong/IntakeRadialLong'
[LOG 15:22:30.374] PartLoader: Part 'Squad/Parts/Aero/intakeRadialLong/intakeRadialLong/IntakeRadialLong' has no database record. Creating.
[LOG 15:22:30.374] [DragCubeSystem]: Drag cubes not found or cannot be read for part Part. Generating New drag cubes.
[LOG 15:22:30.374] [KSPCF/DragCubeGeneration] Creating drag cubes for part 'IntakeRadialLong'
[LOG 15:22:30.379] PartLoader: Compiling Part 'Squad/Parts/Aero/miniIntake/SmallIntake/miniIntake'
[LOG 15:22:30.383] PartLoader: Part 'Squad/Parts/Aero/miniIntake/SmallIntake/miniIntake' has no database record. Creating.
[LOG 15:22:30.384] PartLoader: Compiling Part 'Squad/Parts/Aero/ramAirIntake/ramAirIntake/ramAirIntake'
[LOG 15:22:30.387] PartLoader: Part 'Squad/Parts/Aero/ramAirIntake/ramAirIntake/ramAirIntake' has no database record. Creating.
[LOG 15:22:30.388] PartLoader: Compiling Part 'Squad/Parts/Aero/shuttleWings/delta/wingShuttleDelta'
[LOG 15:22:30.390] PartLoader: Part 'Squad/Parts/Aero/shuttleWings/delta/wingShuttleDelta' has no database record. Creating.
[LOG 15:22:30.390] [DragCubeSystem]: Drag cubes not found or cannot be read for part Part. Generating New drag cubes.
[LOG 15:22:30.390] [KSPCF/DragCubeGeneration] Creating drag cubes for part 'wingShuttleDelta'
[LOG 15:22:30.395] PartLoader: Compiling Part 'Squad/Parts/Aero/shuttleWings/elevon1/wingShuttleElevon1'
[LOG 15:22:30.401] PartLoader: Part 'Squad/Parts/Aero/shuttleWings/elevon1/wingShuttleElevon1' has no database record. Creating.
[LOG 15:22:30.401] [DragCubeSystem]: Drag cubes not found or cannot be read for part Part. Generating New drag cubes.
[LOG 15:22:30.402] [KSPCF/DragCubeGeneration] Creating drag cubes for part 'wingShuttleElevon1'
[LOG 15:22:30.417] PartLoader: Compiling Part 'Squad/Parts/Aero/shuttleWings/elevon2/wingShuttleElevon2'
[LOG 15:22:30.423] PartLoader: Part 'Squad/Parts/Aero/shuttleWings/elevon2/wingShuttleElevon2' has no database record. Creating.
[LOG 15:22:30.423] [DragCubeSystem]: Drag cubes not found or cannot be read for part Part. Generating New drag cubes.
[LOG 15:22:30.423] [KSPCF/DragCubeGeneration] Creating drag cubes for part 'wingShuttleElevon2'
[LOG 15:22:30.440] PartLoader: Compiling Part 'Squad/Parts/Aero/shuttleWings/rudder/wingShuttleRudder'
[LOG 15:22:30.445] PartLoader: Part 'Squad/Parts/Aero/shuttleWings/rudder/wingShuttleRudder' has no database record. Creating.
[LOG 15:22:30.445] [DragCubeSystem]: Drag cubes not found or cannot be read for part Part. Generating New drag cubes.
[LOG 15:22:30.445] [KSPCF/DragCubeGeneration] Creating drag cubes for part 'wingShuttleRudder'
[LOG 15:22:30.460] PartLoader: Compiling Part 'Squad/Parts/Aero/shuttleWings/strake/wingShuttleStrake'
[LOG 15:22:30.463] PartLoader: Part 'Squad/Parts/Aero/shuttleWings/strake/wingShuttleStrake' has no database record. Creating.
[LOG 15:22:30.463] [DragCubeSystem]: Drag cubes not found or cannot be read for part Part. Generating New drag cubes.
[LOG 15:22:30.463] [KSPCF/DragCubeGeneration] Creating drag cubes for part 'wingShuttleStrake'
[LOG 15:22:30.468] PartLoader: Compiling Part 'Squad/Parts/Aero/wingletAV-R8/wingletAV-R8/R8winglet'
[LOG 15:22:30.474] PartLoader: Part 'Squad/Parts/Aero/wingletAV-R8/wingletAV-R8/R8winglet' has no database record. Creating.
[LOG 15:22:30.474] [DragCubeSystem]: Drag cubes not found or cannot be read for part Part. Generating New drag cubes.
[LOG 15:22:30.475] [KSPCF/DragCubeGeneration] Creating drag cubes for part 'R8winglet'
[LOG 15:22:30.491] PartLoader: Compiling Part 'Squad/Parts/Aero/wingletAV-T1/wingletAV-T1/winglet'
[LOG 15:22:30.495] PartLoader: Part 'Squad/Parts/Aero/wingletAV-T1/wingletAV-T1/winglet' has no database record. Creating.
[LOG 15:22:30.495] [DragCubeSystem]: Drag cubes not found or cannot be read for part Part. Generating New drag cubes.
[LOG 15:22:30.495] [KSPCF/DragCubeGeneration] Creating drag cubes for part 'winglet'
[LOG 15:22:30.499] PartLoader: Compiling Part 'Squad/Parts/Aero/wingletDeltaDeluxe/wingletDeltaDeluxe/winglet3'
[LOG 15:22:30.505] PartLoader: Part 'Squad/Parts/Aero/wingletDeltaDeluxe/wingletDeltaDeluxe/winglet3' has no database record. Creating.
[LOG 15:22:30.505] [DragCubeSystem]: Drag cubes not found or cannot be read for part Part. Generating New drag cubes.
[LOG 15:22:30.505] [KSPCF/DragCubeGeneration] Creating drag cubes for part 'winglet3'
[LOG 15:22:30.521] PartLoader: Compiling Part 'Squad/Parts/Aero/wings/connector1/wingConnector'
[LOG 15:22:30.525] PartLoader: Part 'Squad/Parts/Aero/wings/connector1/wingConnector' has no database record. Creating.
[LOG 15:22:30.525] [DragCubeSystem]: Drag cubes not found or cannot be read for part Part. Generating New drag cubes.
[LOG 15:22:30.525] [KSPCF/DragCubeGeneration] Creating drag cubes for part 'wingConnector'
[LOG 15:22:30.529] PartLoader: Compiling Part 'Squad/Parts/Aero/wings/connector2/wingConnector2'
[LOG 15:22:30.532] PartLoader: Part 'Squad/Parts/Aero/wings/connector2/wingConnector2' has no database record. Creating.
[LOG 15:22:30.532] [DragCubeSystem]: Drag cubes not found or cannot be read for part Part. Generating New drag cubes.
[LOG 15:22:30.532] [KSPCF/DragCubeGeneration] Creating drag cubes for part 'wingConnector2'
[LOG 15:22:30.536] PartLoader: Compiling Part 'Squad/Parts/Aero/wings/connector3/wingConnector3'
[LOG 15:22:30.540] PartLoader: Part 'Squad/Parts/Aero/wings/connector3/wingConnector3' has no database record. Creating.
[LOG 15:22:30.540] [DragCubeSystem]: Drag cubes not found or cannot be read for part Part. Generating New drag cubes.
[LOG 15:22:30.540] [KSPCF/DragCubeGeneration] Creating drag cubes for part 'wingConnector3'
[LOG 15:22:30.545] PartLoader: Compiling Part 'Squad/Parts/Aero/wings/connector4/wingConnector4'
[LOG 15:22:30.549] PartLoader: Part 'Squad/Parts/Aero/wings/connector4/wingConnector4' has no database record. Creating.
[LOG 15:22:30.549] [DragCubeSystem]: Drag cubes not found or cannot be read for part Part. Generating New drag cubes.
[LOG 15:22:30.549] [KSPCF/DragCubeGeneration] Creating drag cubes for part 'wingConnector4'
[LOG 15:22:30.554] PartLoader: Compiling Part 'Squad/Parts/Aero/wings/connector5/wingConnector5'
[LOG 15:22:30.559] PartLoader: Part 'Squad/Parts/Aero/wings/connector5/wingConnector5' has no database record. Creating.
[LOG 15:22:30.559] [DragCubeSystem]: Drag cubes not found or cannot be read for part Part. Generating New drag cubes.
[LOG 15:22:30.559] [KSPCF/DragCubeGeneration] Creating drag cubes for part 'wingConnector5'
[LOG 15:22:30.563] PartLoader: Compiling Part 'Squad/Parts/Aero/wings/delta/deltaWing'
[LOG 15:22:30.566] PartLoader: Part 'Squad/Parts/Aero/wings/delta/deltaWing' has no database record. Creating.
[LOG 15:22:30.566] [DragCubeSystem]: Drag cubes not found or cannot be read for part Part. Generating New drag cubes.
[LOG 15:22:30.567] [KSPCF/DragCubeGeneration] Creating drag cubes for part 'deltaWing'
[LOG 15:22:30.570] PartLoader: Compiling Part 'Squad/Parts/Aero/wings/delta_small/delta_small'
[LOG 15:22:30.575] PartLoader: Part 'Squad/Parts/Aero/wings/delta_small/delta_small' has no database record. Creating.
[LOG 15:22:30.575] [DragCubeSystem]: Drag cubes not found or cannot be read for part Part. Generating New drag cubes.
[LOG 15:22:30.575] [KSPCF/DragCubeGeneration] Creating drag cubes for part 'delta.small'
[LOG 15:22:30.579] PartLoader: Compiling Part 'Squad/Parts/Aero/wings/elevon1/StandardCtrlSrf'
[LOG 15:22:30.584] PartLoader: Part 'Squad/Parts/Aero/wings/elevon1/StandardCtrlSrf' has no database record. Creating.
[LOG 15:22:30.584] [DragCubeSystem]: Drag cubes not found or cannot be read for part Part. Generating New drag cubes.
[LOG 15:22:30.585] [KSPCF/DragCubeGeneration] Creating drag cubes for part 'StandardCtrlSrf'
[LOG 15:22:30.600] PartLoader: Compiling Part 'Squad/Parts/Aero/wings/elevon2/elevon2'
[LOG 15:22:30.604] PartLoader: Part 'Squad/Parts/Aero/wings/elevon2/elevon2' has no database record. Creating.
[LOG 15:22:30.604] [DragCubeSystem]: Drag cubes not found or cannot be read for part Part. Generating New drag cubes.
[LOG 15:22:30.604] [KSPCF/DragCubeGeneration] Creating drag cubes for part 'elevon2'
[LOG 15:22:30.619] PartLoader: Compiling Part 'Squad/Parts/Aero/wings/elevon3/elevon3'
[LOG 15:22:30.625] PartLoader: Part 'Squad/Parts/Aero/wings/elevon3/elevon3' has no database record. Creating.
[LOG 15:22:30.625] [DragCubeSystem]: Drag cubes not found or cannot be read for part Part. Generating New drag cubes.
[LOG 15:22:30.625] [KSPCF/DragCubeGeneration] Creating drag cubes for part 'elevon3'
[LOG 15:22:30.641] PartLoader: Compiling Part 'Squad/Parts/Aero/wings/elevon4/smallCtrlSrf'
[LOG 15:22:30.647] PartLoader: Part 'Squad/Parts/Aero/wings/elevon4/smallCtrlSrf' has no database record. Creating.
[LOG 15:22:30.647] [DragCubeSystem]: Drag cubes not found or cannot be read for part Part. Generating New drag cubes.
[LOG 15:22:30.647] [KSPCF/DragCubeGeneration] Creating drag cubes for part 'smallCtrlSrf'
[LOG 15:22:30.664] PartLoader: Compiling Part 'Squad/Parts/Aero/wings/elevon5/elevon5'
[LOG 15:22:30.669] PartLoader: Part 'Squad/Parts/Aero/wings/elevon5/elevon5' has no database record. Creating.
[LOG 15:22:30.669] [DragCubeSystem]: Drag cubes not found or cannot be read for part Part. Generating New drag cubes.
[LOG 15:22:30.669] [KSPCF/DragCubeGeneration] Creating drag cubes for part 'elevon5'
[LOG 15:22:30.685] PartLoader: Compiling Part 'Squad/Parts/Aero/wings/strake/wingStrake'
[LOG 15:22:30.688] PartLoader: Part 'Squad/Parts/Aero/wings/strake/wingStrake' has no database record. Creating.
[LOG 15:22:30.688] [DragCubeSystem]: Drag cubes not found or cannot be read for part Part. Generating New drag cubes.
[LOG 15:22:30.688] [KSPCF/DragCubeGeneration] Creating drag cubes for part 'wingStrake'
[LOG 15:22:30.692] PartLoader: Compiling Part 'Squad/Parts/Aero/wings/structural1/structuralWing'
[LOG 15:22:30.697] PartLoader: Part 'Squad/Parts/Aero/wings/structural1/structuralWing' has no database record. Creating.
[LOG 15:22:30.697] [DragCubeSystem]: Drag cubes not found or cannot be read for part Part. Generating New drag cubes.
[LOG 15:22:30.697] [KSPCF/DragCubeGeneration] Creating drag cubes for part 'structuralWing'
[LOG 15:22:30.700] PartLoader: Compiling Part 'Squad/Parts/Aero/wings/structural2/structuralWing2'
[LOG 15:22:30.703] PartLoader: Part 'Squad/Parts/Aero/wings/structural2/structuralWing2' has no database record. Creating.
[LOG 15:22:30.703] [DragCubeSystem]: Drag cubes not found or cannot be read for part Part. Generating New drag cubes.
[LOG 15:22:30.703] [KSPCF/DragCubeGeneration] Creating drag cubes for part 'structuralWing2'
[LOG 15:22:30.707] PartLoader: Compiling Part 'Squad/Parts/Aero/wings/structural3/structuralWing3'
[LOG 15:22:30.711] PartLoader: Part 'Squad/Parts/Aero/wings/structural3/structuralWing3' has no database record. Creating.
[LOG 15:22:30.711] [DragCubeSystem]: Drag cubes not found or cannot be read for part Part. Generating New drag cubes.
[LOG 15:22:30.711] [KSPCF/DragCubeGeneration] Creating drag cubes for part 'structuralWing3'
[LOG 15:22:30.716] PartLoader: Compiling Part 'Squad/Parts/Aero/wings/structural4/structuralWing4'
[LOG 15:22:30.724] PartLoader: Part 'Squad/Parts/Aero/wings/structural4/structuralWing4' has no database record. Creating.
[LOG 15:22:30.724] [DragCubeSystem]: Drag cubes not found or cannot be read for part Part. Generating New drag cubes.
[LOG 15:22:30.724] [KSPCF/DragCubeGeneration] Creating drag cubes for part 'structuralWing4'
[LOG 15:22:30.728] PartLoader: Compiling Part 'Squad/Parts/Aero/wings/swept1/sweptWing1'
[LOG 15:22:30.731] PartLoader: Part 'Squad/Parts/Aero/wings/swept1/sweptWing1' has no database record. Creating.
[LOG 15:22:30.731] [DragCubeSystem]: Drag cubes not found or cannot be read for part Part. Generating New drag cubes.
[LOG 15:22:30.731] [KSPCF/DragCubeGeneration] Creating drag cubes for part 'sweptWing1'
[LOG 15:22:30.735] PartLoader: Compiling Part 'Squad/Parts/Aero/wings/swept2/sweptWing2'
[LOG 15:22:30.739] PartLoader: Part 'Squad/Parts/Aero/wings/swept2/sweptWing2' has no database record. Creating.
[LOG 15:22:30.739] [DragCubeSystem]: Drag cubes not found or cannot be read for part Part. Generating New drag cubes.
[LOG 15:22:30.739] [KSPCF/DragCubeGeneration] Creating drag cubes for part 'sweptWing2'
[LOG 15:22:30.743] PartLoader: Compiling Part 'Squad/Parts/Cargo/CargoContainers/cargoContainer/cargoContainer'
[WRN 15:22:30.745] [Part]: Cannot have ModuleCargoPart and ModuleInventoryPart on same Part [cargoContainer'. Removed ModuleCargoPart
[LOG 15:22:30.755] PartLoader: Part 'Squad/Parts/Cargo/CargoContainers/cargoContainer/cargoContainer' has no database record. Creating.
[LOG 15:22:30.755] [DragCubeSystem]: Drag cubes not found or cannot be read for part Part. Generating New drag cubes.
[LOG 15:22:30.755] [KSPCF/DragCubeGeneration] Creating drag cubes for part 'cargoContainer'
[LOG 15:22:30.761] PartLoader: Compiling Part 'Squad/Parts/Cargo/CargoContainers/smallCargoContainer/smallCargoContainer'
[WRN 15:22:30.763] [Part]: Cannot have ModuleCargoPart and ModuleInventoryPart on same Part [smallCargoContainer'. Removed ModuleCargoPart
[LOG 15:22:30.765] PartLoader: Part 'Squad/Parts/Cargo/CargoContainers/smallCargoContainer/smallCargoContainer' has no database record. Creating.
[LOG 15:22:30.765] [DragCubeSystem]: Drag cubes not found or cannot be read for part Part. Generating New drag cubes.
[LOG 15:22:30.765] [KSPCF/DragCubeGeneration] Creating drag cubes for part 'smallCargoContainer'
[LOG 15:22:30.771] PartLoader: Compiling Part 'Squad/Parts/Cargo/Cylinder/Cylinder/evaCylinder'
[LOG 15:22:30.774] PartLoader: Part 'Squad/Parts/Cargo/Cylinder/Cylinder/evaCylinder' has no database record. Creating.
[LOG 15:22:30.774] [DragCubeSystem]: Drag cubes not found or cannot be read for part Part. Generating New drag cubes.
[LOG 15:22:30.774] [KSPCF/DragCubeGeneration] Creating drag cubes for part 'evaCylinder'
[LOG 15:22:30.779] PartLoader: Compiling Part 'Squad/Parts/Cargo/GroundAnchor/groundAnchor/groundAnchor'
[LOG 15:22:30.797] PartLoader: Part 'Squad/Parts/Cargo/GroundAnchor/groundAnchor/groundAnchor' has no database record. Creating.
[LOG 15:22:30.797] [DragCubeSystem]: Drag cubes not found or cannot be read for part Part. Generating New drag cubes.
[LOG 15:22:30.797] [KSPCF/DragCubeGeneration] Creating drag cubes for part 'groundAnchor'
[LOG 15:22:30.809] PartLoader: Compiling Part 'Squad/Parts/Cargo/Jetpack/Jetpack/evaJetpack'
[LOG 15:22:30.813] PartLoader: Part 'Squad/Parts/Cargo/Jetpack/Jetpack/evaJetpack' has no database record. Creating.
[LOG 15:22:30.813] [DragCubeSystem]: Drag cubes not found or cannot be read for part Part. Generating New drag cubes.
[LOG 15:22:30.813] [KSPCF/DragCubeGeneration] Creating drag cubes for part 'evaJetpack'
[LOG 15:22:30.818] PartLoader: Compiling Part 'Squad/Parts/Cargo/Parachute/Parachute/evaChute'
[LOG 15:22:30.821] PartLoader: Part 'Squad/Parts/Cargo/Parachute/Parachute/evaChute' has no database record. Creating.
[LOG 15:22:30.821] [DragCubeSystem]: Drag cubes not found or cannot be read for part Part. Generating New drag cubes.
[LOG 15:22:30.821] [KSPCF/DragCubeGeneration] Creating drag cubes for part 'evaChute'
[LOG 15:22:30.825] PartLoader: Compiling Part 'Squad/Parts/Cargo/RepairKit/RepairKit/evaRepairKit'
[LOG 15:22:30.830] PartLoader: Part 'Squad/Parts/Cargo/RepairKit/RepairKit/evaRepairKit' has no database record. Creating.
[LOG 15:22:30.830] [DragCubeSystem]: Drag cubes not found or cannot be read for part Part. Generating New drag cubes.
[LOG 15:22:30.830] [KSPCF/DragCubeGeneration] Creating drag cubes for part 'evaRepairKit'
[LOG 15:22:30.835] PartLoader: Compiling Part 'Squad/Parts/Cargo/ScienceKit/evaScienceKit/evaScienceKit'
[LOG 15:22:30.839] PartLoader: Part 'Squad/Parts/Cargo/ScienceKit/evaScienceKit/evaScienceKit' has no database record. Creating.
[LOG 15:22:30.840] [DragCubeSystem]: Drag cubes not found or cannot be read for part Part. Generating New drag cubes.
[LOG 15:22:30.840] [KSPCF/DragCubeGeneration] Creating drag cubes for part 'evaScienceKit'
[LOG 15:22:30.844] PartLoader: Compiling Part 'Squad/Parts/Cargo/StorageUnits/CargoStorageUnit/CargoStorageUnit'
[WRN 15:22:30.845] [Part]: Cannot have ModuleCargoPart and ModuleInventoryPart on same Part [CargoStorageUnit'. Removed ModuleCargoPart
[LOG 15:22:30.847] PartLoader: Part 'Squad/Parts/Cargo/StorageUnits/CargoStorageUnit/CargoStorageUnit' has no database record. Creating.
[LOG 15:22:30.847] [DragCubeSystem]: Drag cubes not found or cannot be read for part Part. Generating New drag cubes.
[LOG 15:22:30.847] [KSPCF/DragCubeGeneration] Creating drag cubes for part 'CargoStorageUnit'
[LOG 15:22:30.852] PartLoader: Compiling Part 'Squad/Parts/Cargo/StorageUnits/ConformalStorageUnit/ConformalStorageUnit'
[WRN 15:22:30.853] [Part]: Cannot have ModuleCargoPart and ModuleInventoryPart on same Part [ConformalStorageUnit'. Removed ModuleCargoPart
[LOG 15:22:30.855] PartLoader: Part 'Squad/Parts/Cargo/StorageUnits/ConformalStorageUnit/ConformalStorageUnit' has no database record. Creating.
[LOG 15:22:30.855] [DragCubeSystem]: Drag cubes not found or cannot be read for part Part. Generating New drag cubes.
[LOG 15:22:30.855] [KSPCF/DragCubeGeneration] Creating drag cubes for part 'ConformalStorageUnit'
[LOG 15:22:30.859] PartLoader: Compiling Part 'Squad/Parts/Command/advancedSasModuleLarge/advSasModuleLarge/asasmodule1-2'
[LOG 15:22:30.867] PartLoader: Part 'Squad/Parts/Command/advancedSasModuleLarge/advSasModuleLarge/asasmodule1-2' has no database record. Creating.
[LOG 15:22:30.868] PartLoader: Compiling Part 'Squad/Parts/Command/cupola/cupola/cupola'
[LOG 15:22:30.893] PartLoader: Part 'Squad/Parts/Command/cupola/cupola/cupola' has no database record. Creating.
[LOG 15:22:30.893] [DragCubeSystem]: Drag cubes not found or cannot be read for part Part. Generating New drag cubes.
[LOG 15:22:30.893] [KSPCF/DragCubeGeneration] Creating drag cubes for part 'cupola'
[LOG 15:22:30.902] PartLoader: Compiling Part 'Squad/Parts/Command/externalCommandSeat/externalCommandSeat/seatExternalCmd'
[LOG 15:22:30.908] PartLoader: Part 'Squad/Parts/Command/externalCommandSeat/externalCommandSeat/seatExternalCmd' has no database record. Creating.
[LOG 15:22:30.908] [DragCubeSystem]: Drag cubes not found or cannot be read for part Part. Generating New drag cubes.
[LOG 15:22:30.908] [KSPCF/DragCubeGeneration] Creating drag cubes for part 'seatExternalCmd'
[LOG 15:22:30.913] PartLoader: Compiling Part 'Squad/Parts/Command/hitchhikerStorageContainer/hitchikerStorageContainer/crewCabin'
[LOG 15:22:30.919] PartLoader: Part 'Squad/Parts/Command/hitchhikerStorageContainer/hitchikerStorageContainer/crewCabin' has no database record. Creating.
[LOG 15:22:30.919] [DragCubeSystem]: Drag cubes not found or cannot be read for part Part. Generating New drag cubes.
[LOG 15:22:30.919] [KSPCF/DragCubeGeneration] Creating drag cubes for part 'crewCabin'
[LOG 15:22:30.924] PartLoader: Compiling Part 'Squad/Parts/Command/inlineAdvancedStabilizer/inlineAdvancedStabilizer/advSasModule'
[LOG 15:22:30.928] PartLoader: Part 'Squad/Parts/Command/inlineAdvancedStabilizer/inlineAdvancedStabilizer/advSasModule' has no database record. Creating.
[LOG 15:22:30.928] [DragCubeSystem]: Drag cubes not found or cannot be read for part Part. Generating New drag cubes.
[LOG 15:22:30.928] [KSPCF/DragCubeGeneration] Creating drag cubes for part 'advSasModule'
[LOG 15:22:30.933] PartLoader: Compiling Part 'Squad/Parts/Command/inlineReactionWheel/inlineReactionWheel/sasModule'
[LOG 15:22:30.937] PartLoader: Part 'Squad/Parts/Command/inlineReactionWheel/inlineReactionWheel/sasModule' has no database record. Creating.
[LOG 15:22:30.937] [DragCubeSystem]: Drag cubes not found or cannot be read for part Part. Generating New drag cubes.
[LOG 15:22:30.937] [KSPCF/DragCubeGeneration] Creating drag cubes for part 'sasModule'
[LOG 15:22:30.942] PartLoader: Compiling Part 'Squad/Parts/Command/Mk1-3Pod/mk1-3/mk1-3pod'
[LOG 15:22:30.972] PartLoader: Part 'Squad/Parts/Command/Mk1-3Pod/mk1-3/mk1-3pod' has no database record. Creating.
[LOG 15:22:30.972] [DragCubeSystem]: Drag cubes not found or cannot be read for part Part. Generating New drag cubes.
[LOG 15:22:30.972] [KSPCF/DragCubeGeneration] Creating drag cubes for part 'mk1-3pod'
[LOG 15:22:30.981] PartLoader: Compiling Part 'Squad/Parts/Command/mk1Cockpits/mk1Cockpit/Mark1Cockpit'
[WRN 15:22:30.985] [Part]: Cannot have ModuleCargoPart and ModuleInventoryPart on same Part [Mark1Cockpit'. Removed ModuleCargoPart
[LOG 15:22:30.988] PartLoader: Part 'Squad/Parts/Command/mk1Cockpits/mk1Cockpit/Mark1Cockpit' has no database record. Creating.
[LOG 15:22:30.988] [DragCubeSystem]: Drag cubes not found or cannot be read for part Part. Generating New drag cubes.
[LOG 15:22:30.988] [KSPCF/DragCubeGeneration] Creating drag cubes for part 'Mark1Cockpit'
[LOG 15:22:30.996] PartLoader: Compiling Part 'Squad/Parts/Command/mk1Cockpits/mk1CrewCabin/MK1CrewCabin'
[WRN 15:22:31.000] [Part]: Cannot have ModuleCargoPart and ModuleInventoryPart on same Part [MK1CrewCabin'. Removed ModuleCargoPart
[LOG 15:22:31.004] PartLoader: Part 'Squad/Parts/Command/mk1Cockpits/mk1CrewCabin/MK1CrewCabin' has no database record. Creating.
[LOG 15:22:31.004] [DragCubeSystem]: Drag cubes not found or cannot be read for part Part. Generating New drag cubes.
[LOG 15:22:31.004] [KSPCF/DragCubeGeneration] Creating drag cubes for part 'MK1CrewCabin'
[LOG 15:22:31.010] PartLoader: Compiling Part 'Squad/Parts/Command/mk1Cockpits/mk1InlineCockpit/Mark2Cockpit'
[WRN 15:22:31.015] [Part]: Cannot have ModuleCargoPart and ModuleInventoryPart on same Part [Mark2Cockpit'. Removed ModuleCargoPart
[LOG 15:22:31.021] PartLoader: Part 'Squad/Parts/Command/mk1Cockpits/mk1InlineCockpit/Mark2Cockpit' has no database record. Creating.
[LOG 15:22:31.021] [DragCubeSystem]: Drag cubes not found or cannot be read for part Part. Generating New drag cubes.
[LOG 15:22:31.021] [KSPCF/DragCubeGeneration] Creating drag cubes for part 'Mark2Cockpit'
[LOG 15:22:31.028] PartLoader: Compiling Part 'Squad/Parts/Command/mk1LanderCan/mk1LanderCan/landerCabinSmall'
[WRN 15:22:31.033] [Part]: Cannot have ModuleCargoPart and ModuleInventoryPart on same Part [landerCabinSmall'. Removed ModuleCargoPart
[LOG 15:22:31.038] PartLoader: Part 'Squad/Parts/Command/mk1LanderCan/mk1LanderCan/landerCabinSmall' has no database record. Creating.
[LOG 15:22:31.038] [DragCubeSystem]: Drag cubes not found or cannot be read for part Part. Generating New drag cubes.
[LOG 15:22:31.038] [KSPCF/DragCubeGeneration] Creating drag cubes for part 'landerCabinSmall'
[LOG 15:22:31.046] PartLoader: Compiling Part 'Squad/Parts/Command/mk1pod_v2/mk1Pod_v2/mk1pod_v2'
[WRN 15:22:31.051] [Part]: Cannot have ModuleCargoPart and ModuleInventoryPart on same Part [mk1pod.v2'. Removed ModuleCargoPart
[LOG 15:22:31.057] PartLoader: Part 'Squad/Parts/Command/mk1pod_v2/mk1Pod_v2/mk1pod_v2' has no database record. Creating.
[LOG 15:22:31.057] [DragCubeSystem]: Drag cubes not found or cannot be read for part Part. Generating New drag cubes.
[LOG 15:22:31.057] [KSPCF/DragCubeGeneration] Creating drag cubes for part 'mk1pod.v2'
[LOG 15:22:31.063] PartLoader: Compiling Part 'Squad/Parts/Command/mk2CockpitInline/mk2CockpitInline/mk2Cockpit_Inline'
[WRN 15:22:31.066] [Part]: Cannot have ModuleCargoPart and ModuleInventoryPart on same Part [mk2Cockpit.Inline'. Removed ModuleCargoPart
[LOG 15:22:31.070] PartLoader: Part 'Squad/Parts/Command/mk2CockpitInline/mk2CockpitInline/mk2Cockpit_Inline' has no database record. Creating.
[LOG 15:22:31.070] [DragCubeSystem]: Drag cubes not found or cannot be read for part Part. Generating New drag cubes.
[LOG 15:22:31.070] [KSPCF/DragCubeGeneration] Creating drag cubes for part 'mk2Cockpit.Inline'
[LOG 15:22:31.078] PartLoader: Compiling Part 'Squad/Parts/Command/mk2CockpitStandard/mk2CockpitStandard/mk2Cockpit_Standard'
[WRN 15:22:31.083] [Part]: Cannot have ModuleCargoPart and ModuleInventoryPart on same Part [mk2Cockpit.Standard'. Removed ModuleCargoPart
[LOG 15:22:31.089] PartLoader: Part 'Squad/Parts/Command/mk2CockpitStandard/mk2CockpitStandard/mk2Cockpit_Standard' has no database record. Creating.
[LOG 15:22:31.089] [DragCubeSystem]: Drag cubes not found or cannot be read for part Part. Generating New drag cubes.
[LOG 15:22:31.089] [KSPCF/DragCubeGeneration] Creating drag cubes for part 'mk2Cockpit.Standard'
[LOG 15:22:31.096] PartLoader: Compiling Part 'Squad/Parts/Command/mk2DroneCore/mk2Dronecore/mk2DroneCore'
[LOG 15:22:31.107] PartLoader: Part 'Squad/Parts/Command/mk2DroneCore/mk2Dronecore/mk2DroneCore' has no database record. Creating.
[LOG 15:22:31.109] PartLoader: Compiling Part 'Squad/Parts/Command/mk2LanderCan/mk2LanderCan/mk2LanderCabin'
[WRN 15:22:31.114] [Part]: Cannot have ModuleCargoPart and ModuleInventoryPart on same Part [mk2LanderCabin'. Removed ModuleCargoPart
[LOG 15:22:31.120] PartLoader: Part 'Squad/Parts/Command/mk2LanderCan/mk2LanderCan/mk2LanderCabin' has no database record. Creating.
[LOG 15:22:31.120] [DragCubeSystem]: Drag cubes not found or cannot be read for part Part. Generating New drag cubes.
[LOG 15:22:31.120] [KSPCF/DragCubeGeneration] Creating drag cubes for part 'mk2LanderCabin'
[LOG 15:22:31.126] PartLoader: Compiling Part 'Squad/Parts/Command/mk2LanderCan_v2/mk2LanderCan_v2/mk2LanderCabin_v2'
[WRN 15:22:31.130] [Part]: Cannot have ModuleCargoPart and ModuleInventoryPart on same Part [mk2LanderCabin.v2'. Removed ModuleCargoPart
[LOG 15:22:31.134] PartLoader: Part 'Squad/Parts/Command/mk2LanderCan_v2/mk2LanderCan_v2/mk2LanderCabin_v2' has no database record. Creating.
[LOG 15:22:31.134] [DragCubeSystem]: Drag cubes not found or cannot be read for part Part. Generating New drag cubes.
[LOG 15:22:31.135] [KSPCF/DragCubeGeneration] Creating drag cubes for part 'mk2LanderCabin.v2'
[LOG 15:22:31.140] PartLoader: Compiling Part 'Squad/Parts/Command/mk3CockpitShuttle/mk3CockpitShuttle/mk3Cockpit_Shuttle'
[LOG 15:22:31.146] PartLoader: Part 'Squad/Parts/Command/mk3CockpitShuttle/mk3CockpitShuttle/mk3Cockpit_Shuttle' has no database record. Creating.
[LOG 15:22:31.146] [DragCubeSystem]: Drag cubes not found or cannot be read for part Part. Generating New drag cubes.
[LOG 15:22:31.146] [KSPCF/DragCubeGeneration] Creating drag cubes for part 'mk3Cockpit.Shuttle'
[LOG 15:22:31.157] PartLoader: Compiling Part 'Squad/Parts/Command/MpoProbe/MpoProbe/MpoProbe'
[LOG 15:22:31.169] PartLoader: Part 'Squad/Parts/Command/MpoProbe/MpoProbe/MpoProbe' has no database record. Creating.
[LOG 15:22:31.169] [DragCubeSystem]: Drag cubes not found or cannot be read for part Part. Generating New drag cubes.
[LOG 15:22:31.169] [KSPCF/DragCubeGeneration] Creating drag cubes for part 'MpoProbe'
[LOG 15:22:31.175] PartLoader: Compiling Part 'Squad/Parts/Command/MtmStage/MTM_Stage/MtmStage'
[LOG 15:22:31.181] PartLoader: Part 'Squad/Parts/Command/MtmStage/MTM_Stage/MtmStage' has no database record. Creating.
[LOG 15:22:31.182] [DragCubeSystem]: Drag cubes not found or cannot be read for part Part. Generating New drag cubes.
[LOG 15:22:31.182] [KSPCF/DragCubeGeneration] Creating drag cubes for part 'MtmStage'
[LOG 15:22:31.192] PartLoader: Compiling Part 'Squad/Parts/Command/probeCoreCube/probeCoreCube/probeCoreCube'
[LOG 15:22:31.199] PartLoader: Part 'Squad/Parts/Command/probeCoreCube/probeCoreCube/probeCoreCube' has no database record. Creating.
[LOG 15:22:31.200] PartLoader: Compiling Part 'Squad/Parts/Command/probeCoreHex/probeCoreHex/probeCoreHex'
[LOG 15:22:31.213] PartLoader: Part 'Squad/Parts/Command/probeCoreHex/probeCoreHex/probeCoreHex' has no database record. Creating.
[LOG 15:22:31.213] [DragCubeSystem]: Drag cubes not found or cannot be read for part Part. Generating New drag cubes.
[LOG 15:22:31.214] [KSPCF/DragCubeGeneration] Creating drag cubes for part 'probeCoreHex'
[LOG 15:22:31.220] PartLoader: Compiling Part 'Squad/Parts/Command/probeCoreHex_v2/probeCoreHex_v2/probeCoreHex_v2'
[LOG 15:22:31.228] PartLoader: Part 'Squad/Parts/Command/probeCoreHex_v2/probeCoreHex_v2/probeCoreHex_v2' has no database record. Creating.
[LOG 15:22:31.228] [DragCubeSystem]: Drag cubes not found or cannot be read for part Part. Generating New drag cubes.
[LOG 15:22:31.229] [KSPCF/DragCubeGeneration] Creating drag cubes for part 'probeCoreHex.v2'
[LOG 15:22:31.233] PartLoader: Compiling Part 'Squad/Parts/Command/probeCoreOcto2_v2/probeCoreOcto2_v2/probeCoreOcto2_v2'
[LOG 15:22:31.239] PartLoader: Part 'Squad/Parts/Command/probeCoreOcto2_v2/probeCoreOcto2_v2/probeCoreOcto2_v2' has no database record. Creating.
[LOG 15:22:31.240] [DragCubeSystem]: Drag cubes not found or cannot be read for part Part. Generating New drag cubes.
[LOG 15:22:31.240] [KSPCF/DragCubeGeneration] Creating drag cubes for part 'probeCoreOcto2.v2'
[LOG 15:22:31.245] PartLoader: Compiling Part 'Squad/Parts/Command/probeCoreOcto_v2/probeCoreOcto_v2/probeCoreOcto_v2'
[LOG 15:22:31.250] PartLoader: Part 'Squad/Parts/Command/probeCoreOcto_v2/probeCoreOcto_v2/probeCoreOcto_v2' has no database record. Creating.
[LOG 15:22:31.250] [DragCubeSystem]: Drag cubes not found or cannot be read for part Part. Generating New drag cubes.
[LOG 15:22:31.250] [KSPCF/DragCubeGeneration] Creating drag cubes for part 'probeCoreOcto.v2'
[LOG 15:22:31.256] PartLoader: Compiling Part 'Squad/Parts/Command/probeRoverBody/probeRoverBody/roverBody'
[LOG 15:22:31.264] PartLoader: Part 'Squad/Parts/Command/probeRoverBody/probeRoverBody/roverBody' has no database record. Creating.
[LOG 15:22:31.264] [DragCubeSystem]: Drag cubes not found or cannot be read for part Part. Generating New drag cubes.
[LOG 15:22:31.264] [KSPCF/DragCubeGeneration] Creating drag cubes for part 'roverBody'
[LOG 15:22:31.268] PartLoader: Compiling Part 'Squad/Parts/Command/probeRoverBody_v2/probeRoverBody_v2/roverBody_v2'
[LOG 15:22:31.274] PartLoader: Part 'Squad/Parts/Command/probeRoverBody_v2/probeRoverBody_v2/roverBody_v2' has no database record. Creating.
[LOG 15:22:31.274] [DragCubeSystem]: Drag cubes not found or cannot be read for part Part. Generating New drag cubes.
[LOG 15:22:31.275] [KSPCF/DragCubeGeneration] Creating drag cubes for part 'roverBody.v2'
[LOG 15:22:31.293] PartLoader: Compiling Part 'Squad/Parts/Command/probeStackLarge/probeStackLarge/probeStackLarge'
[LOG 15:22:31.299] PartLoader: Part 'Squad/Parts/Command/probeStackLarge/probeStackLarge/probeStackLarge' has no database record. Creating.
[LOG 15:22:31.299] [DragCubeSystem]: Drag cubes not found or cannot be read for part Part. Generating New drag cubes.
[LOG 15:22:31.299] [KSPCF/DragCubeGeneration] Creating drag cubes for part 'probeStackLarge'
[LOG 15:22:31.304] PartLoader: Compiling Part 'Squad/Parts/Command/probeStackSmall/probeStackSmall/probeStackSmall'
[LOG 15:22:31.310] PartLoader: Part 'Squad/Parts/Command/probeStackSmall/probeStackSmall/probeStackSmall' has no database record. Creating.
[LOG 15:22:31.310] [DragCubeSystem]: Drag cubes not found or cannot be read for part Part. Generating New drag cubes.
[LOG 15:22:31.310] [KSPCF/DragCubeGeneration] Creating drag cubes for part 'probeStackSmall'
[LOG 15:22:31.314] PartLoader: Compiling Part 'Squad/Parts/Command/probeStackSphere_v2/probeStackSphere_v2/probeCoreSphere_v2'
[LOG 15:22:31.318] PartLoader: Part 'Squad/Parts/Command/probeStackSphere_v2/probeStackSphere_v2/probeCoreSphere_v2' has no database record. Creating.
[LOG 15:22:31.319] PartLoader: Compiling Part 'Squad/Parts/CompoundParts/FuelLine/fuelLine/fuelLine'
[LOG 15:22:31.340] PartLoader: Part 'Squad/Parts/CompoundParts/FuelLine/fuelLine/fuelLine' has no database record. Creating.
[LOG 15:22:31.340] [DragCubeSystem]: Drag cubes not found or cannot be read for part CompoundPart. Generating New drag cubes.
[LOG 15:22:31.340] [KSPCF/DragCubeGeneration] Creating drag cubes for part 'fuelLine'
[LOG 15:22:31.344] PartLoader: Compiling Part 'Squad/Parts/CompoundParts/strutConnector/strutConnector/strutConnector'
[LOG 15:22:31.353] PartLoader: Part 'Squad/Parts/CompoundParts/strutConnector/strutConnector/strutConnector' has no database record. Creating.
[LOG 15:22:31.353] [DragCubeSystem]: Drag cubes not found or cannot be read for part CompoundPart. Generating New drag cubes.
[LOG 15:22:31.353] [KSPCF/DragCubeGeneration] Creating drag cubes for part 'strutConnector'
[LOG 15:22:31.357] PartLoader: Compiling Part 'Squad/Parts/Coupling/Decoupler_0/Decoupler_0'
[LOG 15:22:31.365] PartLoader: Part 'Squad/Parts/Coupling/Decoupler_0/Decoupler_0' has no database record. Creating.
[LOG 15:22:31.365] PartLoader: Compiling Part 'Squad/Parts/Coupling/Decoupler_1/Decoupler_1'
[LOG 15:22:31.371] PartLoader: Part 'Squad/Parts/Coupling/Decoupler_1/Decoupler_1' has no database record. Creating.
[LOG 15:22:31.372] PartLoader: Compiling Part 'Squad/Parts/Coupling/Decoupler_2/Decoupler_2'
[LOG 15:22:31.377] PartLoader: Part 'Squad/Parts/Coupling/Decoupler_2/Decoupler_2' has no database record. Creating.
[LOG 15:22:31.378] PartLoader: Compiling Part 'Squad/Parts/Coupling/Decoupler_3/Decoupler_3'
[LOG 15:22:31.383] PartLoader: Part 'Squad/Parts/Coupling/Decoupler_3/Decoupler_3' has no database record. Creating.
[LOG 15:22:31.384] PartLoader: Compiling Part 'Squad/Parts/Coupling/Separator_0/Separator_0'
[LOG 15:22:31.388] PartLoader: Part 'Squad/Parts/Coupling/Separator_0/Separator_0' has no database record. Creating.
[LOG 15:22:31.389] PartLoader: Compiling Part 'Squad/Parts/Coupling/Separator_1/Separator_1'
[LOG 15:22:31.393] PartLoader: Part 'Squad/Parts/Coupling/Separator_1/Separator_1' has no database record. Creating.
[LOG 15:22:31.394] PartLoader: Compiling Part 'Squad/Parts/Coupling/Separator_2/Separator_2'
[LOG 15:22:31.398] PartLoader: Part 'Squad/Parts/Coupling/Separator_2/Separator_2' has no database record. Creating.
[LOG 15:22:31.398] PartLoader: Compiling Part 'Squad/Parts/Coupling/Separator_3/Separator_3'
[LOG 15:22:31.402] PartLoader: Part 'Squad/Parts/Coupling/Separator_3/Separator_3' has no database record. Creating.
[LOG 15:22:31.403] PartLoader: Compiling Part 'Squad/Parts/Electrical/10CSolarPanels/OX-10C/solarPanelOX10C'
[LOG 15:22:31.412] PartLoader: Part 'Squad/Parts/Electrical/10CSolarPanels/OX-10C/solarPanelOX10C' has no database record. Creating.
[LOG 15:22:31.413] [DragCubeSystem]: Drag cubes not found or cannot be read for part Part. Generating New drag cubes.
[LOG 15:22:31.413] [KSPCF/DragCubeGeneration] Creating drag cubes for part 'solarPanelOX10C'
[LOG 15:22:31.431] PartLoader: Compiling Part 'Squad/Parts/Electrical/10CSolarPanels/SP-10C/solarPanelSP10C'
[LOG 15:22:31.437] PartLoader: Part 'Squad/Parts/Electrical/10CSolarPanels/SP-10C/solarPanelSP10C' has no database record. Creating.
[LOG 15:22:31.437] [DragCubeSystem]: Drag cubes not found or cannot be read for part Part. Generating New drag cubes.
[LOG 15:22:31.437] [KSPCF/DragCubeGeneration] Creating drag cubes for part 'solarPanelSP10C'
[LOG 15:22:31.455] PartLoader: Compiling Part 'Squad/Parts/Electrical/10LSolarPanels/OX-10L/solarPanelOX10L'
[LOG 15:22:31.461] PartLoader: Part 'Squad/Parts/Electrical/10LSolarPanels/OX-10L/solarPanelOX10L' has no database record. Creating.
[LOG 15:22:31.461] [DragCubeSystem]: Drag cubes not found or cannot be read for part Part. Generating New drag cubes.
[LOG 15:22:31.461] [KSPCF/DragCubeGeneration] Creating drag cubes for part 'solarPanelOX10L'
[LOG 15:22:31.476] PartLoader: Compiling Part 'Squad/Parts/Electrical/10LSolarPanels/SP-10L/solarPanelSP10L'
[LOG 15:22:31.480] PartLoader: Part 'Squad/Parts/Electrical/10LSolarPanels/SP-10L/solarPanelSP10L' has no database record. Creating.
[LOG 15:22:31.480] [DragCubeSystem]: Drag cubes not found or cannot be read for part Part. Generating New drag cubes.
[LOG 15:22:31.480] [KSPCF/DragCubeGeneration] Creating drag cubes for part 'solarPanelSP10L'
[LOG 15:22:31.496] PartLoader: Compiling Part 'Squad/Parts/Electrical/1x6ShroudSolarPanels/1x6ShroudSolarPanels/solarPanels2'
[LOG 15:22:31.501] PartLoader: Part 'Squad/Parts/Electrical/1x6ShroudSolarPanels/1x6ShroudSolarPanels/solarPanels2' has no database record. Creating.
[LOG 15:22:31.501] [DragCubeSystem]: Drag cubes not found or cannot be read for part Part. Generating New drag cubes.
[LOG 15:22:31.501] [KSPCF/DragCubeGeneration] Creating drag cubes for part 'solarPanels2'
[LOG 15:22:31.516] PartLoader: Compiling Part 'Squad/Parts/Electrical/1x6SolarPanels/1x6SolarPanels/solarPanels4'
[LOG 15:22:31.522] PartLoader: Part 'Squad/Parts/Electrical/1x6SolarPanels/1x6SolarPanels/solarPanels4' has no database record. Creating.
[LOG 15:22:31.522] [DragCubeSystem]: Drag cubes not found or cannot be read for part Part. Generating New drag cubes.
[LOG 15:22:31.522] [KSPCF/DragCubeGeneration] Creating drag cubes for part 'solarPanels4'
[LOG 15:22:31.539] PartLoader: Compiling Part 'Squad/Parts/Electrical/3x2ShroudSolarPanels/3x2ShroudSolarPanels/solarPanels1'
[LOG 15:22:31.544] PartLoader: Part 'Squad/Parts/Electrical/3x2ShroudSolarPanels/3x2ShroudSolarPanels/solarPanels1' has no database record. Creating.
[LOG 15:22:31.544] [DragCubeSystem]: Drag cubes not found or cannot be read for part Part. Generating New drag cubes.
[LOG 15:22:31.544] [KSPCF/DragCubeGeneration] Creating drag cubes for part 'solarPanels1'
[LOG 15:22:31.561] PartLoader: Compiling Part 'Squad/Parts/Electrical/3x2SolarPanels/3x2SolarPanels/solarPanels3'
[LOG 15:22:31.566] PartLoader: Part 'Squad/Parts/Electrical/3x2SolarPanels/3x2SolarPanels/solarPanels3' has no database record. Creating.
[LOG 15:22:31.566] [DragCubeSystem]: Drag cubes not found or cannot be read for part Part. Generating New drag cubes.
[LOG 15:22:31.567] [KSPCF/DragCubeGeneration] Creating drag cubes for part 'solarPanels3'
[LOG 15:22:31.583] PartLoader: Compiling Part 'Squad/Parts/Electrical/gigantorXlSolarArray/gigantorXlSolarArray/largeSolarPanel'
[LOG 15:22:31.586] PartLoader: Part 'Squad/Parts/Electrical/gigantorXlSolarArray/gigantorXlSolarArray/largeSolarPanel' has no database record. Creating.
[LOG 15:22:31.586] [DragCubeSystem]: Drag cubes not found or cannot be read for part Part. Generating New drag cubes.
[LOG 15:22:31.586] [KSPCF/DragCubeGeneration] Creating drag cubes for part 'largeSolarPanel'
[LOG 15:22:31.601] PartLoader: Compiling Part 'Squad/Parts/Electrical/radialFlatSolarPanel/radialFlatSolarPanel/solarPanels5'
[LOG 15:22:31.605] PartLoader: Part 'Squad/Parts/Electrical/radialFlatSolarPanel/radialFlatSolarPanel/solarPanels5' has no database record. Creating.
[LOG 15:22:31.605] [DragCubeSystem]: Drag cubes not found or cannot be read for part Part. Generating New drag cubes.
[LOG 15:22:31.605] [KSPCF/DragCubeGeneration] Creating drag cubes for part 'solarPanels5'
[LOG 15:22:31.612] PartLoader: Compiling Part 'Squad/Parts/Electrical/RTG/RTG/rtg'
[LOG 15:22:31.627] PartLoader: Part 'Squad/Parts/Electrical/RTG/RTG/rtg' has no database record. Creating.
[LOG 15:22:31.627] [DragCubeSystem]: Drag cubes not found or cannot be read for part Part. Generating New drag cubes.
[LOG 15:22:31.627] [KSPCF/DragCubeGeneration] Creating drag cubes for part 'rtg'
[LOG 15:22:31.633] PartLoader: Compiling Part 'Squad/Parts/Electrical/z-100Battery/z-100Battery/batteryPack'
[LOG 15:22:31.637] PartLoader: Part 'Squad/Parts/Electrical/z-100Battery/z-100Battery/batteryPack' has no database record. Creating.
[LOG 15:22:31.637] [DragCubeSystem]: Drag cubes not found or cannot be read for part Part. Generating New drag cubes.
[LOG 15:22:31.637] [KSPCF/DragCubeGeneration] Creating drag cubes for part 'batteryPack'
[LOG 15:22:31.642] PartLoader: Compiling Part 'Squad/Parts/Electrical/z-1kBattery/z-1kBattery/batteryBank'
[LOG 15:22:31.645] PartLoader: Part 'Squad/Parts/Electrical/z-1kBattery/z-1kBattery/batteryBank' has no database record. Creating.
[LOG 15:22:31.645] [DragCubeSystem]: Drag cubes not found or cannot be read for part Part. Generating New drag cubes.
[LOG 15:22:31.645] [KSPCF/DragCubeGeneration] Creating drag cubes for part 'batteryBank'
[LOG 15:22:31.649] PartLoader: Compiling Part 'Squad/Parts/Electrical/z-200Battery/z-200Battery/batteryBankMini'
[LOG 15:22:31.652] PartLoader: Part 'Squad/Parts/Electrical/z-200Battery/z-200Battery/batteryBankMini' has no database record. Creating.
[LOG 15:22:31.652] [DragCubeSystem]: Drag cubes not found or cannot be read for part Part. Generating New drag cubes.
[LOG 15:22:31.652] [KSPCF/DragCubeGeneration] Creating drag cubes for part 'batteryBankMini'
[LOG 15:22:31.656] PartLoader: Compiling Part 'Squad/Parts/Electrical/z-400Battery/z-400Battery/ksp_r_largeBatteryPack'
[LOG 15:22:31.659] PartLoader: Part 'Squad/Parts/Electrical/z-400Battery/z-400Battery/ksp_r_largeBatteryPack' has no database record. Creating.
[LOG 15:22:31.659] [DragCubeSystem]: Drag cubes not found or cannot be read for part Part. Generating New drag cubes.
[LOG 15:22:31.659] [KSPCF/DragCubeGeneration] Creating drag cubes for part 'ksp.r.largeBatteryPack'
[LOG 15:22:31.663] PartLoader: Compiling Part 'Squad/Parts/Electrical/z-4kBattery/z-4kBattery/batteryBankLarge'
[LOG 15:22:31.665] PartLoader: Part 'Squad/Parts/Electrical/z-4kBattery/z-4kBattery/batteryBankLarge' has no database record. Creating.
[LOG 15:22:31.665] [DragCubeSystem]: Drag cubes not found or cannot be read for part Part. Generating New drag cubes.
[LOG 15:22:31.665] [KSPCF/DragCubeGeneration] Creating drag cubes for part 'batteryBankLarge'
[LOG 15:22:31.669] PartLoader: Compiling Part 'Squad/Parts/Engine/ionEngine/ionEngine/ionEngine'
[LOG 15:22:31.686] PartLoader: Part 'Squad/Parts/Engine/ionEngine/ionEngine/ionEngine' has no database record. Creating.
[LOG 15:22:31.686] [DragCubeSystem]: Drag cubes not found or cannot be read for part Part. Generating New drag cubes.
[LOG 15:22:31.686] [KSPCF/DragCubeGeneration] Creating drag cubes for part 'ionEngine'
[LOG 15:22:31.694] PartLoader: Compiling Part 'Squad/Parts/Engine/jetEngines/jetEngineAfterburning/turboJet'
[LOG 15:22:31.724] PartLoader: Part 'Squad/Parts/Engine/jetEngines/jetEngineAfterburning/turboJet' has no database record. Creating.
[LOG 15:22:31.724] [DragCubeSystem]: Drag cubes not found or cannot be read for part Part. Generating New drag cubes.
[LOG 15:22:31.724] [KSPCF/DragCubeGeneration] Creating drag cubes for part 'turboJet'
[LOG 15:22:31.732] PartLoader: Compiling Part 'Squad/Parts/Engine/jetEngines/jetEngineBasic/JetEngine'
[LOG 15:22:31.740] PartLoader: Part 'Squad/Parts/Engine/jetEngines/jetEngineBasic/JetEngine' has no database record. Creating.
[LOG 15:22:31.740] [DragCubeSystem]: Drag cubes not found or cannot be read for part Part. Generating New drag cubes.
[LOG 15:22:31.740] [KSPCF/DragCubeGeneration] Creating drag cubes for part 'JetEngine'
[LOG 15:22:31.752] PartLoader: Compiling Part 'Squad/Parts/Engine/jetEngines/jetEngineBig/turboFanSize2'
[LOG 15:22:31.762] PartLoader: Part 'Squad/Parts/Engine/jetEngines/jetEngineBig/turboFanSize2' has no database record. Creating.
[LOG 15:22:31.762] [DragCubeSystem]: Drag cubes not found or cannot be read for part Part. Generating New drag cubes.
[LOG 15:22:31.762] [KSPCF/DragCubeGeneration] Creating drag cubes for part 'turboFanSize2'
[LOG 15:22:31.776] PartLoader: Compiling Part 'Squad/Parts/Engine/jetEngines/jetEngineTurbo/turboFanEngine'
[LOG 15:22:31.784] PartLoader: Part 'Squad/Parts/Engine/jetEngines/jetEngineTurbo/turboFanEngine' has no database record. Creating.
[LOG 15:22:31.784] [DragCubeSystem]: Drag cubes not found or cannot be read for part Part. Generating New drag cubes.
[LOG 15:22:31.784] [KSPCF/DragCubeGeneration] Creating drag cubes for part 'turboFanEngine'
[LOG 15:22:31.790] PartLoader: Compiling Part 'Squad/Parts/Engine/liquidEngine24-77/liquidEngine24-77/smallRadialEngine'
[LOG 15:22:31.796] PartLoader: Part 'Squad/Parts/Engine/liquidEngine24-77/liquidEngine24-77/smallRadialEngine' has no database record. Creating.
[LOG 15:22:31.796] [DragCubeSystem]: Drag cubes not found or cannot be read for part Part. Generating New drag cubes.
[LOG 15:22:31.796] [KSPCF/DragCubeGeneration] Creating drag cubes for part 'smallRadialEngine'
[LOG 15:22:31.801] PartLoader: Compiling Part 'Squad/Parts/Engine/liquidEngine24-77_v2/liquidEngine24-77_v2/smallRadialEngine_v2'
[LOG 15:22:31.810] PartLoader: Part 'Squad/Parts/Engine/liquidEngine24-77_v2/liquidEngine24-77_v2/smallRadialEngine_v2' has no database record. Creating.
[LOG 15:22:31.810] [DragCubeSystem]: Drag cubes not found or cannot be read for part Part. Generating New drag cubes.
[LOG 15:22:31.810] [KSPCF/DragCubeGeneration] Creating drag cubes for part 'smallRadialEngine.v2'
[LOG 15:22:31.815] PartLoader: Compiling Part 'Squad/Parts/Engine/liquidEngine48-7S_v2/liquidEngine48-7S_v2/liquidEngineMini_v2'
[LOG 15:22:31.823] PartLoader: Part 'Squad/Parts/Engine/liquidEngine48-7S_v2/liquidEngine48-7S_v2/liquidEngineMini_v2' has no database record. Creating.
[LOG 15:22:31.823] [DragCubeSystem]: Drag cubes not found or cannot be read for part Part. Generating New drag cubes.
[LOG 15:22:31.823] [KSPCF/DragCubeGeneration] Creating drag cubes for part 'liquidEngineMini.v2'
[LOG 15:22:31.852] PartLoader: Compiling Part 'Squad/Parts/Engine/liquidEngineAerospike/liquidEngineAerospike/toroidalAerospike'
[LOG 15:22:31.867] PartLoader: Part 'Squad/Parts/Engine/liquidEngineAerospike/liquidEngineAerospike/toroidalAerospike' has no database record. Creating.
[LOG 15:22:31.867] [DragCubeSystem]: Drag cubes not found or cannot be read for part Part. Generating New drag cubes.
[LOG 15:22:31.867] [KSPCF/DragCubeGeneration] Creating drag cubes for part 'toroidalAerospike'
[LOG 15:22:31.882] PartLoader: Compiling Part 'Squad/Parts/Engine/liquidEngineLV-1_v2/liquidEngineLV-1R _v2/radialEngineMini_v2'
[LOG 15:22:31.894] PartLoader: Part 'Squad/Parts/Engine/liquidEngineLV-1_v2/liquidEngineLV-1R _v2/radialEngineMini_v2' has no database record. Creating.
[LOG 15:22:31.894] [DragCubeSystem]: Drag cubes not found or cannot be read for part Part. Generating New drag cubes.
[LOG 15:22:31.894] [KSPCF/DragCubeGeneration] Creating drag cubes for part 'radialEngineMini.v2'
[LOG 15:22:31.908] PartLoader: Compiling Part 'Squad/Parts/Engine/liquidEngineLV-1_v2/liquidEngineLV-1_v2/microEngine_v2'
[LOG 15:22:31.914] PartLoader: Part 'Squad/Parts/Engine/liquidEngineLV-1_v2/liquidEngineLV-1_v2/microEngine_v2' has no database record. Creating.
[LOG 15:22:31.914] [DragCubeSystem]: Drag cubes not found or cannot be read for part Part. Generating New drag cubes.
[LOG 15:22:31.914] [KSPCF/DragCubeGeneration] Creating drag cubes for part 'microEngine.v2'
[LOG 15:22:31.928] PartLoader: Compiling Part 'Squad/Parts/Engine/liquidEngineLV-909_v2/liquidEngineLV-909_v2/liquidEngine3_v2'
[LOG 15:22:31.936] PartLoader: Part 'Squad/Parts/Engine/liquidEngineLV-909_v2/liquidEngineLV-909_v2/liquidEngine3_v2' has no database record. Creating.
[LOG 15:22:31.937] [DragCubeSystem]: Drag cubes not found or cannot be read for part Part. Generating New drag cubes.
[LOG 15:22:31.937] [KSPCF/DragCubeGeneration] Creating drag cubes for part 'liquidEngine3.v2'
[LOG 15:22:31.964] PartLoader: Compiling Part 'Squad/Parts/Engine/liquidEngineLV-N/liquidEngineLV-N/nuclearEngine'
[LOG 15:22:31.975] PartLoader: Part 'Squad/Parts/Engine/liquidEngineLV-N/liquidEngineLV-N/nuclearEngine' has no database record. Creating.
[LOG 15:22:31.975] [DragCubeSystem]: Drag cubes not found or cannot be read for part Part. Generating New drag cubes.
[LOG 15:22:31.975] [KSPCF/DragCubeGeneration] Part 'nuclearEngine' has defined a procedural drag cube setup
[LOG 15:22:31.977] PartLoader: Compiling Part 'Squad/Parts/Engine/liquidEngineLV-T30/liquidEngineLV-T30/liquidEngine'
[LOG 15:22:31.984] PartLoader: Part 'Squad/Parts/Engine/liquidEngineLV-T30/liquidEngineLV-T30/liquidEngine' has no database record. Creating.
[LOG 15:22:31.984] [DragCubeSystem]: Drag cubes not found or cannot be read for part Part. Generating New drag cubes.
[LOG 15:22:31.984] [KSPCF/DragCubeGeneration] Creating drag cubes for part 'liquidEngine'
[LOG 15:22:31.997] PartLoader: Compiling Part 'Squad/Parts/Engine/liquidEngineLV-T30_v2/liquidEngineLV-T30_v2/liquidEngine_v2'
[LOG 15:22:32.004] PartLoader: Part 'Squad/Parts/Engine/liquidEngineLV-T30_v2/liquidEngineLV-T30_v2/liquidEngine_v2' has no database record. Creating.
[LOG 15:22:32.006] PartLoader: Compiling Part 'Squad/Parts/Engine/liquidEngineLV-T45/liquidEngineLV-T45/liquidEngine2'
[LOG 15:22:32.013] PartLoader: Part 'Squad/Parts/Engine/liquidEngineLV-T45/liquidEngineLV-T45/liquidEngine2' has no database record. Creating.
[LOG 15:22:32.013] [DragCubeSystem]: Drag cubes not found or cannot be read for part Part. Generating New drag cubes.
[LOG 15:22:32.013] [KSPCF/DragCubeGeneration] Creating drag cubes for part 'liquidEngine2'
[LOG 15:22:32.027] PartLoader: Compiling Part 'Squad/Parts/Engine/liquidEngineLV-T45_v2/liquidEngineLV-T45_v2/liquidEngine2_v2'
[LOG 15:22:32.036] PartLoader: Part 'Squad/Parts/Engine/liquidEngineLV-T45_v2/liquidEngineLV-T45_v2/liquidEngine2_v2' has no database record. Creating.
[LOG 15:22:32.037] PartLoader: Compiling Part 'Squad/Parts/Engine/liquidEngineMainsail_v2/liquidEngineMainsail_v2/liquidEngineMainsail_v2'
[LOG 15:22:32.047] PartLoader: Part 'Squad/Parts/Engine/liquidEngineMainsail_v2/liquidEngineMainsail_v2/liquidEngineMainsail_v2' has no database record. Creating.
[LOG 15:22:32.047] [DragCubeSystem]: Drag cubes not found or cannot be read for part Part. Generating New drag cubes.
[LOG 15:22:32.047] [KSPCF/DragCubeGeneration] Creating drag cubes for part 'liquidEngineMainsail.v2'
[LOG 15:22:32.079] PartLoader: Compiling Part 'Squad/Parts/Engine/liquidEngineMk55/liquidEngineMk55/radialLiquidEngine1-2'
[LOG 15:22:32.086] PartLoader: Part 'Squad/Parts/Engine/liquidEngineMk55/liquidEngineMk55/radialLiquidEngine1-2' has no database record. Creating.
[LOG 15:22:32.086] [DragCubeSystem]: Drag cubes not found or cannot be read for part Part. Generating New drag cubes.
[LOG 15:22:32.086] [KSPCF/DragCubeGeneration] Creating drag cubes for part 'radialLiquidEngine1-2'
[LOG 15:22:32.091] PartLoader: Compiling Part 'Squad/Parts/Engine/liquidEnginePoodle_v2/liquidEnginePoodle_v2/liquidEngine2-2_v2'
[LOG 15:22:32.100] PartLoader: Part 'Squad/Parts/Engine/liquidEnginePoodle_v2/liquidEnginePoodle_v2/liquidEngine2-2_v2' has no database record. Creating.
[LOG 15:22:32.101] PartLoader: Compiling Part 'Squad/Parts/Engine/liquidEngineSkipper_v2/skipperLiquidEngine_v2/engineLargeSkipper_v2'
[LOG 15:22:32.110] PartLoader: Part 'Squad/Parts/Engine/liquidEngineSkipper_v2/skipperLiquidEngine_v2/engineLargeSkipper_v2' has no database record. Creating.
[LOG 15:22:32.110] [DragCubeSystem]: Drag cubes not found or cannot be read for part Part. Generating New drag cubes.
[LOG 15:22:32.110] [KSPCF/DragCubeGeneration] Creating drag cubes for part 'engineLargeSkipper.v2'
[LOG 15:22:32.137] PartLoader: Compiling Part 'Squad/Parts/Engine/liquidEngineSSME/SSME/SSME'
[LOG 15:22:32.145] PartLoader: Part 'Squad/Parts/Engine/liquidEngineSSME/SSME/SSME' has no database record. Creating.
[LOG 15:22:32.145] [DragCubeSystem]: Drag cubes not found or cannot be read for part Part. Generating New drag cubes.
[LOG 15:22:32.145] [KSPCF/DragCubeGeneration] Creating drag cubes for part 'SSME'
[LOG 15:22:32.158] PartLoader: Compiling Part 'Squad/Parts/Engine/MassiveSRB/part/MassiveBooster'
[LOG 15:22:32.166] PartLoader: Part 'Squad/Parts/Engine/MassiveSRB/part/MassiveBooster' has no database record. Creating.
[LOG 15:22:32.166] [DragCubeSystem]: Drag cubes not found or cannot be read for part Part. Generating New drag cubes.
[LOG 15:22:32.166] [KSPCF/DragCubeGeneration] Creating drag cubes for part 'MassiveBooster'
[LOG 15:22:32.171] PartLoader: Compiling Part 'Squad/Parts/Engine/miniJet/SmallJetEngine/miniJetEngine'
[LOG 15:22:32.181] PartLoader: Part 'Squad/Parts/Engine/miniJet/SmallJetEngine/miniJetEngine' has no database record. Creating.
[LOG 15:22:32.181] [DragCubeSystem]: Drag cubes not found or cannot be read for part Part. Generating New drag cubes.
[LOG 15:22:32.181] [KSPCF/DragCubeGeneration] Creating drag cubes for part 'miniJetEngine'
[LOG 15:22:32.187] PartLoader: Compiling Part 'Squad/Parts/Engine/OMSEngine/omsEngine/omsEngine'
[LOG 15:22:32.194] PartLoader: Part 'Squad/Parts/Engine/OMSEngine/omsEngine/omsEngine' has no database record. Creating.
[LOG 15:22:32.194] [DragCubeSystem]: Drag cubes not found or cannot be read for part Part. Generating New drag cubes.
[LOG 15:22:32.194] [KSPCF/DragCubeGeneration] Creating drag cubes for part 'omsEngine'
[LOG 15:22:32.200] PartLoader: Compiling Part 'Squad/Parts/Engine/rapierEngine/rapierEngine/RAPIER'
[LOG 15:22:32.209] PartLoader: Part 'Squad/Parts/Engine/rapierEngine/rapierEngine/RAPIER' has no database record. Creating.
[LOG 15:22:32.209] [DragCubeSystem]: Drag cubes not found or cannot be read for part Part. Generating New drag cubes.
[LOG 15:22:32.209] [KSPCF/DragCubeGeneration] Creating drag cubes for part 'RAPIER'
[LOG 15:22:32.216] PartLoader: Compiling Part 'Squad/Parts/Engine/Size1_SRBs/solidBoosterRT-10_v2/solidBooster_v2'
[LOG 15:22:32.222] PartLoader: Part 'Squad/Parts/Engine/Size1_SRBs/solidBoosterRT-10_v2/solidBooster_v2' has no database record. Creating.
[LOG 15:22:32.222] [DragCubeSystem]: Drag cubes not found or cannot be read for part Part. Generating New drag cubes.
[LOG 15:22:32.222] [KSPCF/DragCubeGeneration] Creating drag cubes for part 'solidBooster.v2'
[LOG 15:22:32.243] PartLoader: Compiling Part 'Squad/Parts/Engine/Size1_SRBs/solidBoosterRT-5_v2/solidBooster_sm_v2'
[LOG 15:22:32.252] PartLoader: Part 'Squad/Parts/Engine/Size1_SRBs/solidBoosterRT-5_v2/solidBooster_sm_v2' has no database record. Creating.
[LOG 15:22:32.252] [DragCubeSystem]: Drag cubes not found or cannot be read for part Part. Generating New drag cubes.
[LOG 15:22:32.252] [KSPCF/DragCubeGeneration] Creating drag cubes for part 'solidBooster.sm.v2'
[LOG 15:22:32.279] PartLoader: Compiling Part 'Squad/Parts/Engine/Size2LFB/part/Size2LFB'
[LOG 15:22:32.286] PartLoader: Part 'Squad/Parts/Engine/Size2LFB/part/Size2LFB' has no database record. Creating.
[LOG 15:22:32.286] [DragCubeSystem]: Drag cubes not found or cannot be read for part Part. Generating New drag cubes.
[LOG 15:22:32.286] [KSPCF/DragCubeGeneration] Creating drag cubes for part 'Size2LFB'
[LOG 15:22:32.292] PartLoader: Compiling Part 'Squad/Parts/Engine/Size2LFB_v2/part/Size2LFB_v2'
[LOG 15:22:32.300] PartLoader: Part 'Squad/Parts/Engine/Size2LFB_v2/part/Size2LFB_v2' has no database record. Creating.
[LOG 15:22:32.300] [DragCubeSystem]: Drag cubes not found or cannot be read for part Part. Generating New drag cubes.
[LOG 15:22:32.300] [KSPCF/DragCubeGeneration] Creating drag cubes for part 'Size2LFB.v2'
[LOG 15:22:32.306] PartLoader: Compiling Part 'Squad/Parts/Engine/Size3AdvancedEngine/part/Size3AdvancedEngine'
[LOG 15:22:32.314] PartLoader: Part 'Squad/Parts/Engine/Size3AdvancedEngine/part/Size3AdvancedEngine' has no database record. Creating.
[LOG 15:22:32.314] [DragCubeSystem]: Drag cubes not found or cannot be read for part Part. Generating New drag cubes.
[LOG 15:22:32.314] [KSPCF/DragCubeGeneration] Creating drag cubes for part 'Size3AdvancedEngine'
[LOG 15:22:32.328] PartLoader: Compiling Part 'Squad/Parts/Engine/Size3EngineCluster/part/Size3EngineCluster'
[LOG 15:22:32.335] PartLoader: Part 'Squad/Parts/Engine/Size3EngineCluster/part/Size3EngineCluster' has no database record. Creating.
[LOG 15:22:32.335] [DragCubeSystem]: Drag cubes not found or cannot be read for part Part. Generating New drag cubes.
[LOG 15:22:32.335] [KSPCF/DragCubeGeneration] Creating drag cubes for part 'Size3EngineCluster'
[LOG 15:22:32.341] PartLoader: Compiling Part 'Squad/Parts/Engine/solidBoosterBACC/solidBoosterBACC/solidBooster1-1'
[LOG 15:22:32.346] PartLoader: Part 'Squad/Parts/Engine/solidBoosterBACC/solidBoosterBACC/solidBooster1-1' has no database record. Creating.
[LOG 15:22:32.346] [DragCubeSystem]: Drag cubes not found or cannot be read for part Part. Generating New drag cubes.
[LOG 15:22:32.347] [KSPCF/DragCubeGeneration] Creating drag cubes for part 'solidBooster1-1'
[LOG 15:22:32.352] PartLoader: Compiling Part 'Squad/Parts/Engine/solidBoosterS2-17/solidBoosterS2-17/Thoroughbred'
[LOG 15:22:32.360] PartLoader: Part 'Squad/Parts/Engine/solidBoosterS2-17/solidBoosterS2-17/Thoroughbred' has no database record. Creating.
[LOG 15:22:32.360] [DragCubeSystem]: Drag cubes not found or cannot be read for part Part. Generating New drag cubes.
[LOG 15:22:32.360] [KSPCF/DragCubeGeneration] Creating drag cubes for part 'Thoroughbred'
[LOG 15:22:32.367] PartLoader: Compiling Part 'Squad/Parts/Engine/solidBoosterS2-33/solidBoosterS2-33/Clydesdale'
[LOG 15:22:32.373] PartLoader: Part 'Squad/Parts/Engine/solidBoosterS2-33/solidBoosterS2-33/Clydesdale' has no database record. Creating.
[LOG 15:22:32.373] [DragCubeSystem]: Drag cubes not found or cannot be read for part Part. Generating New drag cubes.
[LOG 15:22:32.373] [KSPCF/DragCubeGeneration] Creating drag cubes for part 'Clydesdale'
[LOG 15:22:32.378] PartLoader: Compiling Part 'Squad/Parts/Engine/solidBoosterSep/solidBoosterSep/sepMotor1'
[LOG 15:22:32.381] [ModuleCargoPart]: Setting stackableQuantity to 1 as sepMotor1 contains resources
[LOG 15:22:32.383] PartLoader: Part 'Squad/Parts/Engine/solidBoosterSep/solidBoosterSep/sepMotor1' has no database record. Creating.
[LOG 15:22:32.383] [DragCubeSystem]: Drag cubes not found or cannot be read for part Part. Generating New drag cubes.
[LOG 15:22:32.383] [KSPCF/DragCubeGeneration] Creating drag cubes for part 'sepMotor1'
[LOG 15:22:32.388] PartLoader: Compiling Part 'Squad/Parts/Engine/SolidBoostersF/SolidBoosterF3S0/Shrimp'
[LOG 15:22:32.395] PartLoader: Part 'Squad/Parts/Engine/SolidBoostersF/SolidBoosterF3S0/Shrimp' has no database record. Creating.
[LOG 15:22:32.395] [DragCubeSystem]: Drag cubes not found or cannot be read for part Part. Generating New drag cubes.
[LOG 15:22:32.395] [KSPCF/DragCubeGeneration] Creating drag cubes for part 'Shrimp'
[LOG 15:22:32.400] PartLoader: Compiling Part 'Squad/Parts/Engine/SolidBoostersF/SolidBoosterFM1/Mite'
[LOG 15:22:32.408] PartLoader: Part 'Squad/Parts/Engine/SolidBoostersF/SolidBoosterFM1/Mite' has no database record. Creating.
[LOG 15:22:32.408] [DragCubeSystem]: Drag cubes not found or cannot be read for part Part. Generating New drag cubes.
[LOG 15:22:32.408] [KSPCF/DragCubeGeneration] Creating drag cubes for part 'Mite'
[LOG 15:22:32.413] PartLoader: Compiling Part 'Squad/Parts/FuelTank/adapterTanks/Mk3-Mk2/adapterMk3-Mk2'
[LOG 15:22:32.415] PartLoader: Part 'Squad/Parts/FuelTank/adapterTanks/Mk3-Mk2/adapterMk3-Mk2' has no database record. Creating.
[LOG 15:22:32.415] [DragCubeSystem]: Drag cubes not found or cannot be read for part Part. Generating New drag cubes.
[LOG 15:22:32.416] [KSPCF/DragCubeGeneration] Creating drag cubes for part 'adapterMk3-Mk2'
[LOG 15:22:32.419] PartLoader: Compiling Part 'Squad/Parts/FuelTank/adapterTanks/Mk3-ShuttleAdapter/adapterEngines'
[LOG 15:22:32.421] PartLoader: Part 'Squad/Parts/FuelTank/adapterTanks/Mk3-ShuttleAdapter/adapterEngines' has no database record. Creating.
[LOG 15:22:32.422] [DragCubeSystem]: Drag cubes not found or cannot be read for part Part. Generating New drag cubes.
[LOG 15:22:32.422] [KSPCF/DragCubeGeneration] Creating drag cubes for part 'adapterEngines'
[LOG 15:22:32.425] PartLoader: Compiling Part 'Squad/Parts/FuelTank/adapterTanks/Mk3-Size2/adapterMk3-Size2'
[LOG 15:22:32.429] PartLoader: Part 'Squad/Parts/FuelTank/adapterTanks/Mk3-Size2/adapterMk3-Size2' has no database record. Creating.
[LOG 15:22:32.429] [DragCubeSystem]: Drag cubes not found or cannot be read for part Part. Generating New drag cubes.
[LOG 15:22:32.429] [KSPCF/DragCubeGeneration] Creating drag cubes for part 'adapterMk3-Size2'
[LOG 15:22:32.434] PartLoader: Compiling Part 'Squad/Parts/FuelTank/adapterTanks/Mk3-Size2Slant/adapterMk3-Size2Slant'
[LOG 15:22:32.436] PartLoader: Part 'Squad/Parts/FuelTank/adapterTanks/Mk3-Size2Slant/adapterMk3-Size2Slant' has no database record. Creating.
[LOG 15:22:32.436] [DragCubeSystem]: Drag cubes not found or cannot be read for part Part. Generating New drag cubes.
[LOG 15:22:32.436] [KSPCF/DragCubeGeneration] Creating drag cubes for part 'adapterMk3-Size2Slant'
[LOG 15:22:32.441] PartLoader: Compiling Part 'Squad/Parts/FuelTank/adapterTanks/Size2-Mk2/adapterSize2-Mk2'
[LOG 15:22:32.443] PartLoader: Part 'Squad/Parts/FuelTank/adapterTanks/Size2-Mk2/adapterSize2-Mk2' has no database record. Creating.
[LOG 15:22:32.443] [DragCubeSystem]: Drag cubes not found or cannot be read for part Part. Generating New drag cubes.
[LOG 15:22:32.443] [KSPCF/DragCubeGeneration] Creating drag cubes for part 'adapterSize2-Mk2'
[LOG 15:22:32.447] PartLoader: Compiling Part 'Squad/Parts/FuelTank/adapterTanks/Size2-Size1/adapterSize2-Size1'
[LOG 15:22:32.450] PartLoader: Part 'Squad/Parts/FuelTank/adapterTanks/Size2-Size1/adapterSize2-Size1' has no database record. Creating.
[LOG 15:22:32.450] [DragCubeSystem]: Drag cubes not found or cannot be read for part Part. Generating New drag cubes.
[LOG 15:22:32.450] [KSPCF/DragCubeGeneration] Creating drag cubes for part 'adapterSize2-Size1'
[LOG 15:22:32.454] PartLoader: Compiling Part 'Squad/Parts/FuelTank/adapterTanks/Size2-Size1Slant/adapterSize2-Size1Slant'
[LOG 15:22:32.456] PartLoader: Part 'Squad/Parts/FuelTank/adapterTanks/Size2-Size1Slant/adapterSize2-Size1Slant' has no database record. Creating.
[LOG 15:22:32.456] [DragCubeSystem]: Drag cubes not found or cannot be read for part Part. Generating New drag cubes.
[LOG 15:22:32.456] [KSPCF/DragCubeGeneration] Creating drag cubes for part 'adapterSize2-Size1Slant'
[LOG 15:22:32.460] PartLoader: Compiling Part 'Squad/Parts/FuelTank/adapterTanks/Size3-Mk3/adapterSize3-Mk3'
[LOG 15:22:32.463] PartLoader: Part 'Squad/Parts/FuelTank/adapterTanks/Size3-Mk3/adapterSize3-Mk3' has no database record. Creating.
[LOG 15:22:32.464] [DragCubeSystem]: Drag cubes not found or cannot be read for part Part. Generating New drag cubes.
[LOG 15:22:32.464] [KSPCF/DragCubeGeneration] Creating drag cubes for part 'adapterSize3-Mk3'
[LOG 15:22:32.468] PartLoader: Compiling Part 'Squad/Parts/FuelTank/drainTankFTE-1/ReleaseValve/ReleaseValve'
[LOG 15:22:32.478] PartLoader: Part 'Squad/Parts/FuelTank/drainTankFTE-1/ReleaseValve/ReleaseValve' has no database record. Creating.
[LOG 15:22:32.478] [DragCubeSystem]: Drag cubes not found or cannot be read for part Part. Generating New drag cubes.
[LOG 15:22:32.478] [KSPCF/DragCubeGeneration] Creating drag cubes for part 'ReleaseValve'
[LOG 15:22:32.482] PartLoader: Compiling Part 'Squad/Parts/FuelTank/FoilTanks/RadialTank_Capsule/externalTankCapsule'
[LOG 15:22:32.485] PartLoader: Part 'Squad/Parts/FuelTank/FoilTanks/RadialTank_Capsule/externalTankCapsule' has no database record. Creating.
[LOG 15:22:32.485] [DragCubeSystem]: Drag cubes not found or cannot be read for part Part. Generating New drag cubes.
[LOG 15:22:32.485] [KSPCF/DragCubeGeneration] Creating drag cubes for part 'externalTankCapsule'
[LOG 15:22:32.489] PartLoader: Compiling Part 'Squad/Parts/FuelTank/FoilTanks/RadialTank_Round/externalTankRound'
[LOG 15:22:32.493] PartLoader: Part 'Squad/Parts/FuelTank/FoilTanks/RadialTank_Round/externalTankRound' has no database record. Creating.
[LOG 15:22:32.493] [DragCubeSystem]: Drag cubes not found or cannot be read for part Part. Generating New drag cubes.
[LOG 15:22:32.493] [KSPCF/DragCubeGeneration] Creating drag cubes for part 'externalTankRound'
[LOG 15:22:32.498] PartLoader: Compiling Part 'Squad/Parts/FuelTank/FoilTanks/ToroidTank/externalTankToroid'
[LOG 15:22:32.501] PartLoader: Part 'Squad/Parts/FuelTank/FoilTanks/ToroidTank/externalTankToroid' has no database record. Creating.
[LOG 15:22:32.501] [DragCubeSystem]: Drag cubes not found or cannot be read for part Part. Generating New drag cubes.
[LOG 15:22:32.501] [KSPCF/DragCubeGeneration] Creating drag cubes for part 'externalTankToroid'
[LOG 15:22:32.505] PartLoader: Compiling Part 'Squad/Parts/FuelTank/fuelTankOscarB/fuelTankOscarB/miniFuelTank'
[LOG 15:22:32.508] PartLoader: Part 'Squad/Parts/FuelTank/fuelTankOscarB/fuelTankOscarB/miniFuelTank' has no database record. Creating.
[LOG 15:22:32.508] [DragCubeSystem]: Drag cubes not found or cannot be read for part Part. Generating New drag cubes.
[LOG 15:22:32.508] [KSPCF/DragCubeGeneration] Creating drag cubes for part 'miniFuelTank'
[LOG 15:22:32.513] PartLoader: Compiling Part 'Squad/Parts/FuelTank/miniFuselage/miniFuselage/miniFuselage'
[LOG 15:22:32.515] PartLoader: Part 'Squad/Parts/FuelTank/miniFuselage/miniFuselage/miniFuselage' has no database record. Creating.
[LOG 15:22:32.515] [DragCubeSystem]: Drag cubes not found or cannot be read for part Part. Generating New drag cubes.
[LOG 15:22:32.515] [KSPCF/DragCubeGeneration] Creating drag cubes for part 'miniFuselage'
[LOG 15:22:32.519] PartLoader: Compiling Part 'Squad/Parts/FuelTank/mk2Adapters/bicoupler/mk2_1m_Bicoupler'
[LOG 15:22:32.522] PartLoader: Part 'Squad/Parts/FuelTank/mk2Adapters/bicoupler/mk2_1m_Bicoupler' has no database record. Creating.
[LOG 15:22:32.522] [DragCubeSystem]: Drag cubes not found or cannot be read for part Part. Generating New drag cubes.
[LOG 15:22:32.523] [KSPCF/DragCubeGeneration] Creating drag cubes for part 'mk2.1m.Bicoupler'
[LOG 15:22:32.527] PartLoader: Compiling Part 'Squad/Parts/FuelTank/mk2Adapters/long/mk2_1m_AdapterLong'
[LOG 15:22:32.529] PartLoader: Part 'Squad/Parts/FuelTank/mk2Adapters/long/mk2_1m_AdapterLong' has no database record. Creating.
[LOG 15:22:32.530] [DragCubeSystem]: Drag cubes not found or cannot be read for part Part. Generating New drag cubes.
[LOG 15:22:32.530] [KSPCF/DragCubeGeneration] Creating drag cubes for part 'mk2.1m.AdapterLong'
[LOG 15:22:32.535] PartLoader: Compiling Part 'Squad/Parts/FuelTank/mk2Adapters/standard/mk2SpacePlaneAdapter'
[LOG 15:22:32.539] PartLoader: Part 'Squad/Parts/FuelTank/mk2Adapters/standard/mk2SpacePlaneAdapter' has no database record. Creating.
[LOG 15:22:32.539] [DragCubeSystem]: Drag cubes not found or cannot be read for part Part. Generating New drag cubes.
[LOG 15:22:32.539] [KSPCF/DragCubeGeneration] Creating drag cubes for part 'mk2SpacePlaneAdapter'
[LOG 15:22:32.544] PartLoader: Compiling Part 'Squad/Parts/FuelTank/mk2FuselageLong/LFO_long/mk2FuselageLongLFO'
[LOG 15:22:32.548] PartLoader: Part 'Squad/Parts/FuelTank/mk2FuselageLong/LFO_long/mk2FuselageLongLFO' has no database record. Creating.
[LOG 15:22:32.548] [DragCubeSystem]: Drag cubes not found or cannot be read for part Part. Generating New drag cubes.
[LOG 15:22:32.548] [KSPCF/DragCubeGeneration] Creating drag cubes for part 'mk2FuselageLongLFO'
[LOG 15:22:32.552] PartLoader: Compiling Part 'Squad/Parts/FuelTank/mk2FuselageLong/L_long/mk2Fuselage'
[LOG 15:22:32.555] PartLoader: Part 'Squad/Parts/FuelTank/mk2FuselageLong/L_long/mk2Fuselage' has no database record. Creating.
[LOG 15:22:32.555] [DragCubeSystem]: Drag cubes not found or cannot be read for part Part. Generating New drag cubes.
[LOG 15:22:32.555] [KSPCF/DragCubeGeneration] Creating drag cubes for part 'mk2Fuselage'
[LOG 15:22:32.559] PartLoader: Compiling Part 'Squad/Parts/FuelTank/mk2FuselageShort/LFO_short/mk2FuselageShortLFO'
[LOG 15:22:32.562] PartLoader: Part 'Squad/Parts/FuelTank/mk2FuselageShort/LFO_short/mk2FuselageShortLFO' has no database record. Creating.
[LOG 15:22:32.562] [DragCubeSystem]: Drag cubes not found or cannot be read for part Part. Generating New drag cubes.
[LOG 15:22:32.562] [KSPCF/DragCubeGeneration] Creating drag cubes for part 'mk2FuselageShortLFO'
[LOG 15:22:32.568] PartLoader: Compiling Part 'Squad/Parts/FuelTank/mk2FuselageShort/L_short/mk2FuselageShortLiquid'
[LOG 15:22:32.571] PartLoader: Part 'Squad/Parts/FuelTank/mk2FuselageShort/L_short/mk2FuselageShortLiquid' has no database record. Creating.
[LOG 15:22:32.571] [DragCubeSystem]: Drag cubes not found or cannot be read for part Part. Generating New drag cubes.
[LOG 15:22:32.571] [KSPCF/DragCubeGeneration] Creating drag cubes for part 'mk2FuselageShortLiquid'
[LOG 15:22:32.576] PartLoader: Compiling Part 'Squad/Parts/FuelTank/mk2FuselageShort/Mono_short/mk2FuselageShortMono'
[LOG 15:22:32.579] PartLoader: Part 'Squad/Parts/FuelTank/mk2FuselageShort/Mono_short/mk2FuselageShortMono' has no database record. Creating.
[LOG 15:22:32.579] [DragCubeSystem]: Drag cubes not found or cannot be read for part Part. Generating New drag cubes.
[LOG 15:22:32.579] [KSPCF/DragCubeGeneration] Creating drag cubes for part 'mk2FuselageShortMono'
[LOG 15:22:32.583] PartLoader: Compiling Part 'Squad/Parts/FuelTank/mk3Fuselage/CREW/mk3CrewCabin'
[LOG 15:22:32.588] PartLoader: Part 'Squad/Parts/FuelTank/mk3Fuselage/CREW/mk3CrewCabin' has no database record. Creating.
[LOG 15:22:32.588] [DragCubeSystem]: Drag cubes not found or cannot be read for part Part. Generating New drag cubes.
[LOG 15:22:32.588] [KSPCF/DragCubeGeneration] Creating drag cubes for part 'mk3CrewCabin'
[LOG 15:22:32.593] PartLoader: Compiling Part 'Squad/Parts/FuelTank/mk3Fuselage/LFO_100/mk3FuselageLFO_100'
[LOG 15:22:32.595] PartLoader: Part 'Squad/Parts/FuelTank/mk3Fuselage/LFO_100/mk3FuselageLFO_100' has no database record. Creating.
[LOG 15:22:32.595] [DragCubeSystem]: Drag cubes not found or cannot be read for part Part. Generating New drag cubes.
[LOG 15:22:32.595] [KSPCF/DragCubeGeneration] Creating drag cubes for part 'mk3FuselageLFO.100'
[LOG 15:22:32.599] PartLoader: Compiling Part 'Squad/Parts/FuelTank/mk3Fuselage/LFO_25/mk3FuselageLFO_25'
[LOG 15:22:32.602] PartLoader: Part 'Squad/Parts/FuelTank/mk3Fuselage/LFO_25/mk3FuselageLFO_25' has no database record. Creating.
[LOG 15:22:32.602] [DragCubeSystem]: Drag cubes not found or cannot be read for part Part. Generating New drag cubes.
[LOG 15:22:32.602] [KSPCF/DragCubeGeneration] Creating drag cubes for part 'mk3FuselageLFO.25'
[LOG 15:22:32.607] PartLoader: Compiling Part 'Squad/Parts/FuelTank/mk3Fuselage/LFO_50/mk3FuselageLFO_50'
[LOG 15:22:32.609] PartLoader: Part 'Squad/Parts/FuelTank/mk3Fuselage/LFO_50/mk3FuselageLFO_50' has no database record. Creating.
[LOG 15:22:32.609] [DragCubeSystem]: Drag cubes not found or cannot be read for part Part. Generating New drag cubes.
[LOG 15:22:32.609] [KSPCF/DragCubeGeneration] Creating drag cubes for part 'mk3FuselageLFO.50'
[LOG 15:22:32.613] PartLoader: Compiling Part 'Squad/Parts/FuelTank/mk3Fuselage/LF_100/mk3FuselageLF_100'
[LOG 15:22:32.616] PartLoader: Part 'Squad/Parts/FuelTank/mk3Fuselage/LF_100/mk3FuselageLF_100' has no database record. Creating.
[LOG 15:22:32.616] [DragCubeSystem]: Drag cubes not found or cannot be read for part Part. Generating New drag cubes.
[LOG 15:22:32.616] [KSPCF/DragCubeGeneration] Creating drag cubes for part 'mk3FuselageLF.100'
[LOG 15:22:32.620] PartLoader: Compiling Part 'Squad/Parts/FuelTank/mk3Fuselage/LF_25/mk3FuselageLF_25'
[LOG 15:22:32.622] PartLoader: Part 'Squad/Parts/FuelTank/mk3Fuselage/LF_25/mk3FuselageLF_25' has no database record. Creating.
[LOG 15:22:32.622] [DragCubeSystem]: Drag cubes not found or cannot be read for part Part. Generating New drag cubes.
[LOG 15:22:32.622] [KSPCF/DragCubeGeneration] Creating drag cubes for part 'mk3FuselageLF.25'
[LOG 15:22:32.626] PartLoader: Compiling Part 'Squad/Parts/FuelTank/mk3Fuselage/LF_50/mk3FuselageLF_50'
[LOG 15:22:32.628] PartLoader: Part 'Squad/Parts/FuelTank/mk3Fuselage/LF_50/mk3FuselageLF_50' has no database record. Creating.
[LOG 15:22:32.628] [DragCubeSystem]: Drag cubes not found or cannot be read for part Part. Generating New drag cubes.
[LOG 15:22:32.628] [KSPCF/DragCubeGeneration] Creating drag cubes for part 'mk3FuselageLF.50'
[LOG 15:22:32.632] PartLoader: Compiling Part 'Squad/Parts/FuelTank/mk3Fuselage/MONO/mk3FuselageMONO'
[LOG 15:22:32.635] PartLoader: Part 'Squad/Parts/FuelTank/mk3Fuselage/MONO/mk3FuselageMONO' has no database record. Creating.
[LOG 15:22:32.635] [DragCubeSystem]: Drag cubes not found or cannot be read for part Part. Generating New drag cubes.
[LOG 15:22:32.636] [KSPCF/DragCubeGeneration] Creating drag cubes for part 'mk3FuselageMONO'
[LOG 15:22:32.640] PartLoader: Compiling Part 'Squad/Parts/FuelTank/RCSFuelTankR1/RCSFuelTankR1/RCSTank1-2'
[LOG 15:22:32.642] PartLoader: Part 'Squad/Parts/FuelTank/RCSFuelTankR1/RCSFuelTankR1/RCSTank1-2' has no database record. Creating.
[LOG 15:22:32.642] [DragCubeSystem]: Drag cubes not found or cannot be read for part Part. Generating New drag cubes.
[LOG 15:22:32.642] [KSPCF/DragCubeGeneration] Creating drag cubes for part 'RCSTank1-2'
[LOG 15:22:32.647] PartLoader: Compiling Part 'Squad/Parts/FuelTank/RCSFuelTankR10/RCSFuelTankR10/rcsTankMini'
[LOG 15:22:32.649] PartLoader: Part 'Squad/Parts/FuelTank/RCSFuelTankR10/RCSFuelTankR10/rcsTankMini' has no database record. Creating.
[LOG 15:22:32.649] [DragCubeSystem]: Drag cubes not found or cannot be read for part Part. Generating New drag cubes.
[LOG 15:22:32.649] [KSPCF/DragCubeGeneration] Creating drag cubes for part 'rcsTankMini'
[LOG 15:22:32.653] PartLoader: Compiling Part 'Squad/Parts/FuelTank/RCSFuelTankR25/RCSFuelTankR25/RCSFuelTank'
[LOG 15:22:32.656] PartLoader: Part 'Squad/Parts/FuelTank/RCSFuelTankR25/RCSFuelTankR25/RCSFuelTank' has no database record. Creating.
[LOG 15:22:32.656] [DragCubeSystem]: Drag cubes not found or cannot be read for part Part. Generating New drag cubes.
[LOG 15:22:32.656] [KSPCF/DragCubeGeneration] Creating drag cubes for part 'RCSFuelTank'
[LOG 15:22:32.660] PartLoader: Compiling Part 'Squad/Parts/FuelTank/RCSTankRadial/radialRCSTank/radialRCSTank'
[LOG 15:22:32.663] PartLoader: Part 'Squad/Parts/FuelTank/RCSTankRadial/radialRCSTank/radialRCSTank' has no database record. Creating.
[LOG 15:22:32.663] [DragCubeSystem]: Drag cubes not found or cannot be read for part Part. Generating New drag cubes.
[LOG 15:22:32.663] [KSPCF/DragCubeGeneration] Creating drag cubes for part 'radialRCSTank'
[LOG 15:22:32.667] PartLoader: Compiling Part 'Squad/Parts/FuelTank/RCStankRadialLong/RCSTankRadialLong/rcsTankRadialLong'
[LOG 15:22:32.670] PartLoader: Part 'Squad/Parts/FuelTank/RCStankRadialLong/RCSTankRadialLong/rcsTankRadialLong' has no database record. Creating.
[LOG 15:22:32.670] [DragCubeSystem]: Drag cubes not found or cannot be read for part Part. Generating New drag cubes.
[LOG 15:22:32.671] [KSPCF/DragCubeGeneration] Creating drag cubes for part 'rcsTankRadialLong'
[LOG 15:22:32.675] PartLoader: Compiling Part 'Squad/Parts/FuelTank/RockomaxTanks/Rockomax16/Rockomax16_BW'
[LOG 15:22:32.678] PartLoader: Part 'Squad/Parts/FuelTank/RockomaxTanks/Rockomax16/Rockomax16_BW' has no database record. Creating.
[LOG 15:22:32.678] [DragCubeSystem]: Drag cubes not found or cannot be read for part Part. Generating New drag cubes.
[LOG 15:22:32.678] [KSPCF/DragCubeGeneration] Creating drag cubes for part 'Rockomax16.BW'
[LOG 15:22:32.682] PartLoader: Compiling Part 'Squad/Parts/FuelTank/RockomaxTanks/Rockomax32/Rockomax32_BW'
[LOG 15:22:32.685] PartLoader: Part 'Squad/Parts/FuelTank/RockomaxTanks/Rockomax32/Rockomax32_BW' has no database record. Creating.
[LOG 15:22:32.685] [DragCubeSystem]: Drag cubes not found or cannot be read for part Part. Generating New drag cubes.
[LOG 15:22:32.685] [KSPCF/DragCubeGeneration] Creating drag cubes for part 'Rockomax32.BW'
[LOG 15:22:32.701] PartLoader: Compiling Part 'Squad/Parts/FuelTank/RockomaxTanks/Rockomax64/Rockomax64_BW'
[LOG 15:22:32.703] PartLoader: Part 'Squad/Parts/FuelTank/RockomaxTanks/Rockomax64/Rockomax64_BW' has no database record. Creating.
[LOG 15:22:32.704] [DragCubeSystem]: Drag cubes not found or cannot be read for part Part. Generating New drag cubes.
[LOG 15:22:32.704] [KSPCF/DragCubeGeneration] Creating drag cubes for part 'Rockomax64.BW'
[LOG 15:22:32.713] PartLoader: Compiling Part 'Squad/Parts/FuelTank/RockomaxTanks/Rockomax8/Rockomax8BW'
[LOG 15:22:32.716] PartLoader: Part 'Squad/Parts/FuelTank/RockomaxTanks/Rockomax8/Rockomax8BW' has no database record. Creating.
[LOG 15:22:32.716] [DragCubeSystem]: Drag cubes not found or cannot be read for part Part. Generating New drag cubes.
[LOG 15:22:32.717] [KSPCF/DragCubeGeneration] Creating drag cubes for part 'Rockomax8BW'
[LOG 15:22:32.727] PartLoader: Compiling Part 'Squad/Parts/FuelTank/Size1_Tanks/fuelTankT100/fuelTankSmallFlat'
[LOG 15:22:32.730] PartLoader: Part 'Squad/Parts/FuelTank/Size1_Tanks/fuelTankT100/fuelTankSmallFlat' has no database record. Creating.
[LOG 15:22:32.730] [DragCubeSystem]: Drag cubes not found or cannot be read for part Part. Generating New drag cubes.
[LOG 15:22:32.730] [KSPCF/DragCubeGeneration] Creating drag cubes for part 'fuelTankSmallFlat'
[LOG 15:22:32.735] PartLoader: Compiling Part 'Squad/Parts/FuelTank/Size1_Tanks/fuelTankT200/fuelTankSmall'
[LOG 15:22:32.738] PartLoader: Part 'Squad/Parts/FuelTank/Size1_Tanks/fuelTankT200/fuelTankSmall' has no database record. Creating.
[LOG 15:22:32.738] [DragCubeSystem]: Drag cubes not found or cannot be read for part Part. Generating New drag cubes.
[LOG 15:22:32.738] [KSPCF/DragCubeGeneration] Creating drag cubes for part 'fuelTankSmall'
[LOG 15:22:32.743] PartLoader: Compiling Part 'Squad/Parts/FuelTank/Size1_Tanks/fuelTankT400/fuelTank'
[LOG 15:22:32.746] PartLoader: Part 'Squad/Parts/FuelTank/Size1_Tanks/fuelTankT400/fuelTank' has no database record. Creating.
[LOG 15:22:32.746] [DragCubeSystem]: Drag cubes not found or cannot be read for part Part. Generating New drag cubes.
[LOG 15:22:32.746] [KSPCF/DragCubeGeneration] Creating drag cubes for part 'fuelTank'
[LOG 15:22:32.750] PartLoader: Compiling Part 'Squad/Parts/FuelTank/Size1_Tanks/fuelTankT800/fuelTank_long'
[LOG 15:22:32.753] PartLoader: Part 'Squad/Parts/FuelTank/Size1_Tanks/fuelTankT800/fuelTank_long' has no database record. Creating.
[LOG 15:22:32.753] [DragCubeSystem]: Drag cubes not found or cannot be read for part Part. Generating New drag cubes.
[LOG 15:22:32.753] [KSPCF/DragCubeGeneration] Creating drag cubes for part 'fuelTank.long'
[LOG 15:22:32.759] PartLoader: Compiling Part 'Squad/Parts/FuelTank/Size3Tanks/large/Size3LargeTank'
[LOG 15:22:32.761] PartLoader: Part 'Squad/Parts/FuelTank/Size3Tanks/large/Size3LargeTank' has no database record. Creating.
[LOG 15:22:32.762] [DragCubeSystem]: Drag cubes not found or cannot be read for part Part. Generating New drag cubes.
[LOG 15:22:32.762] [KSPCF/DragCubeGeneration] Creating drag cubes for part 'Size3LargeTank'
[LOG 15:22:32.766] PartLoader: Compiling Part 'Squad/Parts/FuelTank/Size3Tanks/medium/Size3MediumTank'
[LOG 15:22:32.770] PartLoader: Part 'Squad/Parts/FuelTank/Size3Tanks/medium/Size3MediumTank' has no database record. Creating.
[LOG 15:22:32.770] [DragCubeSystem]: Drag cubes not found or cannot be read for part Part. Generating New drag cubes.
[LOG 15:22:32.770] [KSPCF/DragCubeGeneration] Creating drag cubes for part 'Size3MediumTank'
[LOG 15:22:32.775] PartLoader: Compiling Part 'Squad/Parts/FuelTank/Size3Tanks/small/Size3SmallTank'
[LOG 15:22:32.777] PartLoader: Part 'Squad/Parts/FuelTank/Size3Tanks/small/Size3SmallTank' has no database record. Creating.
[LOG 15:22:32.777] [DragCubeSystem]: Drag cubes not found or cannot be read for part Part. Generating New drag cubes.
[LOG 15:22:32.778] [KSPCF/DragCubeGeneration] Creating drag cubes for part 'Size3SmallTank'
[LOG 15:22:32.782] PartLoader: Compiling Part 'Squad/Parts/FuelTank/xenonTank/xenonTank/xenonTank'
[LOG 15:22:32.784] PartLoader: Part 'Squad/Parts/FuelTank/xenonTank/xenonTank/xenonTank' has no database record. Creating.
[LOG 15:22:32.785] [DragCubeSystem]: Drag cubes not found or cannot be read for part Part. Generating New drag cubes.
[LOG 15:22:32.785] [KSPCF/DragCubeGeneration] Creating drag cubes for part 'xenonTank'
[LOG 15:22:32.789] PartLoader: Compiling Part 'Squad/Parts/FuelTank/xenonTankLarge/xenonTankLarge/xenonTankLarge'
[LOG 15:22:32.792] PartLoader: Part 'Squad/Parts/FuelTank/xenonTankLarge/xenonTankLarge/xenonTankLarge' has no database record. Creating.
[LOG 15:22:32.792] [DragCubeSystem]: Drag cubes not found or cannot be read for part Part. Generating New drag cubes.
[LOG 15:22:32.793] [KSPCF/DragCubeGeneration] Creating drag cubes for part 'xenonTankLarge'
[LOG 15:22:32.798] PartLoader: Compiling Part 'Squad/Parts/FuelTank/xenonTankRadial/xenonTankRadial/xenonTankRadial'
[LOG 15:22:32.800] PartLoader: Part 'Squad/Parts/FuelTank/xenonTankRadial/xenonTankRadial/xenonTankRadial' has no database record. Creating.
[LOG 15:22:32.800] [DragCubeSystem]: Drag cubes not found or cannot be read for part Part. Generating New drag cubes.
[LOG 15:22:32.800] [KSPCF/DragCubeGeneration] Creating drag cubes for part 'xenonTankRadial'
[LOG 15:22:32.805] PartLoader: Compiling Part 'Squad/Parts/Misc/AsteroidDay/CamSat/InfraredTelescope'
[LOG 15:22:32.811] PartLoader: Part 'Squad/Parts/Misc/AsteroidDay/CamSat/InfraredTelescope' has no database record. Creating.
[LOG 15:22:32.811] [DragCubeSystem]: Drag cubes not found or cannot be read for part Part. Generating New drag cubes.
[LOG 15:22:32.811] [KSPCF/DragCubeGeneration] Creating drag cubes for part 'InfraredTelescope'
[LOG 15:22:32.816] PartLoader: Compiling Part 'Squad/Parts/Misc/AsteroidDay/HECS2/HECS2_ProbeCore'
[LOG 15:22:32.823] PartLoader: Part 'Squad/Parts/Misc/AsteroidDay/HECS2/HECS2_ProbeCore' has no database record. Creating.
[LOG 15:22:32.823] [DragCubeSystem]: Drag cubes not found or cannot be read for part Part. Generating New drag cubes.
[LOG 15:22:32.823] [KSPCF/DragCubeGeneration] Creating drag cubes for part 'HECS2.ProbeCore'
[LOG 15:22:32.829] PartLoader: Compiling Part 'Squad/Parts/Misc/AsteroidDay/HighGainAntenna/HighGainAntenna'
[LOG 15:22:32.837] PartLoader: Part 'Squad/Parts/Misc/AsteroidDay/HighGainAntenna/HighGainAntenna' has no database record. Creating.
[LOG 15:22:32.837] [DragCubeSystem]: Drag cubes not found or cannot be read for part Part. Generating New drag cubes.
[LOG 15:22:32.837] [KSPCF/DragCubeGeneration] Creating drag cubes for part 'HighGainAntenna'
[LOG 15:22:32.850] PartLoader: Compiling Part 'Squad/Parts/Misc/AsteroidDay/LgRadialSolar/LgRadialSolarPanel'
[LOG 15:22:32.853] PartLoader: Part 'Squad/Parts/Misc/AsteroidDay/LgRadialSolar/LgRadialSolarPanel' has no database record. Creating.
[LOG 15:22:32.853] [DragCubeSystem]: Drag cubes not found or cannot be read for part Part. Generating New drag cubes.
[LOG 15:22:32.853] [KSPCF/DragCubeGeneration] Creating drag cubes for part 'LgRadialSolarPanel'
[LOG 15:22:32.860] PartLoader: Compiling Part 'Squad/Parts/Misc/PotatoComet/part/PotatoComet'
[LOG 15:22:32.871] PartLoader: Part 'Squad/Parts/Misc/PotatoComet/part/PotatoComet' has no database record. Creating.
[LOG 15:22:32.872] PartLoader: Compiling Part 'Squad/Parts/Misc/PotatoRoid/part/PotatoRoid'
[LOG 15:22:32.882] PartLoader: Part 'Squad/Parts/Misc/PotatoRoid/part/PotatoRoid' has no database record. Creating.
[LOG 15:22:32.882] PartLoader: Compiling Part 'Squad/Parts/Prebuilt/flag/flag'
[LOG 15:22:32.885] PartLoader: Compiling Part 'Squad/Parts/Prebuilt/kerbalEVA/kerbalEVA'
[LOG 15:22:32.901] PartLoader: Compiling Part 'Squad/Parts/Prebuilt/kerbalEVAfemale/kerbalEVAfemale'
[LOG 15:22:32.907] PartLoader: Compiling Part 'Squad/Parts/Prebuilt/kerbalEVASlimSuit/kerbalEVASlimSuit'
[LOG 15:22:32.912] PartLoader: Compiling Part 'Squad/Parts/Prebuilt/kerbalEVASlimSuitFemale/kerbalEVASlimSuitFemale'
[LOG 15:22:32.918] PartLoader: Compiling Part 'Squad/Parts/Resources/FuelCell/FuelCell/FuelCell'
[LOG 15:22:32.926] PartLoader: Part 'Squad/Parts/Resources/FuelCell/FuelCell/FuelCell' has no database record. Creating.
[LOG 15:22:32.926] [DragCubeSystem]: Drag cubes not found or cannot be read for part Part. Generating New drag cubes.
[LOG 15:22:32.926] [KSPCF/DragCubeGeneration] Creating drag cubes for part 'FuelCell'
[LOG 15:22:32.932] PartLoader: Compiling Part 'Squad/Parts/Resources/FuelCell/FuelCellArray/FuelCellArray'
[LOG 15:22:32.935] PartLoader: Part 'Squad/Parts/Resources/FuelCell/FuelCellArray/FuelCellArray' has no database record. Creating.
[LOG 15:22:32.935] [DragCubeSystem]: Drag cubes not found or cannot be read for part Part. Generating New drag cubes.
[LOG 15:22:32.935] [KSPCF/DragCubeGeneration] Creating drag cubes for part 'FuelCellArray'
[LOG 15:22:32.941] PartLoader: Compiling Part 'Squad/Parts/Resources/ISRU/ISRU/ISRU'
[LOG 15:22:32.949] PartLoader: Part 'Squad/Parts/Resources/ISRU/ISRU/ISRU' has no database record. Creating.
[LOG 15:22:32.949] [DragCubeSystem]: Drag cubes not found or cannot be read for part Part. Generating New drag cubes.
[LOG 15:22:32.949] [KSPCF/DragCubeGeneration] Creating drag cubes for part 'ISRU'
[LOG 15:22:32.962] PartLoader: Compiling Part 'Squad/Parts/Resources/LargeTank/LargeTank/LargeTank'
[LOG 15:22:32.966] PartLoader: Part 'Squad/Parts/Resources/LargeTank/LargeTank/LargeTank' has no database record. Creating.
[LOG 15:22:32.966] [DragCubeSystem]: Drag cubes not found or cannot be read for part Part. Generating New drag cubes.
[LOG 15:22:32.967] [KSPCF/DragCubeGeneration] Creating drag cubes for part 'LargeTank'
[LOG 15:22:32.971] PartLoader: Compiling Part 'Squad/Parts/Resources/MiniDrill/MiniDrill/MiniDrill'
[LOG 15:22:32.987] PartLoader: Part 'Squad/Parts/Resources/MiniDrill/MiniDrill/MiniDrill' has no database record. Creating.
[LOG 15:22:32.987] [DragCubeSystem]: Drag cubes not found or cannot be read for part Part. Generating New drag cubes.
[LOG 15:22:32.987] [KSPCF/DragCubeGeneration] Creating drag cubes for part 'MiniDrill'
[LOG 15:22:33.009] PartLoader: Compiling Part 'Squad/Parts/Resources/MiniISRU/MiniISRU/MiniISRU'
[LOG 15:22:33.015] PartLoader: Part 'Squad/Parts/Resources/MiniISRU/MiniISRU/MiniISRU' has no database record. Creating.
[LOG 15:22:33.015] [DragCubeSystem]: Drag cubes not found or cannot be read for part Part. Generating New drag cubes.
[LOG 15:22:33.015] [KSPCF/DragCubeGeneration] Creating drag cubes for part 'MiniISRU'
[LOG 15:22:33.020] PartLoader: Compiling Part 'Squad/Parts/Resources/OrbitalScanner/OrbitalScanner/OrbitalScanner'
[LOG 15:22:33.029] PartLoader: Part 'Squad/Parts/Resources/OrbitalScanner/OrbitalScanner/OrbitalScanner' has no database record. Creating.
[LOG 15:22:33.029] [DragCubeSystem]: Drag cubes not found or cannot be read for part Part. Generating New drag cubes.
[LOG 15:22:33.029] [KSPCF/DragCubeGeneration] Creating drag cubes for part 'OrbitalScanner'
[LOG 15:22:33.041] PartLoader: Compiling Part 'Squad/Parts/Resources/RadialDrill/RadialDrill/RadialDrill'
[LOG 15:22:33.048] PartLoader: Part 'Squad/Parts/Resources/RadialDrill/RadialDrill/RadialDrill' has no database record. Creating.
[LOG 15:22:33.048] [DragCubeSystem]: Drag cubes not found or cannot be read for part Part. Generating New drag cubes.
[LOG 15:22:33.048] [KSPCF/DragCubeGeneration] Creating drag cubes for part 'RadialDrill'
[LOG 15:22:33.071] PartLoader: Compiling Part 'Squad/Parts/Resources/RadialTank/RadialTank/RadialOreTank'
[LOG 15:22:33.074] PartLoader: Part 'Squad/Parts/Resources/RadialTank/RadialTank/RadialOreTank' has no database record. Creating.
[LOG 15:22:33.074] [DragCubeSystem]: Drag cubes not found or cannot be read for part Part. Generating New drag cubes.
[LOG 15:22:33.074] [KSPCF/DragCubeGeneration] Creating drag cubes for part 'RadialOreTank'
[LOG 15:22:33.078] PartLoader: Compiling Part 'Squad/Parts/Resources/SmallTank/SmallTank/SmallTank'
[LOG 15:22:33.080] PartLoader: Part 'Squad/Parts/Resources/SmallTank/SmallTank/SmallTank' has no database record. Creating.
[LOG 15:22:33.080] [DragCubeSystem]: Drag cubes not found or cannot be read for part Part. Generating New drag cubes.
[LOG 15:22:33.080] [KSPCF/DragCubeGeneration] Creating drag cubes for part 'SmallTank'
[LOG 15:22:33.084] PartLoader: Compiling Part 'Squad/Parts/Resources/SurfaceScanner/SurfaceScanner/SurfaceScanner'
[LOG 15:22:33.097] PartLoader: Part 'Squad/Parts/Resources/SurfaceScanner/SurfaceScanner/SurfaceScanner' has no database record. Creating.
[LOG 15:22:33.097] [DragCubeSystem]: Drag cubes not found or cannot be read for part Part. Generating New drag cubes.
[LOG 15:22:33.097] [KSPCF/DragCubeGeneration] Creating drag cubes for part 'SurfaceScanner'
[LOG 15:22:33.102] PartLoader: Compiling Part 'Squad/Parts/Resources/SurveyScanner/SurveyScanner/SurveyScanner'
[LOG 15:22:33.116] PartLoader: Part 'Squad/Parts/Resources/SurveyScanner/SurveyScanner/SurveyScanner' has no database record. Creating.
[LOG 15:22:33.116] [DragCubeSystem]: Drag cubes not found or cannot be read for part Part. Generating New drag cubes.
[LOG 15:22:33.116] [KSPCF/DragCubeGeneration] Creating drag cubes for part 'SurveyScanner'
[LOG 15:22:33.128] PartLoader: Compiling Part 'Squad/Parts/Science/AtmosphereSensor/sensorAtmosphere/sensorAtmosphere'
[LOG 15:22:33.131] PartLoader: Part 'Squad/Parts/Science/AtmosphereSensor/sensorAtmosphere/sensorAtmosphere' has no database record. Creating.
[LOG 15:22:33.131] [DragCubeSystem]: Drag cubes not found or cannot be read for part Part. Generating New drag cubes.
[LOG 15:22:33.131] [KSPCF/DragCubeGeneration] Creating drag cubes for part 'sensorAtmosphere'
[LOG 15:22:33.135] PartLoader: Compiling Part 'Squad/Parts/Science/GooExperiment/gooExperiment/GooExperiment'
[LOG 15:22:33.138] PartLoader: Part 'Squad/Parts/Science/GooExperiment/gooExperiment/GooExperiment' has no database record. Creating.
[LOG 15:22:33.138] [DragCubeSystem]: Drag cubes not found or cannot be read for part Part. Generating New drag cubes.
[LOG 15:22:33.139] [KSPCF/DragCubeGeneration] Creating drag cubes for part 'GooExperiment'
[LOG 15:22:33.148] PartLoader: Compiling Part 'Squad/Parts/Science/LargeCrewedLab/largeCrewedLab/Large_Crewed_Lab'
[LOG 15:22:33.163] PartLoader: Part 'Squad/Parts/Science/LargeCrewedLab/largeCrewedLab/Large_Crewed_Lab' has no database record. Creating.
[LOG 15:22:33.163] [DragCubeSystem]: Drag cubes not found or cannot be read for part Part. Generating New drag cubes.
[LOG 15:22:33.163] [KSPCF/DragCubeGeneration] Creating drag cubes for part 'Large.Crewed.Lab'
[LOG 15:22:33.168] PartLoader: Compiling Part 'Squad/Parts/Science/Magnetometer/Magnetometer/Magnetometer'
[LOG 15:22:33.177] PartLoader: Part 'Squad/Parts/Science/Magnetometer/Magnetometer/Magnetometer' has no database record. Creating.
[LOG 15:22:33.177] [DragCubeSystem]: Drag cubes not found or cannot be read for part Part. Generating New drag cubes.
[LOG 15:22:33.177] [KSPCF/DragCubeGeneration] Creating drag cubes for part 'Magnetometer'
[LOG 15:22:33.191] PartLoader: Compiling Part 'Squad/Parts/Science/MaterialBay/materialBay/science_module'
[LOG 15:22:33.195] PartLoader: Part 'Squad/Parts/Science/MaterialBay/materialBay/science_module' has no database record. Creating.
[LOG 15:22:33.195] [DragCubeSystem]: Drag cubes not found or cannot be read for part Part. Generating New drag cubes.
[LOG 15:22:33.195] [KSPCF/DragCubeGeneration] Creating drag cubes for part 'science.module'
[LOG 15:22:33.206] PartLoader: Compiling Part 'Squad/Parts/Science/ScienceBox/ScienceBox/ScienceBox'
[LOG 15:22:33.210] PartLoader: Part 'Squad/Parts/Science/ScienceBox/ScienceBox/ScienceBox' has no database record. Creating.
[LOG 15:22:33.210] [DragCubeSystem]: Drag cubes not found or cannot be read for part Part. Generating New drag cubes.
[LOG 15:22:33.210] [KSPCF/DragCubeGeneration] Creating drag cubes for part 'ScienceBox'
[LOG 15:22:33.214] PartLoader: Compiling Part 'Squad/Parts/Science/sensorAccelerometer/sensorAccelerometer/sensorAccelerometer'
[LOG 15:22:33.220] PartLoader: Part 'Squad/Parts/Science/sensorAccelerometer/sensorAccelerometer/sensorAccelerometer' has no database record. Creating.
[LOG 15:22:33.220] [DragCubeSystem]: Drag cubes not found or cannot be read for part Part. Generating New drag cubes.
[LOG 15:22:33.221] [KSPCF/DragCubeGeneration] Creating drag cubes for part 'sensorAccelerometer'
[LOG 15:22:33.225] PartLoader: Compiling Part 'Squad/Parts/Science/sensorBarometer/sensorBarometer/sensorBarometer'
[LOG 15:22:33.228] PartLoader: Part 'Squad/Parts/Science/sensorBarometer/sensorBarometer/sensorBarometer' has no database record. Creating.
[LOG 15:22:33.228] [DragCubeSystem]: Drag cubes not found or cannot be read for part Part. Generating New drag cubes.
[LOG 15:22:33.228] [KSPCF/DragCubeGeneration] Creating drag cubes for part 'sensorBarometer'
[LOG 15:22:33.232] PartLoader: Compiling Part 'Squad/Parts/Science/sensorGravimeter/sensorGravimeter/sensorGravimeter'
[LOG 15:22:33.236] PartLoader: Part 'Squad/Parts/Science/sensorGravimeter/sensorGravimeter/sensorGravimeter' has no database record. Creating.
[LOG 15:22:33.237] [DragCubeSystem]: Drag cubes not found or cannot be read for part Part. Generating New drag cubes.
[LOG 15:22:33.237] [KSPCF/DragCubeGeneration] Creating drag cubes for part 'sensorGravimeter'
[LOG 15:22:33.241] PartLoader: Compiling Part 'Squad/Parts/Science/sensorThermometer/sensorThermometer/sensorThermometer'
[LOG 15:22:33.245] PartLoader: Part 'Squad/Parts/Science/sensorThermometer/sensorThermometer/sensorThermometer' has no database record. Creating.
[LOG 15:22:33.245] [DragCubeSystem]: Drag cubes not found or cannot be read for part Part. Generating New drag cubes.
[LOG 15:22:33.245] [KSPCF/DragCubeGeneration] Creating drag cubes for part 'sensorThermometer'
[LOG 15:22:33.249] PartLoader: Compiling Part 'Squad/Parts/Structural/FLAdapters/adapterSmallMiniShort/adapterSmallMiniShort'
[LOG 15:22:33.251] PartLoader: Part 'Squad/Parts/Structural/FLAdapters/adapterSmallMiniShort/adapterSmallMiniShort' has no database record. Creating.
[LOG 15:22:33.252] [DragCubeSystem]: Drag cubes not found or cannot be read for part Part. Generating New drag cubes.
[LOG 15:22:33.252] [KSPCF/DragCubeGeneration] Creating drag cubes for part 'adapterSmallMiniShort'
[LOG 15:22:33.255] PartLoader: Compiling Part 'Squad/Parts/Structural/FLAdapters/adapterSmallMiniTall/adapterSmallMiniTall'
[LOG 15:22:33.258] PartLoader: Part 'Squad/Parts/Structural/FLAdapters/adapterSmallMiniTall/adapterSmallMiniTall' has no database record. Creating.
[LOG 15:22:33.258] [DragCubeSystem]: Drag cubes not found or cannot be read for part Part. Generating New drag cubes.
[LOG 15:22:33.258] [KSPCF/DragCubeGeneration] Creating drag cubes for part 'adapterSmallMiniTall'
[LOG 15:22:33.262] PartLoader: Compiling Part 'Squad/Parts/Structural/mk1Parts/engineBodyRadial/radialEngineBody'
[LOG 15:22:33.265] PartLoader: Part 'Squad/Parts/Structural/mk1Parts/engineBodyRadial/radialEngineBody' has no database record. Creating.
[LOG 15:22:33.265] [DragCubeSystem]: Drag cubes not found or cannot be read for part Part. Generating New drag cubes.
[LOG 15:22:33.265] [KSPCF/DragCubeGeneration] Creating drag cubes for part 'radialEngineBody'
[LOG 15:22:33.269] PartLoader: Compiling Part 'Squad/Parts/Structural/mk1Parts/engineNacelle/nacelleBody'
[LOG 15:22:33.273] PartLoader: Part 'Squad/Parts/Structural/mk1Parts/engineNacelle/nacelleBody' has no database record. Creating.
[LOG 15:22:33.273] [DragCubeSystem]: Drag cubes not found or cannot be read for part Part. Generating New drag cubes.
[LOG 15:22:33.273] [KSPCF/DragCubeGeneration] Creating drag cubes for part 'nacelleBody'
[LOG 15:22:33.277] PartLoader: Compiling Part 'Squad/Parts/Structural/mk1Parts/mk1Fuselage/MK1Fuselage'
[LOG 15:22:33.280] PartLoader: Part 'Squad/Parts/Structural/mk1Parts/mk1Fuselage/MK1Fuselage' has no database record. Creating.
[LOG 15:22:33.280] [DragCubeSystem]: Drag cubes not found or cannot be read for part Part. Generating New drag cubes.
[LOG 15:22:33.280] [KSPCF/DragCubeGeneration] Creating drag cubes for part 'MK1Fuselage'
[LOG 15:22:33.284] PartLoader: Compiling Part 'Squad/Parts/Structural/mk1Parts/mk1FuselageIntake/MK1IntakeFuselage'
[LOG 15:22:33.287] PartLoader: Part 'Squad/Parts/Structural/mk1Parts/mk1FuselageIntake/MK1IntakeFuselage' has no database record. Creating.
[LOG 15:22:33.287] [DragCubeSystem]: Drag cubes not found or cannot be read for part Part. Generating New drag cubes.
[LOG 15:22:33.287] [KSPCF/DragCubeGeneration] Creating drag cubes for part 'MK1IntakeFuselage'
[LOG 15:22:33.292] PartLoader: Compiling Part 'Squad/Parts/Structural/mk1Parts/mk1Structural/Mk1FuselageStructural'
[LOG 15:22:33.294] PartLoader: Part 'Squad/Parts/Structural/mk1Parts/mk1Structural/Mk1FuselageStructural' has no database record. Creating.
[LOG 15:22:33.295] PartLoader: Compiling Part 'Squad/Parts/Structural/Size3To2Adapter_v2/Size2to3_v2/Size3To2Adapter_v2'
[LOG 15:22:33.297] PartLoader: Part 'Squad/Parts/Structural/Size3To2Adapter_v2/Size2to3_v2/Size3To2Adapter_v2' has no database record. Creating.
[LOG 15:22:33.297] PartLoader: Compiling Part 'Squad/Parts/Structural/stackAdapters/adapterLargeSmallBi/adapterLargeSmallBi'
[LOG 15:22:33.300] PartLoader: Part 'Squad/Parts/Structural/stackAdapters/adapterLargeSmallBi/adapterLargeSmallBi' has no database record. Creating.
[LOG 15:22:33.300] [DragCubeSystem]: Drag cubes not found or cannot be read for part Part. Generating New drag cubes.
[LOG 15:22:33.300] [KSPCF/DragCubeGeneration] Creating drag cubes for part 'adapterLargeSmallBi'
[LOG 15:22:33.304] PartLoader: Compiling Part 'Squad/Parts/Structural/stackAdapters/adapterLargeSmallQuad/adapterLargeSmallQuad'
[LOG 15:22:33.312] PartLoader: Part 'Squad/Parts/Structural/stackAdapters/adapterLargeSmallQuad/adapterLargeSmallQuad' has no database record. Creating.
[LOG 15:22:33.312] [DragCubeSystem]: Drag cubes not found or cannot be read for part Part. Generating New drag cubes.
[LOG 15:22:33.312] [KSPCF/DragCubeGeneration] Creating drag cubes for part 'adapterLargeSmallQuad'
[LOG 15:22:33.316] PartLoader: Compiling Part 'Squad/Parts/Structural/stackAdapters/adapterLargeSmallTri/adapterLargeSmallTri'
[LOG 15:22:33.319] PartLoader: Part 'Squad/Parts/Structural/stackAdapters/adapterLargeSmallTri/adapterLargeSmallTri' has no database record. Creating.
[LOG 15:22:33.319] [DragCubeSystem]: Drag cubes not found or cannot be read for part Part. Generating New drag cubes.
[LOG 15:22:33.319] [KSPCF/DragCubeGeneration] Creating drag cubes for part 'adapterLargeSmallTri'
[LOG 15:22:33.323] PartLoader: Compiling Part 'Squad/Parts/Structural/stationHub/stationHub/stationHub'
[LOG 15:22:33.325] PartLoader: Part 'Squad/Parts/Structural/stationHub/stationHub/stationHub' has no database record. Creating.
[LOG 15:22:33.325] [DragCubeSystem]: Drag cubes not found or cannot be read for part Part. Generating New drag cubes.
[LOG 15:22:33.325] [KSPCF/DragCubeGeneration] Creating drag cubes for part 'stationHub'
[LOG 15:22:33.329] PartLoader: Compiling Part 'Squad/Parts/Structural/structuralIBeam200/structuralIBeam200/structuralIBeam2'
[LOG 15:22:33.332] PartLoader: Part 'Squad/Parts/Structural/structuralIBeam200/structuralIBeam200/structuralIBeam2' has no database record. Creating.
[LOG 15:22:33.332] [DragCubeSystem]: Drag cubes not found or cannot be read for part Part. Generating New drag cubes.
[LOG 15:22:33.332] [KSPCF/DragCubeGeneration] Creating drag cubes for part 'structuralIBeam2'
[LOG 15:22:33.335] PartLoader: Compiling Part 'Squad/Parts/Structural/structuralIBeam200Pocket/structuralIBeam200Pocket/structuralIBeam3'
[LOG 15:22:33.338] PartLoader: Part 'Squad/Parts/Structural/structuralIBeam200Pocket/structuralIBeam200Pocket/structuralIBeam3' has no database record. Creating.
[LOG 15:22:33.338] [DragCubeSystem]: Drag cubes not found or cannot be read for part Part. Generating New drag cubes.
[LOG 15:22:33.338] [KSPCF/DragCubeGeneration] Creating drag cubes for part 'structuralIBeam3'
[LOG 15:22:33.342] PartLoader: Compiling Part 'Squad/Parts/Structural/structuralIBeam650/structuralIBeam650/structuralIBeam1'
[LOG 15:22:33.348] PartLoader: Part 'Squad/Parts/Structural/structuralIBeam650/structuralIBeam650/structuralIBeam1' has no database record. Creating.
[LOG 15:22:33.348] [DragCubeSystem]: Drag cubes not found or cannot be read for part Part. Generating New drag cubes.
[LOG 15:22:33.349] [KSPCF/DragCubeGeneration] Creating drag cubes for part 'structuralIBeam1'
[LOG 15:22:33.352] PartLoader: Compiling Part 'Squad/Parts/Structural/structuralMicronode/structuralMicronode/structuralMiniNode'
[LOG 15:22:33.356] PartLoader: Part 'Squad/Parts/Structural/structuralMicronode/structuralMicronode/structuralMiniNode' has no database record. Creating.
[LOG 15:22:33.356] [DragCubeSystem]: Drag cubes not found or cannot be read for part Part. Generating New drag cubes.
[LOG 15:22:33.356] [KSPCF/DragCubeGeneration] Creating drag cubes for part 'structuralMiniNode'
[LOG 15:22:33.360] PartLoader: Compiling Part 'Squad/Parts/Structural/structuralPanel1x1/structuralPanel1x1/structuralPanel1'
[LOG 15:22:33.363] PartLoader: Part 'Squad/Parts/Structural/structuralPanel1x1/structuralPanel1x1/structuralPanel1' has no database record. Creating.
[LOG 15:22:33.363] [DragCubeSystem]: Drag cubes not found or cannot be read for part Part. Generating New drag cubes.
[LOG 15:22:33.364] [KSPCF/DragCubeGeneration] Creating drag cubes for part 'structuralPanel1'
[LOG 15:22:33.367] PartLoader: Compiling Part 'Squad/Parts/Structural/structuralPanel2x2/structuralPanel2x2/structuralPanel2'
[LOG 15:22:33.370] PartLoader: Part 'Squad/Parts/Structural/structuralPanel2x2/structuralPanel2x2/structuralPanel2' has no database record. Creating.
[LOG 15:22:33.370] [DragCubeSystem]: Drag cubes not found or cannot be read for part Part. Generating New drag cubes.
[LOG 15:22:33.370] [KSPCF/DragCubeGeneration] Creating drag cubes for part 'structuralPanel2'
[LOG 15:22:33.374] PartLoader: Compiling Part 'Squad/Parts/Structural/structuralPylons/smallHardpoint/smallHardpoint'
[LOG 15:22:33.383] PartLoader: Part 'Squad/Parts/Structural/structuralPylons/smallHardpoint/smallHardpoint' has no database record. Creating.
[LOG 15:22:33.383] [DragCubeSystem]: Drag cubes not found or cannot be read for part Part. Generating New drag cubes.
[LOG 15:22:33.383] [KSPCF/DragCubeGeneration] Creating drag cubes for part 'smallHardpoint'
[LOG 15:22:33.387] PartLoader: Compiling Part 'Squad/Parts/Structural/structuralPylons/structuralPylon/structuralPylon'
[LOG 15:22:33.392] PartLoader: Part 'Squad/Parts/Structural/structuralPylons/structuralPylon/structuralPylon' has no database record. Creating.
[LOG 15:22:33.392] [DragCubeSystem]: Drag cubes not found or cannot be read for part Part. Generating New drag cubes.
[LOG 15:22:33.393] [KSPCF/DragCubeGeneration] Creating drag cubes for part 'structuralPylon'
[LOG 15:22:33.396] PartLoader: Compiling Part 'Squad/Parts/Structural/strutCubicOcto/strutCubicOcto/strutCube'
[LOG 15:22:33.400] PartLoader: Part 'Squad/Parts/Structural/strutCubicOcto/strutCubicOcto/strutCube' has no database record. Creating.
[LOG 15:22:33.400] [DragCubeSystem]: Drag cubes not found or cannot be read for part Part. Generating New drag cubes.
[LOG 15:22:33.400] [KSPCF/DragCubeGeneration] Creating drag cubes for part 'strutCube'
[LOG 15:22:33.403] PartLoader: Compiling Part 'Squad/Parts/Structural/strutOcto/strutOcto/strutOcto'
[LOG 15:22:33.407] PartLoader: Part 'Squad/Parts/Structural/strutOcto/strutOcto/strutOcto' has no database record. Creating.
[LOG 15:22:33.407] [DragCubeSystem]: Drag cubes not found or cannot be read for part Part. Generating New drag cubes.
[LOG 15:22:33.407] [KSPCF/DragCubeGeneration] Creating drag cubes for part 'strutOcto'
[LOG 15:22:33.411] PartLoader: Compiling Part 'Squad/Parts/Structural/trussGirderAdapter/trussGirderAdapter/trussAdapter'
[LOG 15:22:33.418] PartLoader: Part 'Squad/Parts/Structural/trussGirderAdapter/trussGirderAdapter/trussAdapter' has no database record. Creating.
[LOG 15:22:33.418] [DragCubeSystem]: Drag cubes not found or cannot be read for part Part. Generating New drag cubes.
[LOG 15:22:33.418] [KSPCF/DragCubeGeneration] Creating drag cubes for part 'trussAdapter'
[LOG 15:22:33.423] PartLoader: Compiling Part 'Squad/Parts/Structural/trussGirderL/trussGirderL/trussPiece1x'
[LOG 15:22:33.426] PartLoader: Part 'Squad/Parts/Structural/trussGirderL/trussGirderL/trussPiece1x' has no database record. Creating.
[LOG 15:22:33.427] [DragCubeSystem]: Drag cubes not found or cannot be read for part Part. Generating New drag cubes.
[LOG 15:22:33.427] [KSPCF/DragCubeGeneration] Creating drag cubes for part 'trussPiece1x'
[LOG 15:22:33.431] PartLoader: Compiling Part 'Squad/Parts/Structural/trussGirderXL/trussGirderXL/trussPiece3x'
[LOG 15:22:33.434] PartLoader: Part 'Squad/Parts/Structural/trussGirderXL/trussGirderXL/trussPiece3x' has no database record. Creating.
[LOG 15:22:33.434] [DragCubeSystem]: Drag cubes not found or cannot be read for part Part. Generating New drag cubes.
[LOG 15:22:33.434] [KSPCF/DragCubeGeneration] Creating drag cubes for part 'trussPiece3x'
[LOG 15:22:33.438] PartLoader: Compiling Part 'Squad/Parts/Thermal/FoldingRadiators/foldingRadLarge/foldingRadLarge'
[LOG 15:22:33.458] PartLoader: Part 'Squad/Parts/Thermal/FoldingRadiators/foldingRadLarge/foldingRadLarge' has no database record. Creating.
[LOG 15:22:33.459] PartLoader: Compiling Part 'Squad/Parts/Thermal/FoldingRadiators/foldingRadMed/foldingRadMed'
[LOG 15:22:33.464] PartLoader: Part 'Squad/Parts/Thermal/FoldingRadiators/foldingRadMed/foldingRadMed' has no database record. Creating.
[LOG 15:22:33.465] PartLoader: Compiling Part 'Squad/Parts/Thermal/FoldingRadiators/foldingRadSmall/foldingRadSmall'
[LOG 15:22:33.470] PartLoader: Part 'Squad/Parts/Thermal/FoldingRadiators/foldingRadSmall/foldingRadSmall' has no database record. Creating.
[LOG 15:22:33.471] PartLoader: Compiling Part 'Squad/Parts/Thermal/RadiatorPanels/radPanelEdge/radPanelEdge'
[LOG 15:22:33.475] PartLoader: Part 'Squad/Parts/Thermal/RadiatorPanels/radPanelEdge/radPanelEdge' has no database record. Creating.
[LOG 15:22:33.475] [DragCubeSystem]: Drag cubes not found or cannot be read for part Part. Generating New drag cubes.
[LOG 15:22:33.475] [KSPCF/DragCubeGeneration] Creating drag cubes for part 'radPanelEdge'
[LOG 15:22:33.479] PartLoader: Compiling Part 'Squad/Parts/Thermal/RadiatorPanels/radPanelLg/radPanelLg'
[LOG 15:22:33.482] PartLoader: Part 'Squad/Parts/Thermal/RadiatorPanels/radPanelLg/radPanelLg' has no database record. Creating.
[LOG 15:22:33.482] [DragCubeSystem]: Drag cubes not found or cannot be read for part Part. Generating New drag cubes.
[LOG 15:22:33.482] [KSPCF/DragCubeGeneration] Creating drag cubes for part 'radPanelLg'
[LOG 15:22:33.486] PartLoader: Compiling Part 'Squad/Parts/Thermal/RadiatorPanels/radPanelSm/radPanelSm'
[LOG 15:22:33.490] PartLoader: Part 'Squad/Parts/Thermal/RadiatorPanels/radPanelSm/radPanelSm' has no database record. Creating.
[LOG 15:22:33.490] [DragCubeSystem]: Drag cubes not found or cannot be read for part Part. Generating New drag cubes.
[LOG 15:22:33.490] [KSPCF/DragCubeGeneration] Creating drag cubes for part 'radPanelSm'
[LOG 15:22:33.495] PartLoader: Compiling Part 'Squad/Parts/Utility/commDish88-88/commDish88-88/commDish'
[LOG 15:22:33.501] PartLoader: Part 'Squad/Parts/Utility/commDish88-88/commDish88-88/commDish' has no database record. Creating.
[LOG 15:22:33.501] [DragCubeSystem]: Drag cubes not found or cannot be read for part Part. Generating New drag cubes.
[LOG 15:22:33.501] [KSPCF/DragCubeGeneration] Creating drag cubes for part 'commDish'
[LOG 15:22:33.516] PartLoader: Compiling Part 'Squad/Parts/Utility/commsAntennaDTS-M1/commsAntennaDTS-M1/mediumDishAntenna'
[LOG 15:22:33.520] PartLoader: Part 'Squad/Parts/Utility/commsAntennaDTS-M1/commsAntennaDTS-M1/mediumDishAntenna' has no database record. Creating.
[LOG 15:22:33.520] [DragCubeSystem]: Drag cubes not found or cannot be read for part Part. Generating New drag cubes.
[LOG 15:22:33.520] [KSPCF/DragCubeGeneration] Creating drag cubes for part 'mediumDishAntenna'
[LOG 15:22:33.532] PartLoader: Compiling Part 'Squad/Parts/Utility/commsDish16/commsAntenna16/longAntenna'
[LOG 15:22:33.535] PartLoader: Part 'Squad/Parts/Utility/commsDish16/commsAntenna16/longAntenna' has no database record. Creating.
[LOG 15:22:33.535] [DragCubeSystem]: Drag cubes not found or cannot be read for part Part. Generating New drag cubes.
[LOG 15:22:33.535] [KSPCF/DragCubeGeneration] Creating drag cubes for part 'longAntenna'
[LOG 15:22:33.546] PartLoader: Compiling Part 'Squad/Parts/Utility/decouplerRadialHDM/decouplerRadialHDM/radialDecoupler1-2'
[LOG 15:22:33.553] PartLoader: Part 'Squad/Parts/Utility/decouplerRadialHDM/decouplerRadialHDM/radialDecoupler1-2' has no database record. Creating.
[LOG 15:22:33.553] [DragCubeSystem]: Drag cubes not found or cannot be read for part Part. Generating New drag cubes.
[LOG 15:22:33.553] [KSPCF/DragCubeGeneration] Creating drag cubes for part 'radialDecoupler1-2'
[LOG 15:22:33.558] PartLoader: Compiling Part 'Squad/Parts/Utility/decouplerRadialTT-38K/decouplerRadialTT-38K/radialDecoupler'
[LOG 15:22:33.562] PartLoader: Part 'Squad/Parts/Utility/decouplerRadialTT-38K/decouplerRadialTT-38K/radialDecoupler' has no database record. Creating.
[LOG 15:22:33.562] [DragCubeSystem]: Drag cubes not found or cannot be read for part Part. Generating New drag cubes.
[LOG 15:22:33.562] [KSPCF/DragCubeGeneration] Creating drag cubes for part 'radialDecoupler'
[LOG 15:22:33.566] PartLoader: Compiling Part 'Squad/Parts/Utility/decouplerRadialTT-70/decouplerRadialTT-70/radialDecoupler2'
[LOG 15:22:33.570] PartLoader: Part 'Squad/Parts/Utility/decouplerRadialTT-70/decouplerRadialTT-70/radialDecoupler2' has no database record. Creating.
[LOG 15:22:33.571] [DragCubeSystem]: Drag cubes not found or cannot be read for part Part. Generating New drag cubes.
[LOG 15:22:33.571] [KSPCF/DragCubeGeneration] Creating drag cubes for part 'radialDecoupler2'
[LOG 15:22:33.575] PartLoader: Compiling Part 'Squad/Parts/Utility/DirectAntennas/C16S/SurfAntenna'
[LOG 15:22:33.579] PartLoader: Part 'Squad/Parts/Utility/DirectAntennas/C16S/SurfAntenna' has no database record. Creating.
[LOG 15:22:33.579] [DragCubeSystem]: Drag cubes not found or cannot be read for part Part. Generating New drag cubes.
[LOG 15:22:33.579] [KSPCF/DragCubeGeneration] Creating drag cubes for part 'SurfAntenna'
[LOG 15:22:33.584] PartLoader: Compiling Part 'Squad/Parts/Utility/DirectAntennas/HG-5/HighGainAntenna5'
[LOG 15:22:33.590] PartLoader: Part 'Squad/Parts/Utility/DirectAntennas/HG-5/HighGainAntenna5' has no database record. Creating.
[LOG 15:22:33.590] [DragCubeSystem]: Drag cubes not found or cannot be read for part Part. Generating New drag cubes.
[LOG 15:22:33.590] [KSPCF/DragCubeGeneration] Creating drag cubes for part 'HighGainAntenna5'
[LOG 15:22:33.603] PartLoader: Compiling Part 'Squad/Parts/Utility/DirectAntennas/HG-5_v2/HighGainAntenna5_v2'
[LOG 15:22:33.607] PartLoader: Part 'Squad/Parts/Utility/DirectAntennas/HG-5_v2/HighGainAntenna5_v2' has no database record. Creating.
[LOG 15:22:33.607] [DragCubeSystem]: Drag cubes not found or cannot be read for part Part. Generating New drag cubes.
[LOG 15:22:33.607] [KSPCF/DragCubeGeneration] Creating drag cubes for part 'HighGainAntenna5.v2'
[LOG 15:22:33.618] PartLoader: Compiling Part 'Squad/Parts/Utility/dockingPort/dockingPort/dockingPort2'
[LOG 15:22:33.628] PartLoader: Part 'Squad/Parts/Utility/dockingPort/dockingPort/dockingPort2' has no database record. Creating.
[LOG 15:22:33.628] [DragCubeSystem]: Drag cubes not found or cannot be read for part Part. Generating New drag cubes.
[LOG 15:22:33.628] [KSPCF/DragCubeGeneration] Creating drag cubes for part 'dockingPort2'
[LOG 15:22:33.634] PartLoader: Compiling Part 'Squad/Parts/Utility/dockingPortInline/dockingPortInline/dockingPortLateral'
[LOG 15:22:33.639] PartLoader: Part 'Squad/Parts/Utility/dockingPortInline/dockingPortInline/dockingPortLateral' has no database record. Creating.
[LOG 15:22:33.639] [DragCubeSystem]: Drag cubes not found or cannot be read for part Part. Generating New drag cubes.
[LOG 15:22:33.639] [KSPCF/DragCubeGeneration] Creating drag cubes for part 'dockingPortLateral'
[LOG 15:22:33.652] PartLoader: Compiling Part 'Squad/Parts/Utility/dockingPortJr/dockingPortJr/dockingPort3'
[LOG 15:22:33.656] PartLoader: Part 'Squad/Parts/Utility/dockingPortJr/dockingPortJr/dockingPort3' has no database record. Creating.
[LOG 15:22:33.656] [DragCubeSystem]: Drag cubes not found or cannot be read for part Part. Generating New drag cubes.
[LOG 15:22:33.656] [KSPCF/DragCubeGeneration] Creating drag cubes for part 'dockingPort3'
[LOG 15:22:33.660] PartLoader: Compiling Part 'Squad/Parts/Utility/dockingPortShielded/dockingPortShielded/dockingPort1'
[LOG 15:22:33.666] PartLoader: Part 'Squad/Parts/Utility/dockingPortShielded/dockingPortShielded/dockingPort1' has no database record. Creating.
[LOG 15:22:33.666] [DragCubeSystem]: Drag cubes not found or cannot be read for part Part. Generating New drag cubes.
[LOG 15:22:33.666] [KSPCF/DragCubeGeneration] Creating drag cubes for part 'dockingPort1'
[LOG 15:22:33.678] PartLoader: Compiling Part 'Squad/Parts/Utility/dockingPortSr/dockingPortSr/dockingPortLarge'
[LOG 15:22:33.683] PartLoader: Part 'Squad/Parts/Utility/dockingPortSr/dockingPortSr/dockingPortLarge' has no database record. Creating.
[LOG 15:22:33.683] [DragCubeSystem]: Drag cubes not found or cannot be read for part Part. Generating New drag cubes.
[LOG 15:22:33.683] [KSPCF/DragCubeGeneration] Creating drag cubes for part 'dockingPortLarge'
[LOG 15:22:33.688] PartLoader: Compiling Part 'Squad/Parts/Utility/Fireworks/fireworksLauncherBig/fireworksLauncherBig'
[LOG 15:22:33.700] PartLoader: Part 'Squad/Parts/Utility/Fireworks/fireworksLauncherBig/fireworksLauncherBig' has no database record. Creating.
[LOG 15:22:33.700] [DragCubeSystem]: Drag cubes not found or cannot be read for part Part. Generating New drag cubes.
[LOG 15:22:33.700] [KSPCF/DragCubeGeneration] Creating drag cubes for part 'fireworksLauncherBig'
[LOG 15:22:33.705] PartLoader: Compiling Part 'Squad/Parts/Utility/Fireworks/fireworksLauncherSmall/fireworksLauncherSmall'
[LOG 15:22:33.713] PartLoader: Part 'Squad/Parts/Utility/Fireworks/fireworksLauncherSmall/fireworksLauncherSmall' has no database record. Creating.
[LOG 15:22:33.714] [DragCubeSystem]: Drag cubes not found or cannot be read for part Part. Generating New drag cubes.
[LOG 15:22:33.714] [KSPCF/DragCubeGeneration] Creating drag cubes for part 'fireworksLauncherSmall'
[LOG 15:22:33.718] PartLoader: Compiling Part 'Squad/Parts/Utility/flags/flagFlat/flagFlat/flagPartFlat'
[LOG 15:22:33.727] PartLoader: Part 'Squad/Parts/Utility/flags/flagFlat/flagFlat/flagPartFlat' has no database record. Creating.
[LOG 15:22:33.727] [DragCubeSystem]: Drag cubes not found or cannot be read for part Part. Generating New drag cubes.
[LOG 15:22:33.727] [KSPCF/DragCubeGeneration] Creating drag cubes for part 'flagPartFlat'
[LOG 15:22:33.732] PartLoader: Compiling Part 'Squad/Parts/Utility/flags/flagSize0/flagSize0/flagPartSize0'
[LOG 15:22:33.737] PartLoader: Part 'Squad/Parts/Utility/flags/flagSize0/flagSize0/flagPartSize0' has no database record. Creating.
[LOG 15:22:33.737] [DragCubeSystem]: Drag cubes not found or cannot be read for part Part. Generating New drag cubes.
[LOG 15:22:33.737] [KSPCF/DragCubeGeneration] Creating drag cubes for part 'flagPartSize0'
[LOG 15:22:33.741] PartLoader: Compiling Part 'Squad/Parts/Utility/flags/flagSize1/flagSize1/flagPartSize1'
[LOG 15:22:33.747] PartLoader: Part 'Squad/Parts/Utility/flags/flagSize1/flagSize1/flagPartSize1' has no database record. Creating.
[LOG 15:22:33.747] [DragCubeSystem]: Drag cubes not found or cannot be read for part Part. Generating New drag cubes.
[LOG 15:22:33.747] [KSPCF/DragCubeGeneration] Creating drag cubes for part 'flagPartSize1'
[LOG 15:22:33.752] PartLoader: Compiling Part 'Squad/Parts/Utility/flags/flagSize2/flagSize2/flagPartSize2'
[LOG 15:22:33.757] PartLoader: Part 'Squad/Parts/Utility/flags/flagSize2/flagSize2/flagPartSize2' has no database record. Creating.
[LOG 15:22:33.757] [DragCubeSystem]: Drag cubes not found or cannot be read for part Part. Generating New drag cubes.
[LOG 15:22:33.757] [KSPCF/DragCubeGeneration] Creating drag cubes for part 'flagPartSize2'
[LOG 15:22:33.761] PartLoader: Compiling Part 'Squad/Parts/Utility/flags/flagSize3/flagSize3/flagPartSize3'
[LOG 15:22:33.766] PartLoader: Part 'Squad/Parts/Utility/flags/flagSize3/flagSize3/flagPartSize3' has no database record. Creating.
[LOG 15:22:33.766] [DragCubeSystem]: Drag cubes not found or cannot be read for part Part. Generating New drag cubes.
[LOG 15:22:33.766] [KSPCF/DragCubeGeneration] Creating drag cubes for part 'flagPartSize3'
[LOG 15:22:33.771] PartLoader: Compiling Part 'Squad/Parts/Utility/GrapplingDevice/part/GrapplingDevice'
[LOG 15:22:33.784] PartLoader: Part 'Squad/Parts/Utility/GrapplingDevice/part/GrapplingDevice' has no database record. Creating.
[LOG 15:22:33.784] [DragCubeSystem]: Drag cubes not found or cannot be read for part Part. Generating New drag cubes.
[LOG 15:22:33.784] [KSPCF/DragCubeGeneration] Creating drag cubes for part 'GrapplingDevice'
[LOG 15:22:33.800] PartLoader: Compiling Part 'Squad/Parts/Utility/ladderRadial/ladderRadial/ladder1'
[LOG 15:22:33.802] PartLoader: Part 'Squad/Parts/Utility/ladderRadial/ladderRadial/ladder1' has no database record. Creating.
[LOG 15:22:33.802] [DragCubeSystem]: Drag cubes not found or cannot be read for part Part. Generating New drag cubes.
[LOG 15:22:33.802] [KSPCF/DragCubeGeneration] Creating drag cubes for part 'ladder1'
[LOG 15:22:33.807] PartLoader: Compiling Part 'Squad/Parts/Utility/ladderTelescopic/ladderTelescopic/telescopicLadder'
[LOG 15:22:33.813] PartLoader: Part 'Squad/Parts/Utility/ladderTelescopic/ladderTelescopic/telescopicLadder' has no database record. Creating.
[LOG 15:22:33.813] [DragCubeSystem]: Drag cubes not found or cannot be read for part Part. Generating New drag cubes.
[LOG 15:22:33.813] [KSPCF/DragCubeGeneration] Creating drag cubes for part 'telescopicLadder'
[LOG 15:22:33.824] PartLoader: Compiling Part 'Squad/Parts/Utility/ladderTelescopicBay/ladderTelescopicBay/telescopicLadderBay'
[LOG 15:22:33.837] PartLoader: Part 'Squad/Parts/Utility/ladderTelescopicBay/ladderTelescopicBay/telescopicLadderBay' has no database record. Creating.
[LOG 15:22:33.837] [DragCubeSystem]: Drag cubes not found or cannot be read for part Part. Generating New drag cubes.
[LOG 15:22:33.837] [KSPCF/DragCubeGeneration] Creating drag cubes for part 'telescopicLadderBay'
[LOG 15:22:33.851] PartLoader: Compiling Part 'Squad/Parts/Utility/landingLegLT-1/landingLegLT-1/landingLeg1'
[LOG 15:22:33.878] PartLoader: Part 'Squad/Parts/Utility/landingLegLT-1/landingLegLT-1/landingLeg1' has no database record. Creating.
[LOG 15:22:33.878] [DragCubeSystem]: Drag cubes not found or cannot be read for part Part. Generating New drag cubes.
[LOG 15:22:33.878] [KSPCF/DragCubeGeneration] Creating drag cubes for part 'landingLeg1'
[LOG 15:22:33.891] PartLoader: Compiling Part 'Squad/Parts/Utility/landingLegLT-2/landingLegLT-2/landingLeg1-2'
[LOG 15:22:33.898] PartLoader: Part 'Squad/Parts/Utility/landingLegLT-2/landingLegLT-2/landingLeg1-2' has no database record. Creating.
[LOG 15:22:33.898] [DragCubeSystem]: Drag cubes not found or cannot be read for part Part. Generating New drag cubes.
[LOG 15:22:33.898] [KSPCF/DragCubeGeneration] Creating drag cubes for part 'landingLeg1-2'
[LOG 15:22:33.909] PartLoader: Compiling Part 'Squad/Parts/Utility/landingLegLT-5/landingLegLT-5/miniLandingLeg'
[LOG 15:22:33.916] PartLoader: Part 'Squad/Parts/Utility/landingLegLT-5/landingLegLT-5/miniLandingLeg' has no database record. Creating.
[LOG 15:22:33.916] [DragCubeSystem]: Drag cubes not found or cannot be read for part Part. Generating New drag cubes.
[LOG 15:22:33.916] [KSPCF/DragCubeGeneration] Creating drag cubes for part 'miniLandingLeg'
[LOG 15:22:33.927] PartLoader: Compiling Part 'Squad/Parts/Utility/launchClamp1/launchClamp1/launchClamp1'
[LOG 15:22:33.934] PartLoader: Part 'Squad/Parts/Utility/launchClamp1/launchClamp1/launchClamp1' has no database record. Creating.
[LOG 15:22:33.934] [DragCubeSystem]: Drag cubes not found or cannot be read for part Part. Generating New drag cubes.
[LOG 15:22:33.934] [KSPCF/DragCubeGeneration] Creating drag cubes for part 'launchClamp1'
[LOG 15:22:33.938] PartLoader: Compiling Part 'Squad/Parts/Utility/launchEscapeSystem/part/LaunchEscapeSystem'
[LOG 15:22:33.943] PartLoader: Part 'Squad/Parts/Utility/launchEscapeSystem/part/LaunchEscapeSystem' has no database record. Creating.
[LOG 15:22:33.943] [DragCubeSystem]: Drag cubes not found or cannot be read for part Part. Generating New drag cubes.
[LOG 15:22:33.943] [KSPCF/DragCubeGeneration] Creating drag cubes for part 'LaunchEscapeSystem'
[LOG 15:22:33.948] PartLoader: Compiling Part 'Squad/Parts/Utility/Lights/domeLight1/domeLight1'
[LOG 15:22:33.952] PartLoader: Part 'Squad/Parts/Utility/Lights/domeLight1/domeLight1' has no database record. Creating.
[LOG 15:22:33.953] [DragCubeSystem]: Drag cubes not found or cannot be read for part Part. Generating New drag cubes.
[LOG 15:22:33.953] [KSPCF/DragCubeGeneration] Creating drag cubes for part 'domeLight1'
[LOG 15:22:33.957] PartLoader: Compiling Part 'Squad/Parts/Utility/Lights/groundLight1/groundLight1'
[LOG 15:22:33.962] PartLoader: Part 'Squad/Parts/Utility/Lights/groundLight1/groundLight1' has no database record. Creating.
[LOG 15:22:33.962] [DragCubeSystem]: Drag cubes not found or cannot be read for part Part. Generating New drag cubes.
[LOG 15:22:33.962] [KSPCF/DragCubeGeneration] Creating drag cubes for part 'groundLight1'
[LOG 15:22:33.966] PartLoader: Compiling Part 'Squad/Parts/Utility/Lights/groundLight2/groundLight2'
[LOG 15:22:33.970] PartLoader: Part 'Squad/Parts/Utility/Lights/groundLight2/groundLight2' has no database record. Creating.
[LOG 15:22:33.970] [DragCubeSystem]: Drag cubes not found or cannot be read for part Part. Generating New drag cubes.
[LOG 15:22:33.970] [KSPCF/DragCubeGeneration] Creating drag cubes for part 'groundLight2'
[LOG 15:22:33.974] PartLoader: Compiling Part 'Squad/Parts/Utility/Lights/navLight1/navLight1'
[LOG 15:22:33.980] PartLoader: Part 'Squad/Parts/Utility/Lights/navLight1/navLight1' has no database record. Creating.
[LOG 15:22:33.980] [DragCubeSystem]: Drag cubes not found or cannot be read for part Part. Generating New drag cubes.
[LOG 15:22:33.980] [KSPCF/DragCubeGeneration] Creating drag cubes for part 'navLight1'
[LOG 15:22:33.983] PartLoader: Compiling Part 'Squad/Parts/Utility/Lights/spotLight1/spotLight3'
[LOG 15:22:33.988] PartLoader: Part 'Squad/Parts/Utility/Lights/spotLight1/spotLight3' has no database record. Creating.
[LOG 15:22:33.988] [DragCubeSystem]: Drag cubes not found or cannot be read for part Part. Generating New drag cubes.
[LOG 15:22:33.988] [KSPCF/DragCubeGeneration] Creating drag cubes for part 'spotLight3'
[LOG 15:22:33.992] PartLoader: Compiling Part 'Squad/Parts/Utility/Lights/stripLight1/stripLight1'
[LOG 15:22:33.997] PartLoader: Part 'Squad/Parts/Utility/Lights/stripLight1/stripLight1' has no database record. Creating.
[LOG 15:22:33.997] [DragCubeSystem]: Drag cubes not found or cannot be read for part Part. Generating New drag cubes.
[LOG 15:22:33.997] [KSPCF/DragCubeGeneration] Creating drag cubes for part 'stripLight1'
[LOG 15:22:34.001] PartLoader: Compiling Part 'Squad/Parts/Utility/linearVernorRCS/linearRCS/linearRcs'
[LOG 15:22:34.009] PartLoader: Part 'Squad/Parts/Utility/linearVernorRCS/linearRCS/linearRcs' has no database record. Creating.
[LOG 15:22:34.010] [DragCubeSystem]: Drag cubes not found or cannot be read for part Part. Generating New drag cubes.
[LOG 15:22:34.010] [KSPCF/DragCubeGeneration] Creating drag cubes for part 'linearRcs'
[LOG 15:22:34.015] PartLoader: Compiling Part 'Squad/Parts/Utility/linearVernorRCS/vernorEngine/vernierEngine'
[LOG 15:22:34.022] PartLoader: Part 'Squad/Parts/Utility/linearVernorRCS/vernorEngine/vernierEngine' has no database record. Creating.
[LOG 15:22:34.022] [DragCubeSystem]: Drag cubes not found or cannot be read for part Part. Generating New drag cubes.
[LOG 15:22:34.022] [KSPCF/DragCubeGeneration] Creating drag cubes for part 'vernierEngine'
[LOG 15:22:34.026] PartLoader: Compiling Part 'Squad/Parts/Utility/mk2CargoBay/BayL/mk2CargoBayL'
[LOG 15:22:34.030] PartLoader: Part 'Squad/Parts/Utility/mk2CargoBay/BayL/mk2CargoBayL' has no database record. Creating.
[LOG 15:22:34.030] PartLoader: Compiling Part 'Squad/Parts/Utility/mk2CargoBay/BayS/mk2CargoBayS'
[LOG 15:22:34.034] PartLoader: Part 'Squad/Parts/Utility/mk2CargoBay/BayS/mk2CargoBayS' has no database record. Creating.
[LOG 15:22:34.034] PartLoader: Compiling Part 'Squad/Parts/Utility/mk2CrewCabin/mk2CrewCabin/mk2CrewCabin'
[WRN 15:22:34.036] [Part]: Cannot have ModuleCargoPart and ModuleInventoryPart on same Part [mk2CrewCabin'. Removed ModuleCargoPart
[LOG 15:22:34.039] PartLoader: Part 'Squad/Parts/Utility/mk2CrewCabin/mk2CrewCabin/mk2CrewCabin' has no database record. Creating.
[LOG 15:22:34.039] [DragCubeSystem]: Drag cubes not found or cannot be read for part Part. Generating New drag cubes.
[LOG 15:22:34.039] [KSPCF/DragCubeGeneration] Creating drag cubes for part 'mk2CrewCabin'
[LOG 15:22:34.043] PartLoader: Compiling Part 'Squad/Parts/Utility/mk2DockingPort/mk2DockingPort/mk2DockingPort'
[LOG 15:22:34.049] PartLoader: Part 'Squad/Parts/Utility/mk2DockingPort/mk2DockingPort/mk2DockingPort' has no database record. Creating.
[LOG 15:22:34.049] PartLoader: Compiling Part 'Squad/Parts/Utility/mk3CargoBay/long/mk3CargoBayL'
[LOG 15:22:34.053] PartLoader: Part 'Squad/Parts/Utility/mk3CargoBay/long/mk3CargoBayL' has no database record. Creating.
[LOG 15:22:34.053] PartLoader: Compiling Part 'Squad/Parts/Utility/mk3CargoBay/medium/mk3CargoBayM'
[LOG 15:22:34.056] PartLoader: Part 'Squad/Parts/Utility/mk3CargoBay/medium/mk3CargoBayM' has no database record. Creating.
[LOG 15:22:34.056] PartLoader: Compiling Part 'Squad/Parts/Utility/mk3CargoBay/ramp/mk3CargoRamp'
[LOG 15:22:34.060] PartLoader: Part 'Squad/Parts/Utility/mk3CargoBay/ramp/mk3CargoRamp' has no database record. Creating.
[LOG 15:22:34.060] PartLoader: Compiling Part 'Squad/Parts/Utility/mk3CargoBay/short/mk3CargoBayS'
[LOG 15:22:34.063] PartLoader: Part 'Squad/Parts/Utility/mk3CargoBay/short/mk3CargoBayS' has no database record. Creating.
[LOG 15:22:34.063] PartLoader: Compiling Part 'Squad/Parts/Utility/parachuteMk1/parachuteMk1/parachuteSingle'
[LOG 15:22:34.073] PartLoader: Part 'Squad/Parts/Utility/parachuteMk1/parachuteMk1/parachuteSingle' has no database record. Creating.
[LOG 15:22:34.073] [DragCubeSystem]: Drag cubes not found or cannot be read for part Part. Generating New drag cubes.
[LOG 15:22:34.073] [KSPCF/DragCubeGeneration] Creating drag cubes for part 'parachuteSingle'
[LOG 15:22:34.090] PartLoader: Compiling Part 'Squad/Parts/Utility/parachuteMk12-R/parachuteMk12-R/radialDrogue'
[LOG 15:22:34.097] PartLoader: Part 'Squad/Parts/Utility/parachuteMk12-R/parachuteMk12-R/radialDrogue' has no database record. Creating.
[LOG 15:22:34.097] [DragCubeSystem]: Drag cubes not found or cannot be read for part Part. Generating New drag cubes.
[LOG 15:22:34.097] [KSPCF/DragCubeGeneration] Creating drag cubes for part 'radialDrogue'
[LOG 15:22:34.112] PartLoader: Compiling Part 'Squad/Parts/Utility/parachuteMk16-XL/parachuteMk16-XL/parachuteLarge'
[LOG 15:22:34.116] PartLoader: Part 'Squad/Parts/Utility/parachuteMk16-XL/parachuteMk16-XL/parachuteLarge' has no database record. Creating.
[LOG 15:22:34.116] [DragCubeSystem]: Drag cubes not found or cannot be read for part Part. Generating New drag cubes.
[LOG 15:22:34.116] [KSPCF/DragCubeGeneration] Creating drag cubes for part 'parachuteLarge'
[LOG 15:22:34.131] PartLoader: Compiling Part 'Squad/Parts/Utility/parachuteMk2-R/parachuteMk2-R/parachuteRadial'
[LOG 15:22:34.135] PartLoader: Part 'Squad/Parts/Utility/parachuteMk2-R/parachuteMk2-R/parachuteRadial' has no database record. Creating.
[LOG 15:22:34.135] [DragCubeSystem]: Drag cubes not found or cannot be read for part Part. Generating New drag cubes.
[LOG 15:22:34.135] [KSPCF/DragCubeGeneration] Creating drag cubes for part 'parachuteRadial'
[LOG 15:22:34.150] PartLoader: Compiling Part 'Squad/Parts/Utility/parachuteMk25/parachuteMk25/parachuteDrogue'
[LOG 15:22:34.154] PartLoader: Part 'Squad/Parts/Utility/parachuteMk25/parachuteMk25/parachuteDrogue' has no database record. Creating.
[LOG 15:22:34.154] [DragCubeSystem]: Drag cubes not found or cannot be read for part Part. Generating New drag cubes.
[LOG 15:22:34.154] [KSPCF/DragCubeGeneration] Creating drag cubes for part 'parachuteDrogue'
[LOG 15:22:34.168] PartLoader: Compiling Part 'Squad/Parts/Utility/radialAttachmentPoint/radialAttachmentPoint/stackPoint1'
[LOG 15:22:34.171] PartLoader: Part 'Squad/Parts/Utility/radialAttachmentPoint/radialAttachmentPoint/stackPoint1' has no database record. Creating.
[LOG 15:22:34.171] [DragCubeSystem]: Drag cubes not found or cannot be read for part Part. Generating New drag cubes.
[LOG 15:22:34.171] [KSPCF/DragCubeGeneration] Creating drag cubes for part 'stackPoint1'
[LOG 15:22:34.175] PartLoader: Compiling Part 'Squad/Parts/Utility/rcsBlockRV-105_v2/rcsBlockRV-105/RCSBlock_v2'
[LOG 15:22:34.181] PartLoader: Part 'Squad/Parts/Utility/rcsBlockRV-105_v2/rcsBlockRV-105/RCSBlock_v2' has no database record. Creating.
[LOG 15:22:34.181] [DragCubeSystem]: Drag cubes not found or cannot be read for part Part. Generating New drag cubes.
[LOG 15:22:34.181] [KSPCF/DragCubeGeneration] Creating drag cubes for part 'RCSBlock.v2'
[LOG 15:22:34.206] PartLoader: Compiling Part 'Squad/Parts/Utility/rcsBlockRV-105_v2/RCSblock_01_small/RCSblock_01_small'
[LOG 15:22:34.212] PartLoader: Part 'Squad/Parts/Utility/rcsBlockRV-105_v2/RCSblock_01_small/RCSblock_01_small' has no database record. Creating.
[LOG 15:22:34.212] [DragCubeSystem]: Drag cubes not found or cannot be read for part Part. Generating New drag cubes.
[LOG 15:22:34.212] [KSPCF/DragCubeGeneration] Creating drag cubes for part 'RCSblock.01.small'
[LOG 15:22:34.236] PartLoader: Compiling Part 'Squad/Parts/Utility/rcsSmallLinear/RCSLinearSmall/RCSLinearSmall'
[LOG 15:22:34.241] PartLoader: Part 'Squad/Parts/Utility/rcsSmallLinear/RCSLinearSmall/RCSLinearSmall' has no database record. Creating.
[LOG 15:22:34.242] [DragCubeSystem]: Drag cubes not found or cannot be read for part Part. Generating New drag cubes.
[LOG 15:22:34.242] [KSPCF/DragCubeGeneration] Creating drag cubes for part 'RCSLinearSmall'
[LOG 15:22:34.254] PartLoader: Compiling Part 'Squad/Parts/Utility/RelayAntennas/RA-100/RelayAntenna100'
[LOG 15:22:34.258] PartLoader: Part 'Squad/Parts/Utility/RelayAntennas/RA-100/RelayAntenna100' has no database record. Creating.
[LOG 15:22:34.258] [DragCubeSystem]: Drag cubes not found or cannot be read for part Part. Generating New drag cubes.
[LOG 15:22:34.258] [KSPCF/DragCubeGeneration] Creating drag cubes for part 'RelayAntenna100'
[LOG 15:22:34.262] PartLoader: Compiling Part 'Squad/Parts/Utility/RelayAntennas/RA-5/RelayAntenna5'
[LOG 15:22:34.266] PartLoader: Part 'Squad/Parts/Utility/RelayAntennas/RA-5/RelayAntenna5' has no database record. Creating.
[LOG 15:22:34.266] [DragCubeSystem]: Drag cubes not found or cannot be read for part Part. Generating New drag cubes.
[LOG 15:22:34.266] [KSPCF/DragCubeGeneration] Creating drag cubes for part 'RelayAntenna5'
[LOG 15:22:34.270] PartLoader: Compiling Part 'Squad/Parts/Utility/RelayAntennas/RA-50/RelayAntenna50'
[LOG 15:22:34.273] PartLoader: Part 'Squad/Parts/Utility/RelayAntennas/RA-50/RelayAntenna50' has no database record. Creating.
[LOG 15:22:34.273] [DragCubeSystem]: Drag cubes not found or cannot be read for part Part. Generating New drag cubes.
[LOG 15:22:34.273] [KSPCF/DragCubeGeneration] Creating drag cubes for part 'RelayAntenna50'
[LOG 15:22:34.278] PartLoader: Compiling Part 'Squad/Parts/Utility/rockomaxAdapters/largeAdapter/largeAdapter'
[LOG 15:22:34.281] PartLoader: Part 'Squad/Parts/Utility/rockomaxAdapters/largeAdapter/largeAdapter' has no database record. Creating.
[LOG 15:22:34.281] [DragCubeSystem]: Drag cubes not found or cannot be read for part Part. Generating New drag cubes.
[LOG 15:22:34.281] [KSPCF/DragCubeGeneration] Creating drag cubes for part 'largeAdapter'
[LOG 15:22:34.286] PartLoader: Compiling Part 'Squad/Parts/Utility/rockomaxAdapters/largeAdapterShort/largeAdapter2'
[LOG 15:22:34.290] PartLoader: Part 'Squad/Parts/Utility/rockomaxAdapters/largeAdapterShort/largeAdapter2' has no database record. Creating.
[LOG 15:22:34.290] [DragCubeSystem]: Drag cubes not found or cannot be read for part Part. Generating New drag cubes.
[LOG 15:22:34.290] [KSPCF/DragCubeGeneration] Creating drag cubes for part 'largeAdapter2'
[LOG 15:22:34.294] PartLoader: Compiling Part 'Squad/Parts/Utility/ServiceBay_v2/ServiceBay_125_v2/ServiceBay_125_v2'
[LOG 15:22:34.298] PartLoader: Part 'Squad/Parts/Utility/ServiceBay_v2/ServiceBay_125_v2/ServiceBay_125_v2' has no database record. Creating.
[LOG 15:22:34.298] [DragCubeSystem]: Drag cubes not found or cannot be read for part Part. Generating New drag cubes.
[LOG 15:22:34.298] [KSPCF/DragCubeGeneration] Creating drag cubes for part 'ServiceBay.125.v2'
[LOG 15:22:34.308] PartLoader: Compiling Part 'Squad/Parts/Utility/ServiceBay_v2/ServiceBay_250_v2/ServiceBay_250_v2'
[LOG 15:22:34.313] PartLoader: Part 'Squad/Parts/Utility/ServiceBay_v2/ServiceBay_250_v2/ServiceBay_250_v2' has no database record. Creating.
[LOG 15:22:34.313] [DragCubeSystem]: Drag cubes not found or cannot be read for part Part. Generating New drag cubes.
[LOG 15:22:34.313] [KSPCF/DragCubeGeneration] Creating drag cubes for part 'ServiceBay.250.v2'
[LOG 15:22:34.324] PartLoader: Compiling Part 'Squad/Parts/Utility/smallClaw/smallClaw/smallClaw'
[LOG 15:22:34.332] PartLoader: Part 'Squad/Parts/Utility/smallClaw/smallClaw/smallClaw' has no database record. Creating.
[LOG 15:22:34.332] [DragCubeSystem]: Drag cubes not found or cannot be read for part Part. Generating New drag cubes.
[LOG 15:22:34.332] [KSPCF/DragCubeGeneration] Creating drag cubes for part 'smallClaw'
[LOG 15:22:34.347] PartLoader: Compiling Part 'Squad/Parts/Utility/spotLightMk1/spotLightMk1/spotLight1'
[LOG 15:22:34.351] PartLoader: Part 'Squad/Parts/Utility/spotLightMk1/spotLightMk1/spotLight1' has no database record. Creating.
[LOG 15:22:34.351] [DragCubeSystem]: Drag cubes not found or cannot be read for part Part. Generating New drag cubes.
[LOG 15:22:34.351] [KSPCF/DragCubeGeneration] Creating drag cubes for part 'spotLight1'
[LOG 15:22:34.355] PartLoader: Compiling Part 'Squad/Parts/Utility/spotLightMk1_v2/spotLightMk1_v2/spotLight1_v2'
[LOG 15:22:34.359] PartLoader: Part 'Squad/Parts/Utility/spotLightMk1_v2/spotLightMk1_v2/spotLight1_v2' has no database record. Creating.
[LOG 15:22:34.359] [DragCubeSystem]: Drag cubes not found or cannot be read for part Part. Generating New drag cubes.
[LOG 15:22:34.359] [KSPCF/DragCubeGeneration] Creating drag cubes for part 'spotLight1.v2'
[LOG 15:22:34.363] PartLoader: Compiling Part 'Squad/Parts/Utility/spotLightMk2/spotLightMk2/spotLight2'
[LOG 15:22:34.367] PartLoader: Part 'Squad/Parts/Utility/spotLightMk2/spotLightMk2/spotLight2' has no database record. Creating.
[LOG 15:22:34.367] [DragCubeSystem]: Drag cubes not found or cannot be read for part Part. Generating New drag cubes.
[LOG 15:22:34.367] [KSPCF/DragCubeGeneration] Creating drag cubes for part 'spotLight2'
[LOG 15:22:34.370] PartLoader: Compiling Part 'Squad/Parts/Utility/spotLightMk2_v2/spotLightMk2_v2/spotLight2_v2'
[LOG 15:22:34.374] PartLoader: Part 'Squad/Parts/Utility/spotLightMk2_v2/spotLightMk2_v2/spotLight2_v2' has no database record. Creating.
[LOG 15:22:34.374] [DragCubeSystem]: Drag cubes not found or cannot be read for part Part. Generating New drag cubes.
[LOG 15:22:34.374] [KSPCF/DragCubeGeneration] Creating drag cubes for part 'spotLight2.v2'
[LOG 15:22:34.379] PartLoader: Compiling Part 'Squad/Parts/Utility/stackCouplers/stackBiCoupler_v2/stackBiCoupler_v2'
[LOG 15:22:34.383] PartLoader: Part 'Squad/Parts/Utility/stackCouplers/stackBiCoupler_v2/stackBiCoupler_v2' has no database record. Creating.
[LOG 15:22:34.383] [DragCubeSystem]: Drag cubes not found or cannot be read for part Part. Generating New drag cubes.
[LOG 15:22:34.383] [KSPCF/DragCubeGeneration] Creating drag cubes for part 'stackBiCoupler.v2'
[LOG 15:22:34.387] PartLoader: Compiling Part 'Squad/Parts/Utility/stackCouplers/stackQuadCoupler/stackQuadCoupler'
[LOG 15:22:34.390] PartLoader: Part 'Squad/Parts/Utility/stackCouplers/stackQuadCoupler/stackQuadCoupler' has no database record. Creating.
[LOG 15:22:34.390] [DragCubeSystem]: Drag cubes not found or cannot be read for part Part. Generating New drag cubes.
[LOG 15:22:34.390] [KSPCF/DragCubeGeneration] Creating drag cubes for part 'stackQuadCoupler'
[LOG 15:22:34.394] PartLoader: Compiling Part 'Squad/Parts/Utility/stackCouplers/stackTriCoupler_v2/stackTriCoupler_v2'
[LOG 15:22:34.398] PartLoader: Part 'Squad/Parts/Utility/stackCouplers/stackTriCoupler_v2/stackTriCoupler_v2' has no database record. Creating.
[LOG 15:22:34.398] [DragCubeSystem]: Drag cubes not found or cannot be read for part Part. Generating New drag cubes.
[LOG 15:22:34.398] [KSPCF/DragCubeGeneration] Creating drag cubes for part 'stackTriCoupler.v2'
[LOG 15:22:34.402] PartLoader: Compiling Part 'Squad/Parts/Wheel/LandingGear/GearExtraLarge/GearLarge'
[LOG 15:22:34.417] PartLoader: Part 'Squad/Parts/Wheel/LandingGear/GearExtraLarge/GearLarge' has no database record. Creating.
[LOG 15:22:34.417] [DragCubeSystem]: Drag cubes not found or cannot be read for part Part. Generating New drag cubes.
[LOG 15:22:34.417] [KSPCF/DragCubeGeneration] Creating drag cubes for part 'GearLarge'
[LOG 15:22:34.430] PartLoader: Compiling Part 'Squad/Parts/Wheel/LandingGear/GearFixed/GearFixed'
[LOG 15:22:34.435] PartLoader: Part 'Squad/Parts/Wheel/LandingGear/GearFixed/GearFixed' has no database record. Creating.
[LOG 15:22:34.435] [DragCubeSystem]: Drag cubes not found or cannot be read for part Part. Generating New drag cubes.
[LOG 15:22:34.435] [KSPCF/DragCubeGeneration] Creating drag cubes for part 'GearFixed'
[LOG 15:22:34.438] PartLoader: Compiling Part 'Squad/Parts/Wheel/LandingGear/GearFree/GearFree'
[LOG 15:22:34.447] PartLoader: Part 'Squad/Parts/Wheel/LandingGear/GearFree/GearFree' has no database record. Creating.
[LOG 15:22:34.447] [DragCubeSystem]: Drag cubes not found or cannot be read for part Part. Generating New drag cubes.
[LOG 15:22:34.447] [KSPCF/DragCubeGeneration] Creating drag cubes for part 'GearFree'
[LOG 15:22:34.451] PartLoader: Compiling Part 'Squad/Parts/Wheel/LandingGear/GearLarge/GearMedium'
[LOG 15:22:34.463] PartLoader: Part 'Squad/Parts/Wheel/LandingGear/GearLarge/GearMedium' has no database record. Creating.
[LOG 15:22:34.463] [DragCubeSystem]: Drag cubes not found or cannot be read for part Part. Generating New drag cubes.
[LOG 15:22:34.463] [KSPCF/DragCubeGeneration] Creating drag cubes for part 'GearMedium'
[LOG 15:22:34.478] PartLoader: Compiling Part 'Squad/Parts/Wheel/LandingGear/GearMedium/GearSmall'
[LOG 15:22:34.489] PartLoader: Part 'Squad/Parts/Wheel/LandingGear/GearMedium/GearSmall' has no database record. Creating.
[LOG 15:22:34.489] [DragCubeSystem]: Drag cubes not found or cannot be read for part Part. Generating New drag cubes.
[LOG 15:22:34.489] [KSPCF/DragCubeGeneration] Creating drag cubes for part 'GearSmall'
[LOG 15:22:34.503] PartLoader: Compiling Part 'Squad/Parts/Wheel/LandingGear/GearSmall/SmallGearBay'
[LOG 15:22:34.513] PartLoader: Part 'Squad/Parts/Wheel/LandingGear/GearSmall/SmallGearBay' has no database record. Creating.
[LOG 15:22:34.513] [DragCubeSystem]: Drag cubes not found or cannot be read for part Part. Generating New drag cubes.
[LOG 15:22:34.513] [KSPCF/DragCubeGeneration] Creating drag cubes for part 'SmallGearBay'
[LOG 15:22:34.527] PartLoader: Compiling Part 'Squad/Parts/Wheel/roverWheelM1/roverWheelM1/roverWheel1'
[LOG 15:22:34.542] PartLoader: Part 'Squad/Parts/Wheel/roverWheelM1/roverWheelM1/roverWheel1' has no database record. Creating.
[LOG 15:22:34.542] [DragCubeSystem]: Drag cubes not found or cannot be read for part Part. Generating New drag cubes.
[LOG 15:22:34.542] [KSPCF/DragCubeGeneration] Creating drag cubes for part 'roverWheel1'
[LOG 15:22:34.548] PartLoader: Compiling Part 'Squad/Parts/Wheel/roverWheelS2/roverWheelS2/roverWheel2'
[LOG 15:22:34.555] PartLoader: Part 'Squad/Parts/Wheel/roverWheelS2/roverWheelS2/roverWheel2' has no database record. Creating.
[LOG 15:22:34.555] [DragCubeSystem]: Drag cubes not found or cannot be read for part Part. Generating New drag cubes.
[LOG 15:22:34.555] [KSPCF/DragCubeGeneration] Creating drag cubes for part 'roverWheel2'
[LOG 15:22:34.561] PartLoader: Compiling Part 'Squad/Parts/Wheel/roverWheelTR-2L/roverWheelTR-2L/wheelMed'
[LOG 15:22:34.567] PartLoader: Part 'Squad/Parts/Wheel/roverWheelTR-2L/roverWheelTR-2L/wheelMed' has no database record. Creating.
[LOG 15:22:34.567] [DragCubeSystem]: Drag cubes not found or cannot be read for part Part. Generating New drag cubes.
[LOG 15:22:34.567] [KSPCF/DragCubeGeneration] Creating drag cubes for part 'wheelMed'
[LOG 15:22:34.572] PartLoader: Compiling Part 'Squad/Parts/Wheel/roverWheelXL3/roverWheelXL3/roverWheel3'
[LOG 15:22:34.581] PartLoader: Part 'Squad/Parts/Wheel/roverWheelXL3/roverWheelXL3/roverWheel3' has no database record. Creating.
[LOG 15:22:34.582] [DragCubeSystem]: Drag cubes not found or cannot be read for part Part. Generating New drag cubes.
[LOG 15:22:34.582] [KSPCF/DragCubeGeneration] Creating drag cubes for part 'roverWheel3'
[LOG 15:22:34.587] PartLoader: Compiling Part 'SquadExpansion/MakingHistory/Parts/Aero/protectiveRocketNoseMk16/rocketNoseCone_size4/rocketNoseConeSize4'
[LOG 15:22:34.589] PartLoader: Part 'SquadExpansion/MakingHistory/Parts/Aero/protectiveRocketNoseMk16/rocketNoseCone_size4/rocketNoseConeSize4' has no database record. Creating.
[LOG 15:22:34.589] [DragCubeSystem]: Drag cubes not found or cannot be read for part Part. Generating New drag cubes.
[LOG 15:22:34.589] [KSPCF/DragCubeGeneration] Creating drag cubes for part 'rocketNoseConeSize4'
[LOG 15:22:34.597] PartLoader: Compiling Part 'SquadExpansion/MakingHistory/Parts/Aero/protectiveRocketNoseMk5A/Size_1_5_Cone/Size_1_5_Cone'
[LOG 15:22:34.601] PartLoader: Part 'SquadExpansion/MakingHistory/Parts/Aero/protectiveRocketNoseMk5A/Size_1_5_Cone/Size_1_5_Cone' has no database record. Creating.
[LOG 15:22:34.601] [DragCubeSystem]: Drag cubes not found or cannot be read for part Part. Generating New drag cubes.
[LOG 15:22:34.601] [KSPCF/DragCubeGeneration] Creating drag cubes for part 'Size.1.5.Cone'
[LOG 15:22:34.605] PartLoader: Compiling Part 'SquadExpansion/MakingHistory/Parts/Coupling/Decoupler_1p5/Decoupler_1p5'
[LOG 15:22:34.613] PartLoader: Part 'SquadExpansion/MakingHistory/Parts/Coupling/Decoupler_1p5/Decoupler_1p5' has no database record. Creating.
[LOG 15:22:34.614] PartLoader: Compiling Part 'SquadExpansion/MakingHistory/Parts/Coupling/Decoupler_4/Decoupler_4'
[LOG 15:22:34.622] PartLoader: Part 'SquadExpansion/MakingHistory/Parts/Coupling/Decoupler_4/Decoupler_4' has no database record. Creating.
[LOG 15:22:34.622] PartLoader: Compiling Part 'SquadExpansion/MakingHistory/Parts/Coupling/EnginePlate_1p5/EnginePlate1p5'
[LOG 15:22:34.638] PartLoader: Part 'SquadExpansion/MakingHistory/Parts/Coupling/EnginePlate_1p5/EnginePlate1p5' has no database record. Creating.
[LOG 15:22:34.639] [DragCubeSystem]: Drag cubes not found or cannot be read for part Part. Generating New drag cubes.
[LOG 15:22:34.639] [KSPCF/DragCubeGeneration] Part 'EnginePlate1p5' has defined a procedural drag cube setup
[LOG 15:22:34.640] PartLoader: Compiling Part 'SquadExpansion/MakingHistory/Parts/Coupling/EnginePlate_2/EnginePlate2'
[LOG 15:22:34.647] PartLoader: Part 'SquadExpansion/MakingHistory/Parts/Coupling/EnginePlate_2/EnginePlate2' has no database record. Creating.
[LOG 15:22:34.647] [DragCubeSystem]: Drag cubes not found or cannot be read for part Part. Generating New drag cubes.
[LOG 15:22:34.647] [KSPCF/DragCubeGeneration] Part 'EnginePlate2' has defined a procedural drag cube setup
[LOG 15:22:34.647] PartLoader: Compiling Part 'SquadExpansion/MakingHistory/Parts/Coupling/EnginePlate_3/EnginePlate3'
[LOG 15:22:34.654] PartLoader: Part 'SquadExpansion/MakingHistory/Parts/Coupling/EnginePlate_3/EnginePlate3' has no database record. Creating.
[LOG 15:22:34.654] [DragCubeSystem]: Drag cubes not found or cannot be read for part Part. Generating New drag cubes.
[LOG 15:22:34.655] [KSPCF/DragCubeGeneration] Part 'EnginePlate3' has defined a procedural drag cube setup
[LOG 15:22:34.655] PartLoader: Compiling Part 'SquadExpansion/MakingHistory/Parts/Coupling/EnginePlate_4/EnginePlate4'
[LOG 15:22:34.666] PartLoader: Part 'SquadExpansion/MakingHistory/Parts/Coupling/EnginePlate_4/EnginePlate4' has no database record. Creating.
[LOG 15:22:34.667] [DragCubeSystem]: Drag cubes not found or cannot be read for part Part. Generating New drag cubes.
[LOG 15:22:34.667] [KSPCF/DragCubeGeneration] Part 'EnginePlate4' has defined a procedural drag cube setup
[LOG 15:22:34.667] PartLoader: Compiling Part 'SquadExpansion/MakingHistory/Parts/Coupling/EnginePlate_5/EnginePlate5'
[LOG 15:22:34.688] PartLoader: Part 'SquadExpansion/MakingHistory/Parts/Coupling/EnginePlate_5/EnginePlate5' has no database record. Creating.
[LOG 15:22:34.689] [DragCubeSystem]: Drag cubes not found or cannot be read for part Part. Generating New drag cubes.
[LOG 15:22:34.689] [KSPCF/DragCubeGeneration] Part 'EnginePlate5' has defined a procedural drag cube setup
[LOG 15:22:34.689] PartLoader: Compiling Part 'SquadExpansion/MakingHistory/Parts/Coupling/InflatableAirlock/InflatableAirlock'
[LOG 15:22:34.698] PartLoader: Part 'SquadExpansion/MakingHistory/Parts/Coupling/InflatableAirlock/InflatableAirlock' has no database record. Creating.
[LOG 15:22:34.698] [DragCubeSystem]: Drag cubes not found or cannot be read for part Part. Generating New drag cubes.
[LOG 15:22:34.698] [KSPCF/DragCubeGeneration] Creating drag cubes for part 'InflatableAirlock'
[LOG 15:22:34.715] PartLoader: Compiling Part 'SquadExpansion/MakingHistory/Parts/Coupling/Separator_1p5/Separator_1p5'
[LOG 15:22:34.723] PartLoader: Part 'SquadExpansion/MakingHistory/Parts/Coupling/Separator_1p5/Separator_1p5' has no database record. Creating.
[LOG 15:22:34.723] PartLoader: Compiling Part 'SquadExpansion/MakingHistory/Parts/Coupling/Separator_4/Separator_4'
[LOG 15:22:34.730] PartLoader: Part 'SquadExpansion/MakingHistory/Parts/Coupling/Separator_4/Separator_4' has no database record. Creating.
[LOG 15:22:34.730] PartLoader: Compiling Part 'SquadExpansion/MakingHistory/Parts/Coupling/Size1p5_Strut_Decoupler/Size1p5_Strut_Decoupler'
[LOG 15:22:34.737] PartLoader: Part 'SquadExpansion/MakingHistory/Parts/Coupling/Size1p5_Strut_Decoupler/Size1p5_Strut_Decoupler' has no database record. Creating.
[LOG 15:22:34.738] PartLoader: Compiling Part 'SquadExpansion/MakingHistory/Parts/Engine/LiquidEngineKE-1/LiquidEngineKE-1'
[LOG 15:22:34.754] PartLoader: Part 'SquadExpansion/MakingHistory/Parts/Engine/LiquidEngineKE-1/LiquidEngineKE-1' has no database record. Creating.
[LOG 15:22:34.754] [DragCubeSystem]: Drag cubes not found or cannot be read for part Part. Generating New drag cubes.
[LOG 15:22:34.754] [KSPCF/DragCubeGeneration] Creating drag cubes for part 'LiquidEngineKE-1'
[LOG 15:22:34.788] PartLoader: Compiling Part 'SquadExpansion/MakingHistory/Parts/Engine/LiquidEngineLV-T91/LiquidEngineLV-T91'
[LOG 15:22:34.796] PartLoader: Part 'SquadExpansion/MakingHistory/Parts/Engine/LiquidEngineLV-T91/LiquidEngineLV-T91' has no database record. Creating.
[LOG 15:22:34.796] [DragCubeSystem]: Drag cubes not found or cannot be read for part Part. Generating New drag cubes.
[LOG 15:22:34.796] [KSPCF/DragCubeGeneration] Creating drag cubes for part 'LiquidEngineLV-T91'
[LOG 15:22:34.819] PartLoader: Compiling Part 'SquadExpansion/MakingHistory/Parts/Engine/LiquidEngineLV-TX87/LiquidEngineLV-TX87'
[LOG 15:22:34.828] PartLoader: Part 'SquadExpansion/MakingHistory/Parts/Engine/LiquidEngineLV-TX87/LiquidEngineLV-TX87' has no database record. Creating.
[LOG 15:22:34.828] [DragCubeSystem]: Drag cubes not found or cannot be read for part Part. Generating New drag cubes.
[LOG 15:22:34.828] [KSPCF/DragCubeGeneration] Creating drag cubes for part 'LiquidEngineLV-TX87'
[LOG 15:22:34.897] PartLoader: Compiling Part 'SquadExpansion/MakingHistory/Parts/Engine/LiquidEngineRE-I2/LiquidEngineRE-I2'
[LOG 15:22:34.909] PartLoader: Part 'SquadExpansion/MakingHistory/Parts/Engine/LiquidEngineRE-I2/LiquidEngineRE-I2' has no database record. Creating.
[LOG 15:22:34.910] [DragCubeSystem]: Drag cubes not found or cannot be read for part Part. Generating New drag cubes.
[LOG 15:22:34.910] [KSPCF/DragCubeGeneration] Creating drag cubes for part 'LiquidEngineRE-I2'
[LOG 15:22:34.933] PartLoader: Compiling Part 'SquadExpansion/MakingHistory/Parts/Engine/LiquidEngineRE-J10/LiquidEngineRE-J10'
[LOG 15:22:34.940] PartLoader: Part 'SquadExpansion/MakingHistory/Parts/Engine/LiquidEngineRE-J10/LiquidEngineRE-J10' has no database record. Creating.
[LOG 15:22:34.941] [DragCubeSystem]: Drag cubes not found or cannot be read for part Part. Generating New drag cubes.
[LOG 15:22:34.941] [KSPCF/DragCubeGeneration] Creating drag cubes for part 'LiquidEngineRE-J10'
[LOG 15:22:34.962] PartLoader: Compiling Part 'SquadExpansion/MakingHistory/Parts/Engine/LiquidEngineRK-7/LiquidEngineRK-7'
[LOG 15:22:34.969] PartLoader: Part 'SquadExpansion/MakingHistory/Parts/Engine/LiquidEngineRK-7/LiquidEngineRK-7' has no database record. Creating.
[LOG 15:22:34.969] [DragCubeSystem]: Drag cubes not found or cannot be read for part Part. Generating New drag cubes.
[LOG 15:22:34.969] [KSPCF/DragCubeGeneration] Creating drag cubes for part 'LiquidEngineRK-7'
[LOG 15:22:34.995] PartLoader: Compiling Part 'SquadExpansion/MakingHistory/Parts/Engine/LiquidEngineRV-1/LiquidEngineRV-1'
[LOG 15:22:35.001] PartLoader: Part 'SquadExpansion/MakingHistory/Parts/Engine/LiquidEngineRV-1/LiquidEngineRV-1' has no database record. Creating.
[LOG 15:22:35.001] [DragCubeSystem]: Drag cubes not found or cannot be read for part Part. Generating New drag cubes.
[LOG 15:22:35.001] [KSPCF/DragCubeGeneration] Creating drag cubes for part 'LiquidEngineRV-1'
[LOG 15:22:35.006] PartLoader: Compiling Part 'SquadExpansion/MakingHistory/Parts/Engine/solidBoosterTHK/solidBoosterTHK/Pollux'
[LOG 15:22:35.011] PartLoader: Part 'SquadExpansion/MakingHistory/Parts/Engine/solidBoosterTHK/solidBoosterTHK/Pollux' has no database record. Creating.
[LOG 15:22:35.011] [DragCubeSystem]: Drag cubes not found or cannot be read for part Part. Generating New drag cubes.
[LOG 15:22:35.012] [KSPCF/DragCubeGeneration] Creating drag cubes for part 'Pollux'
[LOG 15:22:35.016] PartLoader: Compiling Part 'SquadExpansion/MakingHistory/Parts/FuelTank/MonoPropMini/monopropMiniSphere'
[LOG 15:22:35.018] PartLoader: Part 'SquadExpansion/MakingHistory/Parts/FuelTank/MonoPropMini/monopropMiniSphere' has no database record. Creating.
[LOG 15:22:35.018] [DragCubeSystem]: Drag cubes not found or cannot be read for part Part. Generating New drag cubes.
[LOG 15:22:35.019] [KSPCF/DragCubeGeneration] Creating drag cubes for part 'monopropMiniSphere'
[LOG 15:22:35.022] PartLoader: Compiling Part 'SquadExpansion/MakingHistory/Parts/FuelTank/Size1p5_Monoprop/Size1p5_Monoprop'
[LOG 15:22:35.026] PartLoader: Part 'SquadExpansion/MakingHistory/Parts/FuelTank/Size1p5_Monoprop/Size1p5_Monoprop' has no database record. Creating.
[LOG 15:22:35.026] [DragCubeSystem]: Drag cubes not found or cannot be read for part Part. Generating New drag cubes.
[LOG 15:22:35.026] [KSPCF/DragCubeGeneration] Creating drag cubes for part 'Size1p5.Monoprop'
[LOG 15:22:35.030] PartLoader: Compiling Part 'SquadExpansion/MakingHistory/Parts/FuelTank/Size1p5_Size0_Adapter_01/Size1p5_Size0_Adapter_01'
[LOG 15:22:35.033] PartLoader: Part 'SquadExpansion/MakingHistory/Parts/FuelTank/Size1p5_Size0_Adapter_01/Size1p5_Size0_Adapter_01' has no database record. Creating.
[LOG 15:22:35.033] [DragCubeSystem]: Drag cubes not found or cannot be read for part Part. Generating New drag cubes.
[LOG 15:22:35.033] [KSPCF/DragCubeGeneration] Creating drag cubes for part 'Size1p5.Size0.Adapter.01'
[LOG 15:22:35.037] PartLoader: Compiling Part 'SquadExpansion/MakingHistory/Parts/FuelTank/Size1p5_Size1_Adapter_01/Size1p5_Size1_Adapter_01'
[LOG 15:22:35.040] PartLoader: Part 'SquadExpansion/MakingHistory/Parts/FuelTank/Size1p5_Size1_Adapter_01/Size1p5_Size1_Adapter_01' has no database record. Creating.
[LOG 15:22:35.040] [DragCubeSystem]: Drag cubes not found or cannot be read for part Part. Generating New drag cubes.
[LOG 15:22:35.040] [KSPCF/DragCubeGeneration] Creating drag cubes for part 'Size1p5.Size1.Adapter.01'
[LOG 15:22:35.044] PartLoader: Compiling Part 'SquadExpansion/MakingHistory/Parts/FuelTank/Size1p5_Size1_Adapter_02/Size1p5_Size1_Adapter_02'
[LOG 15:22:35.046] PartLoader: Part 'SquadExpansion/MakingHistory/Parts/FuelTank/Size1p5_Size1_Adapter_02/Size1p5_Size1_Adapter_02' has no database record. Creating.
[LOG 15:22:35.046] [DragCubeSystem]: Drag cubes not found or cannot be read for part Part. Generating New drag cubes.
[LOG 15:22:35.046] [KSPCF/DragCubeGeneration] Creating drag cubes for part 'Size1p5.Size1.Adapter.02'
[LOG 15:22:35.050] PartLoader: Compiling Part 'SquadExpansion/MakingHistory/Parts/FuelTank/Size1p5_Size2_Adapter_01/Size1p5_Size2_Adapter_01'
[LOG 15:22:35.053] PartLoader: Part 'SquadExpansion/MakingHistory/Parts/FuelTank/Size1p5_Size2_Adapter_01/Size1p5_Size2_Adapter_01' has no database record. Creating.
[LOG 15:22:35.053] [DragCubeSystem]: Drag cubes not found or cannot be read for part Part. Generating New drag cubes.
[LOG 15:22:35.053] [KSPCF/DragCubeGeneration] Creating drag cubes for part 'Size1p5.Size2.Adapter.01'
[LOG 15:22:35.057] PartLoader: Compiling Part 'SquadExpansion/MakingHistory/Parts/FuelTank/Size1p5_Tank_01/Size1p5_Tank_01'
[LOG 15:22:35.061] PartLoader: Part 'SquadExpansion/MakingHistory/Parts/FuelTank/Size1p5_Tank_01/Size1p5_Tank_01' has no database record. Creating.
[LOG 15:22:35.062] [DragCubeSystem]: Drag cubes not found or cannot be read for part Part. Generating New drag cubes.
[LOG 15:22:35.062] [KSPCF/DragCubeGeneration] Creating drag cubes for part 'Size1p5.Tank.01'
[LOG 15:22:35.066] PartLoader: Compiling Part 'SquadExpansion/MakingHistory/Parts/FuelTank/Size1p5_Tank_02/Size1p5_Tank_02'
[LOG 15:22:35.070] PartLoader: Part 'SquadExpansion/MakingHistory/Parts/FuelTank/Size1p5_Tank_02/Size1p5_Tank_02' has no database record. Creating.
[LOG 15:22:35.070] [DragCubeSystem]: Drag cubes not found or cannot be read for part Part. Generating New drag cubes.
[LOG 15:22:35.070] [KSPCF/DragCubeGeneration] Creating drag cubes for part 'Size1p5.Tank.02'
[LOG 15:22:35.074] PartLoader: Compiling Part 'SquadExpansion/MakingHistory/Parts/FuelTank/Size1p5_Tank_03/Size1p5_Tank_03'
[LOG 15:22:35.077] PartLoader: Part 'SquadExpansion/MakingHistory/Parts/FuelTank/Size1p5_Tank_03/Size1p5_Tank_03' has no database record. Creating.
[LOG 15:22:35.077] [DragCubeSystem]: Drag cubes not found or cannot be read for part Part. Generating New drag cubes.
[LOG 15:22:35.077] [KSPCF/DragCubeGeneration] Creating drag cubes for part 'Size1p5.Tank.03'
[LOG 15:22:35.082] PartLoader: Compiling Part 'SquadExpansion/MakingHistory/Parts/FuelTank/Size1p5_Tank_04/Size1p5_Tank_04'
[LOG 15:22:35.085] PartLoader: Part 'SquadExpansion/MakingHistory/Parts/FuelTank/Size1p5_Tank_04/Size1p5_Tank_04' has no database record. Creating.
[LOG 15:22:35.085] [DragCubeSystem]: Drag cubes not found or cannot be read for part Part. Generating New drag cubes.
[LOG 15:22:35.085] [KSPCF/DragCubeGeneration] Creating drag cubes for part 'Size1p5.Tank.04'
[LOG 15:22:35.090] PartLoader: Compiling Part 'SquadExpansion/MakingHistory/Parts/FuelTank/Size1p5_Tank_05/Size1p5_Tank_05'
[LOG 15:22:35.095] PartLoader: Part 'SquadExpansion/MakingHistory/Parts/FuelTank/Size1p5_Tank_05/Size1p5_Tank_05' has no database record. Creating.
[LOG 15:22:35.095] [DragCubeSystem]: Drag cubes not found or cannot be read for part Part. Generating New drag cubes.
[LOG 15:22:35.095] [KSPCF/DragCubeGeneration] Creating drag cubes for part 'Size1p5.Tank.05'
[LOG 15:22:35.100] PartLoader: Compiling Part 'SquadExpansion/MakingHistory/Parts/FuelTank/Size3_Size4_Adapter_01/Size3_Size4_Adapter_01'
[LOG 15:22:35.102] PartLoader: Part 'SquadExpansion/MakingHistory/Parts/FuelTank/Size3_Size4_Adapter_01/Size3_Size4_Adapter_01' has no database record. Creating.
[LOG 15:22:35.102] [DragCubeSystem]: Drag cubes not found or cannot be read for part Part. Generating New drag cubes.
[LOG 15:22:35.102] [KSPCF/DragCubeGeneration] Creating drag cubes for part 'Size3.Size4.Adapter.01'
[LOG 15:22:35.107] PartLoader: Compiling Part 'SquadExpansion/MakingHistory/Parts/FuelTank/Size4_EngineAdapter_01/Size4_EngineAdapter_01'
[LOG 15:22:35.109] PartLoader: Part 'SquadExpansion/MakingHistory/Parts/FuelTank/Size4_EngineAdapter_01/Size4_EngineAdapter_01' has no database record. Creating.
[LOG 15:22:35.109] [DragCubeSystem]: Drag cubes not found or cannot be read for part Part. Generating New drag cubes.
[LOG 15:22:35.109] [KSPCF/DragCubeGeneration] Creating drag cubes for part 'Size4.EngineAdapter.01'
[LOG 15:22:35.114] PartLoader: Compiling Part 'SquadExpansion/MakingHistory/Parts/FuelTank/Size4_Tank_01/Size4_Tank_01'
[LOG 15:22:35.116] PartLoader: Part 'SquadExpansion/MakingHistory/Parts/FuelTank/Size4_Tank_01/Size4_Tank_01' has no database record. Creating.
[LOG 15:22:35.116] [DragCubeSystem]: Drag cubes not found or cannot be read for part Part. Generating New drag cubes.
[LOG 15:22:35.116] [KSPCF/DragCubeGeneration] Creating drag cubes for part 'Size4.Tank.01'
[LOG 15:22:35.120] PartLoader: Compiling Part 'SquadExpansion/MakingHistory/Parts/FuelTank/Size4_Tank_02/Size4_Tank_02'
[LOG 15:22:35.123] PartLoader: Part 'SquadExpansion/MakingHistory/Parts/FuelTank/Size4_Tank_02/Size4_Tank_02' has no database record. Creating.
[LOG 15:22:35.123] [DragCubeSystem]: Drag cubes not found or cannot be read for part Part. Generating New drag cubes.
[LOG 15:22:35.123] [KSPCF/DragCubeGeneration] Creating drag cubes for part 'Size4.Tank.02'
[LOG 15:22:35.129] PartLoader: Compiling Part 'SquadExpansion/MakingHistory/Parts/FuelTank/Size4_Tank_03/Size4_Tank_03'
[LOG 15:22:35.132] PartLoader: Part 'SquadExpansion/MakingHistory/Parts/FuelTank/Size4_Tank_03/Size4_Tank_03' has no database record. Creating.
[LOG 15:22:35.133] [DragCubeSystem]: Drag cubes not found or cannot be read for part Part. Generating New drag cubes.
[LOG 15:22:35.133] [KSPCF/DragCubeGeneration] Creating drag cubes for part 'Size4.Tank.03'
[LOG 15:22:35.137] PartLoader: Compiling Part 'SquadExpansion/MakingHistory/Parts/FuelTank/Size4_Tank_04/Size4_Tank_04'
[LOG 15:22:35.139] PartLoader: Part 'SquadExpansion/MakingHistory/Parts/FuelTank/Size4_Tank_04/Size4_Tank_04' has no database record. Creating.
[LOG 15:22:35.140] [DragCubeSystem]: Drag cubes not found or cannot be read for part Part. Generating New drag cubes.
[LOG 15:22:35.140] [KSPCF/DragCubeGeneration] Creating drag cubes for part 'Size4.Tank.04'
[LOG 15:22:35.144] PartLoader: Compiling Part 'SquadExpansion/MakingHistory/Parts/Ground/RoverWheel/roverWheelM1-F'
[LOG 15:22:35.152] PartLoader: Part 'SquadExpansion/MakingHistory/Parts/Ground/RoverWheel/roverWheelM1-F' has no database record. Creating.
[LOG 15:22:35.152] [DragCubeSystem]: Drag cubes not found or cannot be read for part Part. Generating New drag cubes.
[LOG 15:22:35.152] [KSPCF/DragCubeGeneration] Creating drag cubes for part 'roverWheelM1-F'
[LOG 15:22:35.166] PartLoader: Compiling Part 'SquadExpansion/MakingHistory/Parts/Payload/fairingSize1p5/fairingSize1p5'
[LOG 15:22:35.177] PartLoader: Part 'SquadExpansion/MakingHistory/Parts/Payload/fairingSize1p5/fairingSize1p5' has no database record. Creating.
[LOG 15:22:35.177] [DragCubeSystem]: Drag cubes not found or cannot be read for part Part. Generating New drag cubes.
[LOG 15:22:35.177] [KSPCF/DragCubeGeneration] Creating drag cubes for part 'fairingSize1p5'
[LOG 15:22:35.181] PartLoader: Compiling Part 'SquadExpansion/MakingHistory/Parts/Payload/fairingSize4/fairingSize4'
[LOG 15:22:35.190] PartLoader: Part 'SquadExpansion/MakingHistory/Parts/Payload/fairingSize4/fairingSize4' has no database record. Creating.
[LOG 15:22:35.190] [DragCubeSystem]: Drag cubes not found or cannot be read for part Part. Generating New drag cubes.
[LOG 15:22:35.190] [KSPCF/DragCubeGeneration] Creating drag cubes for part 'fairingSize4'
[LOG 15:22:35.195] PartLoader: Compiling Part 'SquadExpansion/MakingHistory/Parts/Payload/Size1to0ServiceModule/Size1to0ServiceModule'
[LOG 15:22:35.203] PartLoader: Part 'SquadExpansion/MakingHistory/Parts/Payload/Size1to0ServiceModule/Size1to0ServiceModule' has no database record. Creating.
[LOG 15:22:35.203] [DragCubeSystem]: Drag cubes not found or cannot be read for part Part. Generating New drag cubes.
[LOG 15:22:35.203] [KSPCF/DragCubeGeneration] Part 'Size1to0ServiceModule' has defined a procedural drag cube setup
[LOG 15:22:35.204] PartLoader: Compiling Part 'SquadExpansion/MakingHistory/Parts/Payload/SM18/ServiceModule18'
[LOG 15:22:35.209] PartLoader: Part 'SquadExpansion/MakingHistory/Parts/Payload/SM18/ServiceModule18' has no database record. Creating.
[LOG 15:22:35.209] [DragCubeSystem]: Drag cubes not found or cannot be read for part Part. Generating New drag cubes.
[LOG 15:22:35.209] [KSPCF/DragCubeGeneration] Part 'ServiceModule18' has defined a procedural drag cube setup
[LOG 15:22:35.210] PartLoader: Compiling Part 'SquadExpansion/MakingHistory/Parts/Payload/SM25/ServiceModule25'
[LOG 15:22:35.215] PartLoader: Part 'SquadExpansion/MakingHistory/Parts/Payload/SM25/ServiceModule25' has no database record. Creating.
[LOG 15:22:35.215] [DragCubeSystem]: Drag cubes not found or cannot be read for part Part. Generating New drag cubes.
[LOG 15:22:35.215] [KSPCF/DragCubeGeneration] Part 'ServiceModule25' has defined a procedural drag cube setup
[LOG 15:22:35.216] PartLoader: Compiling Part 'SquadExpansion/MakingHistory/Parts/Pods/KV1Pod/kv1Pod'
[WRN 15:22:35.219] [Part]: Cannot have ModuleCargoPart and ModuleInventoryPart on same Part [kv1Pod'. Removed ModuleCargoPart
[LOG 15:22:35.223] PartLoader: Part 'SquadExpansion/MakingHistory/Parts/Pods/KV1Pod/kv1Pod' has no database record. Creating.
[LOG 15:22:35.225] PartLoader: Compiling Part 'SquadExpansion/MakingHistory/Parts/Pods/KV2Pod/kv2Pod'
[WRN 15:22:35.228] [Part]: Cannot have ModuleCargoPart and ModuleInventoryPart on same Part [kv2Pod'. Removed ModuleCargoPart
[LOG 15:22:35.232] PartLoader: Part 'SquadExpansion/MakingHistory/Parts/Pods/KV2Pod/kv2Pod' has no database record. Creating.
[LOG 15:22:35.235] PartLoader: Compiling Part 'SquadExpansion/MakingHistory/Parts/Pods/KV3Pod/kv3Pod'
[WRN 15:22:35.239] [Part]: Cannot have ModuleCargoPart and ModuleInventoryPart on same Part [kv3Pod'. Removed ModuleCargoPart
[LOG 15:22:35.243] PartLoader: Part 'SquadExpansion/MakingHistory/Parts/Pods/KV3Pod/kv3Pod' has no database record. Creating.
[LOG 15:22:35.245] PartLoader: Compiling Part 'SquadExpansion/MakingHistory/Parts/Pods/Mk2Pod/Mk2Pod'
[WRN 15:22:35.248] [Part]: Cannot have ModuleCargoPart and ModuleInventoryPart on same Part [Mk2Pod'. Removed ModuleCargoPart
[LOG 15:22:35.251] PartLoader: Part 'SquadExpansion/MakingHistory/Parts/Pods/Mk2Pod/Mk2Pod' has no database record. Creating.
[LOG 15:22:35.251] [DragCubeSystem]: Drag cubes not found or cannot be read for part Part. Generating New drag cubes.
[LOG 15:22:35.251] [KSPCF/DragCubeGeneration] Creating drag cubes for part 'Mk2Pod'
[LOG 15:22:35.256] PartLoader: Compiling Part 'SquadExpansion/MakingHistory/Parts/Pods/Size1_5_Lander/MEMLander'
[WRN 15:22:35.261] [Part]: Cannot add ModuleCargoPart as this Part 'MEMLander' already has a ModuleInventoryPart PartModule and they are mutually exclusive.
[LOG 15:22:35.265] PartLoader: Part 'SquadExpansion/MakingHistory/Parts/Pods/Size1_5_Lander/MEMLander' has no database record. Creating.
[LOG 15:22:35.265] [DragCubeSystem]: Drag cubes not found or cannot be read for part Part. Generating New drag cubes.
[LOG 15:22:35.265] [KSPCF/DragCubeGeneration] Creating drag cubes for part 'MEMLander'
[LOG 15:22:35.273] PartLoader: Compiling Part 'SquadExpansion/MakingHistory/Parts/Prebuilt/kerbalEVAfemaleVintage/kerbalEVAfemaleVintage'
[LOG 15:22:35.280] PartLoader: Compiling Part 'SquadExpansion/MakingHistory/Parts/Prebuilt/kerbalEVAVintage/kerbalEVAVintage'
[LOG 15:22:35.286] PartLoader: Compiling Part 'SquadExpansion/MakingHistory/Parts/Structural/EquiTriangle0/EquiTriangle0'
[LOG 15:22:35.292] PartLoader: Part 'SquadExpansion/MakingHistory/Parts/Structural/EquiTriangle0/EquiTriangle0' has no database record. Creating.
[LOG 15:22:35.292] [DragCubeSystem]: Drag cubes not found or cannot be read for part Part. Generating New drag cubes.
[LOG 15:22:35.292] [KSPCF/DragCubeGeneration] Creating drag cubes for part 'EquiTriangle0'
[LOG 15:22:35.296] PartLoader: Compiling Part 'SquadExpansion/MakingHistory/Parts/Structural/EquiTriangle1/EquiTriangle1'
[LOG 15:22:35.300] PartLoader: Part 'SquadExpansion/MakingHistory/Parts/Structural/EquiTriangle1/EquiTriangle1' has no database record. Creating.
[LOG 15:22:35.300] [DragCubeSystem]: Drag cubes not found or cannot be read for part Part. Generating New drag cubes.
[LOG 15:22:35.300] [KSPCF/DragCubeGeneration] Creating drag cubes for part 'EquiTriangle1'
[LOG 15:22:35.305] PartLoader: Compiling Part 'SquadExpansion/MakingHistory/Parts/Structural/EquiTriangle1p5/EquiTriangle1p5'
[LOG 15:22:35.309] PartLoader: Part 'SquadExpansion/MakingHistory/Parts/Structural/EquiTriangle1p5/EquiTriangle1p5' has no database record. Creating.
[LOG 15:22:35.309] [DragCubeSystem]: Drag cubes not found or cannot be read for part Part. Generating New drag cubes.
[LOG 15:22:35.309] [KSPCF/DragCubeGeneration] Creating drag cubes for part 'EquiTriangle1p5'
[LOG 15:22:35.313] PartLoader: Compiling Part 'SquadExpansion/MakingHistory/Parts/Structural/EquiTriangle2/EquiTriangle2'
[LOG 15:22:35.317] PartLoader: Part 'SquadExpansion/MakingHistory/Parts/Structural/EquiTriangle2/EquiTriangle2' has no database record. Creating.
[LOG 15:22:35.317] [DragCubeSystem]: Drag cubes not found or cannot be read for part Part. Generating New drag cubes.
[LOG 15:22:35.317] [KSPCF/DragCubeGeneration] Creating drag cubes for part 'EquiTriangle2'
[LOG 15:22:35.321] PartLoader: Compiling Part 'SquadExpansion/MakingHistory/Parts/Structural/Panel0/Panel0'
[LOG 15:22:35.324] PartLoader: Part 'SquadExpansion/MakingHistory/Parts/Structural/Panel0/Panel0' has no database record. Creating.
[LOG 15:22:35.324] [DragCubeSystem]: Drag cubes not found or cannot be read for part Part. Generating New drag cubes.
[LOG 15:22:35.324] [KSPCF/DragCubeGeneration] Creating drag cubes for part 'Panel0'
[LOG 15:22:35.328] PartLoader: Compiling Part 'SquadExpansion/MakingHistory/Parts/Structural/Panel1/Panel1'
[LOG 15:22:35.331] PartLoader: Part 'SquadExpansion/MakingHistory/Parts/Structural/Panel1/Panel1' has no database record. Creating.
[LOG 15:22:35.331] [DragCubeSystem]: Drag cubes not found or cannot be read for part Part. Generating New drag cubes.
[LOG 15:22:35.331] [KSPCF/DragCubeGeneration] Creating drag cubes for part 'Panel1'
[LOG 15:22:35.335] PartLoader: Compiling Part 'SquadExpansion/MakingHistory/Parts/Structural/Panel1p5/Panel1p5'
[LOG 15:22:35.339] PartLoader: Part 'SquadExpansion/MakingHistory/Parts/Structural/Panel1p5/Panel1p5' has no database record. Creating.
[LOG 15:22:35.339] [DragCubeSystem]: Drag cubes not found or cannot be read for part Part. Generating New drag cubes.
[LOG 15:22:35.340] [KSPCF/DragCubeGeneration] Creating drag cubes for part 'Panel1p5'
[LOG 15:22:35.343] PartLoader: Compiling Part 'SquadExpansion/MakingHistory/Parts/Structural/Panel2/Panel2'
[LOG 15:22:35.347] PartLoader: Part 'SquadExpansion/MakingHistory/Parts/Structural/Panel2/Panel2' has no database record. Creating.
[LOG 15:22:35.348] [DragCubeSystem]: Drag cubes not found or cannot be read for part Part. Generating New drag cubes.
[LOG 15:22:35.348] [KSPCF/DragCubeGeneration] Creating drag cubes for part 'Panel2'
[LOG 15:22:35.352] PartLoader: Compiling Part 'SquadExpansion/MakingHistory/Parts/Structural/Triangle0/Triangle0'
[LOG 15:22:35.355] PartLoader: Part 'SquadExpansion/MakingHistory/Parts/Structural/Triangle0/Triangle0' has no database record. Creating.
[LOG 15:22:35.355] [DragCubeSystem]: Drag cubes not found or cannot be read for part Part. Generating New drag cubes.
[LOG 15:22:35.356] [KSPCF/DragCubeGeneration] Creating drag cubes for part 'Triangle0'
[LOG 15:22:35.360] PartLoader: Compiling Part 'SquadExpansion/MakingHistory/Parts/Structural/Triangle1/Triangle1'
[LOG 15:22:35.363] PartLoader: Part 'SquadExpansion/MakingHistory/Parts/Structural/Triangle1/Triangle1' has no database record. Creating.
[LOG 15:22:35.363] [DragCubeSystem]: Drag cubes not found or cannot be read for part Part. Generating New drag cubes.
[LOG 15:22:35.363] [KSPCF/DragCubeGeneration] Creating drag cubes for part 'Triangle1'
[LOG 15:22:35.367] PartLoader: Compiling Part 'SquadExpansion/MakingHistory/Parts/Structural/Triangle1p5/Triangle1p5'
[LOG 15:22:35.371] PartLoader: Part 'SquadExpansion/MakingHistory/Parts/Structural/Triangle1p5/Triangle1p5' has no database record. Creating.
[LOG 15:22:35.371] [DragCubeSystem]: Drag cubes not found or cannot be read for part Part. Generating New drag cubes.
[LOG 15:22:35.371] [KSPCF/DragCubeGeneration] Creating drag cubes for part 'Triangle1p5'
[LOG 15:22:35.376] PartLoader: Compiling Part 'SquadExpansion/MakingHistory/Parts/Structural/Triangle2/Triangle2'
[LOG 15:22:35.381] PartLoader: Part 'SquadExpansion/MakingHistory/Parts/Structural/Triangle2/Triangle2' has no database record. Creating.
[LOG 15:22:35.382] [DragCubeSystem]: Drag cubes not found or cannot be read for part Part. Generating New drag cubes.
[LOG 15:22:35.382] [KSPCF/DragCubeGeneration] Creating drag cubes for part 'Triangle2'
[LOG 15:22:35.385] PartLoader: Compiling Part 'SquadExpansion/MakingHistory/Parts/Structural/Tube1/Tube1'
[LOG 15:22:35.390] PartLoader: Part 'SquadExpansion/MakingHistory/Parts/Structural/Tube1/Tube1' has no database record. Creating.
[LOG 15:22:35.390] PartLoader: Compiling Part 'SquadExpansion/MakingHistory/Parts/Structural/Tube1p5/Tube1p5'
[LOG 15:22:35.394] PartLoader: Part 'SquadExpansion/MakingHistory/Parts/Structural/Tube1p5/Tube1p5' has no database record. Creating.
[LOG 15:22:35.394] PartLoader: Compiling Part 'SquadExpansion/MakingHistory/Parts/Structural/Tube2/Tube2'
[LOG 15:22:35.398] PartLoader: Part 'SquadExpansion/MakingHistory/Parts/Structural/Tube2/Tube2' has no database record. Creating.
[LOG 15:22:35.398] PartLoader: Compiling Part 'SquadExpansion/MakingHistory/Parts/Structural/Tube3/Tube3'
[LOG 15:22:35.401] PartLoader: Part 'SquadExpansion/MakingHistory/Parts/Structural/Tube3/Tube3' has no database record. Creating.
[LOG 15:22:35.401] PartLoader: Compiling Part 'SquadExpansion/MakingHistory/Parts/Structural/Tube4/Tube4'
[LOG 15:22:35.405] PartLoader: Part 'SquadExpansion/MakingHistory/Parts/Structural/Tube4/Tube4' has no database record. Creating.
[LOG 15:22:35.405] PartLoader: Compiling Part 'SquadExpansion/MakingHistory/Parts/Thermal/HeatShield1p5/HeatShield1p5'
[LOG 15:22:35.411] PartLoader: Part 'SquadExpansion/MakingHistory/Parts/Thermal/HeatShield1p5/HeatShield1p5' has no database record. Creating.
[LOG 15:22:35.411] [DragCubeSystem]: Drag cubes not found or cannot be read for part Part. Generating New drag cubes.
[LOG 15:22:35.412] [KSPCF/DragCubeGeneration] Creating drag cubes for part 'HeatShield1p5'
[LOG 15:22:35.424] PartLoader: Compiling Part 'SquadExpansion/MakingHistory/Parts/Utility/flags/flagSize1p5/flagSize1p5/flagPartSize1p5'
[LOG 15:22:35.429] PartLoader: Part 'SquadExpansion/MakingHistory/Parts/Utility/flags/flagSize1p5/flagSize1p5/flagPartSize1p5' has no database record. Creating.
[LOG 15:22:35.429] [DragCubeSystem]: Drag cubes not found or cannot be read for part Part. Generating New drag cubes.
[LOG 15:22:35.429] [KSPCF/DragCubeGeneration] Creating drag cubes for part 'flagPartSize1p5'
[LOG 15:22:35.433] PartLoader: Compiling Part 'SquadExpansion/MakingHistory/Parts/Utility/flags/flagSize4/flagSize4/flagPartSize4'
[LOG 15:22:35.438] PartLoader: Part 'SquadExpansion/MakingHistory/Parts/Utility/flags/flagSize4/flagSize4/flagPartSize4' has no database record. Creating.
[LOG 15:22:35.438] [DragCubeSystem]: Drag cubes not found or cannot be read for part Part. Generating New drag cubes.
[LOG 15:22:35.438] [KSPCF/DragCubeGeneration] Creating drag cubes for part 'flagPartSize4'
[LOG 15:22:35.442] PartLoader: Compiling Part 'SquadExpansion/Serenity/Parts/Aero/FanShroud_01/FanShroud_01'
[LOG 15:22:35.445] PartLoader: Part 'SquadExpansion/Serenity/Parts/Aero/FanShroud_01/FanShroud_01' has no database record. Creating.
[LOG 15:22:35.445] [DragCubeSystem]: Drag cubes not found or cannot be read for part Part. Generating New drag cubes.
[LOG 15:22:35.445] [KSPCF/DragCubeGeneration] Creating drag cubes for part 'FanShroud.01'
[LOG 15:22:35.450] PartLoader: Compiling Part 'SquadExpansion/Serenity/Parts/Aero/FanShroud_02/FanShroud_02'
[LOG 15:22:35.454] PartLoader: Part 'SquadExpansion/Serenity/Parts/Aero/FanShroud_02/FanShroud_02' has no database record. Creating.
[LOG 15:22:35.454] [DragCubeSystem]: Drag cubes not found or cannot be read for part Part. Generating New drag cubes.
[LOG 15:22:35.454] [KSPCF/DragCubeGeneration] Creating drag cubes for part 'FanShroud.02'
[LOG 15:22:35.458] PartLoader: Compiling Part 'SquadExpansion/Serenity/Parts/Aero/FanShroud_03/FanShroud_03'
[LOG 15:22:35.461] PartLoader: Part 'SquadExpansion/Serenity/Parts/Aero/FanShroud_03/FanShroud_03' has no database record. Creating.
[LOG 15:22:35.462] [DragCubeSystem]: Drag cubes not found or cannot be read for part Part. Generating New drag cubes.
[LOG 15:22:35.462] [KSPCF/DragCubeGeneration] Creating drag cubes for part 'FanShroud.03'
[LOG 15:22:35.466] PartLoader: Compiling Part 'SquadExpansion/Serenity/Parts/Aero/noseconeTiny/noseconeTiny'
[LOG 15:22:35.469] PartLoader: Part 'SquadExpansion/Serenity/Parts/Aero/noseconeTiny/noseconeTiny' has no database record. Creating.
[LOG 15:22:35.469] [DragCubeSystem]: Drag cubes not found or cannot be read for part Part. Generating New drag cubes.
[LOG 15:22:35.469] [KSPCF/DragCubeGeneration] Creating drag cubes for part 'noseconeTiny'
[LOG 15:22:35.473] PartLoader: Compiling Part 'SquadExpansion/Serenity/Parts/Aero/noseconeVS/noseconeVS'
[LOG 15:22:35.475] PartLoader: Part 'SquadExpansion/Serenity/Parts/Aero/noseconeVS/noseconeVS' has no database record. Creating.
[LOG 15:22:35.476] [DragCubeSystem]: Drag cubes not found or cannot be read for part Part. Generating New drag cubes.
[LOG 15:22:35.476] [KSPCF/DragCubeGeneration] Creating drag cubes for part 'noseconeVS'
[LOG 15:22:35.480] PartLoader: Compiling Part 'SquadExpansion/Serenity/Parts/DeployedScience/centralStation/DeployedCentralStation'
[LOG 15:22:35.490] PartLoader: Part 'SquadExpansion/Serenity/Parts/DeployedScience/centralStation/DeployedCentralStation' has no database record. Creating.
[LOG 15:22:35.490] [DragCubeSystem]: Drag cubes not found or cannot be read for part Part. Generating New drag cubes.
[LOG 15:22:35.490] [KSPCF/DragCubeGeneration] Creating drag cubes for part 'DeployedCentralStation'
[LOG 15:22:35.513] PartLoader: Compiling Part 'SquadExpansion/Serenity/Parts/DeployedScience/gooObservation/DeployedGoExOb'
[LOG 15:22:35.522] PartLoader: Part 'SquadExpansion/Serenity/Parts/DeployedScience/gooObservation/DeployedGoExOb' has no database record. Creating.
[LOG 15:22:35.522] [DragCubeSystem]: Drag cubes not found or cannot be read for part Part. Generating New drag cubes.
[LOG 15:22:35.522] [KSPCF/DragCubeGeneration] Creating drag cubes for part 'DeployedGoExOb'
[LOG 15:22:35.546] PartLoader: Compiling Part 'SquadExpansion/Serenity/Parts/DeployedScience/ionCollector/DeployedIONExp'
[LOG 15:22:35.550] PartLoader: Part 'SquadExpansion/Serenity/Parts/DeployedScience/ionCollector/DeployedIONExp' has no database record. Creating.
[LOG 15:22:35.550] [DragCubeSystem]: Drag cubes not found or cannot be read for part Part. Generating New drag cubes.
[LOG 15:22:35.550] [KSPCF/DragCubeGeneration] Creating drag cubes for part 'DeployedIONExp'
[LOG 15:22:35.562] PartLoader: Compiling Part 'SquadExpansion/Serenity/Parts/DeployedScience/rtg/DeployedRTG'
[LOG 15:22:35.569] PartLoader: Part 'SquadExpansion/Serenity/Parts/DeployedScience/rtg/DeployedRTG' has no database record. Creating.
[LOG 15:22:35.570] [DragCubeSystem]: Drag cubes not found or cannot be read for part Part. Generating New drag cubes.
[LOG 15:22:35.570] [KSPCF/DragCubeGeneration] Creating drag cubes for part 'DeployedRTG'
[LOG 15:22:35.583] PartLoader: Compiling Part 'SquadExpansion/Serenity/Parts/DeployedScience/satDish/DeployedSatDish'
[LOG 15:22:35.591] PartLoader: Part 'SquadExpansion/Serenity/Parts/DeployedScience/satDish/DeployedSatDish' has no database record. Creating.
[LOG 15:22:35.591] [DragCubeSystem]: Drag cubes not found or cannot be read for part Part. Generating New drag cubes.
[LOG 15:22:35.591] [KSPCF/DragCubeGeneration] Creating drag cubes for part 'DeployedSatDish'
[LOG 15:22:35.603] PartLoader: Compiling Part 'SquadExpansion/Serenity/Parts/DeployedScience/seismicSensor/DeployedSeismicSensor'
[LOG 15:22:35.608] PartLoader: Part 'SquadExpansion/Serenity/Parts/DeployedScience/seismicSensor/DeployedSeismicSensor' has no database record. Creating.
[LOG 15:22:35.608] [DragCubeSystem]: Drag cubes not found or cannot be read for part Part. Generating New drag cubes.
[LOG 15:22:35.608] [KSPCF/DragCubeGeneration] Creating drag cubes for part 'DeployedSeismicSensor'
[LOG 15:22:35.621] PartLoader: Compiling Part 'SquadExpansion/Serenity/Parts/DeployedScience/solarPanel/DeployedSolarPanel'
[LOG 15:22:35.628] PartLoader: Part 'SquadExpansion/Serenity/Parts/DeployedScience/solarPanel/DeployedSolarPanel' has no database record. Creating.
[LOG 15:22:35.628] [DragCubeSystem]: Drag cubes not found or cannot be read for part Part. Generating New drag cubes.
[LOG 15:22:35.628] [KSPCF/DragCubeGeneration] Creating drag cubes for part 'DeployedSolarPanel'
[LOG 15:22:35.641] PartLoader: Compiling Part 'SquadExpansion/Serenity/Parts/DeployedScience/weatherStation/DeployedWeatherStn'
[LOG 15:22:35.646] PartLoader: Part 'SquadExpansion/Serenity/Parts/DeployedScience/weatherStation/DeployedWeatherStn' has no database record. Creating.
[LOG 15:22:35.646] [DragCubeSystem]: Drag cubes not found or cannot be read for part Part. Generating New drag cubes.
[LOG 15:22:35.646] [KSPCF/DragCubeGeneration] Creating drag cubes for part 'DeployedWeatherStn'
[LOG 15:22:35.668] PartLoader: Compiling Part 'SquadExpansion/Serenity/Parts/Prebuilt/kerbalEVA/kerbalEVA'
[LOG 15:22:35.670] PartLoader: Compiling Part 'SquadExpansion/Serenity/Parts/Prebuilt/kerbalEVAfemale/kerbalEVAfemale'
[LOG 15:22:35.671] PartLoader: Compiling Part 'SquadExpansion/Serenity/Parts/Prebuilt/kerbalEVAfemaleFuture/kerbalEVAfemaleFuture'
[LOG 15:22:35.678] PartLoader: Compiling Part 'SquadExpansion/Serenity/Parts/Prebuilt/kerbalEVAfemaleVintage/kerbalEVAfemaleVintage'
[LOG 15:22:35.680] PartLoader: Compiling Part 'SquadExpansion/Serenity/Parts/Prebuilt/kerbalEVAFuture/kerbalEVAFuture'
[LOG 15:22:35.686] PartLoader: Compiling Part 'SquadExpansion/Serenity/Parts/Prebuilt/kerbalEVASlimSuit/kerbalEVASlimSuit'
[LOG 15:22:35.688] PartLoader: Compiling Part 'SquadExpansion/Serenity/Parts/Prebuilt/kerbalEVASlimSuitFemale/kerbalEVASlimSuitFemale'
[LOG 15:22:35.689] PartLoader: Compiling Part 'SquadExpansion/Serenity/Parts/Prebuilt/kerbalEVAVintage/kerbalEVAVintage'
[LOG 15:22:35.691] PartLoader: Compiling Part 'SquadExpansion/Serenity/Parts/Propellers/largeFanBlade/largeFanBlade'
[LOG 15:22:35.696] PartLoader: Part 'SquadExpansion/Serenity/Parts/Propellers/largeFanBlade/largeFanBlade' has no database record. Creating.
[LOG 15:22:35.696] [DragCubeSystem]: Drag cubes not found or cannot be read for part Part. Generating New drag cubes.
[LOG 15:22:35.696] [KSPCF/DragCubeGeneration] Creating drag cubes for part 'largeFanBlade'
[LOG 15:22:35.710] PartLoader: Compiling Part 'SquadExpansion/Serenity/Parts/Propellers/largeHeliBlade/largeHeliBlade'
[LOG 15:22:35.715] PartLoader: Part 'SquadExpansion/Serenity/Parts/Propellers/largeHeliBlade/largeHeliBlade' has no database record. Creating.
[LOG 15:22:35.715] [DragCubeSystem]: Drag cubes not found or cannot be read for part Part. Generating New drag cubes.
[LOG 15:22:35.715] [KSPCF/DragCubeGeneration] Creating drag cubes for part 'largeHeliBlade'
[LOG 15:22:35.730] PartLoader: Compiling Part 'SquadExpansion/Serenity/Parts/Propellers/largePropeller/largePropeller'
[LOG 15:22:35.735] PartLoader: Part 'SquadExpansion/Serenity/Parts/Propellers/largePropeller/largePropeller' has no database record. Creating.
[LOG 15:22:35.735] [DragCubeSystem]: Drag cubes not found or cannot be read for part Part. Generating New drag cubes.
[LOG 15:22:35.735] [KSPCF/DragCubeGeneration] Creating drag cubes for part 'largePropeller'
[LOG 15:22:35.751] PartLoader: Compiling Part 'SquadExpansion/Serenity/Parts/Propellers/mediumFanBlade/mediumFanBlade'
[LOG 15:22:35.758] PartLoader: Part 'SquadExpansion/Serenity/Parts/Propellers/mediumFanBlade/mediumFanBlade' has no database record. Creating.
[LOG 15:22:35.758] [DragCubeSystem]: Drag cubes not found or cannot be read for part Part. Generating New drag cubes.
[LOG 15:22:35.758] [KSPCF/DragCubeGeneration] Creating drag cubes for part 'mediumFanBlade'
[LOG 15:22:35.774] PartLoader: Compiling Part 'SquadExpansion/Serenity/Parts/Propellers/mediumHeliBlade/mediumHeliBlade'
[LOG 15:22:35.782] PartLoader: Part 'SquadExpansion/Serenity/Parts/Propellers/mediumHeliBlade/mediumHeliBlade' has no database record. Creating.
[LOG 15:22:35.782] [DragCubeSystem]: Drag cubes not found or cannot be read for part Part. Generating New drag cubes.
[LOG 15:22:35.782] [KSPCF/DragCubeGeneration] Creating drag cubes for part 'mediumHeliBlade'
[LOG 15:22:35.798] PartLoader: Compiling Part 'SquadExpansion/Serenity/Parts/Propellers/mediumPropeller/mediumPropeller'
[LOG 15:22:35.803] PartLoader: Part 'SquadExpansion/Serenity/Parts/Propellers/mediumPropeller/mediumPropeller' has no database record. Creating.
[LOG 15:22:35.803] [DragCubeSystem]: Drag cubes not found or cannot be read for part Part. Generating New drag cubes.
[LOG 15:22:35.803] [KSPCF/DragCubeGeneration] Creating drag cubes for part 'mediumPropeller'
[LOG 15:22:35.817] PartLoader: Compiling Part 'SquadExpansion/Serenity/Parts/Propellers/smallFanBlade/smallFanBlade'
[LOG 15:22:35.822] PartLoader: Part 'SquadExpansion/Serenity/Parts/Propellers/smallFanBlade/smallFanBlade' has no database record. Creating.
[LOG 15:22:35.822] [DragCubeSystem]: Drag cubes not found or cannot be read for part Part. Generating New drag cubes.
[LOG 15:22:35.822] [KSPCF/DragCubeGeneration] Creating drag cubes for part 'smallFanBlade'
[LOG 15:22:35.837] PartLoader: Compiling Part 'SquadExpansion/Serenity/Parts/Propellers/smallHeliBlade/smallHeliBlade'
[LOG 15:22:35.842] PartLoader: Part 'SquadExpansion/Serenity/Parts/Propellers/smallHeliBlade/smallHeliBlade' has no database record. Creating.
[LOG 15:22:35.842] [DragCubeSystem]: Drag cubes not found or cannot be read for part Part. Generating New drag cubes.
[LOG 15:22:35.842] [KSPCF/DragCubeGeneration] Creating drag cubes for part 'smallHeliBlade'
[LOG 15:22:35.855] PartLoader: Compiling Part 'SquadExpansion/Serenity/Parts/Propellers/smallPropeller/smallPropeller'
[LOG 15:22:35.860] PartLoader: Part 'SquadExpansion/Serenity/Parts/Propellers/smallPropeller/smallPropeller' has no database record. Creating.
[LOG 15:22:35.860] [DragCubeSystem]: Drag cubes not found or cannot be read for part Part. Generating New drag cubes.
[LOG 15:22:35.860] [KSPCF/DragCubeGeneration] Creating drag cubes for part 'smallPropeller'
[LOG 15:22:35.875] PartLoader: Compiling Part 'SquadExpansion/Serenity/Parts/Robotics/hinge_01/hinge_01'
[LOG 15:22:35.891] PartLoader: Part 'SquadExpansion/Serenity/Parts/Robotics/hinge_01/hinge_01' has no database record. Creating.
[LOG 15:22:35.891] [DragCubeSystem]: Drag cubes not found or cannot be read for part Part. Generating New drag cubes.
[LOG 15:22:35.891] [KSPCF/DragCubeGeneration] Creating drag cubes for part 'hinge.01'
[LOG 15:22:35.897] PartLoader: Compiling Part 'SquadExpansion/Serenity/Parts/Robotics/hinge_01_s/hinge_01_s'
[LOG 15:22:35.902] PartLoader: Part 'SquadExpansion/Serenity/Parts/Robotics/hinge_01_s/hinge_01_s' has no database record. Creating.
[LOG 15:22:35.902] [DragCubeSystem]: Drag cubes not found or cannot be read for part Part. Generating New drag cubes.
[LOG 15:22:35.902] [KSPCF/DragCubeGeneration] Creating drag cubes for part 'hinge.01.s'
[LOG 15:22:35.908] PartLoader: Compiling Part 'SquadExpansion/Serenity/Parts/Robotics/hinge_03/hinge_03'
[LOG 15:22:35.914] PartLoader: Part 'SquadExpansion/Serenity/Parts/Robotics/hinge_03/hinge_03' has no database record. Creating.
[LOG 15:22:35.915] PartLoader: Compiling Part 'SquadExpansion/Serenity/Parts/Robotics/hinge_03_s/hinge_03_s'
[LOG 15:22:35.920] PartLoader: Part 'SquadExpansion/Serenity/Parts/Robotics/hinge_03_s/hinge_03_s' has no database record. Creating.
[LOG 15:22:35.921] PartLoader: Compiling Part 'SquadExpansion/Serenity/Parts/Robotics/hinge_04/hinge_04'
[LOG 15:22:35.927] PartLoader: Part 'SquadExpansion/Serenity/Parts/Robotics/hinge_04/hinge_04' has no database record. Creating.
[LOG 15:22:35.927] PartLoader: Compiling Part 'SquadExpansion/Serenity/Parts/Robotics/piston_01/piston_01'
[LOG 15:22:35.937] PartLoader: Part 'SquadExpansion/Serenity/Parts/Robotics/piston_01/piston_01' has no database record. Creating.
[LOG 15:22:35.938] PartLoader: Compiling Part 'SquadExpansion/Serenity/Parts/Robotics/piston_02/piston_02'
[LOG 15:22:35.943] PartLoader: Part 'SquadExpansion/Serenity/Parts/Robotics/piston_02/piston_02' has no database record. Creating.
[LOG 15:22:35.944] PartLoader: Compiling Part 'SquadExpansion/Serenity/Parts/Robotics/piston_03/piston_03'
[LOG 15:22:35.949] PartLoader: Part 'SquadExpansion/Serenity/Parts/Robotics/piston_03/piston_03' has no database record. Creating.
[LOG 15:22:35.950] PartLoader: Compiling Part 'SquadExpansion/Serenity/Parts/Robotics/piston_04/piston_04'
[LOG 15:22:35.955] PartLoader: Part 'SquadExpansion/Serenity/Parts/Robotics/piston_04/piston_04' has no database record. Creating.
[LOG 15:22:35.956] PartLoader: Compiling Part 'SquadExpansion/Serenity/Parts/Robotics/RotorEngine_02/RotorEngine_02'
[LOG 15:22:35.967] PartLoader: Part 'SquadExpansion/Serenity/Parts/Robotics/RotorEngine_02/RotorEngine_02' has no database record. Creating.
[LOG 15:22:35.967] [DragCubeSystem]: Drag cubes not found or cannot be read for part Part. Generating New drag cubes.
[LOG 15:22:35.967] [KSPCF/DragCubeGeneration] Creating drag cubes for part 'RotorEngine.02'
[LOG 15:22:35.973] PartLoader: Compiling Part 'SquadExpansion/Serenity/Parts/Robotics/RotorEngine_03/RotorEngine_03'
[LOG 15:22:35.981] PartLoader: Part 'SquadExpansion/Serenity/Parts/Robotics/RotorEngine_03/RotorEngine_03' has no database record. Creating.
[LOG 15:22:35.982] [DragCubeSystem]: Drag cubes not found or cannot be read for part Part. Generating New drag cubes.
[LOG 15:22:35.982] [KSPCF/DragCubeGeneration] Creating drag cubes for part 'RotorEngine.03'
[LOG 15:22:35.987] PartLoader: Compiling Part 'SquadExpansion/Serenity/Parts/Robotics/rotor_01/rotor_01'
[LOG 15:22:35.993] PartLoader: Part 'SquadExpansion/Serenity/Parts/Robotics/rotor_01/rotor_01' has no database record. Creating.
[LOG 15:22:35.993] [DragCubeSystem]: Drag cubes not found or cannot be read for part Part. Generating New drag cubes.
[LOG 15:22:35.993] [KSPCF/DragCubeGeneration] Creating drag cubes for part 'rotor.01'
[LOG 15:22:35.998] PartLoader: Compiling Part 'SquadExpansion/Serenity/Parts/Robotics/rotor_01s/rotor_01s'
[LOG 15:22:36.006] PartLoader: Part 'SquadExpansion/Serenity/Parts/Robotics/rotor_01s/rotor_01s' has no database record. Creating.
[LOG 15:22:36.006] [DragCubeSystem]: Drag cubes not found or cannot be read for part Part. Generating New drag cubes.
[LOG 15:22:36.006] [KSPCF/DragCubeGeneration] Creating drag cubes for part 'rotor.01s'
[LOG 15:22:36.011] PartLoader: Compiling Part 'SquadExpansion/Serenity/Parts/Robotics/rotor_02/rotor_02'
[LOG 15:22:36.017] PartLoader: Part 'SquadExpansion/Serenity/Parts/Robotics/rotor_02/rotor_02' has no database record. Creating.
[LOG 15:22:36.017] [DragCubeSystem]: Drag cubes not found or cannot be read for part Part. Generating New drag cubes.
[LOG 15:22:36.017] [KSPCF/DragCubeGeneration] Creating drag cubes for part 'rotor.02'
[LOG 15:22:36.023] PartLoader: Compiling Part 'SquadExpansion/Serenity/Parts/Robotics/rotor_02s/rotor_02s'
[LOG 15:22:36.029] PartLoader: Part 'SquadExpansion/Serenity/Parts/Robotics/rotor_02s/rotor_02s' has no database record. Creating.
[LOG 15:22:36.029] [DragCubeSystem]: Drag cubes not found or cannot be read for part Part. Generating New drag cubes.
[LOG 15:22:36.029] [KSPCF/DragCubeGeneration] Creating drag cubes for part 'rotor.02s'
[LOG 15:22:36.034] PartLoader: Compiling Part 'SquadExpansion/Serenity/Parts/Robotics/rotor_03/rotor_03'
[LOG 15:22:36.044] PartLoader: Part 'SquadExpansion/Serenity/Parts/Robotics/rotor_03/rotor_03' has no database record. Creating.
[LOG 15:22:36.044] [DragCubeSystem]: Drag cubes not found or cannot be read for part Part. Generating New drag cubes.
[LOG 15:22:36.044] [KSPCF/DragCubeGeneration] Creating drag cubes for part 'rotor.03'
[LOG 15:22:36.050] PartLoader: Compiling Part 'SquadExpansion/Serenity/Parts/Robotics/rotor_03s/rotor_03s'
[LOG 15:22:36.058] PartLoader: Part 'SquadExpansion/Serenity/Parts/Robotics/rotor_03s/rotor_03s' has no database record. Creating.
[LOG 15:22:36.058] [DragCubeSystem]: Drag cubes not found or cannot be read for part Part. Generating New drag cubes.
[LOG 15:22:36.058] [KSPCF/DragCubeGeneration] Creating drag cubes for part 'rotor.03s'
[LOG 15:22:36.064] PartLoader: Compiling Part 'SquadExpansion/Serenity/Parts/Robotics/rotoServo_00/rotoServo_00'
[LOG 15:22:36.082] PartLoader: Part 'SquadExpansion/Serenity/Parts/Robotics/rotoServo_00/rotoServo_00' has no database record. Creating.
[LOG 15:22:36.082] [DragCubeSystem]: Drag cubes not found or cannot be read for part Part. Generating New drag cubes.
[LOG 15:22:36.082] [KSPCF/DragCubeGeneration] Creating drag cubes for part 'rotoServo.00'
[LOG 15:22:36.088] PartLoader: Compiling Part 'SquadExpansion/Serenity/Parts/Robotics/rotoServo_02/rotoServo_02'
[LOG 15:22:36.096] PartLoader: Part 'SquadExpansion/Serenity/Parts/Robotics/rotoServo_02/rotoServo_02' has no database record. Creating.
[LOG 15:22:36.096] [DragCubeSystem]: Drag cubes not found or cannot be read for part Part. Generating New drag cubes.
[LOG 15:22:36.096] [KSPCF/DragCubeGeneration] Creating drag cubes for part 'rotoServo.02'
[LOG 15:22:36.101] PartLoader: Compiling Part 'SquadExpansion/Serenity/Parts/Robotics/rotoServo_03/rotoServo_03'
[LOG 15:22:36.109] PartLoader: Part 'SquadExpansion/Serenity/Parts/Robotics/rotoServo_03/rotoServo_03' has no database record. Creating.
[LOG 15:22:36.109] [DragCubeSystem]: Drag cubes not found or cannot be read for part Part. Generating New drag cubes.
[LOG 15:22:36.109] [KSPCF/DragCubeGeneration] Creating drag cubes for part 'rotoServo.03'
[LOG 15:22:36.118] PartLoader: Compiling Part 'SquadExpansion/Serenity/Parts/Robotics/rotoServo_04/rotoServo_04'
[LOG 15:22:36.126] PartLoader: Part 'SquadExpansion/Serenity/Parts/Robotics/rotoServo_04/rotoServo_04' has no database record. Creating.
[LOG 15:22:36.126] [DragCubeSystem]: Drag cubes not found or cannot be read for part Part. Generating New drag cubes.
[LOG 15:22:36.126] [KSPCF/DragCubeGeneration] Creating drag cubes for part 'rotoServo.04'
[LOG 15:22:36.131] PartLoader: Compiling Part 'SquadExpansion/Serenity/Parts/Robotics/Controllers/KAL1000/controller1000'
[LOG 15:22:36.151] PartLoader: Part 'SquadExpansion/Serenity/Parts/Robotics/Controllers/KAL1000/controller1000' has no database record. Creating.
[LOG 15:22:36.151] [DragCubeSystem]: Drag cubes not found or cannot be read for part Part. Generating New drag cubes.
[LOG 15:22:36.151] [KSPCF/DragCubeGeneration] Creating drag cubes for part 'controller1000'
[LOG 15:22:36.157] PartLoader: Compiling Part 'SquadExpansion/Serenity/Parts/Science/RobotArmScanner/RobotArmScanner_S1/RobotArmScanner_S1'
[LOG 15:22:36.170] PartLoader: Part 'SquadExpansion/Serenity/Parts/Science/RobotArmScanner/RobotArmScanner_S1/RobotArmScanner_S1' has no database record. Creating.
[LOG 15:22:36.170] [DragCubeSystem]: Drag cubes not found or cannot be read for part Part. Generating New drag cubes.
[LOG 15:22:36.170] [KSPCF/DragCubeGeneration] Creating drag cubes for part 'RobotArmScanner.S1'
[LOG 15:22:36.187] PartLoader: Compiling Part 'SquadExpansion/Serenity/Parts/Science/RobotArmScanner/RobotArmScanner_S2/RobotArmScanner_S2'
[LOG 15:22:36.193] PartLoader: Part 'SquadExpansion/Serenity/Parts/Science/RobotArmScanner/RobotArmScanner_S2/RobotArmScanner_S2' has no database record. Creating.
[LOG 15:22:36.193] [DragCubeSystem]: Drag cubes not found or cannot be read for part Part. Generating New drag cubes.
[LOG 15:22:36.193] [KSPCF/DragCubeGeneration] Creating drag cubes for part 'RobotArmScanner.S2'
[LOG 15:22:36.209] PartLoader: Compiling Part 'SquadExpansion/Serenity/Parts/Science/RobotArmScanner/RobotArmScanner_S3/RobotArmScanner_S3'
[LOG 15:22:36.216] PartLoader: Part 'SquadExpansion/Serenity/Parts/Science/RobotArmScanner/RobotArmScanner_S3/RobotArmScanner_S3' has no database record. Creating.
[LOG 15:22:36.217] [DragCubeSystem]: Drag cubes not found or cannot be read for part Part. Generating New drag cubes.
[LOG 15:22:36.217] [KSPCF/DragCubeGeneration] Creating drag cubes for part 'RobotArmScanner.S3'
[LOG 15:22:36.234] PartLoader: Compiling Part 'SquadExpansion/Serenity/Parts/Structural/gripPads/lGripPad/lGripPad'
[LOG 15:22:36.242] PartLoader: Part 'SquadExpansion/Serenity/Parts/Structural/gripPads/lGripPad/lGripPad' has no database record. Creating.
[LOG 15:22:36.242] [DragCubeSystem]: Drag cubes not found or cannot be read for part Part. Generating New drag cubes.
[LOG 15:22:36.242] [KSPCF/DragCubeGeneration] Creating drag cubes for part 'lGripPad'
[LOG 15:22:36.253] PartLoader: Compiling Part 'SquadExpansion/Serenity/Parts/Structural/gripPads/lGripStrip/lGripStrip'
[LOG 15:22:36.256] PartLoader: Part 'SquadExpansion/Serenity/Parts/Structural/gripPads/lGripStrip/lGripStrip' has no database record. Creating.
[LOG 15:22:36.256] [DragCubeSystem]: Drag cubes not found or cannot be read for part Part. Generating New drag cubes.
[LOG 15:22:36.256] [KSPCF/DragCubeGeneration] Creating drag cubes for part 'lGripStrip'
[LOG 15:22:36.260] PartLoader: Compiling Part 'SquadExpansion/Serenity/Parts/Structural/gripPads/mGripPad/mGripPad'
[LOG 15:22:36.263] PartLoader: Part 'SquadExpansion/Serenity/Parts/Structural/gripPads/mGripPad/mGripPad' has no database record. Creating.
[LOG 15:22:36.263] [DragCubeSystem]: Drag cubes not found or cannot be read for part Part. Generating New drag cubes.
[LOG 15:22:36.263] [KSPCF/DragCubeGeneration] Creating drag cubes for part 'mGripPad'
[LOG 15:22:36.273] PartLoader: Compiling Part 'SquadExpansion/Serenity/Parts/Structural/gripPads/sGripPad/sGripPad'
[LOG 15:22:36.276] PartLoader: Part 'SquadExpansion/Serenity/Parts/Structural/gripPads/sGripPad/sGripPad' has no database record. Creating.
[LOG 15:22:36.276] [DragCubeSystem]: Drag cubes not found or cannot be read for part Part. Generating New drag cubes.
[LOG 15:22:36.276] [KSPCF/DragCubeGeneration] Creating drag cubes for part 'sGripPad'
[LOG 15:22:36.287] PartLoader: Compiling Part 'SquadExpansion/Serenity/Parts/Structural/gripPads/sGripStrip/sGripStrip'
[LOG 15:22:36.290] PartLoader: Part 'SquadExpansion/Serenity/Parts/Structural/gripPads/sGripStrip/sGripStrip' has no database record. Creating.
[LOG 15:22:36.290] [DragCubeSystem]: Drag cubes not found or cannot be read for part Part. Generating New drag cubes.
[LOG 15:22:36.290] [KSPCF/DragCubeGeneration] Creating drag cubes for part 'sGripStrip'
[LOG 15:22:36.294] PartLoader: Compiling Internal Prop 'Squad/Props/AltimeterThreeHands/prop/AltimeterThreeHands'
[LOG 15:22:36.298] PartLoader: Compiling Internal Prop 'Squad/Props/AtmosphereDepth/prop/AtmosphereDepth'
[LOG 15:22:36.299] PartLoader: Compiling Internal Prop 'Squad/Props/AxisIndicator/pitchConfig/AxisIndicatorPitch'
[LOG 15:22:36.300] PartLoader: Compiling Internal Prop 'Squad/Props/AxisIndicator/rollConfig/AxisIndicatorRoll'
[LOG 15:22:36.301] PartLoader: Compiling Internal Prop 'Squad/Props/AxisIndicator/yawConfig/AxisIndicatorYaw'
[LOG 15:22:36.303] PartLoader: Compiling Internal Prop 'Squad/Props/buttonsGeneric/circularButton/genericCircularButton'
[LOG 15:22:36.304] PartLoader: Compiling Internal Prop 'Squad/Props/buttonsGeneric/clusterButtons/genericClusterButtons'
[LOG 15:22:36.304] PartLoader: Compiling Internal Prop 'Squad/Props/buttonsGeneric/clusterButtons2/genericClusterButtons2'
[LOG 15:22:36.305] PartLoader: Compiling Internal Prop 'Squad/Props/buttonsGeneric/clusterKnob/genericClusterKnobs'
[LOG 15:22:36.305] PartLoader: Compiling Internal Prop 'Squad/Props/buttonsGeneric/clusterKnob2/genericClusterKnobs2'
[LOG 15:22:36.306] PartLoader: Compiling Internal Prop 'Squad/Props/buttonsGeneric/clusterMixed/genericClusterMixed'
[LOG 15:22:36.306] PartLoader: Compiling Internal Prop 'Squad/Props/buttonsGeneric/clusterSwitches01/genericClusterSwitches01'
[LOG 15:22:36.307] PartLoader: Compiling Internal Prop 'Squad/Props/buttonsGeneric/clusterSwitches02/genericClusterSwitches02'
[LOG 15:22:36.307] PartLoader: Compiling Internal Prop 'Squad/Props/buttonsGeneric/clusterSwitches03/genericClusterSwitches03'
[LOG 15:22:36.308] PartLoader: Compiling Internal Prop 'Squad/Props/buttonsGeneric/clusterSwitches04/genericClusterSwitches04'
[LOG 15:22:36.309] PartLoader: Compiling Internal Prop 'Squad/Props/buttonsGeneric/clusterSwitches05/genericClusterSwitches05'
[LOG 15:22:36.309] PartLoader: Compiling Internal Prop 'Squad/Props/buttonsGeneric/clusterSwitches06/genericClusterSwitches06'
[LOG 15:22:36.310] PartLoader: Compiling Internal Prop 'Squad/Props/buttonsGeneric/clusterSwitches07/genericClusterSwitches07'
[LOG 15:22:36.310] PartLoader: Compiling Internal Prop 'Squad/Props/buttonsGeneric/directionalKnob/genericDirectionalKnob'
[LOG 15:22:36.311] PartLoader: Compiling Internal Prop 'Squad/Props/buttonsGeneric/directionalKnob2/genericDirectionalKnob2'
[LOG 15:22:36.311] PartLoader: Compiling Internal Prop 'Squad/Props/buttonsGeneric/pullSwitch/genericPullSwitch'
[LOG 15:22:36.312] PartLoader: Compiling Internal Prop 'Squad/Props/buttonsGeneric/squareButton/genericSquareButton'
[LOG 15:22:36.312] PartLoader: Compiling Internal Prop 'Squad/Props/buttonsGeneric/standingSwitch/genericStandingSwitch'
[LOG 15:22:36.313] PartLoader: Compiling Internal Prop 'Squad/Props/buttonsGeneric/switch/genericSwitch'
[LOG 15:22:36.313] PartLoader: Compiling Internal Prop 'Squad/Props/buttonsGeneric/switchWithGuards/genericSwitchWithGuards'
[LOG 15:22:36.314] PartLoader: Compiling Internal Prop 'Squad/Props/ButtonSquare/prop/ButtonSquare'
[LOG 15:22:36.316] PartLoader: Compiling Internal Prop 'Squad/Props/circularButton/prop/circularButton'
[LOG 15:22:36.316] PartLoader: Compiling Internal Prop 'Squad/Props/Compass/prop/Compass'
[LOG 15:22:36.318] PartLoader: Compiling Internal Prop 'Squad/Props/directionalKnob/prop/directionalKnob'
[LOG 15:22:36.318] PartLoader: Compiling Internal Prop 'Squad/Props/directionalKnob2/prop/directionalKnob2'
[LOG 15:22:36.319] PartLoader: Compiling Internal Prop 'Squad/Props/IndicatorPanel/prop/IndicatorPanel'
[LOG 15:22:36.321] PartLoader: Compiling Internal Prop 'Squad/Props/IVANavBall/prop/NavBall'
[LOG 15:22:36.323] PartLoader: Compiling Internal Prop 'Squad/Props/IVANavBallNoBase/prop/NavBallNoBase'
[LOG 15:22:36.324] PartLoader: Compiling Internal Prop 'Squad/Props/ledPanelSpeed/prop/ledPanelSpeed'
[LOG 15:22:36.326] PartLoader: Compiling Internal Prop 'Squad/Props/Monitor/DockingMode/MonitorDockingMode'
[LOG 15:22:36.326] PartLoader: Compiling Internal Prop 'Squad/Props/NavBall/prop/NavBall'
[LOG 15:22:36.327] PartLoader: Compiling Internal Prop 'Squad/Props/PropsGeneric/Button_DockingMode/Button_DockingMode'
[LOG 15:22:36.328] PartLoader: Compiling Internal Prop 'Squad/Props/PropsGeneric/CargoBagA/CargoBagA'
[LOG 15:22:36.328] PartLoader: Compiling Internal Prop 'Squad/Props/PropsGeneric/CargoBagB/CargoBagB'
[LOG 15:22:36.329] PartLoader: Compiling Internal Prop 'Squad/Props/PropsGeneric/CargoBagC/CargoBagC'
[LOG 15:22:36.329] PartLoader: Compiling Internal Prop 'Squad/Props/PropsGeneric/Hatch_Plane/Hatch_Plane'
[LOG 15:22:36.330] PartLoader: Compiling Internal Prop 'Squad/Props/PropsGeneric/Hatch_Plane_Curve90/Hatch_Plane_Curve90'
[LOG 15:22:36.330] PartLoader: Compiling Internal Prop 'Squad/Props/PropsGeneric/Hatch_Plane_Frame/Hatch_Plane_Frame'
[LOG 15:22:36.331] PartLoader: Compiling Internal Prop 'Squad/Props/PropsGeneric/Seat_Passenger/Seat_Passenger'
[LOG 15:22:36.331] PartLoader: Compiling Internal Prop 'Squad/Props/PropsGeneric/Seat_Pilot/Seat_Pilot'
[LOG 15:22:36.332] PartLoader: Compiling Internal Prop 'Squad/Props/PropsGeneric/Seat_Pilot_Helmet/Seat_Pilot_Helmet'
[LOG 15:22:36.333] PartLoader: Compiling Internal Prop 'Squad/Props/PropsGeneric/SideStick/SideStick'
[LOG 15:22:36.333] PartLoader: Compiling Internal Prop 'Squad/Props/pullSwitch/prop/pullSwitch'
[LOG 15:22:36.334] PartLoader: Compiling Internal Prop 'Squad/Props/radarAltitude/prop/RadarAltimeter'
[LOG 15:22:36.335] PartLoader: Compiling Internal Prop 'Squad/Props/squareButton/prop/squareButton'
[LOG 15:22:36.336] PartLoader: Compiling Internal Prop 'Squad/Props/standingSwitch/prop/standingSwitch'
[LOG 15:22:36.336] PartLoader: Compiling Internal Prop 'Squad/Props/switch/prop/switch'
[LOG 15:22:36.337] PartLoader: Compiling Internal Prop 'Squad/Props/switchGuard/prop/switchGuard'
[LOG 15:22:36.338] PartLoader: Compiling Internal Prop 'Squad/Props/switchWithGuards/prop/switchWithGuards'
[LOG 15:22:36.338] PartLoader: Compiling Internal Prop 'Squad/Props/throttle/prop/throttle'
[LOG 15:22:36.340] PartLoader: Compiling Internal Prop 'Squad/Props/VSI/prop/VSI'
[LOG 15:22:36.341] PartLoader: Compiling Internal Space 'Squad/Spaces/crewCabinInternals/internal/crewCabinInternals'
[LOG 15:22:36.348] PartLoader: Compiling Internal Space 'Squad/Spaces/cupolaInternal/internal/cupolaInternal'
[LOG 15:22:36.361] PartLoader: Compiling Internal Space 'Squad/Spaces/GenericSpace1/internal/GenericSpace1'
[LOG 15:22:36.362] PartLoader: Compiling Internal Space 'Squad/Spaces/GenericSpace3/internal/GenericSpace3'
[LOG 15:22:36.364] PartLoader: Compiling Internal Space 'Squad/Spaces/landerCabinInternals/internal/landerCabinInternals'
[LOG 15:22:36.367] PartLoader: Compiling Internal Space 'Squad/Spaces/landerCabinSmallInternal/internal/landerCabinSmallInternal'
[LOG 15:22:36.370] PartLoader: Compiling Internal Space 'Squad/Spaces/LargeCrewedLabInternals/internal/Mobile_Processing_Lab_Int'
[LOG 15:22:36.372] PartLoader: Compiling Internal Space 'Squad/Spaces/Mk1-3/internal/Mk1-3'
[LOG 15:22:36.379] PartLoader: Compiling Internal Space 'Squad/Spaces/mk1CabinInternal/internal/mk1CabinInternal'
[LOG 15:22:36.384] PartLoader: Compiling Internal Space 'Squad/Spaces/mk1CockpitInternal/internal/mk1CockpitInternal'
[LOG 15:22:36.391] PartLoader: Compiling Internal Space 'Squad/Spaces/mk1InlineInternal/internal/mk1InlineInternal'
[LOG 15:22:36.396] PartLoader: Compiling Internal Space 'Squad/Spaces/mk1PodCockpit/internal/mk1PodCockpit'
[LOG 15:22:36.399] PartLoader: Compiling Internal Space 'Squad/Spaces/mk1pod_IVA/mk1pod_Internal/mk1pod_IVA'
[LOG 15:22:36.405] PartLoader: Compiling Internal Space 'Squad/Spaces/mk2CockpitStandardInternal/internal/mk2CockpitStandardInternals'
[LOG 15:22:36.413] PartLoader: Compiling Internal Space 'Squad/Spaces/Mk2CrewCabinInternal/internal_MK2_CrewCab/MK2_CrewCab_Int'
[LOG 15:22:36.417] PartLoader: Compiling Internal Space 'Squad/Spaces/mk2InlineInternal/internal/mk2InlineInternal'
[LOG 15:22:36.428] PartLoader: Compiling Internal Space 'Squad/Spaces/mk2LanderCanInternal/internal/mk2LanderCanInternal'
[LOG 15:22:36.435] PartLoader: Compiling Internal Space 'Squad/Spaces/MK3CockpitInternal/internal_MK3/MK3_Cockpit_Int'
[LOG 15:22:36.447] PartLoader: Compiling Internal Space 'Squad/Spaces/MK3_CrewCab_Int/internal_MK3_CrewCab/MK3_CrewCab_Int'
[LOG 15:22:36.450] InternalSeat: Cannot find portraitCamera of name 'Camera_Left003'
[LOG 15:22:36.457] PartLoader: Compiling Internal Space 'Squad/Spaces/Placeholder/internal/Placeholder'
[LOG 15:22:36.466] PartLoader: Compiling Internal Space 'Squad/Spaces/PodCockpit/internal/PodCockpit'
[LOG 15:22:36.478] PartLoader: Compiling Internal Space 'SquadExpansion/MakingHistory/Spaces/KVPods/Airlock_Internal/Airlock_IVA'
[LOG 15:22:36.479] PartLoader: Compiling Internal Space 'SquadExpansion/MakingHistory/Spaces/KVPods/KV1_Internal/KV1_IVA'
[LOG 15:22:36.484] PartLoader: Compiling Internal Space 'SquadExpansion/MakingHistory/Spaces/KVPods/KV2_Internal/KV2_IVA'
[LOG 15:22:36.489] PartLoader: Compiling Internal Space 'SquadExpansion/MakingHistory/Spaces/KVPods/KV3_Internal/KV3_IVA'
[LOG 15:22:36.494] PartLoader: Compiling Internal Space 'SquadExpansion/MakingHistory/Spaces/MEM/MEM_IVA/MEM_IVA'
[LOG 15:22:36.502] PartLoader: Compiling Internal Space 'SquadExpansion/MakingHistory/Spaces/Mk2Pod/Mk2Pod_Internal/MK2POD_IVA'
[LOG 15:22:37.502] Assets:
[LOG 15:22:37.502] anim_missionsapp_idle.anim
[LOG 15:22:37.502] anim_missionsapp_idle_warning.anim
[LOG 15:22:37.502] anim_missionsapp_warning.anim
[LOG 15:22:37.502] anim_missionssapp.anim
[LOG 15:22:37.503] animcontroller_missionsappmaster.controller
[LOG 15:22:37.503] app_bg.tif
[LOG 15:22:37.503] app_bottom_gray.tif
[LOG 15:22:37.503] app_divider_pulldown_body.tif
[LOG 15:22:37.503] app_divider_pulldown_footer.tif
[LOG 15:22:37.503] app_divider_pulldown_header.tif
[LOG 15:22:37.503] app_divider_pulldown_header_over.tif
[LOG 15:22:37.503] app_header_gray.tif
[LOG 15:22:37.503] app_missions_icon_active.tif
[LOG 15:22:37.503] app_missions_icon_complete.tif
[LOG 15:22:37.503] app_missions_icon_failed.tif
[LOG 15:22:37.503] app_missions_icon_inactive.tif
[LOG 15:22:37.503] spritesheet_missionsapp.tif
[LOG 15:22:37.503] spritesheet_missionsappwarning.tif
[LOG 15:22:37.503] missionbriefingdialog.prefab
[LOG 15:22:37.503] missionbriefingtag.prefab
[LOG 15:22:37.503] awardwidget.prefab
[LOG 15:22:37.503] missionenddialog.prefab
[LOG 15:22:37.503] missionitemwidget.prefab
[LOG 15:22:37.503] missionplaybutton.prefab
[LOG 15:22:37.503] missionplaydialog.prefab
[LOG 15:22:37.503] missionsteamitemwidget.prefab
[LOG 15:22:37.503] missionvalidationdialog.prefab
[LOG 15:22:37.503] validationentry.prefab
[LOG 15:22:37.503] comettoken.fbx
[LOG 15:22:37.503] comettoken.jpg
[LOG 15:22:37.503] placementegizmo_comet.mat
[LOG 15:22:37.503] placementegizmo_comet_tail.mat
[LOG 15:22:37.503] femalevintagepreview.prefab
[LOG 15:22:37.504] malevintagepreview.prefab
[LOG 15:22:37.504] checkpointentrywidget.prefab
[LOG 15:22:37.504] crewmanagementdialog.prefab
[LOG 15:22:37.504] listitem_vesseltitle.prefab
[LOG 15:22:37.504] missionbrowser.prefab
[LOG 15:22:37.504] missioncheckpointbrowser.prefab
[LOG 15:22:37.504] missioncrewlistitem.prefab
[LOG 15:22:37.504] missionentrywidget.prefab
[LOG 15:22:37.504] missiontemplateentrywidget.prefab
[LOG 15:22:37.504] partcategorizerbutton.prefab
[LOG 15:22:37.504] partselectorbrowser.prefab
[LOG 15:22:37.504] partselectorentry.prefab
[LOG 15:22:37.504] gaputil_vesselframe.prefab
[LOG 15:22:37.504] meguiconnector.prefab
[LOG 15:22:37.504] meguinode.prefab
[LOG 15:22:37.504] meguinodecategorybutton.prefab
[LOG 15:22:37.504] meguinodeicon.prefab
[LOG 15:22:37.504] meguinodeicongroup.prefab
[LOG 15:22:37.504] meguiscrollviewitem.prefab
[LOG 15:22:37.504] meiconloaderbasicnode.prefab
[LOG 15:22:37.504] meiconloadergap.prefab
[LOG 15:22:37.504] meiconloadernodecategorizer.prefab
[LOG 15:22:37.504] menodecanvas.prefab
[LOG 15:22:37.504] missioneditorscreen.prefab
[LOG 15:22:37.504] nodelisttooltip.prefab
[LOG 15:22:37.504] nodelisttooltipextinfolistspacer.prefab
[LOG 15:22:37.504] orbitgizmo.prefab
[LOG 15:22:37.504] biomeshighlight.shader
[LOG 15:22:37.505] projector-surfacegizmo.shader
[LOG 15:22:37.505] scaledplanetbiomeshighlight.shader
[LOG 15:22:37.505] sprites-alwaysover.shader
[LOG 15:22:37.505] ui-unlit-infinite.shader
[LOG 15:22:37.505] ui-unlit-solid.shader
[LOG 15:22:37.505] assetgraph_connectionpoint_inputmark.png
[LOG 15:22:37.505] assetgraph_inputbg.png
[LOG 15:22:37.505] boldly.png
[LOG 15:22:37.505] carpool.png
[LOG 15:22:37.505] frugal.png
[LOG 15:22:37.505] homesick.png
[LOG 15:22:37.505] keys.png
[LOG 15:22:37.505] saint.png
[LOG 15:22:37.505] sinner.png
[LOG 15:22:37.505] thespot.png
[LOG 15:22:37.505] timekeeper.png
[LOG 15:22:37.505] helmetbronze.png
[LOG 15:22:37.505] helmetgold.png
[LOG 15:22:37.505] helmetsilver.png
[LOG 15:22:37.505] action-part-resource-drain.png
[LOG 15:22:37.505] change-part-resource-levels.png
[LOG 15:22:37.505] create-asteroid.png
[LOG 15:22:37.505] create-kerbal.png
[LOG 15:22:37.505] create-vessel.png
[LOG 15:22:37.505] crew-assignment.png
[LOG 15:22:37.505] dialog-message.png
[LOG 15:22:37.505] display-message.png
[LOG 15:22:37.505] fail-part.png
[LOG 15:22:37.505] fly-through.png
[LOG 15:22:37.506] funds-recovery.png
[LOG 15:22:37.506] generic-node.png
[LOG 15:22:37.506] go-to.png
[LOG 15:22:37.506] kerbal-boarded.png
[LOG 15:22:37.506] kerbal-recovery.png
[LOG 15:22:37.506] kerbal-rescue.png
[LOG 15:22:37.506] launch-site.png
[LOG 15:22:37.506] leave-soi.png
[LOG 15:22:37.506] orbit.png
[LOG 15:22:37.506] part-explode.png
[LOG 15:22:37.506] plant-flag.png
[LOG 15:22:37.506] reach-soi.png
[LOG 15:22:37.506] repair-part.png
[LOG 15:22:37.506] resource-amount.png
[LOG 15:22:37.506] resource-recovery.png
[LOG 15:22:37.506] science-experiment.png
[LOG 15:22:37.506] score.png
[LOG 15:22:37.506] take-tourist.png
[LOG 15:22:37.506] test-altitude.png
[LOG 15:22:37.506] test-eva.png
[LOG 15:22:37.506] test-grapple.png
[LOG 15:22:37.506] time-of-flight.png
[LOG 15:22:37.506] time-of-mission.png
[LOG 15:22:37.506] time-since-node.png
[LOG 15:22:37.506] vessel-crashed.png
[LOG 15:22:37.506] vessel-crew-count.png
[LOG 15:22:37.506] vessel-explode.png
[LOG 15:22:37.506] vessel-flying.png
[LOG 15:22:37.506] vessel-landed.png
[LOG 15:22:37.507] vessel-mass.png
[LOG 15:22:37.507] vessel-splashed.png
[LOG 15:22:37.507] vessel-stage-activated.png
[LOG 15:22:37.507] vessel-stage.png
[LOG 15:22:37.507] arrange-graph.png
[LOG 15:22:37.507] builderbuttons_briefing.png
[LOG 15:22:37.507] builderbuttons_reset.png
[LOG 15:22:37.507] builderbuttons_trackingstation.png
[LOG 15:22:37.507] frame-graph.png
[LOG 15:22:37.507] lock.png
[LOG 15:22:37.507] maximize.png
[LOG 15:22:37.507] minimize.png
[LOG 15:22:37.507] pin.png
[LOG 15:22:37.507] pin_down.png
[LOG 15:22:37.507] redo.png
[LOG 15:22:37.507] reset.png
[LOG 15:22:37.507] tracking-station.png
[LOG 15:22:37.507] undo.png
[LOG 15:22:37.507] visible-in-gap.png
[LOG 15:22:37.507] location.png
[LOG 15:22:37.507] logic.png
[LOG 15:22:37.507] science.png
[LOG 15:22:37.507] utility.png
[LOG 15:22:37.507] vessel.png
[LOG 15:22:37.507] eye.png
[LOG 15:22:37.507] iconmb.png
[LOG 15:22:37.507] me_btn_generic_normal.tif
[LOG 15:22:37.507] me_button_generic_normal.tif
[LOG 15:22:37.507] nodecat_bg.png
[LOG 15:22:37.508] nodecat_divider.tif
[LOG 15:22:37.508] nodecat_divider_bottom.tif
[LOG 15:22:37.508] pholderwarningicon.png
[LOG 15:22:37.508] reseticon.png
[LOG 15:22:37.508] validityindicator.controller
[LOG 15:22:37.508] validtyinidicatorpulse.anim
[LOG 15:22:37.508] broadorbittoggle button.png
[LOG 15:22:37.508] maneuvertoggle button.png
[LOG 15:22:37.508] orbitalgizmoicons.png
[LOG 15:22:37.508] reset orbit button.png
[LOG 15:22:37.508] nodelabel.prefab
[LOG 15:22:37.508] kerbaleva_female_exp.prefab
[LOG 15:22:37.508] kerbaleva_rd_exp.prefab
[LOG 15:22:37.508] missioneditorevabody.mat
[LOG 15:22:37.508] missioneditorevabodyalternate.mat
[LOG 15:22:37.508] missioneditorevabodybrown.mat
[LOG 15:22:37.508] missioneditorevaeyeballs.mat
[LOG 15:22:37.508] missioneditorevaeyes.mat
[LOG 15:22:37.508] missioneditorevahead.mat
[LOG 15:22:37.508] missioneditorevahelmet.mat
[LOG 15:22:37.508] missioneditorevahelmetred.mat
[LOG 15:22:37.508] missioneditorevajetpack.mat
[LOG 15:22:37.508] missioneditorevalight.mat
[LOG 15:22:37.508] kbevafemalevintage.prefab
[LOG 15:22:37.508] kbevavintage.prefab
[LOG 15:22:37.508] evalight.fbx
[LOG 15:22:37.508] kbeva@new.fbx
[LOG 15:22:37.508] kbeva@newfem.fbx
[LOG 15:22:37.508] mevahelmetlight.fbx
[LOG 15:22:37.508] evajetpackscondary.dds
[LOG 15:22:37.509] evajetpacksecondary_n.dds
[LOG 15:22:37.509] evalight.png
[LOG 15:22:37.509] kerbalmainnrm.dds
[LOG 15:22:37.509] me_suit_difuse_blue.dds
[LOG 15:22:37.509] me_suit_difuse_low_polybrown.dds
[LOG 15:22:37.509] me_suit_difuse_orange.dds
[LOG 15:22:37.509] kerbalfemalevintage.prefab
[LOG 15:22:37.509] kerbalmalevintage.prefab
[LOG 15:22:37.509] evahelmet.mat
[LOG 15:22:37.509] evatexture.mat
[LOG 15:22:37.509] kerbalgirl_06_basecolor.mat
[LOG 15:22:37.509] kerbalhead.mat
[LOG 15:22:37.509] lambert6.mat
[LOG 15:22:37.509] mat_eyeballs.mat
[LOG 15:22:37.509] mat_eyes01.mat
[LOG 15:22:37.509] material #4.mat
[LOG 15:22:37.509] mesh_female_kerbalastronaut01_kerbalgirl_export_15_lambert20.mat
[LOG 15:22:37.509] mesh_female_kerbalastronaut01_kerbalgirl_export_15_lambert21.mat
[LOG 15:22:37.509] kbfemale_iva_mecanim.fbx
[LOG 15:22:37.509] kbiva_mecanim.fbx
[LOG 15:22:37.509] kerbalicon_eva_female_vintage.tif
[LOG 15:22:37.509] kerbalicon_eva_vintage.tif
[LOG 15:22:37.509] kerbalicon_suit_female_vintage.tif
[LOG 15:22:37.509] kerbalicon_suit_orange_female_vintage.tif
[LOG 15:22:37.509] kerbalicon_suit_orange_vintage.tif
[LOG 15:22:37.509] kerbalicon_suit_vintage.tif
[LOG 15:22:37.509] gap_celestialbody_camerasetup.prefab
[LOG 15:22:37.509] gap_celestialbody_collisionsphere.prefab
[LOG 15:22:37.509] gap_celestialbody_surfacegizmo_area.prefab
[LOG 15:22:37.509] gap_celestialbody_surfacegizmo_basic.prefab
[LOG 15:22:37.510] gap_celestialbody_surfacegizmo_icon.prefab
[LOG 15:22:37.510] gap_celestialbody_surfacegizmo_vessel.prefab
[LOG 15:22:37.510] gap_celestialbody_surfacegizmo_volume.prefab
[LOG 15:22:37.510] gap_proceduralasteroid.prefab
[LOG 15:22:37.510] gap_proceduralcomet.prefab
[LOG 15:22:37.510] gapbuttonprefab.prefab
[LOG 15:22:37.510] gapkerbal_femaleveteran.prefab
[LOG 15:22:37.510] gapkerbal_femaleveteran_vintage.prefab
[LOG 15:22:37.510] gapkerbal_male_slimsuit.prefab
[LOG 15:22:37.510] gapkerbal_maleveteran.prefab
[LOG 15:22:37.510] gapkerbal_maleveteran_vintage.prefab
[LOG 15:22:37.510] gapscrollablesidebarbutton.prefab
[LOG 15:22:37.510] gapsidebarbutton.prefab
[LOG 15:22:37.510] gaptoggleprefab.prefab
[LOG 15:22:37.510] gaputil_biselector.prefab
[LOG 15:22:37.510] gaputil_celestialbody.prefab
[LOG 15:22:37.510] vesseldisplay_camerasetup.prefab
[LOG 15:22:37.510] desert_airfield.prefab
[LOG 15:22:37.510] desert_groundobjects.prefab
[LOG 15:22:37.510] desert_launch_site.prefab
[LOG 15:22:37.510] larkes.prefab
[LOG 15:22:37.510] floor bottom.mat
[LOG 15:22:37.510] floor top.mat
[LOG 15:22:37.510] legs.mat
[LOG 15:22:37.510] ramp.mat
[LOG 15:22:37.510] stairs grid lights pivot.mat
[LOG 15:22:37.510] supports 1.mat
[LOG 15:22:37.511] supports 2.mat
[LOG 15:22:37.511] tunnels.mat
[LOG 15:22:37.511] floor bottom.dds
[LOG 15:22:37.511] floor top.dds
[LOG 15:22:37.511] floor top_normal.dds
[LOG 15:22:37.511] legs.dds
[LOG 15:22:37.511] ramp.dds
[LOG 15:22:37.511] stairs grid lights pivot.dds
[LOG 15:22:37.511] supports 1.dds
[LOG 15:22:37.511] supports 2.dds
[LOG 15:22:37.511] tunnels.dds
[LOG 15:22:37.511] diffuse.mat
[LOG 15:22:37.511] floor bottom_base_color.mat
[LOG 15:22:37.511] floor top_base_color.mat
[LOG 15:22:37.511] legs_base_color.mat
[LOG 15:22:37.511] ramp_base_color.mat
[LOG 15:22:37.511] stairs grid lights pivot_base_colormodpsd.mat
[LOG 15:22:37.511] stairs_grid_lights_pivot_base_color.mat
[LOG 15:22:37.511] supports 1_base_color.mat
[LOG 15:22:37.511] supports 2_base_color.mat
[LOG 15:22:37.511] tunnels_base_color.mat
[LOG 15:22:37.511] mobilelaunchpad_19.fbx
[LOG 15:22:37.511] pontoons.fbx
[LOG 15:22:37.511] pontoons_diffuse.dds
[LOG 15:22:37.511] ramp_normal.png
[LOG 15:22:37.511] 1001_base_color.mat
[LOG 15:22:37.511] desert groundtransition.mat
[LOG 15:22:37.511] desert groundtransition_highquality.mat
[LOG 15:22:37.511] desert groundtransition_lowquality.mat
[LOG 15:22:37.511] desert groundtransition_mediumquality.mat
[LOG 15:22:37.512] desert groundtransition_ultraquality.mat
[LOG 15:22:37.512] desert runway sand.mat
[LOG 15:22:37.512] desert runway stone.mat
[LOG 15:22:37.512] mobilelaunchpad.prefab
[LOG 15:22:37.512] woomerang_groundobjects.prefab
[LOG 15:22:37.512] woomerang_launch_site.prefab
[LOG 15:22:37.513] Scenes:
[LOG 15:22:37.513] kspMissionEditor.unity
[LOG 15:22:46.351] Assets:
[LOG 15:22:46.351] appanim_missionsapp.prefab
[LOG 15:22:46.351] cascading_body_missionheader.prefab
[LOG 15:22:46.351] cascading_body_missioninfo.prefab
[LOG 15:22:46.351] cascading_body_missionobjective.prefab
[LOG 15:22:46.351] cascading_body_missionsvesselheader.prefab
[LOG 15:22:46.351] cascading_body_missionsvesselitem.prefab
[LOG 15:22:46.351] cascading_body_settingsbutton.prefab
[LOG 15:22:46.351] cascading_body_settingstoggle.prefab
[LOG 15:22:46.351] missionsapp.prefab
[LOG 15:22:46.351] axislimitline.prefab
[LOG 15:22:46.351] controlleraction.prefab
[LOG 15:22:46.351] controlleraxis.prefab
[LOG 15:22:46.352] controllerwindow.prefab
[LOG 15:22:46.352] curvepanelpoint.prefab
[LOG 15:22:46.352] curvepanelpointaction.prefab
[LOG 15:22:46.352] axis_align_ends.png
[LOG 15:22:46.352] axis_clamp_values.png
[LOG 15:22:46.352] axis_copy.png
[LOG 15:22:46.352] axis_flip_horizontal.png
[LOG 15:22:46.352] axis_flip_vertical.png
[LOG 15:22:46.352] axis_move_down-trackrow.png
[LOG 15:22:46.352] axis_move_down.png
[LOG 15:22:46.352] axis_move_up-trackrow.png
[LOG 15:22:46.352] axis_move_up.png
[LOG 15:22:46.352] axis_paste.png
[LOG 15:22:46.352] axis_preset_flat.png
[LOG 15:22:46.352] axis_preset_sawtooth.png
[LOG 15:22:46.352] axis_preset_sine.png
[LOG 15:22:46.352] axis_preset_square.png
[LOG 15:22:46.352] axis_preset_triangle.png
[LOG 15:22:46.352] axis_select_all.png
[LOG 15:22:46.352] background_squared_inset.png
[LOG 15:22:46.352] close.png
[LOG 15:22:46.352] direction_forward.png
[LOG 15:22:46.352] direction_reverse.png
[LOG 15:22:46.352] edit.png
[LOG 15:22:46.352] fieldlimitline.png
[LOG 15:22:46.352] keyframe_add.png
[LOG 15:22:46.352] keyframe_clamp_value.png
[LOG 15:22:46.352] keyframe_delete.png
[LOG 15:22:46.353] keyframe_linear.png
[LOG 15:22:46.353] keyframe_smooth.png
[LOG 15:22:46.353] keyframe_step_backward.png
[LOG 15:22:46.353] keyframe_step_forward.png
[LOG 15:22:46.353] line.png
[LOG 15:22:46.353] line_dashed.png
[LOG 15:22:46.353] loop_pingpong.png
[LOG 15:22:46.353] loop_playonce.png
[LOG 15:22:46.353] loop_repeat.png
[LOG 15:22:46.353] node.png
[LOG 15:22:46.353] node_circle.png
[LOG 15:22:46.353] node_square.png
[LOG 15:22:46.353] pause.png
[LOG 15:22:46.353] play.png
[LOG 15:22:46.353] pointer.png
[LOG 15:22:46.353] remove-axis.png
[LOG 15:22:46.353] remove_key.png
[LOG 15:22:46.353] resize_icon.png
[LOG 15:22:46.353] sequence_resize_button_states.png
[LOG 15:22:46.353] sequence_resize_maintain.png
[LOG 15:22:46.353] sequence_resize_scale.png
[LOG 15:22:46.353] sequence_speed.png
[LOG 15:22:46.353] tracking_editor_button_states.png
[LOG 15:22:46.353] femalefuturepreview.prefab
[LOG 15:22:46.353] malefuturepreview.prefab
[LOG 15:22:46.353] kbfemale@controlpanel_a.fbx
[LOG 15:22:46.353] kbfemale@controlpanel_b.fbx
[LOG 15:22:46.353] kbfemale@controlpanel_c.fbx
[LOG 15:22:46.353] kbfemale@rocksample.fbx
[LOG 15:22:46.354] hammerfemale.fbx
[LOG 15:22:46.354] hammermale.fbx
[LOG 15:22:46.354] kbeva@controlpanel_a.fbx
[LOG 15:22:46.354] kbeva@controlpanel_b.fbx
[LOG 15:22:46.354] kbeva@controlpanel_c.fbx
[LOG 15:22:46.354] kbeva@rocksample.fbx
[LOG 15:22:46.354] kerbaleva_female_future.prefab
[LOG 15:22:46.354] kerbaleva_rd_future.prefab
[LOG 15:22:46.354] futureevabody.mat
[LOG 15:22:46.354] futureevabodyalternate.mat
[LOG 15:22:46.354] futureevajetpack.mat
[LOG 15:22:46.354] futureevalight.mat
[LOG 15:22:46.354] futurehelmet.mat
[LOG 15:22:46.354] kbevafemalefuture.prefab
[LOG 15:22:46.354] kbevafuture.prefab
[LOG 15:22:46.354] kbeva@new.fbx
[LOG 15:22:46.354] kbeva@newfem.fbx
[LOG 15:22:46.354] mevahelmetlight.fbx
[LOG 15:22:46.354] serenityfemaleeva.fbx
[LOG 15:22:46.354] serenityflares.fbx
[LOG 15:22:46.354] serenitymaleeva.fbx
[LOG 15:22:46.354] evajetpacknrm.dds
[LOG 15:22:46.354] futuresuit_diffuse_orange.dds
[LOG 15:22:46.354] futuresuit_diffuse_whiteblue.dds
[LOG 15:22:46.354] futuresuit_diffuse_whiteorange.dds
[LOG 15:22:46.354] futuresuit_emissive.dds
[LOG 15:22:46.354] futuresuit_evalight.png
[LOG 15:22:46.354] futuresuitmainnrm.dds
[LOG 15:22:46.354] ksp_ig_jetpack_diffuse.jpg
[LOG 15:22:46.354] kerbalfemalefuture.prefab
[LOG 15:22:46.355] kerbalmalefuture.prefab
[LOG 15:22:46.355] futuresuit_diffuse.mat
[LOG 15:22:46.355] serenityfemaleiva.fbx
[LOG 15:22:46.355] serenitymaleiva.fbx
[LOG 15:22:46.355] kerbalicon_eva_female_future.tif
[LOG 15:22:46.355] kerbalicon_eva_future.tif
[LOG 15:22:46.355] kerbalicon_suit_female_future.tif
[LOG 15:22:46.355] kerbalicon_suit_future.tif
[LOG 15:22:46.355] kerbalicon_suit_orange_female_future.tif
[LOG 15:22:46.355] kerbalicon_suit_orange_future.tif
[LOG 15:22:46.355] bottom_emissor.mat
[LOG 15:22:46.355] burst_emissor.mat
[LOG 15:22:46.355] burstprojectiles_emissor.mat
[LOG 15:22:46.355] constantburst_emissor.mat
[LOG 15:22:46.355] snowflakes_emissor.mat
[LOG 15:22:46.355] vapor_emissor.mat
[LOG 15:22:46.355] base_0.mat
[LOG 15:22:46.355] base_1.mat
[LOG 15:22:46.355] base_2.mat
[LOG 15:22:46.355] base_3_1.mat
[LOG 15:22:46.355] base_3_2.mat
[LOG 15:22:46.355] vapor.mat
[LOG 15:22:46.355] burst.png
[LOG 15:22:46.355] cloud2.png
[LOG 15:22:46.355] v1.png
[LOG 15:22:46.355] v2.png
[LOG 15:22:46.355] v3.png
[LOG 15:22:46.355] v5.png
[LOG 15:22:46.355] gapkerbal_female_future.prefab
[LOG 15:22:46.355] gapkerbal_male_future.prefab
[LOG 15:22:46.356] hammerfemale.prefab
[LOG 15:22:46.356] hammermale.prefab
[LOG 15:22:46.356] bopgravelpile.prefab
[LOG 15:22:46.356] bopgravelpile.fbx
[LOG 15:22:46.356] bop_gravel pile_d.mat
[LOG 15:22:46.356] lambert1.mat
[LOG 15:22:46.356] bop_gravel pile_d.png
[LOG 15:22:46.356] bop_gravel pile_d.tga
[LOG 15:22:46.356] bop_gravel pile_n.png
[LOG 15:22:46.356] bop_gravel pile_s.png
[LOG 15:22:46.356] drescrater.prefab
[LOG 15:22:46.356] dresmeteorite.prefab
[LOG 15:22:46.356] drescrater.fbx
[LOG 15:22:46.356] dresmeteorite.fbx
[LOG 15:22:46.356] dres_crater_d.mat
[LOG 15:22:46.356] dres_meteorite_d.mat
[LOG 15:22:46.356] lambert1.mat
[LOG 15:22:46.356] dres_crater_d.tga
[LOG 15:22:46.356] dres_crater_n.png
[LOG 15:22:46.356] dres_meteorite_d.tga
[LOG 15:22:46.356] dres_meteorite_n.png
[LOG 15:22:46.356] dunablueberries.prefab
[LOG 15:22:46.356] dunadune.prefab
[LOG 15:22:46.356] dunameteorite.prefab
[LOG 15:22:46.356] dunastone.prefab
[LOG 15:22:46.356] dunaasteroid.fbx
[LOG 15:22:46.356] dunablueberries.fbx
[LOG 15:22:46.356] dunadune.fbx
[LOG 15:22:46.356] dunastone.fbx
[LOG 15:22:46.357] duna_asteroid_d.mat
[LOG 15:22:46.357] duna_dune_d.mat
[LOG 15:22:46.357] duna_stone_d.mat
[LOG 15:22:46.357] dune_blueberries_d.mat
[LOG 15:22:46.357] lambert1.mat
[LOG 15:22:46.357] duna_asteroid_d.tga
[LOG 15:22:46.357] duna_asteroid_n.png
[LOG 15:22:46.357] duna_dune_d.tga
[LOG 15:22:46.357] duna_dune_n.tga
[LOG 15:22:46.357] duna_stone_d.tga
[LOG 15:22:46.357] duna_stone_n.png
[LOG 15:22:46.357] dune_blueberries_d.tga
[LOG 15:22:46.357] dune_blueberries_n.png
[LOG 15:22:46.357] eelooberg.prefab
[LOG 15:22:46.357] eeloobrownboulder.prefab
[LOG 15:22:46.357] eelooicechunk.prefab
[LOG 15:22:46.357] eelooberg.fbx
[LOG 15:22:46.357] eelooboulder.fbx
[LOG 15:22:46.357] eelooicechunk.fbx
[LOG 15:22:46.357] eeloo_alien_glacier_d.mat
[LOG 15:22:46.357] eeloo_brown_ boulder_d.mat
[LOG 15:22:46.357] eeloo_ice chunk_d.mat
[LOG 15:22:46.357] lambert1.mat
[LOG 15:22:46.357] eeloo_alien_glacier_d.tga
[LOG 15:22:46.357] eeloo_alien_glacier_e.tga
[LOG 15:22:46.357] eeloo_alien_glacier_n.png
[LOG 15:22:46.357] eeloo_brown_ boulder_d.tga
[LOG 15:22:46.357] eeloo_brown_ boulder_n.png
[LOG 15:22:46.357] eeloo_ice chunk_d.tga
[LOG 15:22:46.357] eeloo_ice chunk_e.tga
[LOG 15:22:46.358] eeloo_ice chunk_n.png
[LOG 15:22:46.358] eeloo_ice chunk_s.tga
[LOG 15:22:46.358] evebasaltformation.prefab
[LOG 15:22:46.358] evepancakedome.prefab
[LOG 15:22:46.358] evevolcanicrock.prefab
[LOG 15:22:46.358] evebasaltformation.fbx
[LOG 15:22:46.358] evepancakeformation.fbx
[LOG 15:22:46.358] evevolcanicrock.fbx
[LOG 15:22:46.358] eve basalt formation_d.mat
[LOG 15:22:46.358] eve pancake formation_d.mat
[LOG 15:22:46.358] eve volcanic rock_d.mat
[LOG 15:22:46.358] lambert1.mat
[LOG 15:22:46.358] eve basalt formation_d.tga
[LOG 15:22:46.358] eve basalt formation_n.tga
[LOG 15:22:46.358] eve pancake formation_d.tga
[LOG 15:22:46.358] eve pancake formation_e.png
[LOG 15:22:46.358] eve pancake formation_n.png
[LOG 15:22:46.358] eve volcanic rock_d.tga
[LOG 15:22:46.358] eve volcanic rock_n.png
[LOG 15:22:46.358] gillyridgeline.fbx
[LOG 15:22:46.358] gilly ridegeline_d.mat
[LOG 15:22:46.358] lambert1.mat
[LOG 15:22:46.358] gillyridgeline.prefab
[LOG 15:22:46.358] gilly ridegeline_d.tga
[LOG 15:22:46.358] gilly ridegeline_n.png
[LOG 15:22:46.358] dunaejecta.prefab
[LOG 15:22:46.358] ikedunaejecta.fbx
[LOG 15:22:46.358] ike_duna_ejecta_mat.mat
[LOG 15:22:46.358] ike duna ejecta_d.tga
[LOG 15:22:46.358] ike duna ejecta_n.png
[LOG 15:22:46.359] kerbinbaobabtree.fbx
[LOG 15:22:46.359] kerbinquartz.fbx
[LOG 15:22:46.359] baobaptree.mat
[LOG 15:22:46.359] kerbin_baobab_tree_d.mat
[LOG 15:22:46.359] kerbin_boabob_tree_d.mat
[LOG 15:22:46.359] kerbin_giant_quartz_d.mat
[LOG 15:22:46.359] lambert1.mat
[LOG 15:22:46.359] lambert2.mat
[LOG 15:22:46.359] kerbinbaobabtree.prefab
[LOG 15:22:46.359] kerbinquartz.prefab
[LOG 15:22:46.359] kerbin_baobab_tree_alpha.png
[LOG 15:22:46.359] kerbin_baobab_tree_d.tga
[LOG 15:22:46.359] kerbin_baobab_tree_n.png
[LOG 15:22:46.359] kerbin_giant_quartz_d.tga
[LOG 15:22:46.359] kerbin_giant_quartz_e.tga
[LOG 15:22:46.359] kerbin_giant_quartz_n.tga
[LOG 15:22:46.359] kerbin_giant_quartz_s.tga
[LOG 15:22:46.359] laytheboulder.fbx
[LOG 15:22:46.359] laythegeyser.fbx
[LOG 15:22:46.359] laythestone.fbx
[LOG 15:22:46.359] lambert1.mat
[LOG 15:22:46.359] laythe_boulder_d.mat
[LOG 15:22:46.359] laythe_geyser_d.mat
[LOG 15:22:46.359] laythe_stone_d.mat
[LOG 15:22:46.359] laytheboulder.prefab
[LOG 15:22:46.359] laythegeyser.prefab
[LOG 15:22:46.359] laythestone.prefab
[LOG 15:22:46.359] laythe_boulder_d.tga
[LOG 15:22:46.359] laythe_boulder_n.png
[LOG 15:22:46.359] laythe_geyser_d.tga
[LOG 15:22:46.360] laythe_geyser_n.png
[LOG 15:22:46.360] laythe_stone_d.tga
[LOG 15:22:46.360] laythe_stone_n.png
[LOG 15:22:46.360] greensandstone.fbx
[LOG 15:22:46.360] lambert1.mat
[LOG 15:22:46.360] minmus_green_sandstone_d.mat
[LOG 15:22:46.360] minmus_olivine_formation_d.mat
[LOG 15:22:46.360] minmusolivineformation.fbx
[LOG 15:22:46.360] minmus_greensandstone.prefab
[LOG 15:22:46.360] minmus_olivineformation.prefab
[LOG 15:22:46.360] minmus_green_sandstone_d.tga
[LOG 15:22:46.360] minmus_green_sandstone_n.png
[LOG 15:22:46.360] minmus_olivine_formation_d.tga
[LOG 15:22:46.360] minmus_olivine_formation_n.png
[LOG 15:22:46.360] lambert1.mat
[LOG 15:22:46.360] moho wrinkleridge_d.mat
[LOG 15:22:46.360] moho_stone_d.mat
[LOG 15:22:46.360] mohostone.fbx
[LOG 15:22:46.360] mohowrinkleridge.fbx
[LOG 15:22:46.360] mohostone.prefab
[LOG 15:22:46.360] mohowrinkleridge.prefab
[LOG 15:22:46.360] moho wrinkleridge_d.tga
[LOG 15:22:46.360] moho wrinkleridge_e.png
[LOG 15:22:46.360] moho wrinkleridge_n.png
[LOG 15:22:46.360] moho_stone_d.tga
[LOG 15:22:46.360] moho_stone_n.png
[LOG 15:22:46.360] lambert1.mat
[LOG 15:22:46.360] mun_crater_d.mat
[LOG 15:22:46.360] mun_large_crater_d.mat
[LOG 15:22:46.360] mun_stone_d.mat
[LOG 15:22:46.361] muncrater.fbx
[LOG 15:22:46.361] munlargecrater.fbx
[LOG 15:22:46.361] munstone.fbx
[LOG 15:22:46.361] muncrater.prefab
[LOG 15:22:46.361] munlargecrater.prefab
[LOG 15:22:46.361] munstone.prefab
[LOG 15:22:46.361] mun_crater_d.tga
[LOG 15:22:46.361] mun_crater_n.png
[LOG 15:22:46.361] mun_large_crater_d.tga
[LOG 15:22:46.361] mun_large_crater_n.png
[LOG 15:22:46.361] mun_stone_d.tga
[LOG 15:22:46.361] mun_stone_n.png
[LOG 15:22:46.361] lambert1.mat
[LOG 15:22:46.361] pol_yellowstone_d.mat
[LOG 15:22:46.361] polyellowstone.fbx
[LOG 15:22:46.361] pol_yellowstones.prefab
[LOG 15:22:46.361] pol_yellowstone_d.png
[LOG 15:22:46.361] pol_yellowstone_n.png
[LOG 15:22:46.361] lambert1.mat
[LOG 15:22:46.361] tylo_checkerboard_d.mat
[LOG 15:22:46.361] tylo_dark boulder_d.mat
[LOG 15:22:46.361] tylo_light_d.mat
[LOG 15:22:46.361] tyloboulder.fbx
[LOG 15:22:46.361] tylocheckerboard.fbx
[LOG 15:22:46.361] tylolightstone.fbx
[LOG 15:22:46.361] tylo_ checkerboard_n.png
[LOG 15:22:46.361] tylo_checkerboard_d.png
[LOG 15:22:46.361] tylo_dark boulder_d.tga
[LOG 15:22:46.361] tylo_dark boulder_n.png
[LOG 15:22:46.361] tylo_light_d.tga
[LOG 15:22:46.361] tylo_light_n.png
[LOG 15:22:46.362] tylocheckerboard.prefab
[LOG 15:22:46.362] tylodarkboulder.prefab
[LOG 15:22:46.362] tylolightstone.prefab
[LOG 15:22:46.362] cryovolcano_d.mat
[LOG 15:22:46.362] lambert1.mat
[LOG 15:22:46.362] vallicechunk_d.mat
[LOG 15:22:46.362] vallstone_d.mat
[LOG 15:22:46.362] vall_cryovolcano.fbx
[LOG 15:22:46.362] vall_icechunk.fbx
[LOG 15:22:46.362] vall_stone.fbx
[LOG 15:22:46.362] cryovolcano_d.tga
[LOG 15:22:46.362] cryovolcano_e.png
[LOG 15:22:46.362] cryovolcano_n.jpg
[LOG 15:22:46.362] cryovolcano_s.jpg
[LOG 15:22:46.362] vallicechunk_d.jpg
[LOG 15:22:46.362] vallicechunk_e.jpg
[LOG 15:22:46.362] vallicechunk_n.jpg
[LOG 15:22:46.362] vallicechunk_s.jpg
[LOG 15:22:46.362] vallstone_d.jpg
[LOG 15:22:46.362] vallstone_e.jpg
[LOG 15:22:46.362] vallstone_n.jpg
[LOG 15:22:46.362] vallstone_s.jpg
[LOG 15:22:46.362] vallcryovolcano.prefab
[LOG 15:22:46.362] vallicechunk.prefab
[LOG 15:22:46.362] vallstone.prefab
[LOG 15:22:46.362] vfx_spark.mat
[LOG 15:22:46.362] vfx_welding_flare.mat
[LOG 15:22:46.362] cometdustmaterial.mat
[LOG 15:22:46.362] cometgeysermat.mat
[LOG 15:22:46.372] GetTypesOfModulesImplementingInterface2: Found 69 types with IPartModuleAdjuster interface in 17 assemblies.
[LOG 15:22:46.382] GetSubclassesOfParentClass: Found 0 types with ModuleActiveRadiator parent in 17 assemblies.
[LOG 15:22:46.391] GetSubclassesOfParentClass: Found 0 types with ModuleAlternator parent in 17 assemblies.
[LOG 15:22:46.399] GetSubclassesOfParentClass: Found 1 types with ModuleControlSurface parent in 17 assemblies.
[LOG 15:22:46.407] GetSubclassesOfParentClass: Found 0 types with ModuleDataTransmitter parent in 17 assemblies.
[LOG 15:22:46.415] GetSubclassesOfParentClass: Found 0 types with ModuleDeployableSolarPanel parent in 17 assemblies.
[LOG 15:22:46.423] GetSubclassesOfParentClass: Found 1 types with ModuleEngines parent in 17 assemblies.
[LOG 15:22:46.431] GetSubclassesOfParentClass: Found 0 types with ModuleGenerator parent in 17 assemblies.
[LOG 15:22:46.439] GetSubclassesOfParentClass: Found 0 types with ModuleGimbal parent in 17 assemblies.
[LOG 15:22:46.447] GetSubclassesOfParentClass: Found 2 types with ModuleLiftingSurface parent in 17 assemblies.
[LOG 15:22:46.454] GetSubclassesOfParentClass: Found 0 types with ModuleLight parent in 17 assemblies.
[LOG 15:22:46.462] GetSubclassesOfParentClass: Found 0 types with ModuleReactionWheel parent in 17 assemblies.
[LOG 15:22:46.470] GetSubclassesOfParentClass: Found 0 types with ModuleSAS parent in 17 assemblies.
[LOG 15:22:46.478] GetSubclassesOfParentClass: Found 0 types with ModuleWheelBrakes parent in 17 assemblies.
[LOG 15:22:46.486] GetSubclassesOfParentClass: Found 1 types with ModuleWheelMotor parent in 17 assemblies.
[LOG 15:22:46.486] GetSubclassesOfParentClass: Using cached results for ModuleActiveRadiator
[LOG 15:22:46.494] GetSubclassesOfParentClass: Found 0 types with ModuleAnchoredDecoupler parent in 17 assemblies.
[LOG 15:22:46.501] GetSubclassesOfParentClass: Found 0 types with ModuleCargoBay parent in 17 assemblies.
[LOG 15:22:46.502] GetSubclassesOfParentClass: Using cached results for ModuleControlSurface
[LOG 15:22:46.502] GetSubclassesOfParentClass: Using cached results for ModuleDataTransmitter
[LOG 15:22:46.510] GetSubclassesOfParentClass: Found 0 types with ModuleDecouple parent in 17 assemblies.
[LOG 15:22:46.518] GetSubclassesOfParentClass: Found 4 types with ModuleDeployablePart parent in 17 assemblies.
[LOG 15:22:46.526] GetSubclassesOfParentClass: Found 0 types with ModuleDockingNode parent in 17 assemblies.
[LOG 15:22:46.526] GetSubclassesOfParentClass: Using cached results for ModuleEngines
[LOG 15:22:46.535] GetSubclassesOfParentClass: Found 0 types with CModuleFuelLine parent in 17 assemblies.
[LOG 15:22:46.543] GetSubclassesOfParentClass: Found 0 types with ModuleGPS parent in 17 assemblies.
[LOG 15:22:46.551] GetSubclassesOfParentClass: Found 0 types with ModuleGrappleNode parent in 17 assemblies.
[LOG 15:22:46.551] GetSubclassesOfParentClass: Using cached results for ModuleGrappleNode
[LOG 15:22:46.559] GetSubclassesOfParentClass: Found 0 types with ModuleKerbNetAccess parent in 17 assemblies.
[LOG 15:22:46.559] GetSubclassesOfParentClass: Using cached results for ModuleLight
[LOG 15:22:46.559] GetSubclassesOfParentClass: Using cached results for ModuleLight
[LOG 15:22:46.567] GetSubclassesOfParentClass: Found 0 types with ModuleProbeControlPoint parent in 17 assemblies.
[LOG 15:22:46.576] GetSubclassesOfParentClass: Found 1 types with ModuleRCS parent in 17 assemblies.
[LOG 15:22:46.576] GetSubclassesOfParentClass: Using cached results for ModuleRCS
[LOG 15:22:46.576] GetSubclassesOfParentClass: Using cached results for ModuleReactionWheel
[LOG 15:22:46.576] GetSubclassesOfParentClass: Using cached results for ModuleReactionWheel
[LOG 15:22:46.584] GetSubclassesOfParentClass: Found 0 types with ModuleResourceIntake parent in 17 assemblies.
[LOG 15:22:46.592] GetSubclassesOfParentClass: Found 0 types with ModuleScienceExperiment parent in 17 assemblies.
[LOG 15:22:46.600] GetSubclassesOfParentClass: Found 0 types with ModuleToggleCrossfeed parent in 17 assemblies.
[LOG 15:22:46.608] GetSubclassesOfParentClass: Found 0 types with ModuleWheelDeployment parent in 17 assemblies.
[LOG 15:22:46.627] ExpansionsLoader: Expansions loaded in 10.046s
[LOG 15:22:46.627] Loading Systems: Elapsed time is 27.52994s
[LOG 15:22:49.900] [AddonLoader]: Instantiating addon 'Injector' from assembly 'Kopernicus'
[LOG 15:22:49.901] [Kopernicus] Running Kopernicus 1.12.1-248 on KSP 1.12.5
[LOG 15:22:50.083] [Kopernicus] Default logger initialized as Kopernicus
[LOG 15:22:50.116] [Kopernicus] ShaderLoader: Loading asset bundle at path D:/KSP-RSS-Dev/KSP_x64_Data/../GameData/Kopernicus/Shaders\kopernicusshaders-windows.unity3d
[LOG 15:22:50.118] [Kopernicus] ShaderLoader: adding Kopernicus/Rings
[LOG 15:22:50.338] [OD] Adding for sphere Ceres map named RSS-Textures/PluginData/CeresColor.dds
[LOG 15:22:50.344] [OD] Adding for sphere Ceres map named RSS-Textures/PluginData/CeresHeight.dds
[WRN 15:22:50.399] DontDestroyOnLoad only works for root GameObjects or components on root GameObjects.
[LOG 15:22:50.478] [OD] Adding for sphere Kerbin map named RSS-Textures/PluginData/EarthHeight.dds
[LOG 15:22:50.507] [OD] Adding for sphere Kerbin map named RSS-Textures/PluginData/EarthSurface.dds
[LOG 15:22:51.573] [OD] Adding for sphere Moon map named RSS-Textures/MoonColor.dds
[LOG 15:22:51.573] [OD] Adding for sphere Moon map named RSS-Textures/PluginData/MoonHeight.dds
[LOG 15:22:51.644] [OD] Adding for sphere Callisto map named RSS-Textures/PluginData/CallistoHeight.dds
[LOG 15:22:51.644] [OD] Adding for sphere Callisto map named RSS-Textures/PluginData/CallistoColor.dds
[LOG 15:22:51.693] [OD] Adding for sphere Europa map named RSS-Textures/PluginData/EuropaHeight.dds
[LOG 15:22:51.694] [OD] Adding for sphere Europa map named RSS-Textures/PluginData/EuropaColor.dds
[LOG 15:22:51.751] [OD] Adding for sphere Ganymede map named RSS-Textures/PluginData/GanymedeHeight.dds
[LOG 15:22:51.753] [OD] Adding for sphere Ganymede map named RSS-Textures/PluginData/GanymedeColor.dds
[LOG 15:22:51.800] [OD] Adding for sphere Io map named RSS-Textures/PluginData/IoHeight.dds
[LOG 15:22:51.801] [OD] Adding for sphere Io map named RSS-Textures/PluginData/IoColor.dds
[LOG 15:22:51.824] [Kopernicus] New Jool detected, shaders stripped!
[LOG 15:22:51.909] [OD] Adding for sphere Deimos map named RSS-Textures/PluginData/DeimosColor.dds
[LOG 15:22:51.909] [OD] Adding for sphere Deimos map named RSS-Textures/PluginData/DeimosHeight.dds
[LOG 15:22:51.972] [OD] Adding for sphere Mars map named RSS-Textures/PluginData/MarsHeight.dds
[LOG 15:22:51.973] [OD] Adding for sphere Mars map named RSS-Textures/PluginData/MarsColor.dds
[LOG 15:22:52.030] [OD] Adding for sphere Phobos map named RSS-Textures/PluginData/PhobosColor.dds
[LOG 15:22:52.031] [OD] Adding for sphere Phobos map named RSS-Textures/PluginData/PhobosHeight.dds
[LOG 15:22:52.118] [OD] Adding for sphere Mercury map named RSS-Textures/PluginData/MercuryColor.dds
[LOG 15:22:52.119] [OD] Adding for sphere Mercury map named RSS-Textures/PluginData/MercuryHeight.dds
[LOG 15:22:52.153] [Kopernicus] New Jool detected, shaders stripped!
[LOG 15:22:52.249] [OD] Adding for sphere Triton map named RSS-Textures/PluginData/TritonColor.dds
[LOG 15:22:52.312] [OD] Adding for sphere Charon map named RSS-Textures/PluginData/CharonColor.dds
[LOG 15:22:52.312] [OD] Adding for sphere Charon map named RSS-Textures/PluginData/CharonHeight.dds
[LOG 15:22:52.382] [OD] Adding for sphere Pluto map named RSS-Textures/PluginData/PlutoColor.dds
[LOG 15:22:52.382] [OD] Adding for sphere Pluto map named RSS-Textures/PluginData/PlutoHeight.dds
[LOG 15:22:52.446] [OD] Adding for sphere Dione map named RSS-Textures/PluginData/DioneColor.dds
[LOG 15:22:52.503] [OD] Adding for sphere Enceladus map named RSS-Textures/PluginData/EnceladusColor.dds
[LOG 15:22:52.593] [OD] Adding for sphere Iapetus map named RSS-Textures/PluginData/IapetusColor.dds
[LOG 15:22:52.696] [OD] Adding for sphere Mimas map named RSS-Textures/PluginData/MimasColor.dds
[LOG 15:22:52.788] [OD] Adding for sphere Rhea map named RSS-Textures/PluginData/RheaColor.dds
[LOG 15:22:52.813] [Kopernicus] New Jool detected, shaders stripped!
[LOG 15:22:52.907] [OD] Adding for sphere Tethys map named RSS-Textures/PluginData/TethysColor.dds
[LOG 15:22:52.980] [OD] Adding for sphere Titan map named RSS-Textures/PluginData/TitanHeight.dds
[LOG 15:22:52.982] [OD] Adding for sphere Titan map named RSS-Textures/PluginData/TitanColor.dds
[LOG 15:22:53.064] [OD] Adding for sphere Ariel map named RSS-Textures/PluginData/ArielColor.dds
[LOG 15:22:53.065] [OD] Adding for sphere Ariel map named RSS-Textures/PluginData/ArielHeight.dds
[LOG 15:22:53.132] [OD] Adding for sphere Miranda map named RSS-Textures/PluginData/MirandaColor.dds
[LOG 15:22:53.132] [OD] Adding for sphere Miranda map named RSS-Textures/PluginData/MirandaHeight.dds
[LOG 15:22:53.228] [OD] Adding for sphere Oberon map named RSS-Textures/PluginData/OberonColor.dds
[LOG 15:22:53.228] [OD] Adding for sphere Oberon map named RSS-Textures/PluginData/OberonHeight.dds
[LOG 15:22:53.287] [OD] Adding for sphere Titania map named RSS-Textures/PluginData/TitaniaColor.dds
[LOG 15:22:53.288] [OD] Adding for sphere Titania map named RSS-Textures/PluginData/TitaniaHeight.dds
[LOG 15:22:53.347] [OD] Adding for sphere Umbriel map named RSS-Textures/PluginData/UmbrielColor.dds
[LOG 15:22:53.348] [OD] Adding for sphere Umbriel map named RSS-Textures/PluginData/UmbrielHeight.dds
[LOG 15:22:53.371] [Kopernicus] New Jool detected, shaders stripped!
[LOG 15:22:53.456] [OD] Adding for sphere Venus map named RSS-Textures/PluginData/VenusHeight.dds
[LOG 15:22:53.457] [OD] Adding for sphere Venus map named RSS-Textures/PluginData/VenusColor.dds
[LOG 15:22:53.548] [OD] Adding for sphere Vesta map named RSS-Textures/PluginData/VestaColor.dds
[LOG 15:22:53.549] [OD] Adding for sphere Vesta map named RSS-Textures/PluginData/VestaHeight.dds
[LOG 15:22:53.601] [AddonLoader]: Instantiating addon 'ToolbarButton' from assembly 'Kopernicus'
[LOG 15:22:53.601] [AddonLoader]: Instantiating addon 'ShadowMan' from assembly 'Kopernicus'
[LOG 15:22:53.601] [AddonLoader]: Instantiating addon 'RenderTypeFixer' from assembly 'Kopernicus'
[LOG 15:22:53.601] [AddonLoader]: Instantiating addon 'AtmosphereFixer' from assembly 'Kopernicus'
[LOG 15:22:53.602] [AddonLoader]: Instantiating addon 'SinkingBugFix' from assembly 'Kopernicus'
[LOG 15:22:53.603] [AddonLoader]: Instantiating addon 'KSPCFFastLoaderPSystemSetup' from assembly 'KSPCommunityFixes'
[LOG 15:22:53.604] [AddonLoader]: Instantiating addon 'TimeWarpFixer' from assembly 'RealSolarSystem'
[LOG 15:22:53.947] [Agent]: Found 19 agent mentality types
[LOG 15:22:53.949] [AgentList]: 31 agents parsed and loaded.
[LOG 15:22:54.008] [UIMasterController]: HideUI
[LOG 15:22:54.122] [Kopernicus]: Loaded large map: D:/KSP-RSS-Dev/KSP_x64_Data/../GameData/RSS-Textures/PluginData/EarthHeight.dds
[LOG 15:22:54.124] [OD] ---> Map RSS-Textures/PluginData/EarthHeight.dds enabling self. Path = RSS-Textures/PluginData/EarthHeight.dds
[WRN 15:22:54.151] DontDestroyOnLoad only works for root GameObjects or components on root GameObjects.
[LOG 15:22:54.200] [OD] --> ScaledSpaceDemand.LoadTextures loading Miranda
[LOG 15:22:54.201] [OD] --> ScaledSpaceDemand.LoadTextures loading Ariel
[LOG 15:22:54.201] [OD] --> ScaledSpaceDemand.LoadTextures loading Uranus
[LOG 15:22:54.202] [OD] --> ScaledSpaceDemand.LoadTextures loading Umbriel
[LOG 15:22:54.204] [OD] --> ScaledSpaceDemand.LoadTextures loading Titania
[LOG 15:22:54.204] [OD] --> ScaledSpaceDemand.LoadTextures loading Oberon
[LOG 15:22:54.216] [OD] Loaded texture RSS-Textures/PluginData/Flat_NRM.dds
[LOG 15:22:54.216] [OD] Loaded texture RSS-Textures/PluginData/UmbrielColor.dds
[LOG 15:22:54.217] [OD] Loaded texture RSS-Textures/PluginData/MirandaColor.dds
[LOG 15:22:54.217] [OD] Loaded texture RSS-Textures/PluginData/Miranda_NRM.dds
[LOG 15:22:54.217] [OD] Loaded texture RSS-Textures/PluginData/Ariel_NRM.dds
[LOG 15:22:54.217] [OD] Loaded texture RSS-Textures/PluginData/ArielColor.dds
[LOG 15:22:54.217] [OD] Loaded texture RSS-Textures/PluginData/Umbriel_NRM.dds
[LOG 15:22:54.218] [OD] Loaded texture RSS-Textures/PluginData/UranusColor.dds
[LOG 15:22:54.223] [OD] Loaded texture RSS-Textures/PluginData/Titania_NRM.dds
[LOG 15:22:54.224] [OD] Loaded texture RSS-Textures/PluginData/OberonColor.dds
[LOG 15:22:54.224] [OD] Loaded texture RSS-Textures/PluginData/Oberon_NRM.dds
[LOG 15:22:54.224] [OD] Loaded texture RSS-Textures/PluginData/TitaniaColor.dds
[LOG 15:22:54.234] [Kopernicus]: Post-Spawn
[LOG 15:22:54.235] Found max distance 7285326303016.2
[LOG 15:22:54.267] PSystemSetup: Cannot add Stock launchsite named '#autoLOC_8006102' - Launchsite is not setup.
[LOG 15:22:54.422] [OD] Loading Kerbin
[LOG 15:22:54.424] [OD] ---> Map RSS-Textures/PluginData/EarthSurface.dds enabling self. Path = RSS-Textures/PluginData/EarthSurface.dds
[ERR 15:22:58.185] [LaunchSite]: unable to find LaunchSite Transform :Crater_Launch_Site

[LOG 15:22:58.185] PSystemSetup: Cannot add Stock launchsite named '#autoLOC_6006117' - Launchsite is not setup.
[ERR 15:22:58.188] [LaunchSite]: unable to find LaunchSite Transform :MahiMahi_Launch_Site

[LOG 15:22:58.188] PSystemSetup: Cannot add Stock launchsite named '#autoLOC_6006118' - Launchsite is not setup.
[ERR 15:22:58.189] [LaunchSite]: unable to find LaunchSite Transform :Cove_Launch_Site

[LOG 15:22:58.189] PSystemSetup: Cannot add Stock launchsite named '#autoLOC_6006119' - Launchsite is not setup.
[ERR 15:22:58.191] [LaunchSite]: unable to find LaunchSite Transform :GlacierLake_Launch_Site

[LOG 15:22:58.191] PSystemSetup: Cannot add Stock launchsite named '#autoLOC_6006120' - Launchsite is not setup.
[LOG 15:22:58.202] [UIMasterController]: HideUI
[LOG 15:22:58.209] [HighLogic]: =========================== Scene Change : From LOADING to MAINMENU =====================
[LOG 15:22:58.807] [AddonLoader]: Instantiating addon 'ContractDefs' from assembly 'KSP'
[LOG 15:22:58.838] [AddonLoader]: Instantiating addon 'DebugMenuScreen' from assembly 'KSPTextureLoader'
[LOG 15:22:58.840] [AddonLoader]: Instantiating addon 'ToolbarButton' from assembly 'Kopernicus'
[LOG 15:22:58.840] [AddonLoader]: Instantiating addon 'MissingTexturesPopupLauncher' from assembly 'Kopernicus'
[LOG 15:22:58.840] [AddonLoader]: Instantiating addon 'ShadowMan' from assembly 'Kopernicus'
[LOG 15:22:58.841] [AddonLoader]: Instantiating addon 'RenderTypeFixer' from assembly 'Kopernicus'
[LOG 15:22:58.841] [AddonLoader]: Instantiating addon 'AtmosphereFixer' from assembly 'Kopernicus'
[LOG 15:22:58.841] [AddonLoader]: Instantiating addon 'MainMenuFixer' from assembly 'Kopernicus'
[LOG 15:22:58.847] [AddonLoader]: Instantiating addon 'RuntimeUtility' from assembly 'Kopernicus'
[LOG 15:22:58.857] [AddonLoader]: Instantiating addon 'SinkingBugFix' from assembly 'Kopernicus'
[LOG 15:22:58.858] [AddonLoader]: Instantiating addon 'StarLightSwitcher' from assembly 'Kopernicus'
[LOG 15:22:58.859] [AddonLoader]: Instantiating addon 'KSPCFFastLoaderReport' from assembly 'KSPCommunityFixes'
[LOG 15:22:58.860] [AddonLoader]: Instantiating addon 'TimeWarpFixer' from assembly 'RealSolarSystem'
[LOG 15:22:58.882] [UIMasterController]: ShowUI
[LOG 15:22:59.149] [GameParameters]: Loaded custom parameter class CommNetParams.
[LOG 15:22:59.150] [GameParameters]: Loaded custom parameter class MissionParamsGeneral.
[LOG 15:22:59.150] [GameParameters]: Loaded custom parameter class MissionParamsFacilities.
[LOG 15:22:59.150] [GameParameters]: Loaded custom parameter class MissionParamsExtras.
[LOG 15:22:59.150] [GameParameters]: Loaded custom parameter class AdvancedParams.
[LOG 15:22:59.176] [ReflectionUtil]: Found 40 types with UpgradeModule attribute in 17 assemblies.
[LOG 15:22:59.247] [OD] --> OnDemandStorage.EnableBody loading Kerbin
[WRN 15:22:59.267] DontDestroyOnLoad only works for root GameObjects or components on root GameObjects.
[LOG 15:22:59.271] [KSPCF:FastLoader] Intel(R) Core(TM) i7-4790K CPU @ 4.00GHz | 32687 MB | NVIDIA GeForce GTX 1060 6GB (6029 MB)
Total loading time to main menu : 43.574s
- Configs and assemblies loaded in 5.357s
- Configs reload done in 1.233s
- Configs translated in 0.020s
- 2899 assets loaded in 3.705s :
  - 86 audio assets (79.689 MiB) in 0.521s, 152.957 MiB/s
  - 2185 texture assets (1.304 GiB) in 2.650s, 504.029 MiB/s
  - 626 model assets (64.41 MiB) in 0.526s, 122.369 MiB/s
- Asset bundles loaded in 0.492s
- GameDatabase (configs, resources, traits, upgrades...) loaded in 0.090s
- Built-in parts copied in 0.024s
- Part and internal configs extracted in 0.002s
- 483 parts and 1927 modules compiled in 6.763s
  - 4.0 modules/part, 14.001 ms/part, 3.509 ms/module
  - PartIcon compilation : 1.085s
- 27 internal spaces and 56 props compiled in 0.215s
- 2 DLC (Making History, Breaking Ground) loaded in 10.094s
- Planetary system loaded in 9.645s
[LOG 15:22:59.271] Texture queries : 1713, slow path : 1 (0.06 %)
[LOG 15:22:59.277] [ModuleManager] Total loading Time = 38.567s
[LOG 15:22:59.340] [ScenarioTypes]: List Created 24 scenario types loaded from 17 loaded assemblies.
[WRN 15:22:59.350] File 'D:/KSP-RSS-Dev/KSP_x64_Data/../Missions/MissionScoreInfo.cfg' does not exist
[LOG 15:22:59.353] [ApplicationLauncher] Awake False
[LOG 15:22:59.354] [ApplicationLauncher] SpawnSimpleLayout: VerticalTopDown
[LOG 15:22:59.369] [UiApp] Awake: 
[LOG 15:22:59.370] [ApplicationLauncher] OnSceneLoadedGUIReady: scene MAINMENU ShouldBeVisible() True ShouldBeOnTop() True iIsPositionedAtTop True
[LOG 15:22:59.373] [Kopernicus]: StarLightSwitcher: Set active star => Sun
[LOG 15:22:59.406] [UIApp] Adding  to Application Launcher
[LOG 15:22:59.409] [ApplicationLauncher] SetHidden: 
[LOG 15:22:59.415] [MessageSystem] OnAppInitialized
[LOG 15:22:59.416] [MessageSystem] Reposition 0.0426234 27977
[LOG 15:22:59.438] [ShadowMan][Debug] Kopernicus.ShadowMan setup done
[LOG 15:23:07.316] [KSPUpgradePipeline]: ClaudeRSS (1.12.5) is up to date.
[LOG 15:23:07.326] [ExperienceSystem]: Found 0 trait types
[LOG 15:23:07.335] [ExperienceSystem]: Found 20 effect types
[LOG 15:23:07.375] [ScenarioTypes]: List Created 24 scenario types loaded from 17 loaded assemblies.
[LOG 15:23:07.396] Game State Saved to saves/ClaudeRSS/persistent
[LOG 15:23:07.406] [MessageSystem] Load Messages
[LOG 15:23:07.415] [UIMasterController]: HideUI
[LOG 15:23:07.416] [HighLogic]: =========================== Scene Change : From MAINMENU to SPACECENTER =====================
[LOG 15:23:07.733] [AddonLoader]: Instantiating addon 'CustomConfigsManager' from assembly 'ModuleManager'
[LOG 15:23:07.737] [AddonLoader]: Instantiating addon 'ToolbarButton' from assembly 'Kopernicus'
[LOG 15:23:07.737] [AddonLoader]: Instantiating addon 'ShadowMan' from assembly 'Kopernicus'
[LOG 15:23:07.737] [AddonLoader]: Instantiating addon 'RenderTypeFixer' from assembly 'Kopernicus'
[LOG 15:23:07.737] [AddonLoader]: Instantiating addon 'AtmosphereFixer' from assembly 'Kopernicus'
[LOG 15:23:07.737] [AddonLoader]: Instantiating addon 'SinkingBugFix' from assembly 'Kopernicus'
[LOG 15:23:07.738] [AddonLoader]: Instantiating addon 'RSSCommNetSettings' from assembly 'RealSolarSystem'
[LOG 15:23:07.739] [AddonLoader]: Instantiating addon 'TimeWarpFixer' from assembly 'RealSolarSystem'
[LOG 15:23:07.739] [AddonLoader]: Instantiating addon 'RSSWatchDog' from assembly 'RealSolarSystem'
[LOG 15:23:09.323] [UIMasterController]: ShowUI
[LOG 15:23:09.624] [SceneLoadSpeedBoost] Save loaded from disk in 1ms
[LOG 15:23:09.690] GetSubclassesOfParentClass: Found 7 types with AlarmTypeBase parent in 17 assemblies.
[LOG 15:23:09.699] Loading Depletion Nodes
[LOG 15:23:09.699] DepNodeCount:  0
[LOG 15:23:09.699] Loading Biome Nodes
[LOG 15:23:09.699] BiomeNodeCount:  0
[LOG 15:23:09.700] Loading Planet Nodes
[LOG 15:23:09.700] PlanetNodeCount:  0
[LOG 15:23:09.714] [ScenarioDestructibles]: Loading... 0 objects registered
[LOG 15:23:09.753] [RealSolarSystem] Checking for custom CommNet settings...
[LOG 15:23:09.754] [RealSolarSystem] Updating the CommNet settings...
[LOG 15:23:09.794] [Kopernicus] Using Kopernicus Discoverable Object Spawner.
[LOG 15:23:09.801] [ShadowMan][Info] Running in unified camera mode
[LOG 15:23:09.801] [ShadowMan][Debug] Adding TweakShadowCascades: (0.002, 0.015, 0.035) to Camera Camera 00
[LOG 15:23:09.802] [ShadowMan][Debug] Default split: (0.050, 0.152, 0.264)
[LOG 15:23:09.808] [ShadowMan][Debug] ShaderReplacer instance created
[LOG 15:23:09.809] [ShadowMan][Debug] Setting shadowmap resolution to: 8192 on SunLight
[LOG 15:23:09.812] [ShadowMan][Debug] Found rings for Saturn
[LOG 15:23:09.816] [ShadowMan][Debug] Kopernicus.ShadowMan setup done
[LOG 15:23:09.822] [RealSolarSystem] Setting TimeWarp rates...
[LOG 15:23:09.835] [OD] <--- ScaledSpaceDemand.UnloadTextures unloading Uranus
[LOG 15:23:09.835] [OD] Unloading RSS-Textures/PluginData/UranusColor.dds
[LOG 15:23:09.835] [OD] Unloading RSS-Textures/PluginData/Flat_NRM.dds
[LOG 15:23:09.835] [OD] <--- ScaledSpaceDemand.UnloadTextures unloading Miranda
[LOG 15:23:09.835] [OD] Unloading RSS-Textures/PluginData/MirandaColor.dds
[LOG 15:23:09.835] [OD] Unloading RSS-Textures/PluginData/Miranda_NRM.dds
[LOG 15:23:09.835] [OD] <--- ScaledSpaceDemand.UnloadTextures unloading Ariel
[LOG 15:23:09.835] [OD] Unloading RSS-Textures/PluginData/ArielColor.dds
[LOG 15:23:09.835] [OD] Unloading RSS-Textures/PluginData/Ariel_NRM.dds
[LOG 15:23:09.835] [OD] <--- ScaledSpaceDemand.UnloadTextures unloading Umbriel
[LOG 15:23:09.835] [OD] Unloading RSS-Textures/PluginData/UmbrielColor.dds
[LOG 15:23:09.836] [OD] Unloading RSS-Textures/PluginData/Umbriel_NRM.dds
[LOG 15:23:09.836] [OD] <--- ScaledSpaceDemand.UnloadTextures unloading Titania
[LOG 15:23:09.836] [OD] Unloading RSS-Textures/PluginData/TitaniaColor.dds
[LOG 15:23:09.836] [OD] Unloading RSS-Textures/PluginData/Titania_NRM.dds
[LOG 15:23:09.836] [OD] <--- ScaledSpaceDemand.UnloadTextures unloading Oberon
[LOG 15:23:09.836] [OD] Unloading RSS-Textures/PluginData/OberonColor.dds
[LOG 15:23:09.836] [OD] Unloading RSS-Textures/PluginData/Oberon_NRM.dds
[LOG 15:23:09.855] [UiApp] Awake: KSPedia
[LOG 15:23:09.856] [UiApp] Awake: Missions App
[LOG 15:23:09.856] [UiApp] Awake: AlarmClock
[LOG 15:23:09.856] [GenericAppFrame] Reposition 0 30603
[LOG 15:23:09.857] [ApplicationLauncher] OnSceneLoadedGUIReady: scene SPACECENTER ShouldBeVisible() True ShouldBeOnTop() False iIsPositionedAtTop True
[LOG 15:23:09.857] [ApplicationLauncher] SpawnSimpleLayout: HorizontalRightLeft
[LOG 15:23:09.860] [ApplicationLauncher] SetVisible: 
[LOG 15:23:09.863] ScaleModList: listSize 41 maxListSize 1148
[LOG 15:23:09.863] ScaleModList: listSize 41 maxListSize 1139
[LOG 15:23:09.864] [Kopernicus]: StarLightSwitcher: Set active star => Sun
[LOG 15:23:09.913] [UIApp] OnDestroy: Contracts
[LOG 15:23:09.923] [MessageSystem] Reposition 0.02 30604
[LOG 15:23:09.924] [GenericAppFrame] Reposition 0.02 30604
[LOG 15:23:09.924] [GenericAppFrame] Reposition 0.02 30604
[LOG 15:23:10.281] [UIApp] Adding AlarmClock to Application Launcher
[LOG 15:23:10.282] ScaleModList: listSize 41 maxListSize 1098
[LOG 15:23:10.282] [UIApp] Adding Missions App to Application Launcher
[LOG 15:23:10.283] ScaleModList: listSize 41 maxListSize 1057
[LOG 15:23:10.313] [GenericAppFrame] Reposition 0.1650087 30610
[LOG 15:23:10.318] [MissionsApp] OnAppStarted(): id: -390738
[LOG 15:23:10.318] MissionsApp does not execute in this game mode, destroying this instance
[LOG 15:23:10.318] [UIApp] OnDestroy: Missions App
[LOG 15:23:10.320] ScaleModList: listSize 41 maxListSize 1057
[LOG 15:23:10.331] [UIApp] Adding KSPedia to Application Launcher
[LOG 15:23:10.332] ScaleModList: listSize 41 maxListSize 1057
[LOG 15:23:10.562] [Kopernicus] AtmosphereFixer => Patched AtmosphereFromGround for Uranus
[LOG 15:23:10.563] [Kopernicus] AtmosphereFixer => Patched AtmosphereFromGround for Titan
[LOG 15:23:10.563] [Kopernicus] AtmosphereFixer => Patched AtmosphereFromGround for Saturn
[LOG 15:23:10.563] [Kopernicus] AtmosphereFixer => Patched AtmosphereFromGround for Jupiter
[LOG 15:23:10.563] [Kopernicus] AtmosphereFixer => Patched AtmosphereFromGround for Mars
[LOG 15:23:10.563] [Kopernicus] AtmosphereFixer => Patched AtmosphereFromGround for Earth
[LOG 15:23:10.563] [Kopernicus] AtmosphereFixer => Patched AtmosphereFromGround for Venus
[LOG 15:23:10.660] Game Paused!
[LOG 15:23:10.661] [UIMasterController]: ShowUI
[LOG 15:23:13.160] [KSPUpgradePipeline]: ClaudeRSS (1.12.5) is up to date.
[LOG 15:23:13.186] [ScenarioTypes]: List Created 24 scenario types loaded from 17 loaded assemblies.
[LOG 15:23:13.186] [MessageSystem] Load Messages
[LOG 15:23:13.190] [UIMasterController]: HideUI
[LOG 15:23:13.199] [HighLogic]: =========================== Scene Change : From SPACECENTER to FLIGHT =====================
[LOG 15:23:13.201] Game Unpaused!
[LOG 15:23:13.209] [Kopernicus] Delaying ResetAndWait of body Charon until scene switch is complete
[LOG 15:23:13.209] [Kopernicus] Delaying ResetAndWait of body Pluto until scene switch is complete
[LOG 15:23:13.209] [Kopernicus] Delaying ResetAndWait of body Triton until scene switch is complete
[LOG 15:23:13.209] [Kopernicus] Delaying ResetAndWait of body Neptune until scene switch is complete
[LOG 15:23:13.209] [Kopernicus] Delaying ResetAndWait of body Neptune until scene switch is complete
[LOG 15:23:13.209] [Kopernicus] Delaying ResetAndWait of body Oberon until scene switch is complete
[LOG 15:23:13.209] [Kopernicus] Delaying ResetAndWait of body Titania until scene switch is complete
[LOG 15:23:13.209] [Kopernicus] Delaying ResetAndWait of body Umbriel until scene switch is complete
[LOG 15:23:13.210] [Kopernicus] Delaying ResetAndWait of body Ariel until scene switch is complete
[LOG 15:23:13.210] [Kopernicus] Delaying ResetAndWait of body Miranda until scene switch is complete
[LOG 15:23:13.210] [Kopernicus] Delaying ResetAndWait of body Uranus until scene switch is complete
[LOG 15:23:13.210] [Kopernicus] Delaying ResetAndWait of body Uranus until scene switch is complete
[LOG 15:23:13.210] [Kopernicus] Delaying ResetAndWait of body Iapetus until scene switch is complete
[LOG 15:23:13.210] [Kopernicus] Delaying ResetAndWait of body Titan until scene switch is complete
[LOG 15:23:13.210] [Kopernicus] Delaying ResetAndWait of body Rhea until scene switch is complete
[LOG 15:23:13.210] [Kopernicus] Delaying ResetAndWait of body Dione until scene switch is complete
[LOG 15:23:13.210] [Kopernicus] Delaying ResetAndWait of body Tethys until scene switch is complete
[LOG 15:23:13.210] [Kopernicus] Delaying ResetAndWait of body Enceladus until scene switch is complete
[LOG 15:23:13.210] [Kopernicus] Delaying ResetAndWait of body Mimas until scene switch is complete
[LOG 15:23:13.210] [Kopernicus] Delaying ResetAndWait of body Saturn until scene switch is complete
[LOG 15:23:13.210] [Kopernicus] Delaying ResetAndWait of body Saturn until scene switch is complete
[LOG 15:23:13.210] [Kopernicus] Delaying ResetAndWait of body Callisto until scene switch is complete
[LOG 15:23:13.210] [Kopernicus] Delaying ResetAndWait of body Ganymede until scene switch is complete
[LOG 15:23:13.210] [Kopernicus] Delaying ResetAndWait of body Europa until scene switch is complete
[LOG 15:23:13.210] [Kopernicus] Delaying ResetAndWait of body Io until scene switch is complete
[LOG 15:23:13.210] [Kopernicus] Delaying ResetAndWait of body Jupiter until scene switch is complete
[LOG 15:23:13.210] [Kopernicus] Delaying ResetAndWait of body Jupiter until scene switch is complete
[LOG 15:23:13.210] [Kopernicus] Delaying ResetAndWait of body Ceres until scene switch is complete
[LOG 15:23:13.210] [Kopernicus] Delaying ResetAndWait of body Vesta until scene switch is complete
[LOG 15:23:13.210] [Kopernicus] Delaying ResetAndWait of body Deimos until scene switch is complete
[LOG 15:23:13.210] [Kopernicus] Delaying ResetAndWait of body Phobos until scene switch is complete
[LOG 15:23:13.211] [Kopernicus] Delaying ResetAndWait of body Mars until scene switch is complete
[LOG 15:23:13.211] [Kopernicus] Delaying ResetAndWait of body Moon until scene switch is complete
[LOG 15:23:13.211] [Kopernicus] Delaying ResetAndWait of body Venus until scene switch is complete
[LOG 15:23:13.211] [Kopernicus] Delaying ResetAndWait of body Mercury until scene switch is complete
[LOG 15:23:13.487] [UIApp] OnDestroy: KSPedia
[LOG 15:23:13.487] ScaleModList: listSize 41 maxListSize 1057
[LOG 15:23:13.489] ScaleModList: listSize 41 maxListSize 1057
[LOG 15:23:13.490] [UIApp] OnDestroy: AlarmClock
[LOG 15:23:13.490] ScaleModList: listSize 41 maxListSize 1057
[LOG 15:23:13.495] [KSPCF:MemoryLeaks] Removed a onPlanetariumTargetChange callback owned by a destroyed Assembly-CSharp:CommNetVessel instance
[LOG 15:23:13.508] [KSPCF:MemoryLeaks] Leaving scene "SpaceCenter", cleaned 5 memory leaks in 0.017s. GameEvents callbacks : 692. Allocated memory : 987.422 MiB (managed heap), 2.23 GiB (unmanaged)
[LOG 15:23:13.519] UICanvasPrefabSpawner FlightUI spawning Flight
[LOG 15:23:13.556] UICanvasPrefabSpawner FlightUI spawning VesselLabels
[LOG 15:23:13.556] [UiApp] Awake: ResourceDisplay
[LOG 15:23:13.652] [AddonLoader]: Instantiating addon 'AeroGUI' from assembly 'KSP'
[LOG 15:23:13.667] [AddonLoader]: Instantiating addon 'ToolbarButton' from assembly 'Kopernicus'
[LOG 15:23:13.667] [AddonLoader]: Instantiating addon 'ShadowMan' from assembly 'Kopernicus'
[LOG 15:23:13.667] [AddonLoader]: Instantiating addon 'RenderTypeFixer' from assembly 'Kopernicus'
[LOG 15:23:13.667] [AddonLoader]: Instantiating addon 'AtmosphereFixer' from assembly 'Kopernicus'
[LOG 15:23:13.668] [AddonLoader]: Instantiating addon 'SinkingBugFix' from assembly 'Kopernicus'
[LOG 15:23:13.669] [AddonLoader]: Instantiating addon 'RealSolarSystemEditor' from assembly 'RealSolarSystem'
[LOG 15:23:13.670] [AddonLoader]: Instantiating addon 'RSSRunwayFix' from assembly 'RealSolarSystem'
[LOG 15:23:13.670] [AddonLoader]: Instantiating addon 'TimeWarpFixer' from assembly 'RealSolarSystem'
[LOG 15:23:13.670] [AddonLoader]: Instantiating addon 'VesselGroundPositionEnhancer' from assembly 'RealSolarSystem'
[LOG 15:23:13.671] [AddonLoader]: Instantiating addon 'RSSWatchDog' from assembly 'RealSolarSystem'
[LOG 15:23:13.671] [AddonLoader]: Instantiating addon 'TerrainPrecisionFixDiag2Mod' from assembly 'TerrainPrecisionFixDiag2Mod'
[LOG 15:23:13.672] [AddonLoader]: Instantiating addon 'TerrainPrecisionFixDiagMod' from assembly 'TerrainPrecisionFixDiagMod'
[LOG 15:23:13.674] [PlanetariumCamera]: Focus: Earth
[LOG 15:23:13.675] [UIMasterController]: HideUI
[LOG 15:23:13.989] [UIMasterController]: HideUI
[LOG 15:23:13.989] ------------------- initializing flight mode... ------------------
[LOG 15:23:13.990] GetSubclassesOfParentClass: Using cached results for AlarmTypeBase
[LOG 15:23:13.991] Loading Depletion Nodes
[LOG 15:23:13.991] DepNodeCount:  0
[LOG 15:23:13.991] Loading Biome Nodes
[LOG 15:23:13.991] BiomeNodeCount:  0
[LOG 15:23:13.991] Loading Planet Nodes
[LOG 15:23:13.991] PlanetNodeCount:  0
[LOG 15:23:13.993] [ScenarioDestructibles]: Loading... 0 objects registered
[LOG 15:23:14.008] Target vessel index: 2  vessel count: 3
[LOG 15:23:14.009] [FLIGHT GLOBALS]: Switching To Vessel Capsule ---------------------- 
[LOG 15:23:14.010] setting new dominant body: Moon
FlightGlobals.mainBody: Moon
[LOG 15:23:14.012] Reference Frame: Rotating
[LOG 15:23:14.031] [Capsule]: landed - waiting for ground contact to resume physics...
[LOG 15:23:14.041] [Kopernicus]: Loaded large map: D:/KSP-RSS-Dev/KSP_x64_Data/../GameData/RSS-Textures/PluginData/MoonHeight.dds
[LOG 15:23:14.042] [OD] ---> Map RSS-Textures/PluginData/MoonHeight.dds enabling self. Path = RSS-Textures/PluginData/MoonHeight.dds
[LOG 15:23:14.055] Camera Mode: AUTO
[LOG 15:23:14.090] [OD] Loading Moon
[LOG 15:23:14.091] [OD] ---> Map RSS-Textures/MoonColor.dds enabling self. Path = RSS-Textures/MoonColor.dds
[LOG 15:23:15.011] all systems started
[LOG 15:23:15.112] [ModularFlightIntegrator] MFI Start
[LOG 15:23:15.114] [ModularFlightIntegrator] Start. VesselModule on vessel : 
  ModularFlightIntegrator
  AxisGroupsModule
  CometVessel
  SuspensionLoadBalancer
  CommNetVessel

[LOG 15:23:15.130] [Kopernicus] Using Kopernicus Discoverable Object Spawner.
[LOG 15:23:15.165] [ShadowMan][Info] Running in unified camera mode
[LOG 15:23:15.165] [ShadowMan][Debug] Adding TweakShadowCascades: (0.002, 0.015, 0.035) to Camera Camera 00
[LOG 15:23:15.165] [ShadowMan][Debug] Default split: (0.050, 0.152, 0.264)
[LOG 15:23:15.165] [ShadowMan][Debug] Setting shadowmap resolution to: 8192 on SunLight
[LOG 15:23:15.170] [ShadowMan][Debug] Found rings for Saturn
[LOG 15:23:15.173] [ShadowMan][Debug] Kopernicus.ShadowMan setup done
[LOG 15:23:15.223] [RealSolarSystem] Setting TimeWarp rates...
[LOG 15:23:15.242] [PlanetariumCamera]: Focus: Moon
[LOG 15:23:15.242] [PlanetariumCamera]: Focus: Earth
[LOG 15:23:15.364] [UiApp] Awake: CurrencyWidgetsApp
[LOG 15:23:15.364] [UiApp] Awake: ResourceDisplay
[LOG 15:23:15.364] [UiApp] Awake: KSPedia
[LOG 15:23:15.364] [UiApp] Awake: Missions App
[LOG 15:23:15.364] [UiApp] Awake: DeltaVApp
[LOG 15:23:15.364] [UiApp] Awake: ActionGroupsApp
[LOG 15:23:15.364] [UiApp] Awake: Construction
[LOG 15:23:15.364] [UiApp] Awake: Cargo
[LOG 15:23:15.364] [UiApp] Awake: AlarmClock
[LOG 15:23:15.364] [UiApp] Awake: ManeuverTool
[LOG 15:23:15.365] [ApplicationLauncher] OnSceneLoadedGUIReady: scene FLIGHT ShouldBeVisible() True ShouldBeOnTop() True iIsPositionedAtTop False
[LOG 15:23:15.365] [ApplicationLauncher] SpawnSimpleLayout: VerticalTopDown
[LOG 15:23:15.368] [KnowledgeBase] OnAppLauncherReady 31164
[LOG 15:23:15.376] [Kopernicus]: StarLightSwitcher: Set active star => Sun
[LOG 15:23:15.393] [UIApp] OnDestroy: Contracts
[LOG 15:23:15.417] [FlightIntegrator]: Reloaded drag cube for zeroed cube root part fuelTankSmallFlat (Capsule) on vessel Capsule
[LOG 15:23:15.434] [MessageSystem] Reposition 0.02 31165
[LOG 15:23:15.434] [GenericAppFrame] Reposition 0.02 31165
[LOG 15:23:15.434] [GenericAppFrame] Reposition 0.02 31165
[LOG 15:23:15.567] [PlanetariumCamera]: Focus: Capsule
[LOG 15:23:15.590] [UIApp] Adding ResourceDisplay to Application Launcher
[LOG 15:23:15.592] [UIApp] Adding ResourceDisplay to Application Launcher
[LOG 15:23:15.603] [ResourceDisplay] OnAppStarted(): id: -408744
[LOG 15:23:15.603] [GenericAppFrame] Reposition 0.1384245 31169
[LOG 15:23:15.604] [ResourceDisplay] OnAppStarted(): id: 264390
[LOG 15:23:15.604] ResourceDisplay already exist, destroying this instance
[LOG 15:23:15.604] [UIApp] OnDestroy: ResourceDisplay
[LOG 15:23:15.620] [UIApp] Adding AlarmClock to Application Launcher
[LOG 15:23:15.621] [UIApp] Adding ActionGroupsApp to Application Launcher
[LOG 15:23:15.622] [UIApp] Adding Missions App to Application Launcher
[LOG 15:23:15.624] CURRENCY WIDGET False False False
[LOG 15:23:15.625] [UIApp] OnDestroy: CurrencyWidgetsApp
[LOG 15:23:15.647] [GenericAppFrame] Reposition 0.169426 31171
[LOG 15:23:15.650] [ActionGroupsApp] OnAppStarted(): id: -408768
[LOG 15:23:15.651] [GenericAppFrame] Reposition 0.169426 31171
[LOG 15:23:15.652] [UIApp] Adding DeltaVApp to Application Launcher
[LOG 15:23:15.653] [MissionsApp] OnAppStarted(): id: -408756
[LOG 15:23:15.653] MissionsApp does not execute in this game mode, destroying this instance
[LOG 15:23:15.653] [UIApp] OnDestroy: Missions App
[LOG 15:23:15.664] [GenericAppFrame] Reposition 0.1997318 31172
[LOG 15:23:15.675] [UIApp] Adding Cargo to Application Launcher
[LOG 15:23:15.676] [UIApp] Adding Construction to Application Launcher
[LOG 15:23:15.677] [UIApp] Adding KSPedia to Application Launcher
[WRN 15:23:15.685] HighlightingSystem : Framebuffer depth data is not available and can't be used to occlude highlighting. Highlighting occluders enabled.
[LOG 15:23:15.698] [UIApp] Adding ManeuverTool to Application Launcher
[LOG 15:23:15.700] [ApplicationLauncher] SetHidden: 
[LOG 15:23:15.713] [GenericAppFrame] Reposition 0.2466027 31175
[LOG 15:23:15.726] [ManeuverTool]: Found 1 transfer types
[LOG 15:23:15.782] Flight State Captured
[LOG 15:23:15.786] Saving Achievements Tree...
[LOG 15:23:15.787] Saving Achievements Tree...
[LOG 15:23:15.787] Saving Achievements Tree...
[LOG 15:23:15.788] [MessageSystem] Save Messages
[LOG 15:23:15.807] Game State Saved as persistent
[LOG 15:23:15.909] [Kopernicus] AtmosphereFixer => Patched AtmosphereFromGround for Uranus
[LOG 15:23:15.909] [Kopernicus] AtmosphereFixer => Patched AtmosphereFromGround for Titan
[LOG 15:23:15.909] [Kopernicus] AtmosphereFixer => Patched AtmosphereFromGround for Saturn
[LOG 15:23:15.909] [Kopernicus] AtmosphereFixer => Patched AtmosphereFromGround for Jupiter
[LOG 15:23:15.909] [Kopernicus] AtmosphereFixer => Patched AtmosphereFromGround for Mars
[LOG 15:23:15.909] [Kopernicus] AtmosphereFixer => Patched AtmosphereFromGround for Earth
[LOG 15:23:15.909] [Kopernicus] AtmosphereFixer => Patched AtmosphereFromGround for Venus
[LOG 15:23:16.206] Unpacking Capsule
[LOG 15:23:16.210] [RSS-VGPE] CheckGroundCollision() in 0ms
[LOG 15:23:16.225] [UIMasterController]: ShowUI
[LOG 15:23:16.390] [RealSolarSystem] Watchdog: Setting camera Camera 00 far clip to 1875000 so camera now has 1875000
[LOG 15:23:22.974] Game Paused!
[LOG 15:23:22.975] [UIMasterController]: ShowUI
[LOG 15:23:23.716] [SceneLoadSpeedBoost] Save loaded from disk in 3ms
[LOG 15:23:24.548] [KSPUpgradePipeline]: ClaudeRSS (1.12.5) is up to date.
[LOG 15:23:24.572] [ScenarioTypes]: List Created 24 scenario types loaded from 17 loaded assemblies.
[LOG 15:23:24.572] [MessageSystem] Load Messages
[LOG 15:23:24.575] [UIMasterController]: HideUI
[LOG 15:23:24.670] [HighLogic]: =========================== Scene Change : From FLIGHT to FLIGHT =====================
[LOG 15:23:24.671] Game Unpaused!
[LOG 15:23:24.691] [Kopernicus] Delaying ResetAndWait of body Charon until scene switch is complete
[LOG 15:23:24.691] [Kopernicus] Delaying ResetAndWait of body Pluto until scene switch is complete
[LOG 15:23:24.691] [Kopernicus] Delaying ResetAndWait of body Triton until scene switch is complete
[LOG 15:23:24.691] [Kopernicus] Delaying ResetAndWait of body Neptune until scene switch is complete
[LOG 15:23:24.691] [Kopernicus] Delaying ResetAndWait of body Neptune until scene switch is complete
[LOG 15:23:24.691] [Kopernicus] Delaying ResetAndWait of body Oberon until scene switch is complete
[LOG 15:23:24.691] [Kopernicus] Delaying ResetAndWait of body Titania until scene switch is complete
[LOG 15:23:24.691] [Kopernicus] Delaying ResetAndWait of body Umbriel until scene switch is complete
[LOG 15:23:24.692] [Kopernicus] Delaying ResetAndWait of body Ariel until scene switch is complete
[LOG 15:23:24.692] [Kopernicus] Delaying ResetAndWait of body Miranda until scene switch is complete
[LOG 15:23:24.692] [Kopernicus] Delaying ResetAndWait of body Uranus until scene switch is complete
[LOG 15:23:24.692] [Kopernicus] Delaying ResetAndWait of body Uranus until scene switch is complete
[LOG 15:23:24.692] [Kopernicus] Delaying ResetAndWait of body Iapetus until scene switch is complete
[LOG 15:23:24.692] [Kopernicus] Delaying ResetAndWait of body Titan until scene switch is complete
[LOG 15:23:24.692] [Kopernicus] Delaying ResetAndWait of body Rhea until scene switch is complete
[LOG 15:23:24.692] [Kopernicus] Delaying ResetAndWait of body Dione until scene switch is complete
[LOG 15:23:24.692] [Kopernicus] Delaying ResetAndWait of body Tethys until scene switch is complete
[LOG 15:23:24.692] [Kopernicus] Delaying ResetAndWait of body Enceladus until scene switch is complete
[LOG 15:23:24.692] [Kopernicus] Delaying ResetAndWait of body Mimas until scene switch is complete
[LOG 15:23:24.692] [Kopernicus] Delaying ResetAndWait of body Saturn until scene switch is complete
[LOG 15:23:24.692] [Kopernicus] Delaying ResetAndWait of body Saturn until scene switch is complete
[LOG 15:23:24.692] [Kopernicus] Delaying ResetAndWait of body Callisto until scene switch is complete
[LOG 15:23:24.692] [Kopernicus] Delaying ResetAndWait of body Ganymede until scene switch is complete
[LOG 15:23:24.692] [Kopernicus] Delaying ResetAndWait of body Europa until scene switch is complete
[LOG 15:23:24.692] [Kopernicus] Delaying ResetAndWait of body Io until scene switch is complete
[LOG 15:23:24.692] [Kopernicus] Delaying ResetAndWait of body Jupiter until scene switch is complete
[LOG 15:23:24.692] [Kopernicus] Delaying ResetAndWait of body Jupiter until scene switch is complete
[LOG 15:23:24.692] [Kopernicus] Delaying ResetAndWait of body Ceres until scene switch is complete
[LOG 15:23:24.692] [Kopernicus] Delaying ResetAndWait of body Vesta until scene switch is complete
[LOG 15:23:24.692] [Kopernicus] Delaying ResetAndWait of body Deimos until scene switch is complete
[LOG 15:23:24.692] [Kopernicus] Delaying ResetAndWait of body Phobos until scene switch is complete
[LOG 15:23:24.692] [Kopernicus] Delaying ResetAndWait of body Mars until scene switch is complete
[LOG 15:23:24.693] [Kopernicus] Delaying ResetAndWait of body Kerbin until scene switch is complete
[LOG 15:23:24.693] [Kopernicus] Delaying ResetAndWait of body Venus until scene switch is complete
[LOG 15:23:24.693] [Kopernicus] Delaying ResetAndWait of body Mercury until scene switch is complete
[LOG 15:23:24.831] [UIApp] OnDestroy: ResourceDisplay
[LOG 15:23:24.834] KbApp.OnDestroy Planet Info
[LOG 15:23:24.834] [UIApp] OnDestroy: ManeuverTool
[LOG 15:23:24.835] KbApp.OnDestroy Unowned Info
[LOG 15:23:24.835] [UIApp] OnDestroy: Construction
[LOG 15:23:24.836] KbApp.OnDestroy Vessel Crew
[LOG 15:23:24.836] KbApp.OnDestroy NullName
[LOG 15:23:24.836] [UIApp] OnDestroy: AlarmClock
[LOG 15:23:24.838] KbApp.OnDestroy Vessel Info
[LOG 15:23:24.838] [UIApp] OnDestroy: ActionGroupsApp
[LOG 15:23:24.841] [UIApp] OnDestroy: KSPedia
[LOG 15:23:24.842] [PlanetariumCamera]: Focus: Moon
[LOG 15:23:24.842] KbApp.OnDestroy Planet Resources
[LOG 15:23:24.842] [UIApp] OnDestroy: Cargo
[LOG 15:23:24.843] KbApp.OnDestroy Planet Parameters
[LOG 15:23:24.844] [UIApp] OnDestroy: DeltaVApp
[LOG 15:23:24.846] [KSPCF:MemoryLeaks] Removed a OnMapExited callback owned by a destroyed Assembly-CSharp:NavBallToggle instance
[LOG 15:23:24.846] [KSPCF:MemoryLeaks] Removed a OnGameSettingsApplied callback owned by a destroyed Assembly-CSharp:VesselAutopilotUI instance
[LOG 15:23:24.846] [KSPCF:MemoryLeaks] Removed a onPartActionUICreate callback owned by a destroyed Assembly-CSharp:ModuleInventoryPart instance
[LOG 15:23:24.847] [KSPCF:MemoryLeaks] Removed a onModuleInventoryChanged callback owned by a destroyed Assembly-CSharp:ModuleInventoryPart instance
[LOG 15:23:24.848] [KSPCF:MemoryLeaks] Removed a OnDestructibleLoaded callback owned by a destroyed Assembly-CSharp:RunwayCollisionHandler instance
[LOG 15:23:24.848] [KSPCF:MemoryLeaks] Removed a OnClick callback owned by a destroyed Assembly-CSharp:EVAConstructionModeEditor instance
[LOG 15:23:24.848] [KSPCF:MemoryLeaks] Removed a TimingManager.Instance.timing5.onLateUpdate callback owned by a destroyed Assembly-CSharp:MapView instance
[LOG 15:23:24.848] [KSPCF:MemoryLeaks] Leaving scene "Flight", cleaned 25 memory leaks in 0.003s. GameEvents callbacks : 738. Allocated memory : 970.848 MiB (managed heap), 2.231 GiB (unmanaged)
[LOG 15:23:24.858] UICanvasPrefabSpawner FlightUI spawning Flight
[LOG 15:23:24.877] UICanvasPrefabSpawner FlightUI spawning VesselLabels
[LOG 15:23:24.877] [UiApp] Awake: ResourceDisplay
[LOG 15:23:24.971] [AddonLoader]: Instantiating addon 'AeroGUI' from assembly 'KSP'
[LOG 15:23:24.984] [AddonLoader]: Instantiating addon 'ToolbarButton' from assembly 'Kopernicus'
[LOG 15:23:24.984] [AddonLoader]: Instantiating addon 'ShadowMan' from assembly 'Kopernicus'
[LOG 15:23:24.984] [AddonLoader]: Instantiating addon 'RenderTypeFixer' from assembly 'Kopernicus'
[LOG 15:23:24.984] [AddonLoader]: Instantiating addon 'AtmosphereFixer' from assembly 'Kopernicus'
[LOG 15:23:24.986] [AddonLoader]: Instantiating addon 'SinkingBugFix' from assembly 'Kopernicus'
[LOG 15:23:24.986] [AddonLoader]: Instantiating addon 'RealSolarSystemEditor' from assembly 'RealSolarSystem'
[LOG 15:23:24.986] [AddonLoader]: Instantiating addon 'RSSRunwayFix' from assembly 'RealSolarSystem'
[LOG 15:23:24.986] [AddonLoader]: Instantiating addon 'TimeWarpFixer' from assembly 'RealSolarSystem'
[LOG 15:23:24.986] [AddonLoader]: Instantiating addon 'VesselGroundPositionEnhancer' from assembly 'RealSolarSystem'
[LOG 15:23:24.986] [AddonLoader]: Instantiating addon 'RSSWatchDog' from assembly 'RealSolarSystem'
[LOG 15:23:24.986] [AddonLoader]: Instantiating addon 'TerrainPrecisionFixDiag2Mod' from assembly 'TerrainPrecisionFixDiag2Mod'
[LOG 15:23:24.986] [AddonLoader]: Instantiating addon 'TerrainPrecisionFixDiagMod' from assembly 'TerrainPrecisionFixDiagMod'
[LOG 15:23:24.987] [PlanetariumCamera]: Focus: Earth
[LOG 15:23:24.987] [UIMasterController]: HideUI
[LOG 15:23:25.297] [UIMasterController]: HideUI
[LOG 15:23:25.297] ------------------- initializing flight mode... ------------------
[LOG 15:23:25.298] GetSubclassesOfParentClass: Using cached results for AlarmTypeBase
[LOG 15:23:25.298] Loading Depletion Nodes
[LOG 15:23:25.298] DepNodeCount:  0
[LOG 15:23:25.298] Loading Biome Nodes
[LOG 15:23:25.298] BiomeNodeCount:  0
[LOG 15:23:25.298] Loading Planet Nodes
[LOG 15:23:25.298] PlanetNodeCount:  0
[LOG 15:23:25.300] [ScenarioDestructibles]: Loading... 0 objects registered
[LOG 15:23:25.310] Target vessel index: 2  vessel count: 3
[LOG 15:23:25.310] [FLIGHT GLOBALS]: Switching To Vessel Capsule ---------------------- 
[LOG 15:23:25.310] setting new dominant body: Moon
FlightGlobals.mainBody: Moon
[LOG 15:23:25.310] Reference Frame: Rotating
[LOG 15:23:25.317] [Capsule]: landed - waiting for ground contact to resume physics...
[LOG 15:23:25.318] Camera Mode: AUTO
[LOG 15:23:26.237] all systems started
[LOG 15:23:26.283] [ModularFlightIntegrator] MFI Start
[LOG 15:23:26.283] [ModularFlightIntegrator] Start. VesselModule on vessel : 
  ModularFlightIntegrator
  AxisGroupsModule
  CometVessel
  SuspensionLoadBalancer
  CommNetVessel

[LOG 15:23:26.293] [Kopernicus] Using Kopernicus Discoverable Object Spawner.
[LOG 15:23:26.307] [ShadowMan][Info] Running in unified camera mode
[LOG 15:23:26.307] [ShadowMan][Debug] Adding TweakShadowCascades: (0.002, 0.015, 0.035) to Camera Camera 00
[LOG 15:23:26.307] [ShadowMan][Debug] Default split: (0.050, 0.152, 0.264)
[LOG 15:23:26.307] [ShadowMan][Debug] Setting shadowmap resolution to: 8192 on SunLight
[LOG 15:23:26.310] [ShadowMan][Debug] Found rings for Saturn
[LOG 15:23:26.312] [ShadowMan][Debug] Kopernicus.ShadowMan setup done
[LOG 15:23:26.335] [RealSolarSystem] Setting TimeWarp rates...
[LOG 15:23:26.375] [UiApp] Awake: CurrencyWidgetsApp
[LOG 15:23:26.375] [UiApp] Awake: ResourceDisplay
[LOG 15:23:26.375] [UiApp] Awake: KSPedia
[LOG 15:23:26.375] [UiApp] Awake: Missions App
[LOG 15:23:26.376] [UiApp] Awake: DeltaVApp
[LOG 15:23:26.376] [UiApp] Awake: ActionGroupsApp
[LOG 15:23:26.376] [UiApp] Awake: Construction
[LOG 15:23:26.376] [UiApp] Awake: Cargo
[LOG 15:23:26.376] [UiApp] Awake: AlarmClock
[LOG 15:23:26.376] [UiApp] Awake: ManeuverTool
[LOG 15:23:26.376] [ApplicationLauncher] OnSceneLoadedGUIReady: scene FLIGHT ShouldBeVisible() True ShouldBeOnTop() True iIsPositionedAtTop True
[LOG 15:23:26.378] [KnowledgeBase] OnAppLauncherReady 32494
[LOG 15:23:26.384] [Kopernicus]: StarLightSwitcher: Set active star => Sun
[LOG 15:23:26.400] [UIApp] OnDestroy: Contracts
[LOG 15:23:26.412] [FlightIntegrator]: Reloaded drag cube for zeroed cube root part fuelTankSmallFlat (Capsule) on vessel Capsule
[LOG 15:23:26.413] [MessageSystem] Reposition 0.02 32495
[LOG 15:23:26.413] [GenericAppFrame] Reposition 0.02 32495
[LOG 15:23:26.413] [GenericAppFrame] Reposition 0.02 32495
[LOG 15:23:26.544] [PlanetariumCamera]: Focus: Capsule
[LOG 15:23:26.576] [UIApp] Adding ResourceDisplay to Application Launcher
[LOG 15:23:26.577] [UIApp] Adding ResourceDisplay to Application Launcher
[LOG 15:23:26.587] [ResourceDisplay] OnAppStarted(): id: -448958
[LOG 15:23:26.587] [GenericAppFrame] Reposition 0.1266649 32499
[LOG 15:23:26.588] [ResourceDisplay] OnAppStarted(): id: 264522
[LOG 15:23:26.588] ResourceDisplay already exist, destroying this instance
[LOG 15:23:26.588] [UIApp] OnDestroy: ResourceDisplay
[LOG 15:23:26.599] [UIApp] Adding AlarmClock to Application Launcher
[LOG 15:23:26.600] [UIApp] Adding ActionGroupsApp to Application Launcher
[LOG 15:23:26.601] [UIApp] Adding Missions App to Application Launcher
[LOG 15:23:26.602] CURRENCY WIDGET False False False
[LOG 15:23:26.604] [UIApp] OnDestroy: CurrencyWidgetsApp
[LOG 15:23:26.623] [GenericAppFrame] Reposition 0.1505135 32501
[LOG 15:23:26.625] [ActionGroupsApp] OnAppStarted(): id: -448982
[LOG 15:23:26.626] [GenericAppFrame] Reposition 0.1505135 32501
[LOG 15:23:26.626] [UIApp] Adding DeltaVApp to Application Launcher
[LOG 15:23:26.627] [MissionsApp] OnAppStarted(): id: -448970
[LOG 15:23:26.627] MissionsApp does not execute in this game mode, destroying this instance
[LOG 15:23:26.627] [UIApp] OnDestroy: Missions App
[LOG 15:23:26.637] [GenericAppFrame] Reposition 0.1760419 32502
[LOG 15:23:26.646] [UIApp] Adding Cargo to Application Launcher
[LOG 15:23:26.647] [UIApp] Adding Construction to Application Launcher
[LOG 15:23:26.648] [UIApp] Adding KSPedia to Application Launcher
[LOG 15:23:26.656] [UIApp] Adding ManeuverTool to Application Launcher
[LOG 15:23:26.658] [ApplicationLauncher] SetHidden: 
[LOG 15:23:26.670] [GenericAppFrame] Reposition 0.2064296 32505
[LOG 15:23:26.680] [ManeuverTool]: Found 1 transfer types
[LOG 15:23:26.708] Flight State Captured
[LOG 15:23:26.709] Saving Achievements Tree...
[LOG 15:23:26.709] Saving Achievements Tree...
[LOG 15:23:26.709] Saving Achievements Tree...
[LOG 15:23:26.709] [MessageSystem] Save Messages
[LOG 15:23:26.723] Game State Saved as persistent
[LOG 15:23:26.895] [Kopernicus] AtmosphereFixer => Patched AtmosphereFromGround for Uranus
[LOG 15:23:26.895] [Kopernicus] AtmosphereFixer => Patched AtmosphereFromGround for Titan
[LOG 15:23:26.895] [Kopernicus] AtmosphereFixer => Patched AtmosphereFromGround for Saturn
[LOG 15:23:26.895] [Kopernicus] AtmosphereFixer => Patched AtmosphereFromGround for Jupiter
[LOG 15:23:26.895] [Kopernicus] AtmosphereFixer => Patched AtmosphereFromGround for Mars
[LOG 15:23:26.895] [Kopernicus] AtmosphereFixer => Patched AtmosphereFromGround for Earth
[LOG 15:23:26.895] [Kopernicus] AtmosphereFixer => Patched AtmosphereFromGround for Venus
[LOG 15:23:27.381] [RealSolarSystem] Watchdog: Setting camera Camera 00 far clip to 1875000 so camera now has 1875000
[LOG 15:23:27.444] Unpacking Capsule
[LOG 15:23:27.445] [RSS-VGPE] CheckGroundCollision() in 0ms
[LOG 15:23:27.450] [UIMasterController]: ShowUI
[LOG 15:23:34.734] Game Paused!
[LOG 15:23:34.735] [UIMasterController]: ShowUI
[LOG 15:23:35.452] [SceneLoadSpeedBoost] Save loaded from disk in 8ms
[LOG 15:23:36.730] [KSPUpgradePipeline]: ClaudeRSS (1.12.5) is up to date.
[LOG 15:23:36.753] [ScenarioTypes]: List Created 24 scenario types loaded from 17 loaded assemblies.
[LOG 15:23:36.753] [MessageSystem] Load Messages
[LOG 15:23:36.754] [UIMasterController]: HideUI
[LOG 15:23:36.844] [HighLogic]: =========================== Scene Change : From FLIGHT to FLIGHT =====================
[LOG 15:23:36.844] Game Unpaused!
[LOG 15:23:36.856] [Kopernicus] Delaying ResetAndWait of body Charon until scene switch is complete
[LOG 15:23:36.856] [Kopernicus] Delaying ResetAndWait of body Pluto until scene switch is complete
[LOG 15:23:36.856] [Kopernicus] Delaying ResetAndWait of body Triton until scene switch is complete
[LOG 15:23:36.857] [Kopernicus] Delaying ResetAndWait of body Neptune until scene switch is complete
[LOG 15:23:36.857] [Kopernicus] Delaying ResetAndWait of body Neptune until scene switch is complete
[LOG 15:23:36.857] [Kopernicus] Delaying ResetAndWait of body Oberon until scene switch is complete
[LOG 15:23:36.857] [Kopernicus] Delaying ResetAndWait of body Titania until scene switch is complete
[LOG 15:23:36.857] [Kopernicus] Delaying ResetAndWait of body Umbriel until scene switch is complete
[LOG 15:23:36.857] [Kopernicus] Delaying ResetAndWait of body Ariel until scene switch is complete
[LOG 15:23:36.857] [Kopernicus] Delaying ResetAndWait of body Miranda until scene switch is complete
[LOG 15:23:36.857] [Kopernicus] Delaying ResetAndWait of body Uranus until scene switch is complete
[LOG 15:23:36.857] [Kopernicus] Delaying ResetAndWait of body Uranus until scene switch is complete
[LOG 15:23:36.858] [Kopernicus] Delaying ResetAndWait of body Iapetus until scene switch is complete
[LOG 15:23:36.858] [Kopernicus] Delaying ResetAndWait of body Titan until scene switch is complete
[LOG 15:23:36.858] [Kopernicus] Delaying ResetAndWait of body Rhea until scene switch is complete
[LOG 15:23:36.858] [Kopernicus] Delaying ResetAndWait of body Dione until scene switch is complete
[LOG 15:23:36.858] [Kopernicus] Delaying ResetAndWait of body Tethys until scene switch is complete
[LOG 15:23:36.858] [Kopernicus] Delaying ResetAndWait of body Enceladus until scene switch is complete
[LOG 15:23:36.858] [Kopernicus] Delaying ResetAndWait of body Mimas until scene switch is complete
[LOG 15:23:36.858] [Kopernicus] Delaying ResetAndWait of body Saturn until scene switch is complete
[LOG 15:23:36.858] [Kopernicus] Delaying ResetAndWait of body Saturn until scene switch is complete
[LOG 15:23:36.858] [Kopernicus] Delaying ResetAndWait of body Callisto until scene switch is complete
[LOG 15:23:36.858] [Kopernicus] Delaying ResetAndWait of body Ganymede until scene switch is complete
[LOG 15:23:36.858] [Kopernicus] Delaying ResetAndWait of body Europa until scene switch is complete
[LOG 15:23:36.858] [Kopernicus] Delaying ResetAndWait of body Io until scene switch is complete
[LOG 15:23:36.858] [Kopernicus] Delaying ResetAndWait of body Jupiter until scene switch is complete
[LOG 15:23:36.858] [Kopernicus] Delaying ResetAndWait of body Jupiter until scene switch is complete
[LOG 15:23:36.858] [Kopernicus] Delaying ResetAndWait of body Ceres until scene switch is complete
[LOG 15:23:36.858] [Kopernicus] Delaying ResetAndWait of body Vesta until scene switch is complete
[LOG 15:23:36.858] [Kopernicus] Delaying ResetAndWait of body Deimos until scene switch is complete
[LOG 15:23:36.858] [Kopernicus] Delaying ResetAndWait of body Phobos until scene switch is complete
[LOG 15:23:36.858] [Kopernicus] Delaying ResetAndWait of body Mars until scene switch is complete
[LOG 15:23:36.858] [Kopernicus] Delaying ResetAndWait of body Kerbin until scene switch is complete
[LOG 15:23:36.858] [Kopernicus] Delaying ResetAndWait of body Venus until scene switch is complete
[LOG 15:23:36.858] [Kopernicus] Delaying ResetAndWait of body Mercury until scene switch is complete
[LOG 15:23:36.996] [UIApp] OnDestroy: DeltaVApp
[LOG 15:23:36.996] KbApp.OnDestroy Planet Info
[LOG 15:23:36.996] KbApp.OnDestroy NullName
[LOG 15:23:36.996] [UIApp] OnDestroy: AlarmClock
[LOG 15:23:36.997] [PlanetariumCamera]: Focus: Moon
[LOG 15:23:36.997] [UIApp] OnDestroy: ManeuverTool
[LOG 15:23:36.997] KbApp.OnDestroy Vessel Info
[LOG 15:23:36.997] [UIApp] OnDestroy: ActionGroupsApp
[LOG 15:23:36.997] KbApp.OnDestroy Unowned Info
[LOG 15:23:36.997] [UIApp] OnDestroy: KSPedia
[LOG 15:23:36.997] [UIApp] OnDestroy: Cargo
[LOG 15:23:36.998] [UIApp] OnDestroy: ResourceDisplay
[LOG 15:23:36.998] KbApp.OnDestroy Vessel Crew
[LOG 15:23:36.998] KbApp.OnDestroy Planet Parameters
[LOG 15:23:36.998] KbApp.OnDestroy Planet Resources
[LOG 15:23:36.998] [UIApp] OnDestroy: Construction
[LOG 15:23:37.000] [KSPCF:MemoryLeaks] Removed a OnMapExited callback owned by a destroyed Assembly-CSharp:NavBallToggle instance
[LOG 15:23:37.000] [KSPCF:MemoryLeaks] Removed a OnGameSettingsApplied callback owned by a destroyed Assembly-CSharp:VesselAutopilotUI instance
[LOG 15:23:37.000] [KSPCF:MemoryLeaks] Removed a onPartActionUICreate callback owned by a destroyed Assembly-CSharp:ModuleInventoryPart instance
[LOG 15:23:37.001] [KSPCF:MemoryLeaks] Removed a onModuleInventoryChanged callback owned by a destroyed Assembly-CSharp:ModuleInventoryPart instance
[LOG 15:23:37.001] [KSPCF:MemoryLeaks] Removed a OnDestructibleLoaded callback owned by a destroyed Assembly-CSharp:RunwayCollisionHandler instance
[LOG 15:23:37.001] [KSPCF:MemoryLeaks] Removed a OnClick callback owned by a destroyed Assembly-CSharp:EVAConstructionModeEditor instance
[LOG 15:23:37.002] [KSPCF:MemoryLeaks] Removed a TimingManager.Instance.timing5.onLateUpdate callback owned by a destroyed Assembly-CSharp:MapView instance
[LOG 15:23:37.002] [KSPCF:MemoryLeaks] Leaving scene "Flight", cleaned 25 memory leaks in 0.002s. GameEvents callbacks : 738. Allocated memory : 979.406 MiB (managed heap), 2.234 GiB (unmanaged)
[LOG 15:23:37.011] UICanvasPrefabSpawner FlightUI spawning Flight
[LOG 15:23:37.030] UICanvasPrefabSpawner FlightUI spawning VesselLabels
[LOG 15:23:37.030] [UiApp] Awake: ResourceDisplay
[LOG 15:23:37.120] [AddonLoader]: Instantiating addon 'AeroGUI' from assembly 'KSP'
[LOG 15:23:37.134] [AddonLoader]: Instantiating addon 'ToolbarButton' from assembly 'Kopernicus'
[LOG 15:23:37.134] [AddonLoader]: Instantiating addon 'ShadowMan' from assembly 'Kopernicus'
[LOG 15:23:37.134] [AddonLoader]: Instantiating addon 'RenderTypeFixer' from assembly 'Kopernicus'
[LOG 15:23:37.134] [AddonLoader]: Instantiating addon 'AtmosphereFixer' from assembly 'Kopernicus'
[LOG 15:23:37.134] [AddonLoader]: Instantiating addon 'SinkingBugFix' from assembly 'Kopernicus'
[LOG 15:23:37.135] [AddonLoader]: Instantiating addon 'RealSolarSystemEditor' from assembly 'RealSolarSystem'
[LOG 15:23:37.135] [AddonLoader]: Instantiating addon 'RSSRunwayFix' from assembly 'RealSolarSystem'
[LOG 15:23:37.136] [AddonLoader]: Instantiating addon 'TimeWarpFixer' from assembly 'RealSolarSystem'
[LOG 15:23:37.136] [AddonLoader]: Instantiating addon 'VesselGroundPositionEnhancer' from assembly 'RealSolarSystem'
[LOG 15:23:37.136] [AddonLoader]: Instantiating addon 'RSSWatchDog' from assembly 'RealSolarSystem'
[LOG 15:23:37.136] [AddonLoader]: Instantiating addon 'TerrainPrecisionFixDiag2Mod' from assembly 'TerrainPrecisionFixDiag2Mod'
[LOG 15:23:37.136] [AddonLoader]: Instantiating addon 'TerrainPrecisionFixDiagMod' from assembly 'TerrainPrecisionFixDiagMod'
[LOG 15:23:37.136] [PlanetariumCamera]: Focus: Earth
[LOG 15:23:37.137] [UIMasterController]: HideUI
[LOG 15:23:37.446] [UIMasterController]: HideUI
[LOG 15:23:37.446] ------------------- initializing flight mode... ------------------
[LOG 15:23:37.447] GetSubclassesOfParentClass: Using cached results for AlarmTypeBase
[LOG 15:23:37.447] Loading Depletion Nodes
[LOG 15:23:37.447] DepNodeCount:  0
[LOG 15:23:37.447] Loading Biome Nodes
[LOG 15:23:37.447] BiomeNodeCount:  0
[LOG 15:23:37.447] Loading Planet Nodes
[LOG 15:23:37.447] PlanetNodeCount:  0
[LOG 15:23:37.449] [ScenarioDestructibles]: Loading... 0 objects registered
[LOG 15:23:37.459] Target vessel index: 2  vessel count: 3
[LOG 15:23:37.459] [FLIGHT GLOBALS]: Switching To Vessel Capsule ---------------------- 
[LOG 15:23:37.459] setting new dominant body: Moon
FlightGlobals.mainBody: Moon
[LOG 15:23:37.459] Reference Frame: Rotating
[LOG 15:23:37.465] [Capsule]: landed - waiting for ground contact to resume physics...
[LOG 15:23:37.466] Camera Mode: AUTO
[LOG 15:23:38.394] all systems started
[LOG 15:23:38.440] [ModularFlightIntegrator] MFI Start
[LOG 15:23:38.440] [ModularFlightIntegrator] Start. VesselModule on vessel : 
  ModularFlightIntegrator
  AxisGroupsModule
  CometVessel
  SuspensionLoadBalancer
  CommNetVessel

[LOG 15:23:38.450] [Kopernicus] Using Kopernicus Discoverable Object Spawner.
[LOG 15:23:38.463] [ShadowMan][Info] Running in unified camera mode
[LOG 15:23:38.463] [ShadowMan][Debug] Adding TweakShadowCascades: (0.002, 0.015, 0.035) to Camera Camera 00
[LOG 15:23:38.463] [ShadowMan][Debug] Default split: (0.050, 0.152, 0.264)
[LOG 15:23:38.463] [ShadowMan][Debug] Setting shadowmap resolution to: 8192 on SunLight
[LOG 15:23:38.466] [ShadowMan][Debug] Found rings for Saturn
[LOG 15:23:38.468] [ShadowMan][Debug] Kopernicus.ShadowMan setup done
[LOG 15:23:38.492] [RealSolarSystem] Setting TimeWarp rates...
[LOG 15:23:38.530] [UiApp] Awake: CurrencyWidgetsApp
[LOG 15:23:38.530] [UiApp] Awake: ResourceDisplay
[LOG 15:23:38.530] [UiApp] Awake: KSPedia
[LOG 15:23:38.530] [UiApp] Awake: Missions App
[LOG 15:23:38.530] [UiApp] Awake: DeltaVApp
[LOG 15:23:38.530] [UiApp] Awake: ActionGroupsApp
[LOG 15:23:38.530] [UiApp] Awake: Construction
[LOG 15:23:38.530] [UiApp] Awake: Cargo
[LOG 15:23:38.530] [UiApp] Awake: AlarmClock
[LOG 15:23:38.530] [UiApp] Awake: ManeuverTool
[LOG 15:23:38.530] [ApplicationLauncher] OnSceneLoadedGUIReady: scene FLIGHT ShouldBeVisible() True ShouldBeOnTop() True iIsPositionedAtTop True
[LOG 15:23:38.533] [KnowledgeBase] OnAppLauncherReady 34071
[LOG 15:23:38.539] [Kopernicus]: StarLightSwitcher: Set active star => Sun
[LOG 15:23:38.555] [UIApp] OnDestroy: Contracts
[LOG 15:23:38.567] [FlightIntegrator]: Reloaded drag cube for zeroed cube root part fuelTankSmallFlat (Capsule) on vessel Capsule
[LOG 15:23:38.568] [MessageSystem] Reposition 0.02 34072
[LOG 15:23:38.568] [GenericAppFrame] Reposition 0.02 34072
[LOG 15:23:38.568] [GenericAppFrame] Reposition 0.02 34072
[LOG 15:23:38.694] [PlanetariumCamera]: Focus: Capsule
[LOG 15:23:38.718] [UIApp] Adding ResourceDisplay to Application Launcher
[LOG 15:23:38.719] [UIApp] Adding ResourceDisplay to Application Launcher
[LOG 15:23:38.743] [ResourceDisplay] OnAppStarted(): id: -489044
[LOG 15:23:38.744] [GenericAppFrame] Reposition 0.1291033 34076
[LOG 15:23:38.744] [ResourceDisplay] OnAppStarted(): id: 264654
[LOG 15:23:38.744] ResourceDisplay already exist, destroying this instance
[LOG 15:23:38.744] [UIApp] OnDestroy: ResourceDisplay
[LOG 15:23:38.757] [UIApp] Adding AlarmClock to Application Launcher
[LOG 15:23:38.758] [UIApp] Adding ActionGroupsApp to Application Launcher
[LOG 15:23:38.759] [UIApp] Adding Missions App to Application Launcher
[LOG 15:23:38.760] CURRENCY WIDGET False False False
[LOG 15:23:38.761] [UIApp] OnDestroy: CurrencyWidgetsApp
[LOG 15:23:38.780] [GenericAppFrame] Reposition 0.154336 34078
[LOG 15:23:38.783] [ActionGroupsApp] OnAppStarted(): id: -489068
[LOG 15:23:38.783] [GenericAppFrame] Reposition 0.154336 34078
[LOG 15:23:38.783] [UIApp] Adding DeltaVApp to Application Launcher
[LOG 15:23:38.784] [MissionsApp] OnAppStarted(): id: -489056
[LOG 15:23:38.784] MissionsApp does not execute in this game mode, destroying this instance
[LOG 15:23:38.784] [UIApp] OnDestroy: Missions App
[LOG 15:23:38.795] [GenericAppFrame] Reposition 0.1798466 34079
[LOG 15:23:38.805] [UIApp] Adding Cargo to Application Launcher
[LOG 15:23:38.806] [UIApp] Adding Construction to Application Launcher
[LOG 15:23:38.807] [UIApp] Adding KSPedia to Application Launcher
[LOG 15:23:38.815] [UIApp] Adding ManeuverTool to Application Launcher
[LOG 15:23:38.817] [ApplicationLauncher] SetHidden: 
[LOG 15:23:38.828] [GenericAppFrame] Reposition 0.2107694 34082
[LOG 15:23:38.838] [ManeuverTool]: Found 1 transfer types
[LOG 15:23:38.869] Flight State Captured
[LOG 15:23:38.869] Saving Achievements Tree...
[LOG 15:23:38.869] Saving Achievements Tree...
[LOG 15:23:38.869] Saving Achievements Tree...
[LOG 15:23:38.869] [MessageSystem] Save Messages
[LOG 15:23:38.885] Game State Saved as persistent
[LOG 15:23:39.048] [Kopernicus] AtmosphereFixer => Patched AtmosphereFromGround for Uranus
[LOG 15:23:39.048] [Kopernicus] AtmosphereFixer => Patched AtmosphereFromGround for Titan
[LOG 15:23:39.048] [Kopernicus] AtmosphereFixer => Patched AtmosphereFromGround for Saturn
[LOG 15:23:39.048] [Kopernicus] AtmosphereFixer => Patched AtmosphereFromGround for Jupiter
[LOG 15:23:39.048] [Kopernicus] AtmosphereFixer => Patched AtmosphereFromGround for Mars
[LOG 15:23:39.048] [Kopernicus] AtmosphereFixer => Patched AtmosphereFromGround for Earth
[LOG 15:23:39.048] [Kopernicus] AtmosphereFixer => Patched AtmosphereFromGround for Venus
[LOG 15:23:39.534] [RealSolarSystem] Watchdog: Setting camera Camera 00 far clip to 1875000 so camera now has 1875000
[LOG 15:23:39.606] [Capsule]: ground contact! - error. Moving Vessel  up 0.215m
[LOG 15:23:39.606] Unpacking Capsule
[LOG 15:23:39.607] [RSS-VGPE] CheckGroundCollision() in 0ms
[LOG 15:23:39.612] [UIMasterController]: ShowUI
[LOG 15:23:45.531] Game Paused!
[LOG 15:23:45.531] [UIMasterController]: ShowUI
[LOG 15:23:46.150] [SceneLoadSpeedBoost] Save loaded from disk in 13ms
[LOG 15:23:47.137] [KSPUpgradePipeline]: ClaudeRSS (1.12.5) is up to date.
[LOG 15:23:47.160] [ScenarioTypes]: List Created 24 scenario types loaded from 17 loaded assemblies.
[LOG 15:23:47.160] [MessageSystem] Load Messages
[LOG 15:23:47.161] [UIMasterController]: HideUI
[LOG 15:23:47.251] [HighLogic]: =========================== Scene Change : From FLIGHT to FLIGHT =====================
[LOG 15:23:47.252] Game Unpaused!
[LOG 15:23:47.266] [Kopernicus] Delaying ResetAndWait of body Charon until scene switch is complete
[LOG 15:23:47.266] [Kopernicus] Delaying ResetAndWait of body Pluto until scene switch is complete
[LOG 15:23:47.266] [Kopernicus] Delaying ResetAndWait of body Triton until scene switch is complete
[LOG 15:23:47.266] [Kopernicus] Delaying ResetAndWait of body Neptune until scene switch is complete
[LOG 15:23:47.266] [Kopernicus] Delaying ResetAndWait of body Neptune until scene switch is complete
[LOG 15:23:47.266] [Kopernicus] Delaying ResetAndWait of body Oberon until scene switch is complete
[LOG 15:23:47.266] [Kopernicus] Delaying ResetAndWait of body Titania until scene switch is complete
[LOG 15:23:47.266] [Kopernicus] Delaying ResetAndWait of body Umbriel until scene switch is complete
[LOG 15:23:47.266] [Kopernicus] Delaying ResetAndWait of body Ariel until scene switch is complete
[LOG 15:23:47.266] [Kopernicus] Delaying ResetAndWait of body Miranda until scene switch is complete
[LOG 15:23:47.266] [Kopernicus] Delaying ResetAndWait of body Uranus until scene switch is complete
[LOG 15:23:47.266] [Kopernicus] Delaying ResetAndWait of body Uranus until scene switch is complete
[LOG 15:23:47.266] [Kopernicus] Delaying ResetAndWait of body Iapetus until scene switch is complete
[LOG 15:23:47.266] [Kopernicus] Delaying ResetAndWait of body Titan until scene switch is complete
[LOG 15:23:47.266] [Kopernicus] Delaying ResetAndWait of body Rhea until scene switch is complete
[LOG 15:23:47.266] [Kopernicus] Delaying ResetAndWait of body Dione until scene switch is complete
[LOG 15:23:47.266] [Kopernicus] Delaying ResetAndWait of body Tethys until scene switch is complete
[LOG 15:23:47.266] [Kopernicus] Delaying ResetAndWait of body Enceladus until scene switch is complete
[LOG 15:23:47.266] [Kopernicus] Delaying ResetAndWait of body Mimas until scene switch is complete
[LOG 15:23:47.266] [Kopernicus] Delaying ResetAndWait of body Saturn until scene switch is complete
[LOG 15:23:47.267] [Kopernicus] Delaying ResetAndWait of body Saturn until scene switch is complete
[LOG 15:23:47.267] [Kopernicus] Delaying ResetAndWait of body Callisto until scene switch is complete
[LOG 15:23:47.267] [Kopernicus] Delaying ResetAndWait of body Ganymede until scene switch is complete
[LOG 15:23:47.267] [Kopernicus] Delaying ResetAndWait of body Europa until scene switch is complete
[LOG 15:23:47.267] [Kopernicus] Delaying ResetAndWait of body Io until scene switch is complete
[LOG 15:23:47.267] [Kopernicus] Delaying ResetAndWait of body Jupiter until scene switch is complete
[LOG 15:23:47.267] [Kopernicus] Delaying ResetAndWait of body Jupiter until scene switch is complete
[LOG 15:23:47.267] [Kopernicus] Delaying ResetAndWait of body Ceres until scene switch is complete
[LOG 15:23:47.267] [Kopernicus] Delaying ResetAndWait of body Vesta until scene switch is complete
[LOG 15:23:47.267] [Kopernicus] Delaying ResetAndWait of body Deimos until scene switch is complete
[LOG 15:23:47.267] [Kopernicus] Delaying ResetAndWait of body Phobos until scene switch is complete
[LOG 15:23:47.267] [Kopernicus] Delaying ResetAndWait of body Mars until scene switch is complete
[LOG 15:23:47.267] [Kopernicus] Delaying ResetAndWait of body Kerbin until scene switch is complete
[LOG 15:23:47.267] [Kopernicus] Delaying ResetAndWait of body Venus until scene switch is complete
[LOG 15:23:47.267] [Kopernicus] Delaying ResetAndWait of body Mercury until scene switch is complete
[LOG 15:23:47.405] [UIApp] OnDestroy: KSPedia
[LOG 15:23:47.405] [UIApp] OnDestroy: ManeuverTool
[LOG 15:23:47.406] KbApp.OnDestroy Planet Info
[LOG 15:23:47.406] KbApp.OnDestroy Vessel Info
[LOG 15:23:47.406] KbApp.OnDestroy Planet Parameters
[LOG 15:23:47.406] KbApp.OnDestroy Vessel Crew
[LOG 15:23:47.406] [UIApp] OnDestroy: ActionGroupsApp
[LOG 15:23:47.408] KbApp.OnDestroy NullName
[LOG 15:23:47.408] KbApp.OnDestroy Unowned Info
[LOG 15:23:47.408] [UIApp] OnDestroy: Cargo
[LOG 15:23:47.408] [UIApp] OnDestroy: DeltaVApp
[LOG 15:23:47.408] [UIApp] OnDestroy: ResourceDisplay
[LOG 15:23:47.409] [PlanetariumCamera]: Focus: Moon
[LOG 15:23:47.409] KbApp.OnDestroy Planet Resources
[LOG 15:23:47.409] [UIApp] OnDestroy: AlarmClock
[LOG 15:23:47.409] [UIApp] OnDestroy: Construction
[LOG 15:23:47.411] [KSPCF:MemoryLeaks] Removed a OnMapExited callback owned by a destroyed Assembly-CSharp:NavBallToggle instance
[LOG 15:23:47.411] [KSPCF:MemoryLeaks] Removed a OnGameSettingsApplied callback owned by a destroyed Assembly-CSharp:VesselAutopilotUI instance
[LOG 15:23:47.411] [KSPCF:MemoryLeaks] Removed a onPartActionUICreate callback owned by a destroyed Assembly-CSharp:ModuleInventoryPart instance
[LOG 15:23:47.412] [KSPCF:MemoryLeaks] Removed a onModuleInventoryChanged callback owned by a destroyed Assembly-CSharp:ModuleInventoryPart instance
[LOG 15:23:47.412] [KSPCF:MemoryLeaks] Removed a OnDestructibleLoaded callback owned by a destroyed Assembly-CSharp:RunwayCollisionHandler instance
[LOG 15:23:47.412] [KSPCF:MemoryLeaks] Removed a OnClick callback owned by a destroyed Assembly-CSharp:EVAConstructionModeEditor instance
[LOG 15:23:47.413] [KSPCF:MemoryLeaks] Removed a TimingManager.Instance.timing5.onLateUpdate callback owned by a destroyed Assembly-CSharp:MapView instance
[LOG 15:23:47.413] [KSPCF:MemoryLeaks] Leaving scene "Flight", cleaned 25 memory leaks in 0.003s. GameEvents callbacks : 738. Allocated memory : 981.555 MiB (managed heap), 2.237 GiB (unmanaged)
[LOG 15:23:47.422] UICanvasPrefabSpawner FlightUI spawning Flight
[LOG 15:23:47.444] UICanvasPrefabSpawner FlightUI spawning VesselLabels
[LOG 15:23:47.444] [UiApp] Awake: ResourceDisplay
[LOG 15:23:47.539] [AddonLoader]: Instantiating addon 'AeroGUI' from assembly 'KSP'
[LOG 15:23:47.552] [AddonLoader]: Instantiating addon 'ToolbarButton' from assembly 'Kopernicus'
[LOG 15:23:47.552] [AddonLoader]: Instantiating addon 'ShadowMan' from assembly 'Kopernicus'
[LOG 15:23:47.553] [AddonLoader]: Instantiating addon 'RenderTypeFixer' from assembly 'Kopernicus'
[LOG 15:23:47.553] [AddonLoader]: Instantiating addon 'AtmosphereFixer' from assembly 'Kopernicus'
[LOG 15:23:47.553] [AddonLoader]: Instantiating addon 'SinkingBugFix' from assembly 'Kopernicus'
[LOG 15:23:47.554] [AddonLoader]: Instantiating addon 'RealSolarSystemEditor' from assembly 'RealSolarSystem'
[LOG 15:23:47.554] [AddonLoader]: Instantiating addon 'RSSRunwayFix' from assembly 'RealSolarSystem'
[LOG 15:23:47.554] [AddonLoader]: Instantiating addon 'TimeWarpFixer' from assembly 'RealSolarSystem'
[LOG 15:23:47.554] [AddonLoader]: Instantiating addon 'VesselGroundPositionEnhancer' from assembly 'RealSolarSystem'
[LOG 15:23:47.554] [AddonLoader]: Instantiating addon 'RSSWatchDog' from assembly 'RealSolarSystem'
[LOG 15:23:47.554] [AddonLoader]: Instantiating addon 'TerrainPrecisionFixDiag2Mod' from assembly 'TerrainPrecisionFixDiag2Mod'
[LOG 15:23:47.555] [AddonLoader]: Instantiating addon 'TerrainPrecisionFixDiagMod' from assembly 'TerrainPrecisionFixDiagMod'
[LOG 15:23:47.555] [PlanetariumCamera]: Focus: Earth
[LOG 15:23:47.555] [UIMasterController]: HideUI
[LOG 15:23:47.869] [UIMasterController]: HideUI
[LOG 15:23:47.869] ------------------- initializing flight mode... ------------------
[LOG 15:23:47.870] GetSubclassesOfParentClass: Using cached results for AlarmTypeBase
[LOG 15:23:47.870] Loading Depletion Nodes
[LOG 15:23:47.870] DepNodeCount:  0
[LOG 15:23:47.870] Loading Biome Nodes
[LOG 15:23:47.870] BiomeNodeCount:  0
[LOG 15:23:47.870] Loading Planet Nodes
[LOG 15:23:47.871] PlanetNodeCount:  0
[LOG 15:23:47.872] [ScenarioDestructibles]: Loading... 0 objects registered
[LOG 15:23:47.882] Target vessel index: 2  vessel count: 3
[LOG 15:23:47.883] [FLIGHT GLOBALS]: Switching To Vessel Capsule ---------------------- 
[LOG 15:23:47.883] setting new dominant body: Moon
FlightGlobals.mainBody: Moon
[LOG 15:23:47.883] Reference Frame: Rotating
[LOG 15:23:47.890] [Capsule]: landed - waiting for ground contact to resume physics...
[LOG 15:23:47.891] Camera Mode: AUTO
[LOG 15:23:48.811] all systems started
[LOG 15:23:48.856] [ModularFlightIntegrator] MFI Start
[LOG 15:23:48.856] [ModularFlightIntegrator] Start. VesselModule on vessel : 
  ModularFlightIntegrator
  AxisGroupsModule
  CometVessel
  SuspensionLoadBalancer
  CommNetVessel

[LOG 15:23:48.866] [Kopernicus] Using Kopernicus Discoverable Object Spawner.
[LOG 15:23:48.878] [ShadowMan][Info] Running in unified camera mode
[LOG 15:23:48.878] [ShadowMan][Debug] Adding TweakShadowCascades: (0.002, 0.015, 0.035) to Camera Camera 00
[LOG 15:23:48.878] [ShadowMan][Debug] Default split: (0.050, 0.152, 0.264)
[LOG 15:23:48.878] [ShadowMan][Debug] Setting shadowmap resolution to: 8192 on SunLight
[LOG 15:23:48.881] [ShadowMan][Debug] Found rings for Saturn
[LOG 15:23:48.884] [ShadowMan][Debug] Kopernicus.ShadowMan setup done
[LOG 15:23:48.907] [RealSolarSystem] Setting TimeWarp rates...
[LOG 15:23:48.946] [UiApp] Awake: CurrencyWidgetsApp
[LOG 15:23:48.946] [UiApp] Awake: ResourceDisplay
[LOG 15:23:48.946] [UiApp] Awake: KSPedia
[LOG 15:23:48.946] [UiApp] Awake: Missions App
[LOG 15:23:48.946] [UiApp] Awake: DeltaVApp
[LOG 15:23:48.946] [UiApp] Awake: ActionGroupsApp
[LOG 15:23:48.946] [UiApp] Awake: Construction
[LOG 15:23:48.946] [UiApp] Awake: Cargo
[LOG 15:23:48.946] [UiApp] Awake: AlarmClock
[LOG 15:23:48.947] [UiApp] Awake: ManeuverTool
[LOG 15:23:48.947] [ApplicationLauncher] OnSceneLoadedGUIReady: scene FLIGHT ShouldBeVisible() True ShouldBeOnTop() True iIsPositionedAtTop True
[LOG 15:23:48.949] [KnowledgeBase] OnAppLauncherReady 35281
[LOG 15:23:48.956] [Kopernicus]: StarLightSwitcher: Set active star => Sun
[LOG 15:23:48.972] [UIApp] OnDestroy: Contracts
[LOG 15:23:48.985] [FlightIntegrator]: Reloaded drag cube for zeroed cube root part fuelTankSmallFlat (Capsule) on vessel Capsule
[LOG 15:23:48.986] [MessageSystem] Reposition 0.02 35282
[LOG 15:23:48.986] [GenericAppFrame] Reposition 0.02 35282
[LOG 15:23:48.986] [GenericAppFrame] Reposition 0.02 35282
[LOG 15:23:49.108] [PlanetariumCamera]: Focus: Capsule
[LOG 15:23:49.130] [UIApp] Adding ResourceDisplay to Application Launcher
[LOG 15:23:49.131] [UIApp] Adding ResourceDisplay to Application Launcher
[LOG 15:23:49.156] [ResourceDisplay] OnAppStarted(): id: -529004
[LOG 15:23:49.156] [GenericAppFrame] Reposition 0.1254588 35286
[LOG 15:23:49.156] [ResourceDisplay] OnAppStarted(): id: 264786
[LOG 15:23:49.156] ResourceDisplay already exist, destroying this instance
[LOG 15:23:49.156] [UIApp] OnDestroy: ResourceDisplay
[LOG 15:23:49.169] [UIApp] Adding AlarmClock to Application Launcher
[LOG 15:23:49.170] [UIApp] Adding ActionGroupsApp to Application Launcher
[LOG 15:23:49.171] [UIApp] Adding Missions App to Application Launcher
[LOG 15:23:49.172] CURRENCY WIDGET False False False
[LOG 15:23:49.173] [UIApp] OnDestroy: CurrencyWidgetsApp
[LOG 15:23:49.192] [GenericAppFrame] Reposition 0.149857 35288
[LOG 15:23:49.194] [ActionGroupsApp] OnAppStarted(): id: -529028
[LOG 15:23:49.195] [GenericAppFrame] Reposition 0.149857 35288
[LOG 15:23:49.195] [UIApp] Adding DeltaVApp to Application Launcher
[LOG 15:23:49.196] [MissionsApp] OnAppStarted(): id: -529016
[LOG 15:23:49.196] MissionsApp does not execute in this game mode, destroying this instance
[LOG 15:23:49.196] [UIApp] OnDestroy: Missions App
[LOG 15:23:49.206] [GenericAppFrame] Reposition 0.1753901 35289
[LOG 15:23:49.215] [UIApp] Adding Cargo to Application Launcher
[LOG 15:23:49.216] [UIApp] Adding Construction to Application Launcher
[LOG 15:23:49.217] [UIApp] Adding KSPedia to Application Launcher
[LOG 15:23:49.225] [UIApp] Adding ManeuverTool to Application Launcher
[LOG 15:23:49.227] [ApplicationLauncher] SetHidden: 
[LOG 15:23:49.240] [GenericAppFrame] Reposition 0.2070484 35292
[LOG 15:23:49.249] [ManeuverTool]: Found 1 transfer types
[LOG 15:23:49.278] Flight State Captured
[LOG 15:23:49.278] Saving Achievements Tree...
[LOG 15:23:49.278] Saving Achievements Tree...
[LOG 15:23:49.278] Saving Achievements Tree...
[LOG 15:23:49.279] [MessageSystem] Save Messages
[LOG 15:23:49.294] Game State Saved as persistent
[LOG 15:23:49.468] [Kopernicus] AtmosphereFixer => Patched AtmosphereFromGround for Uranus
[LOG 15:23:49.468] [Kopernicus] AtmosphereFixer => Patched AtmosphereFromGround for Titan
[LOG 15:23:49.468] [Kopernicus] AtmosphereFixer => Patched AtmosphereFromGround for Saturn
[LOG 15:23:49.469] [Kopernicus] AtmosphereFixer => Patched AtmosphereFromGround for Jupiter
[LOG 15:23:49.469] [Kopernicus] AtmosphereFixer => Patched AtmosphereFromGround for Mars
[LOG 15:23:49.469] [Kopernicus] AtmosphereFixer => Patched AtmosphereFromGround for Earth
[LOG 15:23:49.469] [Kopernicus] AtmosphereFixer => Patched AtmosphereFromGround for Venus
[LOG 15:23:49.951] [RealSolarSystem] Watchdog: Setting camera Camera 00 far clip to 1875000 so camera now has 1875000
[LOG 15:23:50.020] Unpacking Capsule
[LOG 15:23:50.021] [RSS-VGPE] CheckGroundCollision() in 0ms
[LOG 15:23:50.026] [UIMasterController]: ShowUI
[LOG 15:24:03.662] Game Paused!
[LOG 15:24:03.662] [UIMasterController]: ShowUI
[LOG 15:24:04.267] [SceneLoadSpeedBoost] Save loaded from disk in 15ms
[LOG 15:24:06.635] [KSPUpgradePipeline]: ClaudeRSS (1.12.5) is up to date.
[LOG 15:24:06.656] [ScenarioTypes]: List Created 24 scenario types loaded from 17 loaded assemblies.
[LOG 15:24:06.656] [MessageSystem] Load Messages
[LOG 15:24:06.657] [UIMasterController]: HideUI
[LOG 15:24:06.747] [HighLogic]: =========================== Scene Change : From FLIGHT to FLIGHT =====================
[LOG 15:24:06.748] Game Unpaused!
[LOG 15:24:06.760] [Kopernicus] Delaying ResetAndWait of body Charon until scene switch is complete
[LOG 15:24:06.760] [Kopernicus] Delaying ResetAndWait of body Pluto until scene switch is complete
[LOG 15:24:06.760] [Kopernicus] Delaying ResetAndWait of body Triton until scene switch is complete
[LOG 15:24:06.760] [Kopernicus] Delaying ResetAndWait of body Neptune until scene switch is complete
[LOG 15:24:06.760] [Kopernicus] Delaying ResetAndWait of body Neptune until scene switch is complete
[LOG 15:24:06.760] [Kopernicus] Delaying ResetAndWait of body Oberon until scene switch is complete
[LOG 15:24:06.760] [Kopernicus] Delaying ResetAndWait of body Titania until scene switch is complete
[LOG 15:24:06.760] [Kopernicus] Delaying ResetAndWait of body Umbriel until scene switch is complete
[LOG 15:24:06.760] [Kopernicus] Delaying ResetAndWait of body Ariel until scene switch is complete
[LOG 15:24:06.760] [Kopernicus] Delaying ResetAndWait of body Miranda until scene switch is complete
[LOG 15:24:06.760] [Kopernicus] Delaying ResetAndWait of body Uranus until scene switch is complete
[LOG 15:24:06.760] [Kopernicus] Delaying ResetAndWait of body Uranus until scene switch is complete
[LOG 15:24:06.760] [Kopernicus] Delaying ResetAndWait of body Iapetus until scene switch is complete
[LOG 15:24:06.760] [Kopernicus] Delaying ResetAndWait of body Titan until scene switch is complete
[LOG 15:24:06.760] [Kopernicus] Delaying ResetAndWait of body Rhea until scene switch is complete
[LOG 15:24:06.760] [Kopernicus] Delaying ResetAndWait of body Dione until scene switch is complete
[LOG 15:24:06.760] [Kopernicus] Delaying ResetAndWait of body Tethys until scene switch is complete
[LOG 15:24:06.760] [Kopernicus] Delaying ResetAndWait of body Enceladus until scene switch is complete
[LOG 15:24:06.760] [Kopernicus] Delaying ResetAndWait of body Mimas until scene switch is complete
[LOG 15:24:06.760] [Kopernicus] Delaying ResetAndWait of body Saturn until scene switch is complete
[LOG 15:24:06.760] [Kopernicus] Delaying ResetAndWait of body Saturn until scene switch is complete
[LOG 15:24:06.760] [Kopernicus] Delaying ResetAndWait of body Callisto until scene switch is complete
[LOG 15:24:06.760] [Kopernicus] Delaying ResetAndWait of body Ganymede until scene switch is complete
[LOG 15:24:06.761] [Kopernicus] Delaying ResetAndWait of body Europa until scene switch is complete
[LOG 15:24:06.761] [Kopernicus] Delaying ResetAndWait of body Io until scene switch is complete
[LOG 15:24:06.761] [Kopernicus] Delaying ResetAndWait of body Jupiter until scene switch is complete
[LOG 15:24:06.761] [Kopernicus] Delaying ResetAndWait of body Jupiter until scene switch is complete
[LOG 15:24:06.761] [Kopernicus] Delaying ResetAndWait of body Ceres until scene switch is complete
[LOG 15:24:06.761] [Kopernicus] Delaying ResetAndWait of body Vesta until scene switch is complete
[LOG 15:24:06.761] [Kopernicus] Delaying ResetAndWait of body Deimos until scene switch is complete
[LOG 15:24:06.761] [Kopernicus] Delaying ResetAndWait of body Phobos until scene switch is complete
[LOG 15:24:06.761] [Kopernicus] Delaying ResetAndWait of body Mars until scene switch is complete
[LOG 15:24:06.761] [Kopernicus] Delaying ResetAndWait of body Kerbin until scene switch is complete
[LOG 15:24:06.761] [Kopernicus] Delaying ResetAndWait of body Venus until scene switch is complete
[LOG 15:24:06.761] [Kopernicus] Delaying ResetAndWait of body Mercury until scene switch is complete
[LOG 15:24:06.897] KbApp.OnDestroy Vessel Info
[LOG 15:24:06.899] [UIApp] OnDestroy: Cargo
[LOG 15:24:06.899] [UIApp] OnDestroy: KSPedia
[LOG 15:24:06.899] [UIApp] OnDestroy: ResourceDisplay
[LOG 15:24:06.899] KbApp.OnDestroy Planet Info
[LOG 15:24:06.899] [UIApp] OnDestroy: Construction
[LOG 15:24:06.899] [UIApp] OnDestroy: AlarmClock
[LOG 15:24:06.900] [PlanetariumCamera]: Focus: Moon
[LOG 15:24:06.900] [UIApp] OnDestroy: DeltaVApp
[LOG 15:24:06.900] KbApp.OnDestroy Vessel Crew
[LOG 15:24:06.900] KbApp.OnDestroy Planet Resources
[LOG 15:24:06.900] KbApp.OnDestroy Unowned Info
[LOG 15:24:06.900] [UIApp] OnDestroy: ManeuverTool
[LOG 15:24:06.901] KbApp.OnDestroy Planet Parameters
[LOG 15:24:06.901] KbApp.OnDestroy NullName
[LOG 15:24:06.901] [UIApp] OnDestroy: ActionGroupsApp
[LOG 15:24:06.903] [KSPCF:MemoryLeaks] Removed a OnMapExited callback owned by a destroyed Assembly-CSharp:NavBallToggle instance
[LOG 15:24:06.903] [KSPCF:MemoryLeaks] Removed a OnGameSettingsApplied callback owned by a destroyed Assembly-CSharp:VesselAutopilotUI instance
[LOG 15:24:06.903] [KSPCF:MemoryLeaks] Removed a onPartActionUICreate callback owned by a destroyed Assembly-CSharp:ModuleInventoryPart instance
[LOG 15:24:06.904] [KSPCF:MemoryLeaks] Removed a onModuleInventoryChanged callback owned by a destroyed Assembly-CSharp:ModuleInventoryPart instance
[LOG 15:24:06.905] [KSPCF:MemoryLeaks] Removed a OnDestructibleLoaded callback owned by a destroyed Assembly-CSharp:RunwayCollisionHandler instance
[LOG 15:24:06.905] [KSPCF:MemoryLeaks] Removed a OnClick callback owned by a destroyed Assembly-CSharp:EVAConstructionModeEditor instance
[LOG 15:24:06.905] [KSPCF:MemoryLeaks] Removed a TimingManager.Instance.timing5.onLateUpdate callback owned by a destroyed Assembly-CSharp:MapView instance
[LOG 15:24:06.905] [KSPCF:MemoryLeaks] Leaving scene "Flight", cleaned 25 memory leaks in 0.003s. GameEvents callbacks : 738. Allocated memory : 987.184 MiB (managed heap), 2.239 GiB (unmanaged)
[LOG 15:24:06.914] UICanvasPrefabSpawner FlightUI spawning Flight
[LOG 15:24:06.934] UICanvasPrefabSpawner FlightUI spawning VesselLabels
[LOG 15:24:06.934] [UiApp] Awake: ResourceDisplay
[LOG 15:24:07.027] [AddonLoader]: Instantiating addon 'AeroGUI' from assembly 'KSP'
[LOG 15:24:07.040] [AddonLoader]: Instantiating addon 'ToolbarButton' from assembly 'Kopernicus'
[LOG 15:24:07.041] [AddonLoader]: Instantiating addon 'ShadowMan' from assembly 'Kopernicus'
[LOG 15:24:07.041] [AddonLoader]: Instantiating addon 'RenderTypeFixer' from assembly 'Kopernicus'
[LOG 15:24:07.041] [AddonLoader]: Instantiating addon 'AtmosphereFixer' from assembly 'Kopernicus'
[LOG 15:24:07.041] [AddonLoader]: Instantiating addon 'SinkingBugFix' from assembly 'Kopernicus'
[LOG 15:24:07.042] [AddonLoader]: Instantiating addon 'RealSolarSystemEditor' from assembly 'RealSolarSystem'
[LOG 15:24:07.042] [AddonLoader]: Instantiating addon 'RSSRunwayFix' from assembly 'RealSolarSystem'
[LOG 15:24:07.042] [AddonLoader]: Instantiating addon 'TimeWarpFixer' from assembly 'RealSolarSystem'
[LOG 15:24:07.042] [AddonLoader]: Instantiating addon 'VesselGroundPositionEnhancer' from assembly 'RealSolarSystem'
[LOG 15:24:07.043] [AddonLoader]: Instantiating addon 'RSSWatchDog' from assembly 'RealSolarSystem'
[LOG 15:24:07.043] [AddonLoader]: Instantiating addon 'TerrainPrecisionFixDiag2Mod' from assembly 'TerrainPrecisionFixDiag2Mod'
[LOG 15:24:07.043] [AddonLoader]: Instantiating addon 'TerrainPrecisionFixDiagMod' from assembly 'TerrainPrecisionFixDiagMod'
[LOG 15:24:07.043] [PlanetariumCamera]: Focus: Earth
[LOG 15:24:07.043] [UIMasterController]: HideUI
[LOG 15:24:07.353] [UIMasterController]: HideUI
[LOG 15:24:07.353] ------------------- initializing flight mode... ------------------
[LOG 15:24:07.354] GetSubclassesOfParentClass: Using cached results for AlarmTypeBase
[LOG 15:24:07.354] Loading Depletion Nodes
[LOG 15:24:07.354] DepNodeCount:  0
[LOG 15:24:07.354] Loading Biome Nodes
[LOG 15:24:07.354] BiomeNodeCount:  0
[LOG 15:24:07.355] Loading Planet Nodes
[LOG 15:24:07.355] PlanetNodeCount:  0
[LOG 15:24:07.356] [ScenarioDestructibles]: Loading... 0 objects registered
[LOG 15:24:07.366] Target vessel index: 2  vessel count: 3
[LOG 15:24:07.366] [FLIGHT GLOBALS]: Switching To Vessel Capsule ---------------------- 
[LOG 15:24:07.366] setting new dominant body: Moon
FlightGlobals.mainBody: Moon
[LOG 15:24:07.366] Reference Frame: Rotating
[LOG 15:24:07.373] [Capsule]: landed - waiting for ground contact to resume physics...
[LOG 15:24:07.374] Camera Mode: AUTO
[LOG 15:24:08.292] all systems started
[LOG 15:24:08.337] [ModularFlightIntegrator] MFI Start
[LOG 15:24:08.337] [ModularFlightIntegrator] Start. VesselModule on vessel : 
  ModularFlightIntegrator
  AxisGroupsModule
  CometVessel
  SuspensionLoadBalancer
  CommNetVessel

[LOG 15:24:08.347] [Kopernicus] Using Kopernicus Discoverable Object Spawner.
[LOG 15:24:08.360] [ShadowMan][Info] Running in unified camera mode
[LOG 15:24:08.360] [ShadowMan][Debug] Adding TweakShadowCascades: (0.002, 0.015, 0.035) to Camera Camera 00
[LOG 15:24:08.360] [ShadowMan][Debug] Default split: (0.050, 0.152, 0.264)
[LOG 15:24:08.360] [ShadowMan][Debug] Setting shadowmap resolution to: 8192 on SunLight
[LOG 15:24:08.363] [ShadowMan][Debug] Found rings for Saturn
[LOG 15:24:08.366] [ShadowMan][Debug] Kopernicus.ShadowMan setup done
[LOG 15:24:08.389] [RealSolarSystem] Setting TimeWarp rates...
[LOG 15:24:08.427] [UiApp] Awake: CurrencyWidgetsApp
[LOG 15:24:08.427] [UiApp] Awake: ResourceDisplay
[LOG 15:24:08.427] [UiApp] Awake: KSPedia
[LOG 15:24:08.428] [UiApp] Awake: Missions App
[LOG 15:24:08.428] [UiApp] Awake: DeltaVApp
[LOG 15:24:08.428] [UiApp] Awake: ActionGroupsApp
[LOG 15:24:08.428] [UiApp] Awake: Construction
[LOG 15:24:08.428] [UiApp] Awake: Cargo
[LOG 15:24:08.428] [UiApp] Awake: AlarmClock
[LOG 15:24:08.428] [UiApp] Awake: ManeuverTool
[LOG 15:24:08.428] [ApplicationLauncher] OnSceneLoadedGUIReady: scene FLIGHT ShouldBeVisible() True ShouldBeOnTop() True iIsPositionedAtTop True
[LOG 15:24:08.431] [KnowledgeBase] OnAppLauncherReady 37925
[LOG 15:24:08.437] [Kopernicus]: StarLightSwitcher: Set active star => Sun
[LOG 15:24:08.453] [UIApp] OnDestroy: Contracts
[LOG 15:24:08.465] [FlightIntegrator]: Reloaded drag cube for zeroed cube root part fuelTankSmallFlat (Capsule) on vessel Capsule
[LOG 15:24:08.467] [MessageSystem] Reposition 0.02 37926
[LOG 15:24:08.467] [GenericAppFrame] Reposition 0.02 37926
[LOG 15:24:08.467] [GenericAppFrame] Reposition 0.02 37926
[LOG 15:24:08.587] [PlanetariumCamera]: Focus: Capsule
[LOG 15:24:08.610] [UIApp] Adding ResourceDisplay to Application Launcher
[LOG 15:24:08.611] [UIApp] Adding ResourceDisplay to Application Launcher
[LOG 15:24:08.635] [ResourceDisplay] OnAppStarted(): id: -569288
[LOG 15:24:08.636] [GenericAppFrame] Reposition 0.125901 37930
[LOG 15:24:08.636] [ResourceDisplay] OnAppStarted(): id: 264918
[LOG 15:24:08.636] ResourceDisplay already exist, destroying this instance
[LOG 15:24:08.636] [UIApp] OnDestroy: ResourceDisplay
[LOG 15:24:08.648] [UIApp] Adding AlarmClock to Application Launcher
[LOG 15:24:08.649] [UIApp] Adding ActionGroupsApp to Application Launcher
[LOG 15:24:08.650] [UIApp] Adding Missions App to Application Launcher
[LOG 15:24:08.651] CURRENCY WIDGET False False False
[LOG 15:24:08.653] [UIApp] OnDestroy: CurrencyWidgetsApp
[LOG 15:24:08.671] [GenericAppFrame] Reposition 0.1500911 37932
[LOG 15:24:08.673] [ActionGroupsApp] OnAppStarted(): id: -569312
[LOG 15:24:08.674] [GenericAppFrame] Reposition 0.1500911 37932
[LOG 15:24:08.674] [UIApp] Adding DeltaVApp to Application Launcher
[LOG 15:24:08.675] [MissionsApp] OnAppStarted(): id: -569300
[LOG 15:24:08.675] MissionsApp does not execute in this game mode, destroying this instance
[LOG 15:24:08.675] [UIApp] OnDestroy: Missions App
[LOG 15:24:08.685] [GenericAppFrame] Reposition 0.1748536 37933
[LOG 15:24:08.694] [UIApp] Adding Cargo to Application Launcher
[LOG 15:24:08.695] [UIApp] Adding Construction to Application Launcher
[LOG 15:24:08.696] [UIApp] Adding KSPedia to Application Launcher
[LOG 15:24:08.705] [UIApp] Adding ManeuverTool to Application Launcher
[LOG 15:24:08.707] [ApplicationLauncher] SetHidden: 
[LOG 15:24:08.719] [GenericAppFrame] Reposition 0.2062199 37936
[LOG 15:24:08.728] [ManeuverTool]: Found 1 transfer types
[LOG 15:24:08.757] Flight State Captured
[LOG 15:24:08.757] Saving Achievements Tree...
[LOG 15:24:08.757] Saving Achievements Tree...
[LOG 15:24:08.757] Saving Achievements Tree...
[LOG 15:24:08.758] [MessageSystem] Save Messages
[LOG 15:24:08.773] Game State Saved as persistent
[LOG 15:24:08.948] [Kopernicus] AtmosphereFixer => Patched AtmosphereFromGround for Uranus
[LOG 15:24:08.948] [Kopernicus] AtmosphereFixer => Patched AtmosphereFromGround for Titan
[LOG 15:24:08.948] [Kopernicus] AtmosphereFixer => Patched AtmosphereFromGround for Saturn
[LOG 15:24:08.948] [Kopernicus] AtmosphereFixer => Patched AtmosphereFromGround for Jupiter
[LOG 15:24:08.948] [Kopernicus] AtmosphereFixer => Patched AtmosphereFromGround for Mars
[LOG 15:24:08.948] [Kopernicus] AtmosphereFixer => Patched AtmosphereFromGround for Earth
[LOG 15:24:08.948] [Kopernicus] AtmosphereFixer => Patched AtmosphereFromGround for Venus
[LOG 15:24:09.431] [RealSolarSystem] Watchdog: Setting camera Camera 00 far clip to 1875000 so camera now has 1875000
[LOG 15:24:09.507] [Capsule]: ground contact! - error. Moving Vessel  up 0.106m
[LOG 15:24:09.507] Unpacking Capsule
[LOG 15:24:09.507] [RSS-VGPE] CheckGroundCollision() in 0ms
[LOG 15:24:09.513] [UIMasterController]: ShowUI
[LOG 15:24:16.949] Game Paused!
[LOG 15:24:16.949] [UIMasterController]: ShowUI
[LOG 15:24:17.862] [SceneLoadSpeedBoost] Save loaded from disk in 16ms
[LOG 15:24:19.478] [KSPUpgradePipeline]: ClaudeRSS (1.12.5) is up to date.
[LOG 15:24:19.500] [ScenarioTypes]: List Created 24 scenario types loaded from 17 loaded assemblies.
[LOG 15:24:19.500] [MessageSystem] Load Messages
[LOG 15:24:19.501] [UIMasterController]: HideUI
[LOG 15:24:19.593] [HighLogic]: =========================== Scene Change : From FLIGHT to FLIGHT =====================
[LOG 15:24:19.594] Game Unpaused!
[LOG 15:24:19.606] [Kopernicus] Delaying ResetAndWait of body Charon until scene switch is complete
[LOG 15:24:19.607] [Kopernicus] Delaying ResetAndWait of body Pluto until scene switch is complete
[LOG 15:24:19.607] [Kopernicus] Delaying ResetAndWait of body Triton until scene switch is complete
[LOG 15:24:19.607] [Kopernicus] Delaying ResetAndWait of body Neptune until scene switch is complete
[LOG 15:24:19.607] [Kopernicus] Delaying ResetAndWait of body Neptune until scene switch is complete
[LOG 15:24:19.607] [Kopernicus] Delaying ResetAndWait of body Oberon until scene switch is complete
[LOG 15:24:19.607] [Kopernicus] Delaying ResetAndWait of body Titania until scene switch is complete
[LOG 15:24:19.607] [Kopernicus] Delaying ResetAndWait of body Umbriel until scene switch is complete
[LOG 15:24:19.607] [Kopernicus] Delaying ResetAndWait of body Ariel until scene switch is complete
[LOG 15:24:19.607] [Kopernicus] Delaying ResetAndWait of body Miranda until scene switch is complete
[LOG 15:24:19.607] [Kopernicus] Delaying ResetAndWait of body Uranus until scene switch is complete
[LOG 15:24:19.607] [Kopernicus] Delaying ResetAndWait of body Uranus until scene switch is complete
[LOG 15:24:19.607] [Kopernicus] Delaying ResetAndWait of body Iapetus until scene switch is complete
[LOG 15:24:19.607] [Kopernicus] Delaying ResetAndWait of body Titan until scene switch is complete
[LOG 15:24:19.607] [Kopernicus] Delaying ResetAndWait of body Rhea until scene switch is complete
[LOG 15:24:19.607] [Kopernicus] Delaying ResetAndWait of body Dione until scene switch is complete
[LOG 15:24:19.607] [Kopernicus] Delaying ResetAndWait of body Tethys until scene switch is complete
[LOG 15:24:19.607] [Kopernicus] Delaying ResetAndWait of body Enceladus until scene switch is complete
[LOG 15:24:19.607] [Kopernicus] Delaying ResetAndWait of body Mimas until scene switch is complete
[LOG 15:24:19.607] [Kopernicus] Delaying ResetAndWait of body Saturn until scene switch is complete
[LOG 15:24:19.607] [Kopernicus] Delaying ResetAndWait of body Saturn until scene switch is complete
[LOG 15:24:19.607] [Kopernicus] Delaying ResetAndWait of body Callisto until scene switch is complete
[LOG 15:24:19.607] [Kopernicus] Delaying ResetAndWait of body Ganymede until scene switch is complete
[LOG 15:24:19.607] [Kopernicus] Delaying ResetAndWait of body Europa until scene switch is complete
[LOG 15:24:19.607] [Kopernicus] Delaying ResetAndWait of body Io until scene switch is complete
[LOG 15:24:19.608] [Kopernicus] Delaying ResetAndWait of body Jupiter until scene switch is complete
[LOG 15:24:19.608] [Kopernicus] Delaying ResetAndWait of body Jupiter until scene switch is complete
[LOG 15:24:19.608] [Kopernicus] Delaying ResetAndWait of body Ceres until scene switch is complete
[LOG 15:24:19.608] [Kopernicus] Delaying ResetAndWait of body Vesta until scene switch is complete
[LOG 15:24:19.608] [Kopernicus] Delaying ResetAndWait of body Deimos until scene switch is complete
[LOG 15:24:19.608] [Kopernicus] Delaying ResetAndWait of body Phobos until scene switch is complete
[LOG 15:24:19.608] [Kopernicus] Delaying ResetAndWait of body Mars until scene switch is complete
[LOG 15:24:19.608] [Kopernicus] Delaying ResetAndWait of body Kerbin until scene switch is complete
[LOG 15:24:19.608] [Kopernicus] Delaying ResetAndWait of body Venus until scene switch is complete
[LOG 15:24:19.608] [Kopernicus] Delaying ResetAndWait of body Mercury until scene switch is complete
[LOG 15:24:19.746] [UIApp] OnDestroy: ActionGroupsApp
[LOG 15:24:19.747] [PlanetariumCamera]: Focus: Moon
[LOG 15:24:19.747] [UIApp] OnDestroy: Construction
[LOG 15:24:19.747] KbApp.OnDestroy Planet Info
[LOG 15:24:19.747] KbApp.OnDestroy NullName
[LOG 15:24:19.747] [UIApp] OnDestroy: Cargo
[LOG 15:24:19.747] KbApp.OnDestroy Vessel Info
[LOG 15:24:19.748] [UIApp] OnDestroy: ManeuverTool
[LOG 15:24:19.748] [UIApp] OnDestroy: DeltaVApp
[LOG 15:24:19.748] KbApp.OnDestroy Planet Parameters
[LOG 15:24:19.748] [UIApp] OnDestroy: ResourceDisplay
[LOG 15:24:19.748] [UIApp] OnDestroy: AlarmClock
[LOG 15:24:19.748] [UIApp] OnDestroy: KSPedia
[LOG 15:24:19.748] KbApp.OnDestroy Planet Resources
[LOG 15:24:19.749] KbApp.OnDestroy Vessel Crew
[LOG 15:24:19.749] KbApp.OnDestroy Unowned Info
[LOG 15:24:19.750] [KSPCF:MemoryLeaks] Removed a OnMapExited callback owned by a destroyed Assembly-CSharp:NavBallToggle instance
[LOG 15:24:19.750] [KSPCF:MemoryLeaks] Removed a OnGameSettingsApplied callback owned by a destroyed Assembly-CSharp:VesselAutopilotUI instance
[LOG 15:24:19.750] [KSPCF:MemoryLeaks] Removed a onPartActionUICreate callback owned by a destroyed Assembly-CSharp:ModuleInventoryPart instance
[LOG 15:24:19.751] [KSPCF:MemoryLeaks] Removed a onModuleInventoryChanged callback owned by a destroyed Assembly-CSharp:ModuleInventoryPart instance
[LOG 15:24:19.752] [KSPCF:MemoryLeaks] Removed a OnDestructibleLoaded callback owned by a destroyed Assembly-CSharp:RunwayCollisionHandler instance
[LOG 15:24:19.752] [KSPCF:MemoryLeaks] Removed a OnClick callback owned by a destroyed Assembly-CSharp:EVAConstructionModeEditor instance
[LOG 15:24:19.752] [KSPCF:MemoryLeaks] Removed a TimingManager.Instance.timing5.onLateUpdate callback owned by a destroyed Assembly-CSharp:MapView instance
[LOG 15:24:19.752] [KSPCF:MemoryLeaks] Leaving scene "Flight", cleaned 25 memory leaks in 0.002s. GameEvents callbacks : 738. Allocated memory : 1020.891 MiB (managed heap), 2.241 GiB (unmanaged)
[LOG 15:24:19.761] UICanvasPrefabSpawner FlightUI spawning Flight
[LOG 15:24:19.780] UICanvasPrefabSpawner FlightUI spawning VesselLabels
[LOG 15:24:19.781] [UiApp] Awake: ResourceDisplay
[LOG 15:24:19.873] [AddonLoader]: Instantiating addon 'AeroGUI' from assembly 'KSP'
[LOG 15:24:19.887] [AddonLoader]: Instantiating addon 'ToolbarButton' from assembly 'Kopernicus'
[LOG 15:24:19.887] [AddonLoader]: Instantiating addon 'ShadowMan' from assembly 'Kopernicus'
[LOG 15:24:19.887] [AddonLoader]: Instantiating addon 'RenderTypeFixer' from assembly 'Kopernicus'
[LOG 15:24:19.888] [AddonLoader]: Instantiating addon 'AtmosphereFixer' from assembly 'Kopernicus'
[LOG 15:24:19.888] [AddonLoader]: Instantiating addon 'SinkingBugFix' from assembly 'Kopernicus'
[LOG 15:24:19.889] [AddonLoader]: Instantiating addon 'RealSolarSystemEditor' from assembly 'RealSolarSystem'
[LOG 15:24:19.889] [AddonLoader]: Instantiating addon 'RSSRunwayFix' from assembly 'RealSolarSystem'
[LOG 15:24:19.889] [AddonLoader]: Instantiating addon 'TimeWarpFixer' from assembly 'RealSolarSystem'
[LOG 15:24:19.889] [AddonLoader]: Instantiating addon 'VesselGroundPositionEnhancer' from assembly 'RealSolarSystem'
[LOG 15:24:19.889] [AddonLoader]: Instantiating addon 'RSSWatchDog' from assembly 'RealSolarSystem'
[LOG 15:24:19.889] [AddonLoader]: Instantiating addon 'TerrainPrecisionFixDiag2Mod' from assembly 'TerrainPrecisionFixDiag2Mod'
[LOG 15:24:19.889] [AddonLoader]: Instantiating addon 'TerrainPrecisionFixDiagMod' from assembly 'TerrainPrecisionFixDiagMod'
[LOG 15:24:19.890] [PlanetariumCamera]: Focus: Earth
[LOG 15:24:19.890] [UIMasterController]: HideUI
[LOG 15:24:20.204] [UIMasterController]: HideUI
[LOG 15:24:20.204] ------------------- initializing flight mode... ------------------
[LOG 15:24:20.205] GetSubclassesOfParentClass: Using cached results for AlarmTypeBase
[LOG 15:24:20.206] Loading Depletion Nodes
[LOG 15:24:20.206] DepNodeCount:  0
[LOG 15:24:20.206] Loading Biome Nodes
[LOG 15:24:20.206] BiomeNodeCount:  0
[LOG 15:24:20.206] Loading Planet Nodes
[LOG 15:24:20.206] PlanetNodeCount:  0
[LOG 15:24:20.208] [ScenarioDestructibles]: Loading... 0 objects registered
[LOG 15:24:20.218] Target vessel index: 2  vessel count: 3
[LOG 15:24:20.218] [FLIGHT GLOBALS]: Switching To Vessel Capsule ---------------------- 
[LOG 15:24:20.218] setting new dominant body: Moon
FlightGlobals.mainBody: Moon
[LOG 15:24:20.218] Reference Frame: Rotating
[LOG 15:24:20.225] [Capsule]: landed - waiting for ground contact to resume physics...
[LOG 15:24:20.225] Camera Mode: AUTO
[LOG 15:24:21.143] all systems started
[LOG 15:24:21.189] [ModularFlightIntegrator] MFI Start
[LOG 15:24:21.189] [ModularFlightIntegrator] Start. VesselModule on vessel : 
  ModularFlightIntegrator
  AxisGroupsModule
  CometVessel
  SuspensionLoadBalancer
  CommNetVessel

[LOG 15:24:21.198] [Kopernicus] Using Kopernicus Discoverable Object Spawner.
[LOG 15:24:21.211] [ShadowMan][Info] Running in unified camera mode
[LOG 15:24:21.211] [ShadowMan][Debug] Adding TweakShadowCascades: (0.002, 0.015, 0.035) to Camera Camera 00
[LOG 15:24:21.211] [ShadowMan][Debug] Default split: (0.050, 0.152, 0.264)
[LOG 15:24:21.211] [ShadowMan][Debug] Setting shadowmap resolution to: 8192 on SunLight
[LOG 15:24:21.214] [ShadowMan][Debug] Found rings for Saturn
[LOG 15:24:21.217] [ShadowMan][Debug] Kopernicus.ShadowMan setup done
[LOG 15:24:21.240] [RealSolarSystem] Setting TimeWarp rates...
[LOG 15:24:21.277] [UiApp] Awake: CurrencyWidgetsApp
[LOG 15:24:21.278] [UiApp] Awake: ResourceDisplay
[LOG 15:24:21.278] [UiApp] Awake: KSPedia
[LOG 15:24:21.278] [UiApp] Awake: Missions App
[LOG 15:24:21.278] [UiApp] Awake: DeltaVApp
[LOG 15:24:21.278] [UiApp] Awake: ActionGroupsApp
[LOG 15:24:21.278] [UiApp] Awake: Construction
[LOG 15:24:21.278] [UiApp] Awake: Cargo
[LOG 15:24:21.278] [UiApp] Awake: AlarmClock
[LOG 15:24:21.278] [UiApp] Awake: ManeuverTool
[LOG 15:24:21.278] [ApplicationLauncher] OnSceneLoadedGUIReady: scene FLIGHT ShouldBeVisible() True ShouldBeOnTop() True iIsPositionedAtTop True
[LOG 15:24:21.280] [KnowledgeBase] OnAppLauncherReady 39526
[LOG 15:24:21.286] [Kopernicus]: StarLightSwitcher: Set active star => Sun
[LOG 15:24:21.303] [UIApp] OnDestroy: Contracts
[LOG 15:24:21.315] [FlightIntegrator]: Reloaded drag cube for zeroed cube root part fuelTankSmallFlat (Capsule) on vessel Capsule
[LOG 15:24:21.317] [MessageSystem] Reposition 0.02 39527
[LOG 15:24:21.317] [GenericAppFrame] Reposition 0.02 39527
[LOG 15:24:21.317] [GenericAppFrame] Reposition 0.02 39527
[LOG 15:24:21.455] [PlanetariumCamera]: Focus: Capsule
[LOG 15:24:21.479] [UIApp] Adding ResourceDisplay to Application Launcher
[LOG 15:24:21.480] [UIApp] Adding ResourceDisplay to Application Launcher
[LOG 15:24:21.504] [ResourceDisplay] OnAppStarted(): id: -609246
[LOG 15:24:21.504] [GenericAppFrame] Reposition 0.1335253 39531
[LOG 15:24:21.505] [ResourceDisplay] OnAppStarted(): id: 265050
[LOG 15:24:21.505] ResourceDisplay already exist, destroying this instance
[LOG 15:24:21.505] [UIApp] OnDestroy: ResourceDisplay
[LOG 15:24:21.518] [UIApp] Adding AlarmClock to Application Launcher
[LOG 15:24:21.519] [UIApp] Adding ActionGroupsApp to Application Launcher
[LOG 15:24:21.519] [UIApp] Adding Missions App to Application Launcher
[LOG 15:24:21.520] CURRENCY WIDGET False False False
[LOG 15:24:21.522] [UIApp] OnDestroy: CurrencyWidgetsApp
[LOG 15:24:21.541] [GenericAppFrame] Reposition 0.1588108 39533
[LOG 15:24:21.543] [ActionGroupsApp] OnAppStarted(): id: -609270
[LOG 15:24:21.544] [GenericAppFrame] Reposition 0.1588108 39533
[LOG 15:24:21.544] [UIApp] Adding DeltaVApp to Application Launcher
[LOG 15:24:21.545] [MissionsApp] OnAppStarted(): id: -609258
[LOG 15:24:21.545] MissionsApp does not execute in this game mode, destroying this instance
[LOG 15:24:21.545] [UIApp] OnDestroy: Missions App
[LOG 15:24:21.555] [GenericAppFrame] Reposition 0.1844859 39534
[LOG 15:24:21.565] [UIApp] Adding Cargo to Application Launcher
[LOG 15:24:21.565] [UIApp] Adding Construction to Application Launcher
[LOG 15:24:21.567] [UIApp] Adding KSPedia to Application Launcher
[LOG 15:24:21.576] [UIApp] Adding ManeuverTool to Application Launcher
[LOG 15:24:21.578] [ApplicationLauncher] SetHidden: 
[LOG 15:24:21.591] [GenericAppFrame] Reposition 0.2168904 39537
[LOG 15:24:21.601] [ManeuverTool]: Found 1 transfer types
[LOG 15:24:21.630] Flight State Captured
[LOG 15:24:21.630] Saving Achievements Tree...
[LOG 15:24:21.630] Saving Achievements Tree...
[LOG 15:24:21.630] Saving Achievements Tree...
[LOG 15:24:21.630] [MessageSystem] Save Messages
[LOG 15:24:21.645] Game State Saved as persistent
[LOG 15:24:21.812] [Kopernicus] AtmosphereFixer => Patched AtmosphereFromGround for Uranus
[LOG 15:24:21.812] [Kopernicus] AtmosphereFixer => Patched AtmosphereFromGround for Titan
[LOG 15:24:21.812] [Kopernicus] AtmosphereFixer => Patched AtmosphereFromGround for Saturn
[LOG 15:24:21.812] [Kopernicus] AtmosphereFixer => Patched AtmosphereFromGround for Jupiter
[LOG 15:24:21.812] [Kopernicus] AtmosphereFixer => Patched AtmosphereFromGround for Mars
[LOG 15:24:21.812] [Kopernicus] AtmosphereFixer => Patched AtmosphereFromGround for Earth
[LOG 15:24:21.812] [Kopernicus] AtmosphereFixer => Patched AtmosphereFromGround for Venus
[LOG 15:24:22.294] [RealSolarSystem] Watchdog: Setting camera Camera 00 far clip to 1875000 so camera now has 1875000
[LOG 15:24:22.368] [Capsule]: ground contact! - error. Moving Vessel  up 0.157m
[LOG 15:24:22.368] Unpacking Capsule
[LOG 15:24:22.368] [RSS-VGPE] CheckGroundCollision() in 0ms
[LOG 15:24:22.374] [UIMasterController]: ShowUI
[LOG 15:24:42.123] Game Paused!
[LOG 15:24:42.123] [UIMasterController]: ShowUI
[LOG 15:24:42.712] Game Unpaused!
[LOG 15:24:54.332] [Kopernicus] New object found near Earth: Ast. TIY-304!
[LOG 15:24:54.345] [OrbitDriver]: On-Rails SOI Transition from Sun to Earth.
 Transition UT Range: 45506.538 - 45506.558.
 Transition UT: 45506.538. Iterations: 24.
[LOG 15:24:55.365] [RealSolarSystem] Watchdog: Setting camera Camera 00 far clip to 1875000 so camera now has 1875000
