[LOG 20:54:36.457] ******* Log Initiated for Kerbal Space Program - 1.12.5.3190 (WindowsPlayer x64) fr-fr *******
Kerbal Space Program - 1.12.5.3190 (WindowsPlayer x64) fr-fr


OS: Windows 10  (10.0.0) 64bit
CPU: Intel(R) Core(TM) Ultra 7 155H (22)
RAM: 32265
GPU: Intel(R) Arc(TM) Pro Graphics (18391MB)
SM: 50 (Direct3D 11.0 [level 11.1])
RT Formats: ARGB32, Depth, ARGBHalf, Shadowmap, RGB565, ARGB4444, ARGB1555, Default, ARGB2101010, DefaultHDR, ARGB64, ARGBFloat, RGFloat, RGHalf, RFloat, RHalf, R8, ARGBInt, RGInt, RInt, BGRA32, RGB111110Float, RG32, RGBAUShort, RG16, BGRA10101010_XR, BGR101010_XR, R16


Log started: Thu, Sep 24, 2026 20:54:36


[LOG 20:54:36.475] ActionCanvas MASK: 3458764513820540928
[LOG 20:54:36.476] AppCanvas MASK: 3458764513820540928
[LOG 20:54:36.477] MainCanvas MASK: 3458764513820540928
[LOG 20:54:43.383] Load(Assembly): /ModuleManager.4.2.3
[LOG 20:54:43.384] AssemblyLoader: Loading assembly at C:\Users\lhervier\Perso\ksp-dev\GameData\ModuleManager.4.2.3.dll
[LOG 20:54:43.402] AssemblyLoader: KSPAssembly 'ModuleManager' V2.5.0
[LOG 20:54:43.402] Load(Assembly): 000_Harmony/0Harmony
[LOG 20:54:43.402] AssemblyLoader: Loading assembly at C:\Users\lhervier\Perso\ksp-dev\GameData\000_Harmony\0Harmony.dll
[LOG 20:54:43.405] Load(Assembly): 000_Harmony/HarmonyInstallChecker
[LOG 20:54:43.405] AssemblyLoader: Loading assembly at C:\Users\lhervier\Perso\ksp-dev\GameData\000_Harmony\HarmonyInstallChecker.dll
[LOG 20:54:43.406] AssemblyLoader: KSPAssembly 'HarmonyKSP' V1.0.0
[LOG 20:54:43.406] Load(Assembly): KSPCommunityFixes/Plugins/0_MultipleModuleInPartAPI
[LOG 20:54:43.406] AssemblyLoader: Loading assembly at C:\Users\lhervier\Perso\ksp-dev\GameData\KSPCommunityFixes\Plugins\0_MultipleModuleInPartAPI.dll
[LOG 20:54:43.406] AssemblyLoader: KSPAssembly 'MultipleModulePartAPI' V1.0.0
[LOG 20:54:43.406] Load(Assembly): KSPCommunityFixes/Plugins/KSPCommunityFixes
[LOG 20:54:43.406] AssemblyLoader: Loading assembly at C:\Users\lhervier\Perso\ksp-dev\GameData\KSPCommunityFixes\Plugins\KSPCommunityFixes.dll
[LOG 20:54:43.414] AssemblyLoader: KSPAssembly 'KSPCommunityFixes' V1.41.1
[LOG 20:54:43.414] AssemblyLoader: KSPAssemblyDependency 'HarmonyKSP' V1.0.0
[LOG 20:54:43.414] AssemblyLoader: KSPAssemblyDependency 'ModuleManager' V1.0.0
[LOG 20:54:43.414] AssemblyLoader: KSPAssemblyDependency 'MultipleModulePartAPI' V1.0.0
[LOG 20:54:43.414] Load(Assembly): Squad/Plugins/KSPSteamCtrlr
[LOG 20:54:43.414] AssemblyLoader: Loading assembly at C:\Users\lhervier\Perso\ksp-dev\GameData\Squad\Plugins\KSPSteamCtrlr.dll
[LOG 20:54:43.416] Load(Assembly): TerrainPrecisionFixDiag2Mod/TerrainPrecisionFixDiag2Mod
[LOG 20:54:43.416] AssemblyLoader: Loading assembly at C:\Users\lhervier\Perso\ksp-dev\GameData\TerrainPrecisionFixDiag2Mod\TerrainPrecisionFixDiag2Mod.dll
[LOG 20:54:43.417] AssemblyLoader: Loading assemblies
[LOG 20:54:43.481] VesselModules: Found VesselModule of type AxisGroupsModule with order 999
[LOG 20:54:43.516] VesselModules: Found VesselModule of type CometVessel with order 999
[LOG 20:54:43.517] VesselModules: Found VesselModule of type SuspensionLoadBalancer with order 999
[LOG 20:54:43.518] VesselModules: Found VesselModule of type FlightIntegrator with order 0
[LOG 20:54:43.520] VesselModules: Found VesselModule of type CommNetVessel with order 999
[LOG 20:54:43.524] VesselModules: Found 5 VesselModule types
[LOG 20:54:43.531] 
************************************************************************

Environment Info
Win32NT 7FFFFFFFFFFFFFFF  Args: KSP_x64.exe 

Mod DLLs found:
Stock assembly: Assembly-CSharp v0.0.0.0
ModuleManager v4.2.3.0
0Harmony v2.2.1.0
HarmonyInstallChecker v2.2.1.0
0_MultipleModuleInPartAPI v1.0.0.0 / v1.0.0+7969fdc50bf4e350193abe5ba2e89533b12ca02f
KSPCommunityFixes v1.41.0.0 / v1.41.1+7969fdc50bf4e350193abe5ba2e89533b12ca02f / v1.41.1.0
Stock assembly: KSPSteamCtrlr v0.0.1.35
TerrainPrecisionFixDiag2Mod v1.0.9763.17423

Folders and files in GameData:
000_Harmony
KSPCommunityFixes
Stock folder: Squad

Stock folder: SquadExpansion

TerrainPrecisionFixDiag2Mod
ModuleManager.4.2.3.dll
ModuleManager.ConfigCache
ModuleManager.ConfigSHA
ModuleManager.Physics
ModuleManager.TechTree

************************************************************************

[LOG 20:54:43.541] [AddonLoader]: Instantiating addon 'ModuleManager' from assembly 'ModuleManager'
[LOG 20:54:43.551] [ModuleManager] Adding post patch to the loading screen 4
[LOG 20:54:43.553] [ModuleManager] Patching started on a new thread, all output will be directed to C:\Users\lhervier\Perso\ksp-dev\Logs\ModuleManager\ModuleManager.log
[LOG 20:54:43.555] [AddonLoader]: Instantiating addon 'HarmonyInstallChecker' from assembly 'HarmonyKSP'
[LOG 20:54:43.556] [AddonLoader]: Instantiating addon 'KSPCommunityFixes' from assembly 'KSPCommunityFixes'
[LOG 20:54:43.557] [AddonLoader]: Instantiating addon 'NoIVA' from assembly 'KSPCommunityFixes'
[LOG 20:54:43.558] [AddonLoader]: Instantiating addon 'ConfigNodePerf' from assembly 'KSPCommunityFixes'
[LOG 20:54:43.727] [AddonLoader]: Instantiating addon 'KSPCFFastLoader' from assembly 'KSPCommunityFixes'
[LOG 20:54:43.728] [KSPCF] Injecting FastLoader...
[LOG 20:54:43.749] [KSPCommunityFixes] Patch GameDatabasePerf applied.
[LOG 20:54:43.820] [AddonLoader]: Instantiating addon 'ReflectionTypeLoadExceptionHandler' from assembly 'KSPCommunityFixes'
[LOG 20:54:43.822] [AddonLoader]: Instantiating addon 'KSPSteamController' from assembly 'KSPSteamCtrlr'
[LOG 20:54:44.872] [KSPCF] Taking over stock loader. An exception will follow, this is intended.
[EXC 20:54:44.875] Exception: Terminating stock loader coroutine, this is intended and not an error
	KSPCommunityFixes.Performance.KSPCFFastLoader.GameDatabase_SetupMainLoaders_Prefix () (at <62bb7f5420994f409a34377c091e8538>:0)
	(wrapper dynamic-method) GameDatabase.GameDatabase.SetupMainLoaders_Patch1(GameDatabase)
	GameDatabase+<LoadObjects>d__90.MoveNext () (at <4b449f2841f84227adfaad3149c8fdba>:0)
	UnityEngine.SetupCoroutine.InvokeMoveNext (System.Collections.IEnumerator enumerator, System.IntPtr returnValueAddress) (at <12e76cd50cc64cf19e759e981cb725af>:0)
	UnityEngine.DebugLogHandler:LogException(Exception, Object)
	ModuleManager.UnityLogHandle.InterceptLogHandler:LogException(Exception, Object)
	UnityEngine.MonoBehaviour:StartCoroutine(IEnumerator)
	<CreateDatabase>d__71:MoveNext()
	UnityEngine.MonoBehaviour:StartCoroutine(IEnumerator)
	GameDatabase:StartLoad()
	<LoadSystems>d__11:MoveNext()
	UnityEngine.MonoBehaviour:StartCoroutine(IEnumerator)
	LoadingScreen:Start()
[LOG 20:54:45.027] Preloading Asset Bundle Definitions
[LOG 20:54:45.301] Load Audio: Squad/Alarms/Sounds/Chirps
[LOG 20:54:45.318] Load Audio: Squad/Alarms/Sounds/Classic
[LOG 20:54:45.319] Load Audio: Squad/Alarms/Sounds/ClockTower
[LOG 20:54:45.319] Load Audio: Squad/Alarms/Sounds/ComputerGlass1
[LOG 20:54:45.319] Load Audio: Squad/Alarms/Sounds/ComputerGlass2
[LOG 20:54:45.319] Load Audio: Squad/Alarms/Sounds/ComputerShort
[LOG 20:54:45.320] Load Audio: Squad/Alarms/Sounds/ComputerTriad
[LOG 20:54:45.320] Load Audio: Squad/Alarms/Sounds/DoorBell
[LOG 20:54:45.321] Load Audio: Squad/Alarms/Sounds/Glass
[LOG 20:54:45.321] Load Audio: Squad/Alarms/Sounds/Klaxon
[LOG 20:54:45.321] Load Audio: Squad/Alarms/Sounds/Mobile
[LOG 20:54:45.322] Load Audio: Squad/Alarms/Sounds/Morning
[LOG 20:54:45.322] Load Audio: Squad/Alarms/Sounds/OldClock
[LOG 20:54:45.322] Load Audio: Squad/Alarms/Sounds/OldHorn
[LOG 20:54:45.323] Load Audio: Squad/Alarms/Sounds/Ripple
[LOG 20:54:45.323] Load Audio: Squad/Sounds/editorLoop01
[LOG 20:54:45.323] Load Audio: Squad/Sounds/elev_loop
[LOG 20:54:45.323] Load Audio: Squad/Sounds/elev_start
[LOG 20:54:45.323] Load Audio: Squad/Sounds/elev_stop
[LOG 20:54:45.324] Load Audio: Squad/Sounds/fireworks_explosion_2
[LOG 20:54:45.324] Load Audio: Squad/Sounds/fireworks_explosion_3
[LOG 20:54:45.324] Load Audio: Squad/Sounds/fireworks_explosion_4
[LOG 20:54:45.324] Load Audio: Squad/Sounds/fireworks_launch_boom
[LOG 20:54:45.325] Load Audio: Squad/Sounds/fireworks_only_crackle_crackle_1
[LOG 20:54:45.325] Load Audio: Squad/Sounds/fireworks_only_crackle_dragon_1
[LOG 20:54:45.537] Load Audio: Squad/Sounds/fireworks_only_crackle_palm_1
[LOG 20:54:45.537] Load Audio: Squad/Sounds/fireworks_whistle
[LOG 20:54:45.538] Load Audio: Squad/Sounds/ksp1_banana_V2_01
[LOG 20:54:45.538] Load Audio: Squad/Sounds/ksp1_banana_V2_04
[LOG 20:54:45.538] Load Audio: Squad/Sounds/ksp1_banana_V2_05
[LOG 20:54:45.539] Load Audio: Squad/Sounds/ksp1_golf_swing_normal
[LOG 20:54:45.539] Load Audio: Squad/Sounds/ksp1_ground_anchor_v2_1
[LOG 20:54:45.539] Load Audio: Squad/Sounds/ksp1_strunts_disconnect_v3_pitched2
[LOG 20:54:45.540] Load Audio: Squad/Sounds/repairKit_repair1
[LOG 20:54:45.540] Load Audio: Squad/Sounds/repairKit_repair2
[LOG 20:54:45.540] Load Audio: Squad/Sounds/sound_ambience_nature
[LOG 20:54:45.541] Load Audio: Squad/Sounds/sound_click_flick
[LOG 20:54:45.541] Load Audio: Squad/Sounds/sound_click_latch
[LOG 20:54:45.541] Load Audio: Squad/Sounds/sound_click_sharp
[LOG 20:54:45.678] Load Audio: Squad/Sounds/sound_click_tick
[LOG 20:54:45.678] Load Audio: Squad/Sounds/sound_click_tock
[LOG 20:54:45.678] Load Audio: Squad/Sounds/sound_decoupler_fire
[LOG 20:54:45.679] Load Audio: Squad/Sounds/sound_delete_bin
[LOG 20:54:45.679] Load Audio: Squad/Sounds/sound_explosion_debris1
[LOG 20:54:45.679] Load Audio: Squad/Sounds/sound_explosion_debris2
[LOG 20:54:45.679] Load Audio: Squad/Sounds/sound_explosion_large
[LOG 20:54:45.679] Load Audio: Squad/Sounds/sound_rocket_mini
[LOG 20:54:45.679] Load Audio: Squad/Sounds/sound_rocket_spurts
[LOG 20:54:45.679] Load Audio: Squad/Sounds/sound_servomotor
[LOG 20:54:45.679] Load Audio: Squad/Sounds/sound_tab_extend
[LOG 20:54:45.680] Load Audio: Squad/Sounds/sound_tab_retreat
[LOG 20:54:45.680] Load Audio: SquadExpansion/Serenity/Sounds/robo_arm_large_end
[LOG 20:54:45.680] Load Audio: SquadExpansion/Serenity/Sounds/robo_arm_large_motor_00
[LOG 20:54:45.680] Load Audio: SquadExpansion/Serenity/Sounds/robo_arm_large_scan
[LOG 20:54:45.681] Load Audio: SquadExpansion/Serenity/Sounds/robo_arm_large_start
[LOG 20:54:45.681] Load Audio: SquadExpansion/Serenity/Sounds/robo_arm_medium_end
[LOG 20:54:45.681] Load Audio: SquadExpansion/Serenity/Sounds/robo_arm_medium_motor_00
[LOG 20:54:45.681] Load Audio: SquadExpansion/Serenity/Sounds/robo_arm_medium_scan
[LOG 20:54:45.682] Load Audio: SquadExpansion/Serenity/Sounds/robo_arm_medium_start
[LOG 20:54:45.682] Load Audio: SquadExpansion/Serenity/Sounds/robo_arm_small_end
[LOG 20:54:45.682] Load Audio: SquadExpansion/Serenity/Sounds/robo_arm_small_motor_00
[LOG 20:54:45.682] Load Audio: SquadExpansion/Serenity/Sounds/robo_arm_small_scan
[LOG 20:54:45.682] Load Audio: SquadExpansion/Serenity/Sounds/robo_arm_small_start
[LOG 20:54:45.682] Load Audio: SquadExpansion/Serenity/Sounds/sfx_cryoVolcano_burst
[LOG 20:54:45.723] Load Audio: SquadExpansion/Serenity/Sounds/sfx_cryoVolcano_idle
[LOG 20:54:45.723] Load Audio: SquadExpansion/Serenity/Sounds/sfx_deployable_booster_antena_end
[LOG 20:54:45.723] Load Audio: SquadExpansion/Serenity/Sounds/sfx_deployable_booster_antena_start
[LOG 20:54:45.724] Load Audio: SquadExpansion/Serenity/Sounds/sfx_deployable_central_station_end
[LOG 20:54:45.724] Load Audio: SquadExpansion/Serenity/Sounds/sfx_deployable_central_station_loop
[LOG 20:54:45.724] Load Audio: SquadExpansion/Serenity/Sounds/sfx_deployable_central_station_start
[LOG 20:54:45.725] Load Audio: SquadExpansion/Serenity/Sounds/sfx_deployable_detector_end
[LOG 20:54:45.725] Load Audio: SquadExpansion/Serenity/Sounds/sfx_deployable_detector_start
[LOG 20:54:45.725] Load Audio: SquadExpansion/Serenity/Sounds/sfx_deployable_GoObEd_end
[LOG 20:54:45.725] Load Audio: SquadExpansion/Serenity/Sounds/sfx_deployable_GoObEd_loop
[LOG 20:54:45.725] Load Audio: SquadExpansion/Serenity/Sounds/sfx_deployable_GoObEd_start
[LOG 20:54:45.725] Load Audio: SquadExpansion/Serenity/Sounds/sfx_deployable_rtg_end
[LOG 20:54:45.725] Load Audio: SquadExpansion/Serenity/Sounds/sfx_deployable_rtg_start
[LOG 20:54:45.725] Load Audio: SquadExpansion/Serenity/Sounds/sfx_deployable_seismometer_end
[LOG 20:54:45.725] Load Audio: SquadExpansion/Serenity/Sounds/sfx_deployable_seismometer_start
[LOG 20:54:45.726] Load Audio: SquadExpansion/Serenity/Sounds/sfx_deployable_solar_panel_end
[LOG 20:54:45.726] Load Audio: SquadExpansion/Serenity/Sounds/sfx_deployable_solar_panel_start
[LOG 20:54:45.726] Load Audio: SquadExpansion/Serenity/Sounds/sfx_deployable_weather_station_end
[LOG 20:54:45.726] Load Audio: SquadExpansion/Serenity/Sounds/sfx_deployable_weather_station_loop
[LOG 20:54:45.726] Load Audio: SquadExpansion/Serenity/Sounds/sfx_deployable_weather_station_start
[LOG 20:54:45.726] Load Audio: SquadExpansion/Serenity/Sounds/sfx_geyser_burst
[LOG 20:54:45.727] Load Audio: SquadExpansion/Serenity/Sounds/sfx_geyser_idle
[LOG 20:54:45.789] Load DDS texture: KSPCommunityFixes/MMPatches/StockTweaks/Icons/Clamp-O-Tron
[LOG 20:54:45.792] Load TRUECOLOR texture: KSPCommunityFixes/MMPatches/StockTweaks/Icons/Clamp-O-Tron_scaled
[LOG 20:54:45.796] Load DDS texture: KSPCommunityFixes/MMPatches/StockTweaks/Icons/FreeFallParachutes
[LOG 20:54:45.797] Load TRUECOLOR texture: KSPCommunityFixes/MMPatches/StockTweaks/Icons/FreeFallParachutes_scaled
[LOG 20:54:45.803] Load DDS texture: KSPCommunityFixes/MMPatches/StockTweaks/Icons/LightYearTireCompany
[LOG 20:54:45.803] Load TRUECOLOR texture: KSPCommunityFixes/MMPatches/StockTweaks/Icons/LightYearTireCompany_scaled
[LOG 20:54:45.809] Load DDS texture: KSPCommunityFixes/MMPatches/StockTweaks/Icons/StratusCorporation
[LOG 20:54:45.810] Load TRUECOLOR texture: KSPCommunityFixes/MMPatches/StockTweaks/Icons/StratusCorporation_scaled
[LOG 20:54:45.820] Load DDS texture: Squad/Agencies/C7AerospaceDivision
[LOG 20:54:45.820] Load TRUECOLOR texture: Squad/Agencies/C7AerospaceDivision_scaled
[LOG 20:54:45.826] Load DDS texture: Squad/Agencies/DinkelsteinKermansConstructionEmporium
[LOG 20:54:45.826] Load TRUECOLOR texture: Squad/Agencies/DinkelsteinKermansConstructionEmporium_scaled
[LOG 20:54:45.833] Load DDS texture: Squad/Agencies/ExperimentalEngineering
[LOG 20:54:45.833] Load TRUECOLOR texture: Squad/Agencies/ExperimentalEngineering_scaled
[LOG 20:54:45.839] Load DDS texture: Squad/Agencies/FlooydResearchLab
[LOG 20:54:45.839] Load TRUECOLOR texture: Squad/Agencies/FlooydResearchLab_scaled
[LOG 20:54:45.847] Load DDS texture: Squad/Agencies/GoliathNationalProducts
[LOG 20:54:45.849] Load TRUECOLOR texture: Squad/Agencies/GoliathNationalProducts_scaled
[LOG 20:54:45.856] Load DDS texture: Squad/Agencies/IntegratedIntegrals
[LOG 20:54:45.856] Load TRUECOLOR texture: Squad/Agencies/IntegratedIntegrals_scaled
[LOG 20:54:45.863] Load DDS texture: Squad/Agencies/IonicSymphonicProtonicElectronics
[LOG 20:54:45.864] Load TRUECOLOR texture: Squad/Agencies/IonicSymphonicProtonicElectronics_scaled
[LOG 20:54:45.870] Load DDS texture: Squad/Agencies/JebsJunkyard
[LOG 20:54:45.870] Load TRUECOLOR texture: Squad/Agencies/JebsJunkyard_scaled
[LOG 20:54:45.878] Load DDS texture: Squad/Agencies/KerbalMotion
[LOG 20:54:45.879] Load TRUECOLOR texture: Squad/Agencies/KerbalMotion_scaled
[LOG 20:54:45.887] Load DDS texture: Squad/Agencies/KerbinWorldFirstRecordKeepingSociety
[LOG 20:54:45.888] Load TRUECOLOR texture: Squad/Agencies/KerbinWorldFirstRecordKeepingSociety_scaled
[LOG 20:54:45.898] Load DDS texture: Squad/Agencies/Kerbodyne
[LOG 20:54:45.899] Load TRUECOLOR texture: Squad/Agencies/Kerbodyne_scaled
[LOG 20:54:45.905] Load DDS texture: Squad/Agencies/Kerlington
[LOG 20:54:45.905] Load TRUECOLOR texture: Squad/Agencies/Kerlington_scaled
[LOG 20:54:45.912] Load DDS texture: Squad/Agencies/MaxoConstructionToys
[LOG 20:54:45.913] Load TRUECOLOR texture: Squad/Agencies/MaxoConstructionToys_scaled
[LOG 20:54:45.921] Load DDS texture: Squad/Agencies/MovingPartsExpertsGroup
[LOG 20:54:45.923] Load TRUECOLOR texture: Squad/Agencies/MovingPartsExpertsGroup_scaled
[LOG 20:54:45.928] Load DDS texture: Squad/Agencies/OMBDemolition
[LOG 20:54:45.929] Load TRUECOLOR texture: Squad/Agencies/OMBDemolition_scaled
[LOG 20:54:45.936] Load DDS texture: Squad/Agencies/PeriapsisCo
[LOG 20:54:45.937] Load TRUECOLOR texture: Squad/Agencies/PeriapsisCo_scaled
[LOG 20:54:45.942] Load DDS texture: Squad/Agencies/Probodobodyne
[LOG 20:54:45.943] Load TRUECOLOR texture: Squad/Agencies/Probodobodyne_scaled
[LOG 20:54:45.948] Load DDS texture: Squad/Agencies/R&D
[LOG 20:54:45.949] Load TRUECOLOR texture: Squad/Agencies/R&D_scaled
[LOG 20:54:45.955] Load DDS texture: Squad/Agencies/ReactionSystemsLtd
[LOG 20:54:45.956] Load TRUECOLOR texture: Squad/Agencies/ReactionSystemsLtd_scaled
[LOG 20:54:45.961] Load DDS texture: Squad/Agencies/Rockomax
[LOG 20:54:45.961] Load TRUECOLOR texture: Squad/Agencies/Rockomax_scaled
[LOG 20:54:45.967] Load DDS texture: Squad/Agencies/Rokea
[LOG 20:54:45.968] Load TRUECOLOR texture: Squad/Agencies/Rokea_scaled
[LOG 20:54:45.973] Load DDS texture: Squad/Agencies/SeansCannery
[LOG 20:54:45.974] Load TRUECOLOR texture: Squad/Agencies/SeansCannery_scaled
[LOG 20:54:45.980] Load DDS texture: Squad/Agencies/SteadlerEngineeringCorps
[LOG 20:54:45.980] Load TRUECOLOR texture: Squad/Agencies/SteadlerEngineeringCorps_scaled
[LOG 20:54:45.987] Load DDS texture: Squad/Agencies/StrutCo
[LOG 20:54:45.987] Load TRUECOLOR texture: Squad/Agencies/StrutCo_scaled
[LOG 20:54:45.994] Load DDS texture: Squad/Agencies/Vac-Co
[LOG 20:54:45.995] Load TRUECOLOR texture: Squad/Agencies/Vac-Co_scaled
[LOG 20:54:46.001] Load DDS texture: Squad/Agencies/WinterOwl
[LOG 20:54:46.002] Load TRUECOLOR texture: Squad/Agencies/WinterOwl_scaled
[LOG 20:54:46.008] Load DDS texture: Squad/Agencies/ZaltonicElectronics
[LOG 20:54:46.009] Load TRUECOLOR texture: Squad/Agencies/ZaltonicElectronics_scaled
[LOG 20:54:46.015] Load Cached PNG Texture: Squad/Alarms/Icons/ap
[LOG 20:54:46.021] Load Cached PNG Texture: Squad/Alarms/Icons/default
[LOG 20:54:46.027] Load Cached PNG Texture: Squad/Alarms/Icons/maneuver
[LOG 20:54:46.032] Load Cached PNG Texture: Squad/Alarms/Icons/pe
[LOG 20:54:46.038] Load Cached PNG Texture: Squad/Alarms/Icons/raw
[LOG 20:54:46.044] Load Cached PNG Texture: Squad/Alarms/Icons/soi
[LOG 20:54:46.049] Load Cached PNG Texture: Squad/Alarms/Icons/xfer
[LOG 20:54:46.054] Load DDS texture: Squad/Contracts/Icons/balloon
[LOG 20:54:46.060] Load DDS texture: Squad/Contracts/Icons/custom
[LOG 20:54:46.066] Load DDS texture: Squad/Contracts/Icons/default
[LOG 20:54:46.073] Load DDS texture: Squad/Contracts/Icons/dish
[LOG 20:54:46.078] Load DDS texture: Squad/Contracts/Icons/eva
[LOG 20:54:46.084] Load DDS texture: Squad/Contracts/Icons/gravity
[LOG 20:54:46.089] Load Cached PNG Texture: Squad/Contracts/Icons/ksc
[LOG 20:54:46.094] Load DDS texture: Squad/Contracts/Icons/launchsite
[LOG 20:54:46.102] Load DDS texture: Squad/Contracts/Icons/marker
[LOG 20:54:46.110] Load DDS texture: Squad/Contracts/Icons/pressure
[LOG 20:54:46.115] Load DDS texture: Squad/Contracts/Icons/report
[LOG 20:54:46.120] Load DDS texture: Squad/Contracts/Icons/runway
[LOG 20:54:46.128] Load DDS texture: Squad/Contracts/Icons/sample
[LOG 20:54:46.134] Load DDS texture: Squad/Contracts/Icons/seismic
[LOG 20:54:46.140] Load DDS texture: Squad/Contracts/Icons/thermometer
[LOG 20:54:46.146] Load DDS texture: Squad/Contracts/Icons/vessel
[LOG 20:54:46.152] Load Cached PNG Texture: Squad/Flags/09
[LOG 20:54:46.160] Load Cached PNG Texture: Squad/Flags/blorbs
[LOG 20:54:46.168] Load Cached PNG Texture: Squad/Flags/bullseye
[LOG 20:54:46.174] Load Cached PNG Texture: Squad/Flags/capsule
[LOG 20:54:46.180] Load Cached PNG Texture: Squad/Flags/circles
[LOG 20:54:46.186] Load Cached PNG Texture: Squad/Flags/default
[LOG 20:54:46.193] Load Cached PNG Texture: Squad/Flags/hexagon
[LOG 20:54:46.199] Load Cached PNG Texture: Squad/Flags/hexagonCircles
[LOG 20:54:46.204] Load Cached PNG Texture: Squad/Flags/kerbal1
[LOG 20:54:46.211] Load Cached PNG Texture: Squad/Flags/kerbal2
[LOG 20:54:46.216] Load Cached PNG Texture: Squad/Flags/kerbin
[LOG 20:54:46.223] Load Cached PNG Texture: Squad/Flags/kerbinmunflag
[LOG 20:54:46.229] Load Cached PNG Texture: Squad/Flags/line
[LOG 20:54:46.235] Load Cached PNG Texture: Squad/Flags/minimalistic
[LOG 20:54:46.241] Load Cached PNG Texture: Squad/Flags/orbit
[LOG 20:54:46.245] Load Cached PNG Texture: Squad/Flags/orbs
[LOG 20:54:46.252] Load Cached PNG Texture: Squad/Flags/retro
[LOG 20:54:46.259] Load Cached PNG Texture: Squad/Flags/rings
[LOG 20:54:46.263] Load Cached PNG Texture: Squad/Flags/rocketScience
[LOG 20:54:46.269] Load Cached PNG Texture: Squad/Flags/satellite
[LOG 20:54:46.275] Load Cached PNG Texture: Squad/Flags/Sentinel_Flag
[LOG 20:54:46.281] Load Cached PNG Texture: Squad/Flags/spheres
[LOG 20:54:46.286] Load Cached PNG Texture: Squad/Flags/squadLogo
[LOG 20:54:46.292] Load Cached PNG Texture: Squad/Flags/squadLogo2
[LOG 20:54:46.298] Load Cached PNG Texture: Squad/Flags/stripes
[LOG 20:54:46.303] Load Cached PNG Texture: Squad/Flags/trees
[LOG 20:54:46.308] Load Cached PNG Texture: Squad/Flags/trippy
[LOG 20:54:46.315] Load Cached PNG Texture: Squad/FlagsAgency/esa_dark_blue
[LOG 20:54:46.320] Load Cached PNG Texture: Squad/FlagsAgency/NASA
[LOG 20:54:46.325] Load Cached PNG Texture: Squad/FlagsAgency/uk_space_agency
[LOG 20:54:46.332] Load Cached PNG Texture: Squad/FlagsOrganization/B612_Foundation_flag
[LOG 20:54:46.336] Load Cached PNG Texture: Squad/FlagsOrganization/electron
[LOG 20:54:46.342] Load Cached PNG Texture: Squad/FlagsOrganization/ESA_Arianespace
[LOG 20:54:46.348] Load Cached PNG Texture: Squad/FlagsOrganization/rocketlab
[LOG 20:54:46.353] Load DDS texture: Squad/FX/DiamondBlue
[LOG 20:54:46.358] Load DDS texture: Squad/FX/FlameBlueOrange
[LOG 20:54:46.363] Load DDS texture: Squad/FX/FlamePurple
[LOG 20:54:46.369] Load DDS texture: Squad/FX/FlameRed
[LOG 20:54:46.374] Load DDS texture: Squad/FX/FlameRedOrange
[LOG 20:54:46.380] Load DDS texture: Squad/FX/Monoprop
[LOG 20:54:46.384] Load DDS texture: Squad/FX/plasma2
[LOG 20:54:46.390] Load DDS texture: Squad/FX/rocketplume2
[LOG 20:54:46.396] Load DDS texture: Squad/FX/shockDiamond2
[LOG 20:54:46.401] Load DDS texture: Squad/FX/smokepuff1
[LOG 20:54:46.408] Load DDS texture: Squad/Interiors/Administration/AdminBuilding_Lvl1
[LOG 20:54:46.416] Load DDS texture: Squad/Interiors/Administration/AdminBuilding_Lvl2
[LOG 20:54:46.429] Load DDS texture: Squad/Interiors/Administration/AdminBuilding_Lvl3
[LOG 20:54:46.438] Load DDS texture: Squad/MenuProps/MunOrBust
[LOG 20:54:46.444] Load Cached PNG Texture: Squad/Missions/Banners/Fail/default
[LOG 20:54:46.445] Load PNG texture: Squad/Missions/Banners/Menu/default
[WRN 20:54:46.449] Texture isn't eligible for DXT compression, width and height must be multiples of 4
[LOG 20:54:46.451] Load Cached PNG Texture: Squad/Missions/Banners/Success/default
[LOG 20:54:46.452] Load PNG texture: Squad/Missions/ESA-BepiColombo/Banners/Fail/ESA_MB_Fail_01
[WRN 20:54:46.456] Texture isn't eligible for DXT compression, width and height must be multiples of 4
[LOG 20:54:46.456] Load PNG texture: Squad/Missions/ESA-BepiColombo/Banners/Menu/ESA_MB_Select_01
[WRN 20:54:46.459] Texture isn't eligible for DXT compression, width and height must be multiples of 4
[LOG 20:54:46.459] Load PNG texture: Squad/Missions/ESA-BepiColombo/Banners/Success/ESA_MB_Success_01
[WRN 20:54:46.463] Texture isn't eligible for DXT compression, width and height must be multiples of 4
[LOG 20:54:46.463] Load PNG texture: Squad/Missions/ESA-BepiColombo-Short/Banners/Fail/ESA_MB_Fail_01
[WRN 20:54:46.465] Texture isn't eligible for DXT compression, width and height must be multiples of 4
[LOG 20:54:46.465] Load PNG texture: Squad/Missions/ESA-BepiColombo-Short/Banners/Menu/ESA_MB_Select_01
[WRN 20:54:46.469] Texture isn't eligible for DXT compression, width and height must be multiples of 4
[LOG 20:54:46.469] Load PNG texture: Squad/Missions/ESA-BepiColombo-Short/Banners/Success/ESA_MB_Success_01
[WRN 20:54:46.472] Texture isn't eligible for DXT compression, width and height must be multiples of 4
[LOG 20:54:46.472] Load PNG texture: Squad/Missions/ESA-Rosetta/Banners/Fail/ESA_MB_Fail_02
[WRN 20:54:46.476] Texture isn't eligible for DXT compression, width and height must be multiples of 4
[LOG 20:54:46.476] Load PNG texture: Squad/Missions/ESA-Rosetta/Banners/Menu/ESA_MB_Select_02
[WRN 20:54:46.479] Texture isn't eligible for DXT compression, width and height must be multiples of 4
[LOG 20:54:46.479] Load PNG texture: Squad/Missions/ESA-Rosetta/Banners/Success/ESA_MB_Success_02
[WRN 20:54:46.482] Texture isn't eligible for DXT compression, width and height must be multiples of 4
[LOG 20:54:46.482] Load Cached PNG Texture: Squad/PartList/SimpleIcons/ablator
[LOG 20:54:46.482] Load Cached PNG Texture: Squad/PartList/SimpleIcons/active_radiator
[LOG 20:54:46.482] Load Cached PNG Texture: Squad/PartList/SimpleIcons/asteroid_drill
[LOG 20:54:46.482] Load Cached PNG Texture: Squad/PartList/SimpleIcons/cargo_part
[LOG 20:54:46.486] Load Cached PNG Texture: Squad/PartList/SimpleIcons/comet_drill
[LOG 20:54:46.492] Load Cached PNG Texture: Squad/PartList/SimpleIcons/core_heat
[LOG 20:54:46.498] Load Cached PNG Texture: Squad/PartList/SimpleIcons/cs_main
[LOG 20:54:46.503] Load Cached PNG Texture: Squad/PartList/SimpleIcons/cs_mk2
[LOG 20:54:46.507] Load Cached PNG Texture: Squad/PartList/SimpleIcons/cs_mk3
[LOG 20:54:46.512] Load Cached PNG Texture: Squad/PartList/SimpleIcons/cs_size0
[LOG 20:54:46.518] Load Cached PNG Texture: Squad/PartList/SimpleIcons/cs_size1
[LOG 20:54:46.523] Load Cached PNG Texture: Squad/PartList/SimpleIcons/cs_size1p5
[LOG 20:54:46.528] Load Cached PNG Texture: Squad/PartList/SimpleIcons/cs_size2
[LOG 20:54:46.533] Load Cached PNG Texture: Squad/PartList/SimpleIcons/cs_size3
[LOG 20:54:46.538] Load Cached PNG Texture: Squad/PartList/SimpleIcons/cs_size4
[LOG 20:54:46.544] Load Cached PNG Texture: Squad/PartList/SimpleIcons/cs_surface
[LOG 20:54:46.550] Load Cached PNG Texture: Squad/PartList/SimpleIcons/custom_built_fairing
[LOG 20:54:46.554] Load Cached PNG Texture: Squad/PartList/SimpleIcons/deployable_antenna
[LOG 20:54:46.559] Load Cached PNG Texture: Squad/PartList/SimpleIcons/deployable_comms_part
[LOG 20:54:46.565] Load Cached PNG Texture: Squad/PartList/SimpleIcons/deployable_ground_part
[LOG 20:54:46.570] Load Cached PNG Texture: Squad/PartList/SimpleIcons/deployable_part
[LOG 20:54:46.575] Load Cached PNG Texture: Squad/PartList/SimpleIcons/deployable_radiator
[LOG 20:54:46.581] Load Cached PNG Texture: Squad/PartList/SimpleIcons/deployed_science_control_unit
[LOG 20:54:46.586] Load Cached PNG Texture: Squad/PartList/SimpleIcons/deployed_science_experiment
[LOG 20:54:46.592] Load Cached PNG Texture: Squad/PartList/SimpleIcons/deployed_science_part
[LOG 20:54:46.596] Load Cached PNG Texture: Squad/PartList/SimpleIcons/enviro_sensor
[LOG 20:54:46.602] Load Cached PNG Texture: Squad/PartList/SimpleIcons/experience_management
[LOG 20:54:46.608] Load Cached PNG Texture: Squad/PartList/SimpleIcons/fuels_monopropellant
[LOG 20:54:46.614] Load Cached PNG Texture: Squad/PartList/SimpleIcons/fuels_ore
[LOG 20:54:46.619] Load Cached PNG Texture: Squad/PartList/SimpleIcons/fuels_oxidizer
[LOG 20:54:46.623] Load Cached PNG Texture: Squad/PartList/SimpleIcons/fuels_solidfuel
[LOG 20:54:46.629] Load Cached PNG Texture: Squad/PartList/SimpleIcons/fuels_xenongas
[LOG 20:54:46.634] Load Cached PNG Texture: Squad/PartList/SimpleIcons/inventory_part
[LOG 20:54:46.639] Load Cached PNG Texture: Squad/PartList/SimpleIcons/kerbnet_access
[LOG 20:54:46.645] Load Cached PNG Texture: Squad/PartList/SimpleIcons/number1
[LOG 20:54:46.650] Load Cached PNG Texture: Squad/PartList/SimpleIcons/number2
[LOG 20:54:46.655] Load Cached PNG Texture: Squad/PartList/SimpleIcons/number3
[LOG 20:54:46.661] Load Cached PNG Texture: Squad/PartList/SimpleIcons/number4
[LOG 20:54:46.665] Load Cached PNG Texture: Squad/PartList/SimpleIcons/number5
[LOG 20:54:46.670] Load Cached PNG Texture: Squad/PartList/SimpleIcons/number6
[LOG 20:54:46.676] Load Cached PNG Texture: Squad/PartList/SimpleIcons/number7
[LOG 20:54:46.682] Load Cached PNG Texture: Squad/PartList/SimpleIcons/number8
[LOG 20:54:46.688] Load Cached PNG Texture: Squad/PartList/SimpleIcons/number9
[LOG 20:54:46.694] Load Cached PNG Texture: Squad/PartList/SimpleIcons/probe_control_unit
[LOG 20:54:46.701] Load Cached PNG Texture: Squad/PartList/SimpleIcons/R&D_node_icon_advaerodynamics
[LOG 20:54:46.706] Load Cached PNG Texture: Squad/PartList/SimpleIcons/R&D_node_icon_advancedmotors
[LOG 20:54:46.712] Load Cached PNG Texture: Squad/PartList/SimpleIcons/R&D_node_icon_advconstruction
[LOG 20:54:46.717] Load Cached PNG Texture: Squad/PartList/SimpleIcons/R&D_node_icon_advelectrics
[LOG 20:54:46.724] Load Cached PNG Texture: Squad/PartList/SimpleIcons/R&D_node_icon_advexploration
[LOG 20:54:46.729] Load Cached PNG Texture: Squad/PartList/SimpleIcons/R&D_node_icon_advflightcontrol
[LOG 20:54:46.735] Load Cached PNG Texture: Squad/PartList/SimpleIcons/R&D_node_icon_advlanding
[LOG 20:54:46.740] Load Cached PNG Texture: Squad/PartList/SimpleIcons/R&D_node_icon_advmetalworks
[LOG 20:54:46.745] Load Cached PNG Texture: Squad/PartList/SimpleIcons/R&D_node_icon_advrocketry
[LOG 20:54:46.750] Load Cached PNG Texture: Squad/PartList/SimpleIcons/R&D_node_icon_advsciencetech
[LOG 20:54:46.756] Load Cached PNG Texture: Squad/PartList/SimpleIcons/R&D_node_icon_advunmanned
[LOG 20:54:46.761] Load Cached PNG Texture: Squad/PartList/SimpleIcons/R&D_node_icon_aerodynamicsystems
[LOG 20:54:46.766] Load Cached PNG Texture: Squad/PartList/SimpleIcons/R&D_node_icon_aerospacetech
[LOG 20:54:46.772] Load Cached PNG Texture: Squad/PartList/SimpleIcons/R&D_node_icon_automation
[LOG 20:54:46.777] Load Cached PNG Texture: Squad/PartList/SimpleIcons/R&D_node_icon_basicprobes
[LOG 20:54:46.784] Load Cached PNG Texture: Squad/PartList/SimpleIcons/R&D_node_icon_basicrocketry
[LOG 20:54:46.789] Load Cached PNG Texture: Squad/PartList/SimpleIcons/R&D_node_icon_composites
[LOG 20:54:46.794] Load Cached PNG Texture: Squad/PartList/SimpleIcons/R&D_node_icon_electrics
[LOG 20:54:46.800] Load Cached PNG Texture: Squad/PartList/SimpleIcons/R&D_node_icon_electronics
[LOG 20:54:46.806] Load Cached PNG Texture: Squad/PartList/SimpleIcons/R&D_node_icon_evatech
[LOG 20:54:46.811] Load Cached PNG Texture: Squad/PartList/SimpleIcons/R&D_node_icon_experimentalaerodynamics
[LOG 20:54:46.816] Load Cached PNG Texture: Squad/PartList/SimpleIcons/R&D_node_icon_experimentalelectrics
[LOG 20:54:46.822] Load Cached PNG Texture: Squad/PartList/SimpleIcons/R&D_node_icon_experimentalmotors
[LOG 20:54:46.829] Load Cached PNG Texture: Squad/PartList/SimpleIcons/R&D_node_icon_experimentalrocketry
[LOG 20:54:46.835] Load Cached PNG Texture: Squad/PartList/SimpleIcons/R&D_node_icon_experimentalscience
[LOG 20:54:46.842] Load Cached PNG Texture: Squad/PartList/SimpleIcons/R&D_node_icon_fieldscience
[LOG 20:54:46.848] Load Cached PNG Texture: Squad/PartList/SimpleIcons/R&D_node_icon_flightcontrol
[LOG 20:54:46.854] Load Cached PNG Texture: Squad/PartList/SimpleIcons/R&D_node_icon_fuelsystems
[LOG 20:54:46.859] Load Cached PNG Texture: Squad/PartList/SimpleIcons/R&D_node_icon_generalconstruction
[LOG 20:54:46.865] Load Cached PNG Texture: Squad/PartList/SimpleIcons/R&D_node_icon_generalrocketry
[LOG 20:54:46.870] Load Cached PNG Texture: Squad/PartList/SimpleIcons/R&D_node_icon_generic
[LOG 20:54:46.875] Load Cached PNG Texture: Squad/PartList/SimpleIcons/R&D_node_icon_heavierrocketry
[LOG 20:54:46.880] Load Cached PNG Texture: Squad/PartList/SimpleIcons/R&D_node_icon_heavyaerodynamics
[LOG 20:54:46.886] Load Cached PNG Texture: Squad/PartList/SimpleIcons/R&D_node_icon_heavyrocketry
[LOG 20:54:46.892] Load Cached PNG Texture: Squad/PartList/SimpleIcons/R&D_node_icon_highaltitudeflight
[LOG 20:54:46.898] Load Cached PNG Texture: Squad/PartList/SimpleIcons/R&D_node_icon_highaltitudepropulsion
[LOG 20:54:46.903] Load Cached PNG Texture: Squad/PartList/SimpleIcons/R&D_node_icon_hypersonicflight
[LOG 20:54:46.908] Load Cached PNG Texture: Squad/PartList/SimpleIcons/R&D_node_icon_ionpropulsion
[LOG 20:54:46.913] Load Cached PNG Texture: Squad/PartList/SimpleIcons/R&D_node_icon_landing
[LOG 20:54:46.919] Load Cached PNG Texture: Squad/PartList/SimpleIcons/R&D_node_icon_largecontrol
[LOG 20:54:46.923] Load Cached PNG Texture: Squad/PartList/SimpleIcons/R&D_node_icon_largeelectrics
[LOG 20:54:46.930] Load Cached PNG Texture: Squad/PartList/SimpleIcons/R&D_node_icon_largeprobes
[LOG 20:54:46.935] Load Cached PNG Texture: Squad/PartList/SimpleIcons/R&D_node_icon_metamaterials
[LOG 20:54:46.941] Load Cached PNG Texture: Squad/PartList/SimpleIcons/R&D_node_icon_nanolathing
[LOG 20:54:46.946] Load Cached PNG Texture: Squad/PartList/SimpleIcons/R&D_node_icon_nuclearpropulsion
[LOG 20:54:46.951] Load Cached PNG Texture: Squad/PartList/SimpleIcons/R&D_node_icon_precisionengineering
[LOG 20:54:46.956] Load Cached PNG Texture: Squad/PartList/SimpleIcons/R&D_node_icon_robotics
[LOG 20:54:46.962] Load Cached PNG Texture: Squad/PartList/SimpleIcons/R&D_node_icon_sciencetech
[LOG 20:54:46.968] Load Cached PNG Texture: Squad/PartList/SimpleIcons/R&D_node_icon_specializedconstruction
[LOG 20:54:46.973] Load Cached PNG Texture: Squad/PartList/SimpleIcons/R&D_node_icon_specializedcontrol
[LOG 20:54:46.978] Load Cached PNG Texture: Squad/PartList/SimpleIcons/R&D_node_icon_specializedelectrics
[LOG 20:54:46.983] Load Cached PNG Texture: Squad/PartList/SimpleIcons/R&D_node_icon_stability
[LOG 20:54:46.989] Load Cached PNG Texture: Squad/PartList/SimpleIcons/R&D_node_icon_start
[LOG 20:54:46.993] Load Cached PNG Texture: Squad/PartList/SimpleIcons/R&D_node_icon_supersonicflight
[LOG 20:54:46.999] Load Cached PNG Texture: Squad/PartList/SimpleIcons/R&D_node_icon_survivability
[LOG 20:54:47.005] Load Cached PNG Texture: Squad/PartList/SimpleIcons/R&D_node_icon_unmannedtech
[LOG 20:54:47.010] Load Cached PNG Texture: Squad/PartList/SimpleIcons/R&D_node_icon_veryheavyrocketry
[LOG 20:54:47.015] Load Cached PNG Texture: Squad/PartList/SimpleIcons/rcsfx
[LOG 20:54:47.020] Load Cached PNG Texture: Squad/PartList/SimpleIcons/RDicon_aerospaceTech2
[LOG 20:54:47.026] Load Cached PNG Texture: Squad/PartList/SimpleIcons/RDicon_commandmodules
[LOG 20:54:47.031] Load Cached PNG Texture: Squad/PartList/SimpleIcons/RDicon_fuelSystems-advanced
[LOG 20:54:47.037] Load Cached PNG Texture: Squad/PartList/SimpleIcons/RDicon_fuelSystems-highPerformance
[LOG 20:54:47.042] Load Cached PNG Texture: Squad/PartList/SimpleIcons/RDicon_largeVolumeContainment
[LOG 20:54:47.046] Load Cached PNG Texture: Squad/PartList/SimpleIcons/RDicon_miniaturization
[LOG 20:54:47.052] Load Cached PNG Texture: Squad/PartList/SimpleIcons/RDicon_propulsion-precision
[LOG 20:54:47.057] Load Cached PNG Texture: Squad/PartList/SimpleIcons/RDicon_propulsionSystems
[LOG 20:54:47.062] Load Cached PNG Texture: Squad/PartList/SimpleIcons/RDicon_telescope
[LOG 20:54:47.067] Load Cached PNG Texture: Squad/PartList/SimpleIcons/robotic_controller
[LOG 20:54:47.072] Load Cached PNG Texture: Squad/PartList/SimpleIcons/robotic_rotation_servo
[LOG 20:54:47.078] Load Cached PNG Texture: Squad/PartList/SimpleIcons/robotic_servo_hinge
[LOG 20:54:47.083] Load Cached PNG Texture: Squad/PartList/SimpleIcons/robotic_servo_piston
[LOG 20:54:47.089] Load Cached PNG Texture: Squad/PartList/SimpleIcons/robotic_servo_rotor
[LOG 20:54:47.094] Load Cached PNG Texture: Squad/PartList/SimpleIcons/scanner_arm
[LOG 20:54:47.099] Load Cached PNG Texture: Squad/PartList/SimpleIcons/variant
[LOG 20:54:47.105] Load Cached PNG Texture: Squad/Parts/@thumbs/adapterSmallMiniShort_icon0
[LOG 20:54:47.112] Load Cached PNG Texture: Squad/Parts/@thumbs/adapterSmallMiniShort_icon1
[LOG 20:54:47.118] Load Cached PNG Texture: Squad/Parts/@thumbs/adapterSmallMiniTall_icon0
[LOG 20:54:47.125] Load Cached PNG Texture: Squad/Parts/@thumbs/adapterSmallMiniTall_icon1
[LOG 20:54:47.131] Load Cached PNG Texture: Squad/Parts/@thumbs/AdvancedCanard_icon
[LOG 20:54:47.138] Load Cached PNG Texture: Squad/Parts/@thumbs/advSasModule_icon
[LOG 20:54:47.144] Load Cached PNG Texture: Squad/Parts/@thumbs/airbrake1_icon
[LOG 20:54:47.151] Load Cached PNG Texture: Squad/Parts/@thumbs/airScoop_icon
[LOG 20:54:47.157] Load Cached PNG Texture: Squad/Parts/@thumbs/avionicsNoseCone_icon
[LOG 20:54:47.163] Load Cached PNG Texture: Squad/Parts/@thumbs/basicFin_icon
[LOG 20:54:47.169] Load Cached PNG Texture: Squad/Parts/@thumbs/batteryBankMini_icon
[LOG 20:54:47.174] Load Cached PNG Texture: Squad/Parts/@thumbs/batteryBank_icon
[LOG 20:54:47.180] Load Cached PNG Texture: Squad/Parts/@thumbs/batteryPack_icon
[LOG 20:54:47.192] Load Cached PNG Texture: Squad/Parts/@thumbs/cargoContainer_icon
[LOG 20:54:47.199] Load Cached PNG Texture: Squad/Parts/@thumbs/CircularIntake_icon
[LOG 20:54:47.209] Load Cached PNG Texture: Squad/Parts/@thumbs/commDish_icon
[LOG 20:54:47.216] Load Cached PNG Texture: Squad/Parts/@thumbs/Decoupler.0_icon0
[LOG 20:54:47.249] Load Cached PNG Texture: Squad/Parts/@thumbs/Decoupler.0_icon1
[LOG 20:54:47.268] Load Cached PNG Texture: Squad/Parts/@thumbs/Decoupler.1_icon0
[LOG 20:54:47.276] Load Cached PNG Texture: Squad/Parts/@thumbs/Decoupler.1_icon1
[LOG 20:54:47.282] Load Cached PNG Texture: Squad/Parts/@thumbs/dockingPort1_icon
[LOG 20:54:47.289] Load Cached PNG Texture: Squad/Parts/@thumbs/dockingPort2_icon
[LOG 20:54:47.294] Load Cached PNG Texture: Squad/Parts/@thumbs/dockingPort3_icon
[LOG 20:54:47.300] Load Cached PNG Texture: Squad/Parts/@thumbs/domeLight1_icon0
[LOG 20:54:47.306] Load Cached PNG Texture: Squad/Parts/@thumbs/domeLight1_icon1
[LOG 20:54:47.317] Load Cached PNG Texture: Squad/Parts/@thumbs/elevon2_icon
[LOG 20:54:47.326] Load Cached PNG Texture: Squad/Parts/@thumbs/elevon3_icon
[LOG 20:54:47.332] Load Cached PNG Texture: Squad/Parts/@thumbs/elevon5_icon
[LOG 20:54:47.339] Load Cached PNG Texture: Squad/Parts/@thumbs/evaChute_icon
[LOG 20:54:47.344] Load Cached PNG Texture: Squad/Parts/@thumbs/evaCylinder_icon
[LOG 20:54:47.350] Load Cached PNG Texture: Squad/Parts/@thumbs/evaJetpack_icon
[LOG 20:54:47.357] Load Cached PNG Texture: Squad/Parts/@thumbs/evaRepairKit_icon
[LOG 20:54:47.363] Load Cached PNG Texture: Squad/Parts/@thumbs/evaScienceKit_icon
[LOG 20:54:47.370] Load Cached PNG Texture: Squad/Parts/@thumbs/externalTankCapsule_icon0
[LOG 20:54:47.375] Load Cached PNG Texture: Squad/Parts/@thumbs/externalTankCapsule_icon1
[LOG 20:54:47.382] Load Cached PNG Texture: Squad/Parts/@thumbs/externalTankRound_icon0
[LOG 20:54:47.388] Load Cached PNG Texture: Squad/Parts/@thumbs/externalTankRound_icon1
[LOG 20:54:47.395] Load Cached PNG Texture: Squad/Parts/@thumbs/externalTankToroid_icon0
[LOG 20:54:47.402] Load Cached PNG Texture: Squad/Parts/@thumbs/externalTankToroid_icon1
[LOG 20:54:47.408] Load Cached PNG Texture: Squad/Parts/@thumbs/fireworksLauncherBig_icon
[LOG 20:54:47.414] Load Cached PNG Texture: Squad/Parts/@thumbs/fireworksLauncherSmall_icon
[LOG 20:54:47.421] Load Cached PNG Texture: Squad/Parts/@thumbs/foldingRadMed_icon
[LOG 20:54:47.426] Load Cached PNG Texture: Squad/Parts/@thumbs/foldingRadSmall_icon
[LOG 20:54:47.433] Load Cached PNG Texture: Squad/Parts/@thumbs/FuelCellArray_icon
[LOG 20:54:47.440] Load Cached PNG Texture: Squad/Parts/@thumbs/FuelCell_icon
[LOG 20:54:47.447] Load Cached PNG Texture: Squad/Parts/@thumbs/fuelTank.long_icon0
[LOG 20:54:47.452] Load Cached PNG Texture: Squad/Parts/@thumbs/fuelTankSmallFlat_icon0
[LOG 20:54:47.459] Load Cached PNG Texture: Squad/Parts/@thumbs/fuelTankSmallFlat_icon1
[LOG 20:54:47.465] Load Cached PNG Texture: Squad/Parts/@thumbs/fuelTankSmallFlat_icon2
[LOG 20:54:47.472] Load Cached PNG Texture: Squad/Parts/@thumbs/fuelTankSmallFlat_icon3
[LOG 20:54:47.478] Load Cached PNG Texture: Squad/Parts/@thumbs/fuelTankSmall_icon0
[LOG 20:54:47.484] Load Cached PNG Texture: Squad/Parts/@thumbs/fuelTankSmall_icon1
[LOG 20:54:47.490] Load Cached PNG Texture: Squad/Parts/@thumbs/fuelTankSmall_icon2
[LOG 20:54:47.496] Load Cached PNG Texture: Squad/Parts/@thumbs/fuelTankSmall_icon3
[LOG 20:54:47.502] Load Cached PNG Texture: Squad/Parts/@thumbs/GearFixed_icon
[LOG 20:54:47.514] Load Cached PNG Texture: Squad/Parts/@thumbs/GearFree_icon
[LOG 20:54:47.521] Load Cached PNG Texture: Squad/Parts/@thumbs/GearSmall_icon
[LOG 20:54:47.531] Load Cached PNG Texture: Squad/Parts/@thumbs/GooExperiment_icon
[LOG 20:54:47.538] Load Cached PNG Texture: Squad/Parts/@thumbs/groundAnchor_icon
[LOG 20:54:47.544] Load Cached PNG Texture: Squad/Parts/@thumbs/groundLight1_icon
[LOG 20:54:47.550] Load Cached PNG Texture: Squad/Parts/@thumbs/groundLight2_icon
[LOG 20:54:47.556] Load Cached PNG Texture: Squad/Parts/@thumbs/HeatShield0_icon
[LOG 20:54:47.563] Load Cached PNG Texture: Squad/Parts/@thumbs/HeatShield1_icon
[LOG 20:54:47.569] Load Cached PNG Texture: Squad/Parts/@thumbs/HECS2.ProbeCore_icon
[LOG 20:54:47.578] Load Cached PNG Texture: Squad/Parts/@thumbs/HighGainAntenna5.v2_icon
[LOG 20:54:47.657] Load Cached PNG Texture: Squad/Parts/@thumbs/HighGainAntenna5_icon
[LOG 20:54:47.664] Load Cached PNG Texture: Squad/Parts/@thumbs/HighGainAntenna_icon
[LOG 20:54:47.671] Load Cached PNG Texture: Squad/Parts/@thumbs/IntakeRadialLong_icon
[LOG 20:54:47.677] Load Cached PNG Texture: Squad/Parts/@thumbs/ionEngine_icon
[LOG 20:54:47.683] Load Cached PNG Texture: Squad/Parts/@thumbs/ksp.r.largeBatteryPack_icon
[LOG 20:54:47.689] Load Cached PNG Texture: Squad/Parts/@thumbs/ladder1_icon
[LOG 20:54:47.695] Load Cached PNG Texture: Squad/Parts/@thumbs/landingLeg1-2_icon
[LOG 20:54:47.701] Load Cached PNG Texture: Squad/Parts/@thumbs/landingLeg1_icon
[LOG 20:54:47.707] Load Cached PNG Texture: Squad/Parts/@thumbs/LgRadialSolarPanel_icon
[LOG 20:54:47.713] Load Cached PNG Texture: Squad/Parts/@thumbs/linearRcs_icon
[LOG 20:54:47.720] Load Cached PNG Texture: Squad/Parts/@thumbs/liquidEngine3.v2_icon0
[LOG 20:54:47.725] Load Cached PNG Texture: Squad/Parts/@thumbs/liquidEngine3.v2_icon1
[LOG 20:54:47.732] Load Cached PNG Texture: Squad/Parts/@thumbs/liquidEngine3.v2_icon2
[LOG 20:54:47.738] Load Cached PNG Texture: Squad/Parts/@thumbs/liquidEngineMini.v2_icon0
[LOG 20:54:47.744] Load Cached PNG Texture: Squad/Parts/@thumbs/liquidEngineMini.v2_icon1
[LOG 20:54:47.751] Load Cached PNG Texture: Squad/Parts/@thumbs/liquidEngineMini.v2_icon2
[LOG 20:54:47.756] Load Cached PNG Texture: Squad/Parts/@thumbs/longAntenna_icon
[LOG 20:54:47.771] Load Cached PNG Texture: Squad/Parts/@thumbs/Magnetometer_icon
[LOG 20:54:47.778] Load Cached PNG Texture: Squad/Parts/@thumbs/mediumDishAntenna_icon
[LOG 20:54:47.783] Load Cached PNG Texture: Squad/Parts/@thumbs/microEngine.v2_icon0
[LOG 20:54:47.789] Load Cached PNG Texture: Squad/Parts/@thumbs/microEngine.v2_icon1
[LOG 20:54:47.794] Load Cached PNG Texture: Squad/Parts/@thumbs/MiniDrill_icon
[LOG 20:54:47.800] Load Cached PNG Texture: Squad/Parts/@thumbs/miniFuelTank_icon
[LOG 20:54:47.805] Load Cached PNG Texture: Squad/Parts/@thumbs/miniFuselage_icon
[LOG 20:54:47.812] Load Cached PNG Texture: Squad/Parts/@thumbs/miniIntake_icon
[LOG 20:54:47.822] Load Cached PNG Texture: Squad/Parts/@thumbs/miniJetEngine_icon
[LOG 20:54:47.828] Load Cached PNG Texture: Squad/Parts/@thumbs/miniLandingLeg_icon
[LOG 20:54:47.833] Load Cached PNG Texture: Squad/Parts/@thumbs/Mite_icon
[LOG 20:54:47.839] Load Cached PNG Texture: Squad/Parts/@thumbs/mk1pod.v2_icon0
[LOG 20:54:47.849] Load Cached PNG Texture: Squad/Parts/@thumbs/mk2DroneCore_icon
[LOG 20:54:47.857] Load Cached PNG Texture: Squad/Parts/@thumbs/mk2LanderCabin.v2_icon0
[LOG 20:54:47.862] Load Cached PNG Texture: Squad/Parts/@thumbs/mk2LanderCabin.v2_icon1
[LOG 20:54:47.868] Load Cached PNG Texture: Squad/Parts/@thumbs/MpoProbe_icon
[LOG 20:54:47.875] Load Cached PNG Texture: Squad/Parts/@thumbs/navLight1_icon0
[LOG 20:54:47.881] Load Cached PNG Texture: Squad/Parts/@thumbs/navLight1_icon1
[LOG 20:54:47.886] Load Cached PNG Texture: Squad/Parts/@thumbs/noseCone_icon0
[LOG 20:54:47.905] Load Cached PNG Texture: Squad/Parts/@thumbs/noseCone_icon1
[LOG 20:54:47.913] Load Cached PNG Texture: Squad/Parts/@thumbs/noseCone_icon2
[LOG 20:54:47.919] Load Cached PNG Texture: Squad/Parts/@thumbs/omsEngine_icon
[LOG 20:54:47.925] Load Cached PNG Texture: Squad/Parts/@thumbs/OrbitalScanner_icon
[LOG 20:54:47.933] Load Cached PNG Texture: Squad/Parts/@thumbs/parachuteDrogue_icon
[LOG 20:54:47.946] Load Cached PNG Texture: Squad/Parts/@thumbs/parachuteLarge_icon
[LOG 20:54:47.952] Load Cached PNG Texture: Squad/Parts/@thumbs/parachuteRadial_icon
[LOG 20:54:47.963] Load Cached PNG Texture: Squad/Parts/@thumbs/parachuteSingle_icon
[LOG 20:54:47.970] Load Cached PNG Texture: Squad/Parts/@thumbs/probeCoreCube_icon
[LOG 20:54:47.976] Load Cached PNG Texture: Squad/Parts/@thumbs/probeCoreHex.v2_icon
[LOG 20:54:47.982] Load Cached PNG Texture: Squad/Parts/@thumbs/probeCoreOcto.v2_icon
[LOG 20:54:47.988] Load Cached PNG Texture: Squad/Parts/@thumbs/probeCoreOcto2.v2_icon
[LOG 20:54:47.993] Load Cached PNG Texture: Squad/Parts/@thumbs/probeCoreSphere.v2_icon
[LOG 20:54:48.000] Load Cached PNG Texture: Squad/Parts/@thumbs/probeStackSmall_icon
[LOG 20:54:48.007] Load Cached PNG Texture: Squad/Parts/@thumbs/R8winglet_icon
[LOG 20:54:48.013] Load Cached PNG Texture: Squad/Parts/@thumbs/radialDecoupler1-2_icon
[LOG 20:54:48.019] Load Cached PNG Texture: Squad/Parts/@thumbs/radialDecoupler2_icon
[LOG 20:54:48.025] Load Cached PNG Texture: Squad/Parts/@thumbs/radialDecoupler_icon
[LOG 20:54:48.031] Load Cached PNG Texture: Squad/Parts/@thumbs/radialDrogue_icon
[LOG 20:54:48.035] Load Cached PNG Texture: Squad/Parts/@thumbs/radialEngineMini.v2_icon0
[LOG 20:54:48.042] Load Cached PNG Texture: Squad/Parts/@thumbs/radialEngineMini.v2_icon1
[LOG 20:54:48.049] Load Cached PNG Texture: Squad/Parts/@thumbs/radialLiquidEngine1-2_icon
[LOG 20:54:48.055] Load Cached PNG Texture: Squad/Parts/@thumbs/RadialOreTank_icon
[LOG 20:54:48.060] Load Cached PNG Texture: Squad/Parts/@thumbs/radialRCSTank_icon
[LOG 20:54:48.066] Load Cached PNG Texture: Squad/Parts/@thumbs/radPanelEdge_icon
[LOG 20:54:48.072] Load Cached PNG Texture: Squad/Parts/@thumbs/radPanelLg_icon
[LOG 20:54:48.078] Load Cached PNG Texture: Squad/Parts/@thumbs/radPanelSm_icon
[LOG 20:54:48.083] Load Cached PNG Texture: Squad/Parts/@thumbs/RCSblock.01.small_icon0
[LOG 20:54:48.089] Load Cached PNG Texture: Squad/Parts/@thumbs/RCSblock.01.small_icon1
[LOG 20:54:48.096] Load Cached PNG Texture: Squad/Parts/@thumbs/RCSblock.01.small_icon2
[LOG 20:54:48.101] Load Cached PNG Texture: Squad/Parts/@thumbs/RCSblock.01.small_icon3
[LOG 20:54:48.106] Load Cached PNG Texture: Squad/Parts/@thumbs/RCSblock.01.small_icon4
[LOG 20:54:48.120] Load Cached PNG Texture: Squad/Parts/@thumbs/RCSBlock.v2_icon
[LOG 20:54:48.126] Load Cached PNG Texture: Squad/Parts/@thumbs/RCSBlock.v2_icon0
[LOG 20:54:48.131] Load Cached PNG Texture: Squad/Parts/@thumbs/RCSBlock.v2_icon1
[LOG 20:54:48.137] Load Cached PNG Texture: Squad/Parts/@thumbs/RCSBlock.v2_icon2
[LOG 20:54:48.143] Load Cached PNG Texture: Squad/Parts/@thumbs/RCSBlock.v2_icon3
[LOG 20:54:48.148] Load Cached PNG Texture: Squad/Parts/@thumbs/RCSBlock.v2_icon4
[LOG 20:54:48.155] Load Cached PNG Texture: Squad/Parts/@thumbs/RCSFuelTank_icon
[LOG 20:54:48.161] Load Cached PNG Texture: Squad/Parts/@thumbs/RCSLinearSmall_icon
[LOG 20:54:48.167] Load Cached PNG Texture: Squad/Parts/@thumbs/rcsTankMini_icon
[LOG 20:54:48.174] Load Cached PNG Texture: Squad/Parts/@thumbs/RelayAntenna5_icon
[LOG 20:54:48.181] Load Cached PNG Texture: Squad/Parts/@thumbs/ReleaseValve_icon
[LOG 20:54:48.187] Load Cached PNG Texture: Squad/Parts/@thumbs/roverBody.v2_icon0
[LOG 20:54:48.192] Load Cached PNG Texture: Squad/Parts/@thumbs/roverBody.v2_icon1
[LOG 20:54:48.199] Load Cached PNG Texture: Squad/Parts/@thumbs/roverBody.v2_icon2
[LOG 20:54:48.222] Load Cached PNG Texture: Squad/Parts/@thumbs/roverWheel1_icon
[LOG 20:54:48.229] Load Cached PNG Texture: Squad/Parts/@thumbs/roverWheel2_icon
[LOG 20:54:48.235] Load Cached PNG Texture: Squad/Parts/@thumbs/rtg_icon
[LOG 20:54:48.241] Load Cached PNG Texture: Squad/Parts/@thumbs/sasModule_icon
[LOG 20:54:48.246] Load Cached PNG Texture: Squad/Parts/@thumbs/science.module_icon
[LOG 20:54:48.252] Load Cached PNG Texture: Squad/Parts/@thumbs/ScienceBox_icon
[LOG 20:54:48.258] Load Cached PNG Texture: Squad/Parts/@thumbs/seatExternalCmd_icon
[LOG 20:54:48.266] Load Cached PNG Texture: Squad/Parts/@thumbs/sensorAccelerometer_icon
[LOG 20:54:48.271] Load Cached PNG Texture: Squad/Parts/@thumbs/sensorAtmosphere_icon
[LOG 20:54:48.277] Load Cached PNG Texture: Squad/Parts/@thumbs/sensorBarometer_icon
[LOG 20:54:48.283] Load Cached PNG Texture: Squad/Parts/@thumbs/sensorGravimeter_icon
[LOG 20:54:48.288] Load Cached PNG Texture: Squad/Parts/@thumbs/sensorThermometer_icon
[LOG 20:54:48.296] Load Cached PNG Texture: Squad/Parts/@thumbs/Separator.0_icon0
[LOG 20:54:48.327] Load Cached PNG Texture: Squad/Parts/@thumbs/Separator.0_icon1
[LOG 20:54:48.336] Load Cached PNG Texture: Squad/Parts/@thumbs/Separator.1_icon0
[LOG 20:54:48.346] Load Cached PNG Texture: Squad/Parts/@thumbs/Separator.1_icon1
[LOG 20:54:48.352] Load Cached PNG Texture: Squad/Parts/@thumbs/sepMotor1_icon
[LOG 20:54:48.359] Load Cached PNG Texture: Squad/Parts/@thumbs/ServiceBay.125.v2_icon
[LOG 20:54:48.371] Load Cached PNG Texture: Squad/Parts/@thumbs/shockConeIntake_icon
[LOG 20:54:48.378] Load Cached PNG Texture: Squad/Parts/@thumbs/Shrimp_icon
[LOG 20:54:48.393] Load Cached PNG Texture: Squad/Parts/@thumbs/smallCargoContainer_icon
[LOG 20:54:48.399] Load Cached PNG Texture: Squad/Parts/@thumbs/smallClaw_icon0
[LOG 20:54:48.405] Load Cached PNG Texture: Squad/Parts/@thumbs/smallClaw_icon1
[LOG 20:54:48.413] Load Cached PNG Texture: Squad/Parts/@thumbs/smallCtrlSrf_icon
[LOG 20:54:48.420] Load Cached PNG Texture: Squad/Parts/@thumbs/SmallGearBay_icon
[LOG 20:54:48.432] Load Cached PNG Texture: Squad/Parts/@thumbs/smallHardpoint_icon
[LOG 20:54:48.438] Load Cached PNG Texture: Squad/Parts/@thumbs/smallRadialEngine.v2_icon0
[LOG 20:54:48.444] Load Cached PNG Texture: Squad/Parts/@thumbs/smallRadialEngine.v2_icon1
[LOG 20:54:48.452] Load Cached PNG Texture: Squad/Parts/@thumbs/solarPanelOX10C_icon
[LOG 20:54:48.459] Load Cached PNG Texture: Squad/Parts/@thumbs/solarPanelOX10L_icon
[LOG 20:54:48.464] Load Cached PNG Texture: Squad/Parts/@thumbs/solarPanels1_icon
[LOG 20:54:48.470] Load Cached PNG Texture: Squad/Parts/@thumbs/solarPanels2_icon
[LOG 20:54:48.475] Load Cached PNG Texture: Squad/Parts/@thumbs/solarPanels3_icon
[LOG 20:54:48.480] Load Cached PNG Texture: Squad/Parts/@thumbs/solarPanels4_icon
[LOG 20:54:48.487] Load Cached PNG Texture: Squad/Parts/@thumbs/solarPanels5_icon
[LOG 20:54:48.493] Load Cached PNG Texture: Squad/Parts/@thumbs/solarPanelSP10C_icon
[LOG 20:54:48.498] Load Cached PNG Texture: Squad/Parts/@thumbs/solarPanelSP10L_icon
[LOG 20:54:48.504] Load Cached PNG Texture: Squad/Parts/@thumbs/spotLight1_icon
[LOG 20:54:48.510] Load Cached PNG Texture: Squad/Parts/@thumbs/spotLight2_icon
[LOG 20:54:48.516] Load Cached PNG Texture: Squad/Parts/@thumbs/spotLight3_icon0
[LOG 20:54:48.531] Load Cached PNG Texture: Squad/Parts/@thumbs/spotLight3_icon1
[LOG 20:54:48.537] Load Cached PNG Texture: Squad/Parts/@thumbs/stackPoint1_icon
[LOG 20:54:48.545] Load Cached PNG Texture: Squad/Parts/@thumbs/StandardCtrlSrf_icon
[LOG 20:54:48.551] Load Cached PNG Texture: Squad/Parts/@thumbs/standardNoseCone_icon
[LOG 20:54:48.557] Load Cached PNG Texture: Squad/Parts/@thumbs/stripLight1_icon0
[LOG 20:54:48.563] Load Cached PNG Texture: Squad/Parts/@thumbs/stripLight1_icon1
[LOG 20:54:48.571] Load Cached PNG Texture: Squad/Parts/@thumbs/structuralIBeam1_icon
[LOG 20:54:48.576] Load Cached PNG Texture: Squad/Parts/@thumbs/structuralIBeam3_icon
[LOG 20:54:48.581] Load Cached PNG Texture: Squad/Parts/@thumbs/structuralMiniNode_icon
[LOG 20:54:48.613] Load Cached PNG Texture: Squad/Parts/@thumbs/structuralPanel1_icon
[LOG 20:54:48.622] Load Cached PNG Texture: Squad/Parts/@thumbs/structuralPanel2_icon
[LOG 20:54:48.627] Load Cached PNG Texture: Squad/Parts/@thumbs/structuralWing4_icon
[LOG 20:54:48.633] Load Cached PNG Texture: Squad/Parts/@thumbs/strutCube_icon
[LOG 20:54:48.638] Load Cached PNG Texture: Squad/Parts/@thumbs/strutOcto_icon
[LOG 20:54:48.644] Load Cached PNG Texture: Squad/Parts/@thumbs/SurfaceScanner_icon
[LOG 20:54:48.650] Load Cached PNG Texture: Squad/Parts/@thumbs/SurfAntenna_icon
[LOG 20:54:48.657] Load Cached PNG Texture: Squad/Parts/@thumbs/telescopicLadderBay_icon
[LOG 20:54:48.663] Load Cached PNG Texture: Squad/Parts/@thumbs/telescopicLadder_icon
[LOG 20:54:48.670] Load Cached PNG Texture: Squad/Parts/@thumbs/toroidalAerospike_icon
[LOG 20:54:48.675] Load Cached PNG Texture: Squad/Parts/@thumbs/trussAdapter_icon
[LOG 20:54:48.682] Load Cached PNG Texture: Squad/Parts/@thumbs/trussPiece1x_icon
[LOG 20:54:48.687] Load Cached PNG Texture: Squad/Parts/@thumbs/trussPiece3x_icon
[LOG 20:54:48.694] Load Cached PNG Texture: Squad/Parts/@thumbs/vernierEngine_icon
[LOG 20:54:48.700] Load Cached PNG Texture: Squad/Parts/@thumbs/wheelMed_icon
[LOG 20:54:48.705] Load Cached PNG Texture: Squad/Parts/@thumbs/wingConnector4_icon
[LOG 20:54:48.710] Load Cached PNG Texture: Squad/Parts/@thumbs/wingConnector5_icon
[LOG 20:54:48.717] Load Cached PNG Texture: Squad/Parts/@thumbs/winglet3_icon
[LOG 20:54:48.724] Load Cached PNG Texture: Squad/Parts/@thumbs/winglet_icon
[LOG 20:54:48.732] Load Cached PNG Texture: Squad/Parts/@thumbs/wingShuttleElevon1_icon
[LOG 20:54:48.738] Load Cached PNG Texture: Squad/Parts/@thumbs/xenonTankLarge_icon
[LOG 20:54:48.743] Load Cached PNG Texture: Squad/Parts/@thumbs/xenonTankRadial_icon
[LOG 20:54:48.749] Load Cached PNG Texture: Squad/Parts/@thumbs/xenonTank_icon
[LOG 20:54:48.755] Load DDS texture: Squad/Parts/Aero/aerodynamicNoseCone/Rockomax_Adapters_diffuse
[LOG 20:54:48.756] Load DDS texture: Squad/Parts/Aero/aerodynamicNoseCone/Rockomax_Adapters_normal
[LOG 20:54:48.761] Load DDS texture: Squad/Parts/Aero/airbrake/airbrake
[LOG 20:54:48.767] Load DDS texture: Squad/Parts/Aero/airIntakeRadialXM-G50/RadialIntake
[LOG 20:54:48.775] Load DDS texture: Squad/Parts/Aero/airlinerWings/AirlinerWings
[LOG 20:54:48.782] Load DDS texture: Squad/Parts/Aero/airplaneFins/AirplaneFins
[LOG 20:54:48.787] Load DDS texture: Squad/Parts/Aero/basicFin/BasicFin
[LOG 20:54:48.792] Load DDS texture: Squad/Parts/Aero/circularIntake/CircluarIntakes
[LOG 20:54:48.799] Load DDS texture: Squad/Parts/Aero/circularIntake/CircluarIntakes_Heat
[LOG 20:54:48.804] Load DDS texture: Squad/Parts/Aero/cones/Assets/Cones
[LOG 20:54:48.811] Load DDS texture: Squad/Parts/Aero/cones/Assets/ConesDiffuse
[LOG 20:54:48.818] Load DDS texture: Squad/Parts/Aero/cones/Assets/ConesDiffuse_Orange
[LOG 20:54:48.824] Load DDS texture: Squad/Parts/Aero/cones/Assets/ConesDiffuse_White
[LOG 20:54:48.832] Load DDS texture: Squad/Parts/Aero/cones/Assets/ConesHeat
[LOG 20:54:48.839] Load DDS texture: Squad/Parts/Aero/cones/Assets/ConesHeat_Orange
[LOG 20:54:48.846] Load DDS texture: Squad/Parts/Aero/cones/Assets/ConesHeat_White
[LOG 20:54:48.851] Load DDS texture: Squad/Parts/Aero/cones/Assets/Cones_Heat
[LOG 20:54:48.859] Load Cached PNG Texture: Squad/Parts/Aero/cones/Assets/rocketNoseCones_O
[LOG 20:54:48.866] Load Cached PNG Texture: Squad/Parts/Aero/cones/Assets/rocketNoseCones_O_Normal
[LOG 20:54:48.875] Load DDS texture: Squad/Parts/Aero/cones/Assets/rocketNoseCones_W
[LOG 20:54:48.878] Load DDS texture: Squad/Parts/Aero/cones/Assets/Rockomax_Adapters_diffuse
[LOG 20:54:48.878] Load DDS texture: Squad/Parts/Aero/cones/Assets/Rockomax_Adapters_normal
[LOG 20:54:48.885] Load DDS texture: Squad/Parts/Aero/fairings/AutoTruss
[LOG 20:54:48.891] Load DDS texture: Squad/Parts/Aero/fairings/FairingBase
[LOG 20:54:48.898] Load DDS texture: Squad/Parts/Aero/fairings/FairingBaseNormals
[LOG 20:54:48.903] Load DDS texture: Squad/Parts/Aero/fairings/FairingBaseNormals_bw
[LOG 20:54:48.909] Load DDS texture: Squad/Parts/Aero/fairings/FairingBaseNormals_goldSilver
[LOG 20:54:48.916] Load DDS texture: Squad/Parts/Aero/fairings/FairingBaseNormals_orange
[LOG 20:54:48.922] Load Cached PNG Texture: Squad/Parts/Aero/fairings/FairingBase_black
[LOG 20:54:48.927] Load DDS texture: Squad/Parts/Aero/fairings/FairingBase_bw
[LOG 20:54:48.933] Load DDS texture: Squad/Parts/Aero/fairings/FairingBase_goldDiffuse
[LOG 20:54:48.940] Load DDS texture: Squad/Parts/Aero/fairings/FairingBase_goldSpecular
[LOG 20:54:48.945] Load DDS texture: Squad/Parts/Aero/fairings/FairingBase_orange
[LOG 20:54:48.951] Load DDS texture: Squad/Parts/Aero/fairings/FairingBase_silverDiffuse
[LOG 20:54:48.957] Load DDS texture: Squad/Parts/Aero/fairings/FairingBase_silverSpecular
[LOG 20:54:48.963] Load DDS texture: Squad/Parts/Aero/fairings/fairingsCap
[LOG 20:54:48.968] Load DDS texture: Squad/Parts/Aero/fairings/FairingsMat_silverSpecular
[LOG 20:54:48.975] Load DDS texture: Squad/Parts/Aero/fairings/fairings_diff
[LOG 20:54:48.982] Load DDS texture: Squad/Parts/Aero/fairings/fairings_diff_grey
[LOG 20:54:48.987] Load DDS texture: Squad/Parts/Aero/fairings/fairings_diff_orange
[LOG 20:54:48.993] Load DDS texture: Squad/Parts/Aero/fairings/fairings_grey_normals
[LOG 20:54:49.000] Load DDS texture: Squad/Parts/Aero/fairings/fairings_normals
[LOG 20:54:49.007] Load DDS texture: Squad/Parts/Aero/fairings/fairings_normals_silver
[LOG 20:54:49.013] Load DDS texture: Squad/Parts/Aero/fairings/fairings_orange_normals
[LOG 20:54:49.020] Load DDS texture: Squad/Parts/Aero/fairings/fairings_silverDiffuse
[LOG 20:54:49.026] Load DDS texture: Squad/Parts/Aero/HeatShield/Fairing
[LOG 20:54:49.032] Load DDS texture: Squad/Parts/Aero/HeatShield/heatshield
[LOG 20:54:49.038] Load DDS texture: Squad/Parts/Aero/InflatableHeatShield/HeatShield
[LOG 20:54:49.047] Load DDS texture: Squad/Parts/Aero/InflatableHeatShield/HeatShieldFairing
[LOG 20:54:49.053] Load DDS texture: Squad/Parts/Aero/InflatableHeatShield/HeatShield_NRM
[LOG 20:54:49.059] Load DDS texture: Squad/Parts/Aero/intakeRadialLong/Radial_long
[LOG 20:54:49.064] Load DDS texture: Squad/Parts/Aero/miniIntake/SmallIntake
[LOG 20:54:49.070] Load DDS texture: Squad/Parts/Aero/ramAirIntake/RampIntake
[LOG 20:54:49.076] Load DDS texture: Squad/Parts/Aero/ramAirIntake/RampIntake_Heat
[LOG 20:54:49.084] Load DDS texture: Squad/Parts/Aero/shuttleWings/ShuttleWings
[LOG 20:54:49.091] Load DDS texture: Squad/Parts/Aero/wingletAV-R8/model000
[LOG 20:54:49.099] Load DDS texture: Squad/Parts/Aero/wingletAV-R8/model001
[LOG 20:54:49.104] Load DDS texture: Squad/Parts/Aero/wingletAV-T1/model000
[LOG 20:54:49.109] Load DDS texture: Squad/Parts/Aero/wingletAV-T1/model001
[LOG 20:54:49.116] Load DDS texture: Squad/Parts/Aero/wingletDeltaDeluxe/model000
[LOG 20:54:49.121] Load DDS texture: Squad/Parts/Aero/wings/Wings
[LOG 20:54:49.127] Load DDS texture: Squad/Parts/Cargo/CargoContainers/cargoContainer_diff
[LOG 20:54:49.134] Load DDS texture: Squad/Parts/Cargo/CargoContainers/smallCargoContainer_diffuse
[LOG 20:54:49.139] Load DDS texture: Squad/Parts/Cargo/CargoContainers/smallCargoContainer_nrm
[LOG 20:54:49.145] Load DDS texture: Squad/Parts/Cargo/CargoContainers/smallCargoContainer_specular
[LOG 20:54:49.151] Load DDS texture: Squad/Parts/Cargo/Cylinder/EVAcylinder_diffuse
[LOG 20:54:49.157] Load DDS texture: Squad/Parts/Cargo/Cylinder/EVAcylinder_nrm
[LOG 20:54:49.165] Load DDS texture: Squad/Parts/Cargo/GroundAnchor/groundAnchor_diffuse
[LOG 20:54:49.170] Load DDS texture: Squad/Parts/Cargo/GroundAnchor/groundAnchor_nrm
[LOG 20:54:49.175] Load DDS texture: Squad/Parts/Cargo/Jetpack/EVAjetpack
[LOG 20:54:49.182] Load DDS texture: Squad/Parts/Cargo/Jetpack/EVAjetpackEmmisive
[LOG 20:54:49.187] Load DDS texture: Squad/Parts/Cargo/Jetpack/EVAjetpackNRM
[LOG 20:54:49.195] Load DDS texture: Squad/Parts/Cargo/Parachute/backpack_Diff
[LOG 20:54:49.205] Load DDS texture: Squad/Parts/Cargo/Parachute/backpack_NM
[LOG 20:54:49.212] Load DDS texture: Squad/Parts/Cargo/RepairKit/RepairKit_Diffuse
[LOG 20:54:49.218] Load DDS texture: Squad/Parts/Cargo/RepairKit/RepairKit_Normal
[LOG 20:54:49.224] Load DDS texture: Squad/Parts/Cargo/ScienceKit/ExperimentKit_Material_Diffuse
[LOG 20:54:49.231] Load DDS texture: Squad/Parts/Cargo/ScienceKit/ExperimentKit_Material_Emissive
[LOG 20:54:49.238] Load DDS texture: Squad/Parts/Cargo/ScienceKit/ExperimentKit_Material_Normal
[LOG 20:54:49.246] Load DDS texture: Squad/Parts/Cargo/StorageUnits/Assets/Cargo_Material_Diffuse
[LOG 20:54:49.254] Load DDS texture: Squad/Parts/Cargo/StorageUnits/Assets/Cargo_Material_Normal
[LOG 20:54:49.262] Load DDS texture: Squad/Parts/Command/advancedSasModuleLarge/model000
[LOG 20:54:49.275] Load DDS texture: Squad/Parts/Command/advancedSasModuleLarge/model001
[LOG 20:54:49.281] Load DDS texture: Squad/Parts/Command/cupola/cupola_Emissive
[LOG 20:54:49.290] Load DDS texture: Squad/Parts/Command/cupola/ksp_l_cupola_diff
[LOG 20:54:49.297] Load DDS texture: Squad/Parts/Command/cupola/ksp_l_cupola_normal
[LOG 20:54:49.303] Load DDS texture: Squad/Parts/Command/cupola/window
[LOG 20:54:49.309] Load DDS texture: Squad/Parts/Command/externalCommandSeat/model000
[LOG 20:54:49.317] Load DDS texture: Squad/Parts/Command/hitchhikerStorageContainer/cabin
[LOG 20:54:49.325] Load DDS texture: Squad/Parts/Command/hitchhikerStorageContainer/cabin_Illum
[LOG 20:54:49.331] Load DDS texture: Squad/Parts/Command/hitchhikerStorageContainer/cabin_n
[LOG 20:54:49.332] Load DDS texture: Squad/Parts/Command/hitchhikerStorageContainer/window
[LOG 20:54:49.338] Load DDS texture: Squad/Parts/Command/inlineAdvancedStabilizer/model000
[LOG 20:54:49.352] Load DDS texture: Squad/Parts/Command/inlineAdvancedStabilizer/model001
[LOG 20:54:49.357] Load DDS texture: Squad/Parts/Command/inlineReactionWheel/model000
[LOG 20:54:49.364] Load DDS texture: Squad/Parts/Command/inlineReactionWheel/model001
[LOG 20:54:49.370] Load DDS texture: Squad/Parts/Command/inlineReactionWheel/model002
[LOG 20:54:49.376] Load DDS texture: Squad/Parts/Command/Mk1-2Pod/mk 1-2 external shell Variant-Hatch
[LOG 20:54:49.383] Load DDS texture: Squad/Parts/Command/Mk1-3Pod/M1-3 Pod
[LOG 20:54:49.397] Load DDS texture: Squad/Parts/Command/Mk1-3Pod/M1-3 Pod_GLOW
[LOG 20:54:49.404] Load DDS texture: Squad/Parts/Command/mk1Cockpits/GLOW
[LOG 20:54:49.410] Load DDS texture: Squad/Parts/Command/mk1Cockpits/Mk1Cockpit
[LOG 20:54:49.416] Load DDS texture: Squad/Parts/Command/mk1LanderCan/ksp_s_landerCan_diff
[LOG 20:54:49.425] Load DDS texture: Squad/Parts/Command/mk1LanderCan/ksp_s_landerCan_normal
[LOG 20:54:49.434] Load DDS texture: Squad/Parts/Command/mk1LanderCan/ksp_s_landerCan_psd_illum
[LOG 20:54:49.441] Load DDS texture: Squad/Parts/Command/mk1pod/outer shell
[LOG 20:54:49.447] Load DDS texture: Squad/Parts/Command/mk1pod_v2/Mk1_v2
[LOG 20:54:49.453] Load DDS texture: Squad/Parts/Command/mk1pod_v2/Mk1_v2_GLOW
[LOG 20:54:49.460] Load DDS texture: Squad/Parts/Command/mk1pod_v2/Mk1_v2_GW
[LOG 20:54:49.466] Load DDS texture: Squad/Parts/Command/mk1pod_v2/Mk1_v2_N
[LOG 20:54:49.472] Load DDS texture: Squad/Parts/Command/mk1pod_v2/Mk1_v2_W
[LOG 20:54:49.478] Load DDS texture: Squad/Parts/Command/mk1pod_v2/Mk1_v2_W_N
[LOG 20:54:49.485] Load DDS texture: Squad/Parts/Command/mk2CockpitInline/Cockpit_inline_A
[LOG 20:54:49.491] Load DDS texture: Squad/Parts/Command/mk2CockpitInline/Cockpit_inline_Emissive
[LOG 20:54:49.498] Load DDS texture: Squad/Parts/Command/mk2CockpitInline/Cockpit_inline_normal
[LOG 20:54:49.504] Load DDS texture: Squad/Parts/Command/mk2CockpitStandard/Cockpit
[LOG 20:54:49.513] Load DDS texture: Squad/Parts/Command/mk2CockpitStandard/Cockpit_Lum
[LOG 20:54:49.520] Load DDS texture: Squad/Parts/Command/mk2CockpitStandard/Cockpit_NRM
[LOG 20:54:49.527] Load DDS texture: Squad/Parts/Command/mk2DroneCore/mk2Dronecore
[LOG 20:54:49.533] Load DDS texture: Squad/Parts/Command/mk2LanderCan/Illum
[LOG 20:54:49.539] Load DDS texture: Squad/Parts/Command/mk2LanderCan/ladder
[LOG 20:54:49.545] Load DDS texture: Squad/Parts/Command/mk2LanderCan/outershell
[LOG 20:54:49.561] Load DDS texture: Squad/Parts/Command/mk2LanderCan/outershell_n
[LOG 20:54:49.562] Load DDS texture: Squad/Parts/Command/mk2LanderCan/window
[LOG 20:54:49.570] Load DDS texture: Squad/Parts/Command/mk2LanderCan_v2/Mk2Can
[LOG 20:54:49.579] Load DDS texture: Squad/Parts/Command/mk2LanderCan_v2/Mk2Can_glow
[LOG 20:54:49.586] Load DDS texture: Squad/Parts/Command/mk3CockpitShuttle/Mk3CockpitShuttle
[LOG 20:54:49.596] Load DDS texture: Squad/Parts/Command/mk3CockpitShuttle/Mk3CockpitShuttle_LUM
[LOG 20:54:49.603] Load DDS texture: Squad/Parts/Command/MpoProbe/MpoProbe_diffuse
[LOG 20:54:49.612] Load DDS texture: Squad/Parts/Command/MpoProbe/MpoProbe_nrm
[LOG 20:54:49.619] Load DDS texture: Squad/Parts/Command/MpoProbe/MpoProbe_specular
[LOG 20:54:49.627] Load DDS texture: Squad/Parts/Command/MtmStage/mtmStage_diffuse
[LOG 20:54:49.632] Load DDS texture: Squad/Parts/Command/MtmStage/mtmStage_nrm
[LOG 20:54:49.639] Load DDS texture: Squad/Parts/Command/MtmStage/mtmStage_specular
[LOG 20:54:49.648] Load DDS texture: Squad/Parts/Command/probeCoreCube/QBE_New_diffuse
[LOG 20:54:49.654] Load Cached PNG Texture: Squad/Parts/Command/probeCoreCube/QBE_New_NRM
[LOG 20:54:49.663] Load DDS texture: Squad/Parts/Command/probeCoreCube/QBE_New_specular
[LOG 20:54:49.669] Load DDS texture: Squad/Parts/Command/probeCoreHex/ksp_m_hexProbe_diff
[LOG 20:54:49.683] Load DDS texture: Squad/Parts/Command/probeCoreHex/ksp_m_hexProbe_normal
[LOG 20:54:49.689] Load DDS texture: Squad/Parts/Command/probeCoreHex_v2/hecsDiffuse
[LOG 20:54:49.700] Load DDS texture: Squad/Parts/Command/probeCoreHex_v2/hecsNormal
[LOG 20:54:49.705] Load DDS texture: Squad/Parts/Command/probeCoreOcto2_v2/octoDiffuse
[LOG 20:54:49.711] Load DDS texture: Squad/Parts/Command/probeCoreOcto2_v2/octoNormal
[LOG 20:54:49.711] Load DDS texture: Squad/Parts/Command/probeCoreOcto2_v2/octoSpecular
[LOG 20:54:49.717] Load DDS texture: Squad/Parts/Command/probeCoreOcto_v2/octoDiffuse
[LOG 20:54:49.723] Load DDS texture: Squad/Parts/Command/probeCoreOcto_v2/octoNormal
[LOG 20:54:49.728] Load DDS texture: Squad/Parts/Command/probeCoreOcto_v2/octoSpecular
[LOG 20:54:49.734] Load DDS texture: Squad/Parts/Command/probeRoverBody/model000
[LOG 20:54:49.747] Load DDS texture: Squad/Parts/Command/probeRoverBody/model001
[LOG 20:54:49.755] Load DDS texture: Squad/Parts/Command/probeRoverBody_v2/probeRoverBody_v2_gold_diffuse
[LOG 20:54:49.762] Load Cached PNG Texture: Squad/Parts/Command/probeRoverBody_v2/probeRoverBody_v2_gold_NRM
[LOG 20:54:49.768] Load DDS texture: Squad/Parts/Command/probeRoverBody_v2/probeRoverBody_v2_gold_specular
[LOG 20:54:49.774] Load DDS texture: Squad/Parts/Command/probeRoverBody_v2/probeRoverBody_v2_silver_diffuse
[LOG 20:54:49.780] Load Cached PNG Texture: Squad/Parts/Command/probeRoverBody_v2/probeRoverBody_v2_silver_NRM
[LOG 20:54:49.787] Load DDS texture: Squad/Parts/Command/probeRoverBody_v2/probeRoverBody_v2_silver_specular
[LOG 20:54:49.788] Load DDS texture: Squad/Parts/Command/probeRoverBody_v2/QBE_New_diffuse
[LOG 20:54:49.789] Load DDS texture: Squad/Parts/Command/probeRoverBody_v2/QBE_New_NRM
[LOG 20:54:49.790] Load DDS texture: Squad/Parts/Command/probeRoverBody_v2/QBE_New_specular
[LOG 20:54:49.796] Load DDS texture: Squad/Parts/Command/probeStackLarge/model000
[LOG 20:54:49.802] Load DDS texture: Squad/Parts/Command/probeStackLarge/model001
[LOG 20:54:49.809] Load DDS texture: Squad/Parts/Command/probeStackSmall/model000
[LOG 20:54:49.814] Load DDS texture: Squad/Parts/Command/probeStackSmall/model001
[LOG 20:54:49.821] Load DDS texture: Squad/Parts/Command/probeStackSphere_v2/probeStackSphere_diffuse
[LOG 20:54:49.828] Load DDS texture: Squad/Parts/Command/probeStackSphere_v2/probeStackSphere_normal
[LOG 20:54:49.834] Load DDS texture: Squad/Parts/Command/probeStackSphere_v2/probeStackSphere_specular
[LOG 20:54:49.842] Load Cached PNG Texture: Squad/Parts/CompoundParts/@thumbs/fuelLine_icon0
[LOG 20:54:49.851] Load Cached PNG Texture: Squad/Parts/CompoundParts/@thumbs/fuelLine_icon1
[LOG 20:54:49.859] Load Cached PNG Texture: Squad/Parts/CompoundParts/@thumbs/strutConnector_icon0
[LOG 20:54:49.866] Load Cached PNG Texture: Squad/Parts/CompoundParts/@thumbs/strutConnector_icon1
[LOG 20:54:49.871] Load DDS texture: Squad/Parts/CompoundParts/FuelLine/FTX-2 External Fuel Duct
[LOG 20:54:49.876] Load DDS texture: Squad/Parts/CompoundParts/FuelLine/FTX-2 External Fuel Duct_ESA
[LOG 20:54:49.882] Load DDS texture: Squad/Parts/CompoundParts/strutConnector/EAS-4 Strut Connector
[LOG 20:54:49.887] Load DDS texture: Squad/Parts/CompoundParts/strutConnector/EAS-4 Strut Connector_white
[LOG 20:54:49.894] Load DDS texture: Squad/Parts/Coupling/Assets/Decouplers
[LOG 20:54:49.901] Load DDS texture: Squad/Parts/Coupling/Assets/Decouplers_N
[LOG 20:54:49.909] Load DDS texture: Squad/Parts/Coupling/Assets/Decouplers_whiteYellow
[LOG 20:54:49.916] Load DDS texture: Squad/Parts/Coupling/Assets/Decouplers_whiteYellow_N
[LOG 20:54:49.923] Load DDS texture: Squad/Parts/Electrical/10CSolarPanels/assets/circularSolarPanel_diffuse
[LOG 20:54:49.930] Load DDS texture: Squad/Parts/Electrical/10CSolarPanels/assets/circularSolarPanel_nrm
[LOG 20:54:49.936] Load DDS texture: Squad/Parts/Electrical/10LSolarPanels/assets/retractableSolarPanel_diffuse
[LOG 20:54:49.942] Load DDS texture: Squad/Parts/Electrical/10LSolarPanels/assets/retractableSolarPanel_nrm
[LOG 20:54:49.949] Load DDS texture: Squad/Parts/Electrical/1x6ShroudSolarPanels/model000
[LOG 20:54:49.955] Load DDS texture: Squad/Parts/Electrical/1x6ShroudSolarPanels/model001
[LOG 20:54:49.961] Load DDS texture: Squad/Parts/Electrical/1x6ShroudSolarPanels/model002
[LOG 20:54:49.967] Load DDS texture: Squad/Parts/Electrical/1x6SolarPanels/model000
[LOG 20:54:49.973] Load DDS texture: Squad/Parts/Electrical/1x6SolarPanels/model001
[LOG 20:54:49.978] Load DDS texture: Squad/Parts/Electrical/1x6SolarPanels/model002
[LOG 20:54:49.983] Load DDS texture: Squad/Parts/Electrical/3x2ShroudSolarPanels/model000
[LOG 20:54:49.989] Load DDS texture: Squad/Parts/Electrical/3x2ShroudSolarPanels/model001
[LOG 20:54:50.000] Load DDS texture: Squad/Parts/Electrical/3x2ShroudSolarPanels/model002
[LOG 20:54:50.006] Load DDS texture: Squad/Parts/Electrical/3x2SolarPanels/model000
[LOG 20:54:50.012] Load DDS texture: Squad/Parts/Electrical/3x2SolarPanels/model001
[LOG 20:54:50.023] Load DDS texture: Squad/Parts/Electrical/3x2SolarPanels/model002
[LOG 20:54:50.028] Load DDS texture: Squad/Parts/Electrical/gigantorXlSolarArray/panel
[LOG 20:54:50.034] Load DDS texture: Squad/Parts/Electrical/radialFlatSolarPanel/model000
[LOG 20:54:50.041] Load DDS texture: Squad/Parts/Electrical/RTG/model000
[LOG 20:54:50.047] Load DDS texture: Squad/Parts/Electrical/z-100Battery/model000
[LOG 20:54:50.052] Load DDS texture: Squad/Parts/Electrical/z-1kBattery/model000
[LOG 20:54:50.057] Load DDS texture: Squad/Parts/Electrical/z-1kBattery/model001
[LOG 20:54:50.062] Load DDS texture: Squad/Parts/Electrical/z-200Battery/ksp_m_batteryPack_diff
[LOG 20:54:50.068] Load DDS texture: Squad/Parts/Electrical/z-400Battery/model000
[LOG 20:54:50.073] Load DDS texture: Squad/Parts/Electrical/z-4kBattery/ksp_l_batteryPack_diff
[LOG 20:54:50.088] Load DDS texture: Squad/Parts/Electrical/z-4kBattery/ksp_l_batteryPack_normal
[LOG 20:54:50.094] Load DDS texture: Squad/Parts/Engine/ionEngine/model000
[LOG 20:54:50.099] Load DDS texture: Squad/Parts/Engine/jetEngines/Jet Engines
[LOG 20:54:50.105] Load DDS texture: Squad/Parts/Engine/jetEngines/Jet_Heat
[LOG 20:54:50.111] Load DDS texture: Squad/Parts/Engine/liquidEngine24-77/engine
[LOG 20:54:50.118] Load DDS texture: Squad/Parts/Engine/liquidEngine24-77_v2/Twitch
[LOG 20:54:50.123] Load DDS texture: Squad/Parts/Engine/liquidEngine24-77_v2/Twitch_G
[LOG 20:54:50.130] Load DDS texture: Squad/Parts/Engine/liquidEngine24-77_v2/Twitch_GLOW
[LOG 20:54:50.136] Load DDS texture: Squad/Parts/Engine/liquidEngine48-7S/ksp_m_liquidEngine_diff
[LOG 20:54:50.142] Load DDS texture: Squad/Parts/Engine/liquidEngine48-7S_v2/Spark
[LOG 20:54:50.147] Load DDS texture: Squad/Parts/Engine/liquidEngine48-7S_v2/Spark_Glow
[LOG 20:54:50.153] Load DDS texture: Squad/Parts/Engine/liquidEngineAerospike/Aerospike
[LOG 20:54:50.158] Load DDS texture: Squad/Parts/Engine/liquidEngineAerospike/Aerospike_Heat
[LOG 20:54:50.163] Load DDS texture: Squad/Parts/Engine/liquidEngineLV-1_v2/Assets/Ant_and_Spider_diffuse
[LOG 20:54:50.168] Load DDS texture: Squad/Parts/Engine/liquidEngineLV-1_v2/Assets/Ant_and_Spider_emissive
[LOG 20:54:50.174] Load DDS texture: Squad/Parts/Engine/liquidEngineLV-1_v2/Assets/Ant_and_Spider_normal
[LOG 20:54:50.180] Load DDS texture: Squad/Parts/Engine/liquidEngineLV-1_v2/Assets/Ant_and_Spider_specular
[LOG 20:54:50.186] Load DDS texture: Squad/Parts/Engine/liquidEngineLV-909_v2/Terrier
[LOG 20:54:50.291] Load DDS texture: Squad/Parts/Engine/liquidEngineLV-909_v2/TerrierFairing
[LOG 20:54:50.307] Load DDS texture: Squad/Parts/Engine/liquidEngineLV-909_v2/Terrier_glow
[LOG 20:54:50.312] Load DDS texture: Squad/Parts/Engine/liquidEngineLV-N/model000
[LOG 20:54:50.319] Load DDS texture: Squad/Parts/Engine/liquidEngineLV-N/model001
[LOG 20:54:50.325] Load DDS texture: Squad/Parts/Engine/liquidEngineLV-N/model002
[LOG 20:54:50.332] Load DDS texture: Squad/Parts/Engine/liquidEngineLV-N/model003
[LOG 20:54:50.337] Load DDS texture: Squad/Parts/Engine/liquidEngineLV-T30/model000
[LOG 20:54:50.352] Load DDS texture: Squad/Parts/Engine/liquidEngineLV-T30/model001
[LOG 20:54:50.356] Load DDS texture: Squad/Parts/Engine/liquidEngineLV-T30/model002
[LOG 20:54:50.364] Load DDS texture: Squad/Parts/Engine/liquidEngineLV-T30_v2/Engine_Emissive
[LOG 20:54:50.374] Load DDS texture: Squad/Parts/Engine/liquidEngineLV-T30_v2/Engine_Normal
[LOG 20:54:50.382] Load DDS texture: Squad/Parts/Engine/liquidEngineLV-T30_v2/Fairing
[LOG 20:54:50.390] Load DDS texture: Squad/Parts/Engine/liquidEngineLV-T30_v2/Reliant_v2-shroud_Diffuse
[LOG 20:54:50.399] Load DDS texture: Squad/Parts/Engine/liquidEngineLV-T30_v2/Reliant_v2_Diffuse
[LOG 20:54:50.406] Load DDS texture: Squad/Parts/Engine/liquidEngineLV-T45/model000
[LOG 20:54:50.413] Load DDS texture: Squad/Parts/Engine/liquidEngineLV-T45/model001
[LOG 20:54:50.420] Load DDS texture: Squad/Parts/Engine/liquidEngineLV-T45/model002
[LOG 20:54:50.433] Load DDS texture: Squad/Parts/Engine/liquidEngineLV-T45/model003
[LOG 20:54:50.440] Load DDS texture: Squad/Parts/Engine/liquidEngineLV-T45_v2/Engine_Emissive
[LOG 20:54:50.447] Load DDS texture: Squad/Parts/Engine/liquidEngineLV-T45_v2/Fairing
[LOG 20:54:50.456] Load DDS texture: Squad/Parts/Engine/liquidEngineLV-T45_v2/Swivel_v2_Diffuse
[LOG 20:54:50.464] Load DDS texture: Squad/Parts/Engine/liquidEngineLV-T45_v2/Swivel_v2_Normal
[LOG 20:54:50.473] Load DDS texture: Squad/Parts/Engine/liquidEngineMainsail_v2/mainsail_diffuse
[LOG 20:54:50.480] Load DDS texture: Squad/Parts/Engine/liquidEngineMainsail_v2/mainsail_emissive
[LOG 20:54:50.490] Load DDS texture: Squad/Parts/Engine/liquidEngineMainsail_v2/mainsail_nrm
[LOG 20:54:50.498] Load DDS texture: Squad/Parts/Engine/liquidEngineMainsail_v2/mainsail_specular
[LOG 20:54:50.505] Load DDS texture: Squad/Parts/Engine/liquidEngineMainsail_v2/Shroud
[LOG 20:54:50.512] Load DDS texture: Squad/Parts/Engine/liquidEngineMk55/Thud
[LOG 20:54:50.517] Load DDS texture: Squad/Parts/Engine/liquidEngineMk55/Thud_Heat
[LOG 20:54:50.523] Load DDS texture: Squad/Parts/Engine/liquidEnginePoodle_v2/poodle
[LOG 20:54:50.530] Load DDS texture: Squad/Parts/Engine/liquidEnginePoodle_v2/PoodleShroud
[LOG 20:54:50.536] Load DDS texture: Squad/Parts/Engine/liquidEnginePoodle_v2/poodle_Glow
[LOG 20:54:50.543] Load DDS texture: Squad/Parts/Engine/liquidEnginePoodle_v2/Poodle_SingleBell_Poodle_Diffuse
[LOG 20:54:50.549] Load DDS texture: Squad/Parts/Engine/liquidEnginePoodle_v2/Poodle_SingleBell_Poodle_Emissive
[LOG 20:54:50.556] Load DDS texture: Squad/Parts/Engine/liquidEnginePoodle_v2/Poodle_SingleBell_Poodle_Normal
[LOG 20:54:50.562] Load DDS texture: Squad/Parts/Engine/liquidEngineSkipper_v2/Shroud
[LOG 20:54:50.571] Load DDS texture: Squad/Parts/Engine/liquidEngineSkipper_v2/skipper_v2_diffuse
[LOG 20:54:50.578] Load DDS texture: Squad/Parts/Engine/liquidEngineSkipper_v2/skipper_v2_emissive
[LOG 20:54:50.587] Load DDS texture: Squad/Parts/Engine/liquidEngineSkipper_v2/skipper_v2_normal
[LOG 20:54:50.594] Load DDS texture: Squad/Parts/Engine/liquidEngineSSME/SSME
[LOG 20:54:50.601] Load DDS texture: Squad/Parts/Engine/liquidEngineSSME/SSME_GLOW
[LOG 20:54:50.610] Load DDS texture: Squad/Parts/Engine/liquidEngineSSME/SSME_NRM
[LOG 20:54:50.616] Load DDS texture: Squad/Parts/Engine/MassiveSRB/solid_booster_cm
[LOG 20:54:50.623] Load DDS texture: Squad/Parts/Engine/MassiveSRB/solid_booster_cm_esa
[LOG 20:54:50.630] Load DDS texture: Squad/Parts/Engine/MassiveSRB/solid_booster_em
[LOG 20:54:50.637] Load DDS texture: Squad/Parts/Engine/MassiveSRB/solid_booster_nm
[LOG 20:54:50.643] Load DDS texture: Squad/Parts/Engine/miniJet/SmallJet
[LOG 20:54:50.647] Load DDS texture: Squad/Parts/Engine/OMSEngine/Puff_diffuse
[LOG 20:54:50.653] Load DDS texture: Squad/Parts/Engine/OMSEngine/Puff_emissive
[LOG 20:54:50.659] Load DDS texture: Squad/Parts/Engine/OMSEngine/Puff_normal
[LOG 20:54:50.664] Load DDS texture: Squad/Parts/Engine/OMSEngine/Puff_specular
[LOG 20:54:50.671] Load DDS texture: Squad/Parts/Engine/rapierEngine/rapierDiffuse
[LOG 20:54:50.676] Load DDS texture: Squad/Parts/Engine/rapierEngine/rapieremit
[LOG 20:54:50.682] Load DDS texture: Squad/Parts/Engine/Size1_SRBs/SRB_O
[LOG 20:54:50.687] Load DDS texture: Squad/Parts/Engine/Size1_SRBs/SRB_W
[LOG 20:54:50.694] Load DDS texture: Squad/Parts/Engine/Size1_SRBs/SRB_Y
[LOG 20:54:50.700] Load DDS texture: Squad/Parts/Engine/Size2LFB/Size2LFBEmissive
[LOG 20:54:50.707] Load DDS texture: Squad/Parts/Engine/Size2LFB/twin_nozzle_booster_cm
[LOG 20:54:50.713] Load DDS texture: Squad/Parts/Engine/Size2LFB/twin_nozzle_booster_nm
[LOG 20:54:50.719] Load DDS texture: Squad/Parts/Engine/Size2LFB_v2/Size2LFBEmissive
[LOG 20:54:50.726] Load DDS texture: Squad/Parts/Engine/Size2LFB_v2/twin_nozzle_booster_cm
[LOG 20:54:50.732] Load DDS texture: Squad/Parts/Engine/Size2LFB_v2/twin_nozzle_booster_nm
[LOG 20:54:50.737] Load DDS texture: Squad/Parts/Engine/Size3AdvancedEngine/decoupler_and_adaptor_cm
[LOG 20:54:50.745] Load DDS texture: Squad/Parts/Engine/Size3AdvancedEngine/Size3AdvancedEngineDiffuse
[LOG 20:54:50.751] Load DDS texture: Squad/Parts/Engine/Size3AdvancedEngine/Size3AdvancedEngineEmissive
[LOG 20:54:50.758] Load DDS texture: Squad/Parts/Engine/Size3AdvancedEngine/Size3AdvancedEngineNormal
[LOG 20:54:50.769] Load DDS texture: Squad/Parts/Engine/Size3EngineCluster/ClusterEngineEmit
[LOG 20:54:50.775] Load DDS texture: Squad/Parts/Engine/Size3EngineCluster/four_nozzle_engine_cm
[LOG 20:54:50.782] Load DDS texture: Squad/Parts/Engine/Size3EngineCluster/four_nozzle_engine_nm
[LOG 20:54:50.788] Load DDS texture: Squad/Parts/Engine/solidBoosterBACC/model000
[LOG 20:54:50.795] Load DDS texture: Squad/Parts/Engine/solidBoosterBACC/model001
[LOG 20:54:50.801] Load DDS texture: Squad/Parts/Engine/solidBoosterBACC/model002
[LOG 20:54:50.806] Load DDS texture: Squad/Parts/Engine/solidBoosterRT-5/RT5
[LOG 20:54:50.822] Load DDS texture: Squad/Parts/Engine/solidBoosterS2-17/solidBoosterS2-17_diffuse
[LOG 20:54:50.834] Load DDS texture: Squad/Parts/Engine/solidBoosterS2-17/solidBoosterS2-17_emissive
[LOG 20:54:50.846] Load DDS texture: Squad/Parts/Engine/solidBoosterS2-17/solidBoosterS2-17_normal
[LOG 20:54:50.873] Load DDS texture: Squad/Parts/Engine/solidBoosterS2-33/solidBoosterS2-33_diffuse
[LOG 20:54:50.910] Load DDS texture: Squad/Parts/Engine/solidBoosterS2-33/solidBoosterS2-33_emissive
[LOG 20:54:50.933] Load DDS texture: Squad/Parts/Engine/solidBoosterS2-33/solidBoosterS2-33_normal
[LOG 20:54:50.950] Load DDS texture: Squad/Parts/Engine/solidBoosterSep/model000
[LOG 20:54:50.951] Load DDS texture: Squad/Parts/Engine/solidBoosterSep/motor
[LOG 20:54:50.954] Load DDS texture: Squad/Parts/Engine/SolidBoostersF/Assets/SolidBoosterF3S0_diffuse
[LOG 20:54:50.962] Load DDS texture: Squad/Parts/Engine/SolidBoostersF/Assets/SolidBoosterF3S0_emissive
[LOG 20:54:50.968] Load DDS texture: Squad/Parts/Engine/SolidBoostersF/Assets/SolidBoosterF3S0_normal
[LOG 20:54:50.975] Load DDS texture: Squad/Parts/FuelTank/adapterTanks/Mk3Adapters
[LOG 20:54:50.982] Load DDS texture: Squad/Parts/FuelTank/drainTankFTE-1/fuelValve_diffuse
[LOG 20:54:50.988] Load DDS texture: Squad/Parts/FuelTank/drainTankFTE-1/fuelValve_nrm
[LOG 20:54:50.994] Load DDS texture: Squad/Parts/FuelTank/FoilTanks/RadialTanks
[LOG 20:54:51.000] Load DDS texture: Squad/Parts/FuelTank/FoilTanks/RadialTanksGold_specular
[LOG 20:54:51.007] Load DDS texture: Squad/Parts/FuelTank/FoilTanks/RadialTanksSilver_specular
[LOG 20:54:51.012] Load DDS texture: Squad/Parts/FuelTank/FoilTanks/RadialTanks_N
[LOG 20:54:51.019] Load DDS texture: Squad/Parts/FuelTank/FoilTanks/RadialTanks_silver
[LOG 20:54:51.025] Load DDS texture: Squad/Parts/FuelTank/fuelTankOscarB/model000
[LOG 20:54:51.031] Load DDS texture: Squad/Parts/FuelTank/fuelTankOscarB/model001
[LOG 20:54:51.035] Load DDS texture: Squad/Parts/FuelTank/fuelTankOscarB/tank
[LOG 20:54:51.041] Load DDS texture: Squad/Parts/FuelTank/fuelTankOscarB/tank_n
[LOG 20:54:51.046] Load DDS texture: Squad/Parts/FuelTank/miniFuselage/Fuselage
[LOG 20:54:51.051] Load DDS texture: Squad/Parts/FuelTank/mk2Adapters/mk2adapters1m
[LOG 20:54:51.058] Load DDS texture: Squad/Parts/FuelTank/mk2FuselageLong/mk2Fuselage
[LOG 20:54:51.066] Load DDS texture: Squad/Parts/FuelTank/mk2FuselageShort/mk2FuselageShort
[LOG 20:54:51.073] Load DDS texture: Squad/Parts/FuelTank/mk3Fuselage/Mk3Fuselage
[LOG 20:54:51.079] Load DDS texture: Squad/Parts/FuelTank/mk3Fuselage/Mk3Fuselage_LUM
[LOG 20:54:51.086] Load DDS texture: Squad/Parts/FuelTank/RCSFuelTankR1/RCSFuelTankR1_01
[LOG 20:54:51.093] Load DDS texture: Squad/Parts/FuelTank/RCSFuelTankR1/RCSFuelTankR1_02
[LOG 20:54:51.099] Load DDS texture: Squad/Parts/FuelTank/RCSFuelTankR1/RCSFuelTankR1_N
[LOG 20:54:51.104] Load DDS texture: Squad/Parts/FuelTank/RCSFuelTankR10/ksp_m_rcsTank_diff
[LOG 20:54:51.122] Load DDS texture: Squad/Parts/FuelTank/RCSFuelTankR10/ksp_m_rcsTank_normal
[LOG 20:54:51.127] Load DDS texture: Squad/Parts/FuelTank/RCSFuelTankR25/FL-R25 RCS Fuel Tank_D
[LOG 20:54:51.137] Load DDS texture: Squad/Parts/FuelTank/RCSFuelTankR25/FL-R25 RCS Fuel Tank_N
[LOG 20:54:51.142] Load DDS texture: Squad/Parts/FuelTank/RCSTankRadial/model000
[LOG 20:54:51.148] Load DDS texture: Squad/Parts/FuelTank/RCStankRadialLong/ksp_r_rcsCylTank_diff
[LOG 20:54:51.156] Load DDS texture: Squad/Parts/FuelTank/RockomaxTanks/Assets/rockomax_16 [AlbedoM] BW
[LOG 20:54:51.165] Load DDS texture: Squad/Parts/FuelTank/RockomaxTanks/Assets/rockomax_16 [AlbedoM] ESA
[LOG 20:54:51.178] Load DDS texture: Squad/Parts/FuelTank/RockomaxTanks/Assets/rockomax_16 [AlbedoM] O
[LOG 20:54:51.186] Load DDS texture: Squad/Parts/FuelTank/RockomaxTanks/Assets/rockomax_16 [Normal] BW
[LOG 20:54:51.195] Load DDS texture: Squad/Parts/FuelTank/RockomaxTanks/Assets/rockomax_16 [Normal]ESA
[LOG 20:54:51.203] Load DDS texture: Squad/Parts/FuelTank/RockomaxTanks/Assets/rockomax_16 [Normal]O
[LOG 20:54:51.211] Load DDS texture: Squad/Parts/FuelTank/RockomaxTanks/Assets/rockomax_32 [AlbedoM] ESA
[LOG 20:54:51.218] Load DDS texture: Squad/Parts/FuelTank/RockomaxTanks/Assets/rockomax_32 [Normal]ESA
[LOG 20:54:51.226] Load DDS texture: Squad/Parts/FuelTank/Size1_Tanks/125Tanks_BW
[LOG 20:54:51.232] Load DDS texture: Squad/Parts/FuelTank/Size1_Tanks/125Tanks_D
[LOG 20:54:51.240] Load DDS texture: Squad/Parts/FuelTank/Size1_Tanks/125Tanks_N
[LOG 20:54:51.247] Load DDS texture: Squad/Parts/FuelTank/Size1_Tanks/125Tanks_O
[LOG 20:54:51.254] Load DDS texture: Squad/Parts/FuelTank/Size1_Tanks/125Tanks_W
[LOG 20:54:51.261] Load DDS texture: Squad/Parts/FuelTank/Size3Tanks/fueltTanks_cm
[LOG 20:54:51.268] Load Cached PNG Texture: Squad/Parts/FuelTank/Size3Tanks/Size3Tanks
[LOG 20:54:51.273] Load Cached PNG Texture: Squad/Parts/FuelTank/Size3Tanks/Size3Tanks_Norm
[LOG 20:54:51.280] Load Cached PNG Texture: Squad/Parts/FuelTank/Size3Tanks/Size3Tanks_Orange
[LOG 20:54:51.287] Load Cached PNG Texture: Squad/Parts/FuelTank/Size3Tanks/Size3Tanks_Orange_Norm
[LOG 20:54:51.293] Load DDS texture: Squad/Parts/FuelTank/xenonTank/model000
[LOG 20:54:51.298] Load DDS texture: Squad/Parts/FuelTank/xenonTank/model001
[LOG 20:54:51.303] Load DDS texture: Squad/Parts/FuelTank/xenonTankLarge/tank
[LOG 20:54:51.309] Load DDS texture: Squad/Parts/FuelTank/xenonTankRadial/ksp_r_xenonTank_diff
[LOG 20:54:51.315] Load DDS texture: Squad/Parts/Misc/AsteroidDay/CamSat
[LOG 20:54:51.328] Load DDS texture: Squad/Parts/Misc/AsteroidDay/CamSat_glow
[LOG 20:54:51.334] Load DDS texture: Squad/Parts/Misc/AsteroidDay/CamSat_N_NRM
[LOG 20:54:51.341] Load DDS texture: Squad/Parts/Misc/AsteroidDay/default
[LOG 20:54:51.346] Load DDS texture: Squad/Parts/Misc/AsteroidDay/hecsDiffuse
[LOG 20:54:51.352] Load DDS texture: Squad/Parts/Misc/AsteroidDay/hecsNormal
[LOG 20:54:51.358] Load DDS texture: Squad/Parts/Misc/AsteroidDay/hecsSpecular
[LOG 20:54:51.365] Load DDS texture: Squad/Parts/Misc/AsteroidDay/JumboHexProbe
[LOG 20:54:51.371] Load DDS texture: Squad/Parts/Misc/AsteroidDay/JumboHexProbe_NORM_NRM
[LOG 20:54:51.375] Load DDS texture: Squad/Parts/Resources/FuelCell/FCLamp
[LOG 20:54:51.381] Load DDS texture: Squad/Parts/Resources/FuelCell/FuelCellRack
[LOG 20:54:51.386] Load DDS texture: Squad/Parts/Resources/FuelCell/fuellcell
[LOG 20:54:51.392] Load DDS texture: Squad/Parts/Resources/ISRU/Processor_Large
[LOG 20:54:51.398] Load DDS texture: Squad/Parts/Resources/LargeTank/ksp_l_resourceContainer_diff
[LOG 20:54:51.405] Load DDS texture: Squad/Parts/Resources/LargeTank/ksp_l_resourceContainer_norm
[LOG 20:54:51.410] Load DDS texture: Squad/Parts/Resources/MiniDrill/DustParticle
[LOG 20:54:51.416] Load DDS texture: Squad/Parts/Resources/MiniDrill/ksp_r_rockProbe_diff
[LOG 20:54:51.422] Load DDS texture: Squad/Parts/Resources/MiniDrill/RockParticle
[LOG 20:54:51.429] Load DDS texture: Squad/Parts/Resources/MiniISRU/ksp_s_processorSmall_diff
[LOG 20:54:51.434] Load DDS texture: Squad/Parts/Resources/OrbitalScanner/detector
[LOG 20:54:51.440] Load DDS texture: Squad/Parts/Resources/RadialDrill/DustParticle
[LOG 20:54:51.447] Load DDS texture: Squad/Parts/Resources/RadialDrill/RockParticle
[LOG 20:54:51.452] Load DDS texture: Squad/Parts/Resources/RadialDrill/TriBitDrill
[LOG 20:54:51.458] Load DDS texture: Squad/Parts/Resources/RadialTank/ksp_r_resourceContainer_psd_2
[LOG 20:54:51.463] Load DDS texture: Squad/Parts/Resources/SmallTank/ksp_s_resourceContainer_diff
[LOG 20:54:51.470] Load DDS texture: Squad/Parts/Resources/SmallTank/ksp_s_resourceContainer_normal
[LOG 20:54:51.477] Load DDS texture: Squad/Parts/Resources/SurfaceScanner/ksp_r_samplerAir_diff
[LOG 20:54:51.483] Load DDS texture: Squad/Parts/Resources/SurveyScanner/dish
[LOG 20:54:51.488] Load DDS texture: Squad/Parts/Resources/SurveyScanner/dish_n
[LOG 20:54:51.495] Load DDS texture: Squad/Parts/Science/AtmosphereSensor/ksp_r_hydroscoop_diff
[LOG 20:54:51.501] Load DDS texture: Squad/Parts/Science/GooExperiment/GooExperiment
[LOG 20:54:51.507] Load DDS texture: Squad/Parts/Science/LargeCrewedLab/Large_Crewed_Lab
[LOG 20:54:51.514] Load DDS texture: Squad/Parts/Science/LargeCrewedLab/Large_Crewed_Lab_glow
[LOG 20:54:51.515] Load DDS texture: Squad/Parts/Science/LargeCrewedLab/window
[LOG 20:54:51.521] Load DDS texture: Squad/Parts/Science/Magnetometer/Magnetometer_diffuse
[LOG 20:54:51.527] Load DDS texture: Squad/Parts/Science/Magnetometer/Magnetometer_nrm
[LOG 20:54:51.532] Load DDS texture: Squad/Parts/Science/MaterialBay/science_module_small
[LOG 20:54:51.539] Load DDS texture: Squad/Parts/Science/MaterialBay/science_module_small_emit
[LOG 20:54:51.544] Load DDS texture: Squad/Parts/Science/MaterialBay/science_module_small_nrm
[LOG 20:54:51.550] Load DDS texture: Squad/Parts/Science/MaterialBay/wires
[LOG 20:54:51.556] Load DDS texture: Squad/Parts/Science/ScienceBox/Container
[LOG 20:54:51.561] Load DDS texture: Squad/Parts/Science/sensorAccelerometer/model000
[LOG 20:54:51.566] Load DDS texture: Squad/Parts/Science/sensorBarometer/model000
[LOG 20:54:51.571] Load DDS texture: Squad/Parts/Science/sensorGravimeter/model000
[LOG 20:54:51.577] Load DDS texture: Squad/Parts/Science/sensorThermometer/model000
[LOG 20:54:51.583] Load DDS texture: Squad/Parts/Structural/FLAdapters/Assets/FLA-Adapters_diffuse
[LOG 20:54:51.589] Load DDS texture: Squad/Parts/Structural/FLAdapters/Assets/FLA-Adapters_diffuse_O
[LOG 20:54:51.596] Load DDS texture: Squad/Parts/Structural/FLAdapters/Assets/FLA-Adapters_normal
[LOG 20:54:51.602] Load DDS texture: Squad/Parts/Structural/FLAdapters/Assets/FLA-Adapters_normal_O
[LOG 20:54:51.609] Load DDS texture: Squad/Parts/Structural/mk1Parts/Mk1Structural
[LOG 20:54:51.615] Load DDS texture: Squad/Parts/Structural/mk1Parts/Mk1StructuralHeat
[LOG 20:54:51.622] Load Cached PNG Texture: Squad/Parts/Structural/mk1Parts/@thumbs/MK1Fuselage_icon
[LOG 20:54:51.631] Load DDS texture: Squad/Parts/Structural/Size3To2Adapter_v2/Size2to3_BW_Diffuse
[LOG 20:54:51.637] Load DDS texture: Squad/Parts/Structural/Size3To2Adapter_v2/Size2to3_DUMMY_NRM
[LOG 20:54:51.646] Load DDS texture: Squad/Parts/Structural/Size3To2Adapter_v2/Size2to3_O_Diffuse
[LOG 20:54:51.654] Load DDS texture: Squad/Parts/Structural/Size3To2Adapter_v2/Size2to3_W_Diffuse
[LOG 20:54:51.664] Load DDS texture: Squad/Parts/Structural/Size3To2Adapter_v2/Size2to3_W_NRM
[LOG 20:54:51.671] Load DDS texture: Squad/Parts/Structural/stackAdapters/Assets/stackAdapters_diffuse
[LOG 20:54:51.678] Load DDS texture: Squad/Parts/Structural/stackAdapters/Assets/stackAdapters_diffuse_Dark
[LOG 20:54:51.686] Load DDS texture: Squad/Parts/Structural/stackAdapters/Assets/stackAdapters_diffuse_Orange
[LOG 20:54:51.693] Load DDS texture: Squad/Parts/Structural/stackAdapters/Assets/stackAdapters_normal
[LOG 20:54:51.699] Load DDS texture: Squad/Parts/Structural/stackAdapters/Assets/stackAdapters_normal_Orange
[LOG 20:54:51.706] Load DDS texture: Squad/Parts/Structural/stationHub/model000
[LOG 20:54:51.713] Load DDS texture: Squad/Parts/Structural/stationHub/model001
[LOG 20:54:51.720] Load DDS texture: Squad/Parts/Structural/structuralIBeam200/model000
[LOG 20:54:51.727] Load DDS texture: Squad/Parts/Structural/structuralIBeam200Pocket/model000
[LOG 20:54:51.732] Load DDS texture: Squad/Parts/Structural/structuralIBeam650/model000
[LOG 20:54:51.738] Load DDS texture: Squad/Parts/Structural/structuralMicronode/model000
[LOG 20:54:51.745] Load DDS texture: Squad/Parts/Structural/structuralPanel1x1/model000
[LOG 20:54:51.759] Load DDS texture: Squad/Parts/Structural/structuralPanel1x1/model001
[LOG 20:54:51.766] Load DDS texture: Squad/Parts/Structural/structuralPanel2x2/model000
[LOG 20:54:51.781] Load DDS texture: Squad/Parts/Structural/structuralPanel2x2/model001
[LOG 20:54:51.788] Load DDS texture: Squad/Parts/Structural/structuralPylons/Pylons
[LOG 20:54:51.794] Load DDS texture: Squad/Parts/Structural/strutCubicOcto/cubestrut
[LOG 20:54:51.800] Load DDS texture: Squad/Parts/Structural/strutOcto/model000
[LOG 20:54:51.806] Load DDS texture: Squad/Parts/Structural/trussGirderAdapter/model000
[LOG 20:54:51.812] Load DDS texture: Squad/Parts/Structural/trussGirderAdapter/model001
[LOG 20:54:51.818] Load DDS texture: Squad/Parts/Structural/trussGirderL/model000
[LOG 20:54:51.824] Load DDS texture: Squad/Parts/Structural/trussGirderXL/model000
[LOG 20:54:51.830] Load DDS texture: Squad/Parts/Thermal/FoldingRadiators/radiator
[LOG 20:54:51.838] Load DDS texture: Squad/Parts/Thermal/FoldingRadiators/radiator_N_NRM
[LOG 20:54:51.843] Load DDS texture: Squad/Parts/Thermal/RadiatorPanels/radPanel
[LOG 20:54:51.850] Load DDS texture: Squad/Parts/Thermal/RadiatorPanels/radPanel_N_NRM
[LOG 20:54:51.856] Load DDS texture: Squad/Parts/Utility/commDish88-88/comm_dish_array
[LOG 20:54:51.862] Load DDS texture: Squad/Parts/Utility/commDish88-88/comm_dish_v2_diff
[LOG 20:54:51.868] Load DDS texture: Squad/Parts/Utility/commDish88-88/model000
[LOG 20:54:51.875] Load DDS texture: Squad/Parts/Utility/commsAntennaDTS-M1/mediumDishAntenna
[LOG 20:54:51.882] Load DDS texture: Squad/Parts/Utility/commsAntennaDTS-M1/mediumDishAntenna_Emit
[LOG 20:54:51.888] Load DDS texture: Squad/Parts/Utility/commsDish16/model000
[LOG 20:54:51.893] Load DDS texture: Squad/Parts/Utility/decouplerRadialHDM/model000
[LOG 20:54:51.899] Load DDS texture: Squad/Parts/Utility/decouplerRadialTT-38K/model000
[LOG 20:54:51.905] Load DDS texture: Squad/Parts/Utility/decouplerRadialTT-38K/model001
[LOG 20:54:51.912] Load DDS texture: Squad/Parts/Utility/decouplerRadialTT-70/model000
[LOG 20:54:51.918] Load DDS texture: Squad/Parts/Utility/DirectAntennas/MiniAntenna
[LOG 20:54:51.923] Load DDS texture: Squad/Parts/Utility/dockingPort/Arrow Pointer
[LOG 20:54:51.931] Load DDS texture: Squad/Parts/Utility/dockingPort/DockingPorts_Clampotron_Diffuse
[LOG 20:54:51.938] Load DDS texture: Squad/Parts/Utility/dockingPort/DockingPorts_Clampotron_Emissive
[LOG 20:54:51.947] Load DDS texture: Squad/Parts/Utility/dockingPort/DockingPorts_Clampotron_Normal
[LOG 20:54:51.951] Load DDS texture: Squad/Parts/Utility/dockingPortInline/Arrow Pointer
[LOG 20:54:51.956] Load DDS texture: Squad/Parts/Utility/dockingPortInline/ClampotronLinear_ClampotronLinear_Diffuse
[LOG 20:54:51.964] Load DDS texture: Squad/Parts/Utility/dockingPortInline/ClampotronLinear_ClampotronLinear_Emissive
[LOG 20:54:51.973] Load DDS texture: Squad/Parts/Utility/dockingPortInline/ClampotronLinear_ClampotronLinear_Normal
[LOG 20:54:51.983] Load DDS texture: Squad/Parts/Utility/dockingPortInline/DockingPorts_Clampotron_Diffuse
[LOG 20:54:51.991] Load DDS texture: Squad/Parts/Utility/dockingPortInline/DockingPorts_Clampotron_Emissive
[LOG 20:54:52.000] Load DDS texture: Squad/Parts/Utility/dockingPortInline/DockingPorts_Clampotron_Normal
[LOG 20:54:52.003] Load DDS texture: Squad/Parts/Utility/dockingPortJr/Arrow Pointer
[LOG 20:54:52.008] Load DDS texture: Squad/Parts/Utility/dockingPortJr/DockingPorts_ClampotronJR_Diffuse
[LOG 20:54:52.015] Load DDS texture: Squad/Parts/Utility/dockingPortJr/DockingPorts_ClampotronJR_Normal
[LOG 20:54:52.022] Load DDS texture: Squad/Parts/Utility/dockingPortJr/model000
[LOG 20:54:52.023] Load DDS texture: Squad/Parts/Utility/dockingPortShielded/Arrow Pointer
[LOG 20:54:52.032] Load DDS texture: Squad/Parts/Utility/dockingPortShielded/Clamp-O-Tron Shielded Docking Port_ClampotronShielded_Diffuse
[LOG 20:54:52.041] Load DDS texture: Squad/Parts/Utility/dockingPortShielded/Clamp-O-Tron Shielded Docking Port_ClampotronShielded_Normal
[LOG 20:54:52.051] Load DDS texture: Squad/Parts/Utility/dockingPortShielded/DockingPorts_Clampotron_Diffuse
[LOG 20:54:52.059] Load DDS texture: Squad/Parts/Utility/dockingPortShielded/DockingPorts_Clampotron_Emissive
[LOG 20:54:52.067] Load DDS texture: Squad/Parts/Utility/dockingPortShielded/DockingPorts_Clampotron_Normal
[LOG 20:54:52.070] Load DDS texture: Squad/Parts/Utility/dockingPortSr/Arrow Pointer
[LOG 20:54:52.079] Load DDS texture: Squad/Parts/Utility/dockingPortSr/ClampotronSr_ClampotronSr_Diffuse
[LOG 20:54:52.088] Load DDS texture: Squad/Parts/Utility/dockingPortSr/ClampotronSr_ClampotronSr_Diffuse_gray
[LOG 20:54:52.098] Load DDS texture: Squad/Parts/Utility/dockingPortSr/ClampotronSr_ClampotronSr_Emissive
[LOG 20:54:52.107] Load DDS texture: Squad/Parts/Utility/dockingPortSr/ClampotronSr_ClampotronSr_Normal
[LOG 20:54:52.116] Load Cached PNG Texture: Squad/Parts/Utility/Fireworks/Assets/fireworks_launcher_big 1
[LOG 20:54:52.124] Load Cached PNG Texture: Squad/Parts/Utility/Fireworks/Assets/fireworks_launcher_big
[LOG 20:54:52.133] Load Cached PNG Texture: Squad/Parts/Utility/flags/backgroundTextures/dark_background
[LOG 20:54:52.139] Load Cached PNG Texture: Squad/Parts/Utility/flags/backgroundTextures/orange_background
[LOG 20:54:52.145] Load Cached PNG Texture: Squad/Parts/Utility/flags/backgroundTextures/white_background
[LOG 20:54:52.152] Load DDS texture: Squad/Parts/Utility/GrapplingDevice/grabberDiffuse
[LOG 20:54:52.157] Load DDS texture: Squad/Parts/Utility/GrapplingDevice/grabberDiffuse_dark
[LOG 20:54:52.165] Load DDS texture: Squad/Parts/Utility/GrapplingDevice/grabberNRM
[LOG 20:54:52.166] Load DDS texture: Squad/Parts/Utility/GrapplingDevice/window
[LOG 20:54:52.172] Load DDS texture: Squad/Parts/Utility/ladderRadial/model000
[LOG 20:54:52.178] Load DDS texture: Squad/Parts/Utility/ladderTelescopic/model000
[LOG 20:54:52.184] Load DDS texture: Squad/Parts/Utility/ladderTelescopic/model001
[LOG 20:54:52.191] Load DDS texture: Squad/Parts/Utility/ladderTelescopic/model002
[LOG 20:54:52.197] Load DDS texture: Squad/Parts/Utility/ladderTelescopicBay/model000
[LOG 20:54:52.203] Load DDS texture: Squad/Parts/Utility/ladderTelescopicBay/model001
[LOG 20:54:52.211] Load DDS texture: Squad/Parts/Utility/landingLegLT-1/ksp_r_landingStrut_diff
[LOG 20:54:52.216] Load DDS texture: Squad/Parts/Utility/landingLegLT-2/landingLeg
[LOG 20:54:52.222] Load DDS texture: Squad/Parts/Utility/landingLegLT-5/leg
[LOG 20:54:52.229] Load DDS texture: Squad/Parts/Utility/landingLegLT-5/model000
[LOG 20:54:52.234] Load DDS texture: Squad/Parts/Utility/launchClamp1/model000
[LOG 20:54:52.240] Load DDS texture: Squad/Parts/Utility/launchClamp1/model001
[LOG 20:54:52.247] Load DDS texture: Squad/Parts/Utility/launchEscapeSystem/LES_Diffuse
[LOG 20:54:52.253] Load DDS texture: Squad/Parts/Utility/Lights/Assets/Lights_Attacheable_Lights_Diffuse
[LOG 20:54:52.261] Load DDS texture: Squad/Parts/Utility/Lights/Assets/Lights_Attacheable_Lights_Diffuse_white
[LOG 20:54:52.267] Load DDS texture: Squad/Parts/Utility/Lights/Assets/Lights_Attacheable_Lights_Emissive
[LOG 20:54:52.272] Load DDS texture: Squad/Parts/Utility/Lights/Assets/Lights_Attacheable_Lights_Normal
[LOG 20:54:52.280] Load DDS texture: Squad/Parts/Utility/Lights/Assets/Lights_Rectangle_Light_Diffuse
[LOG 20:54:52.291] Load DDS texture: Squad/Parts/Utility/Lights/Assets/Lights_Rectangle_Light_Diffuse_white
[LOG 20:54:52.300] Load DDS texture: Squad/Parts/Utility/Lights/Assets/Lights_Rectangle_Light_Emissive
[LOG 20:54:52.310] Load DDS texture: Squad/Parts/Utility/Lights/Assets/Lights_Rectangle_Light_Normal
[LOG 20:54:52.317] Load DDS texture: Squad/Parts/Utility/Lights/Assets/Lights_Worklights_Diffuse
[LOG 20:54:52.325] Load DDS texture: Squad/Parts/Utility/Lights/Assets/Lights_Worklights_Emissive
[LOG 20:54:52.333] Load DDS texture: Squad/Parts/Utility/Lights/Assets/Lights_Worklights_Normal
[LOG 20:54:52.341] Load DDS texture: Squad/Parts/Utility/Lights/Assets/Spotlight_Attacheable_Lights_Diffuse
[LOG 20:54:52.347] Load DDS texture: Squad/Parts/Utility/Lights/Assets/Spotlight_Attacheable_Lights_Diffuse_white
[LOG 20:54:52.353] Load DDS texture: Squad/Parts/Utility/Lights/Assets/Spotlight_Attacheable_Lights_Emissive
[LOG 20:54:52.360] Load DDS texture: Squad/Parts/Utility/Lights/Assets/Spotlight_Attacheable_Lights_Normal
[LOG 20:54:52.365] Load DDS texture: Squad/Parts/Utility/linearVernorRCS/Assets/linear_vernor_diffuse
[LOG 20:54:52.373] Load DDS texture: Squad/Parts/Utility/linearVernorRCS/Assets/linear_vernor_emissive
[LOG 20:54:52.379] Load DDS texture: Squad/Parts/Utility/linearVernorRCS/Assets/linear_vernor_normalDummy
[LOG 20:54:52.385] Load DDS texture: Squad/Parts/Utility/linearVernorRCS/Assets/linear_vernor_specular
[LOG 20:54:52.391] Load DDS texture: Squad/Parts/Utility/mk2CargoBay/mk2CargoBay
[LOG 20:54:52.398] Load DDS texture: Squad/Parts/Utility/mk2CrewCabin/mk2CrewCabin
[LOG 20:54:52.404] Load DDS texture: Squad/Parts/Utility/mk2CrewCabin/mk2CrewCabin_LUM
[LOG 20:54:52.405] Load DDS texture: Squad/Parts/Utility/mk2DockingPort/Arrow Pointer
[LOG 20:54:52.412] Load DDS texture: Squad/Parts/Utility/mk2DockingPort/Mk2Clampotron_Caps_Diffuse
[LOG 20:54:52.419] Load DDS texture: Squad/Parts/Utility/mk2DockingPort/Mk2Clampotron_Caps_Emmisive
[LOG 20:54:52.424] Load DDS texture: Squad/Parts/Utility/mk2DockingPort/Mk2Clampotron_Caps_Normal
[LOG 20:54:52.433] Load DDS texture: Squad/Parts/Utility/mk2DockingPort/Mk2Clampotron_Mk2Clampotron_Diffuse
[LOG 20:54:52.441] Load DDS texture: Squad/Parts/Utility/mk2DockingPort/Mk2Clampotron_Mk2Clampotron_Emissive
[LOG 20:54:52.450] Load DDS texture: Squad/Parts/Utility/mk2DockingPort/Mk2Clampotron_Mk2Clampotron_Normal
[LOG 20:54:52.456] Load DDS texture: Squad/Parts/Utility/mk2DockingPort/mk2DockingPort
[LOG 20:54:52.463] Load DDS texture: Squad/Parts/Utility/mk3CargoBay/Mk3CargoBay
[LOG 20:54:52.470] Load DDS texture: Squad/Parts/Utility/parachuteMk1/model000
[LOG 20:54:52.476] Load DDS texture: Squad/Parts/Utility/parachuteMk1/model001
[LOG 20:54:52.482] Load DDS texture: Squad/Parts/Utility/parachuteMk12-R/model000
[LOG 20:54:52.488] Load DDS texture: Squad/Parts/Utility/parachuteMk12-R/model001
[LOG 20:54:52.494] Load DDS texture: Squad/Parts/Utility/parachuteMk16-XL/model000
[LOG 20:54:52.500] Load DDS texture: Squad/Parts/Utility/parachuteMk16-XL/model001
[LOG 20:54:52.506] Load DDS texture: Squad/Parts/Utility/parachuteMk2-R/model000
[LOG 20:54:52.513] Load DDS texture: Squad/Parts/Utility/parachuteMk2-R/model001
[LOG 20:54:52.519] Load DDS texture: Squad/Parts/Utility/parachuteMk25/model000
[LOG 20:54:52.527] Load DDS texture: Squad/Parts/Utility/parachuteMk25/model001
[LOG 20:54:52.541] Load DDS texture: Squad/Parts/Utility/radialAttachmentPoint/model000
[LOG 20:54:52.547] Load DDS texture: Squad/Parts/Utility/radialAttachmentPoint/model001
[LOG 20:54:52.553] Load DDS texture: Squad/Parts/Utility/rcsBlockRV-105_v2/rcsBlock_diffuse
[LOG 20:54:52.555] Load DDS texture: Squad/Parts/Utility/rcsBlockRV-105_v2/rcsThrusterBlock_normal
[LOG 20:54:52.561] Load DDS texture: Squad/Parts/Utility/rcsBlockRV-105_v2/rcsThruster_emissive
[LOG 20:54:52.566] Load DDS texture: Squad/Parts/Utility/rcsBlockRV-105_v2/rcsThruster_specular
[LOG 20:54:52.572] Load DDS texture: Squad/Parts/Utility/rcsBlockRV-105_v2/RCS_Block_Diffuse
[LOG 20:54:52.578] Load DDS texture: Squad/Parts/Utility/rcsBlockRV-105_v2/RCS_Block_Emissive
[LOG 20:54:52.592] Load DDS texture: Squad/Parts/Utility/rcsBlockRV-105_v2/RCS_Block_Normal
[LOG 20:54:52.600] Load DDS texture: Squad/Parts/Utility/rcsBlockRV-105_v2/RCS_Block_Specular
[LOG 20:54:52.607] Load DDS texture: Squad/Parts/Utility/rcsSmallLinear/Assets/RCS_Linear_Base_Diffuse
[LOG 20:54:52.613] Load DDS texture: Squad/Parts/Utility/rcsSmallLinear/Assets/RCS_Linear_Diffuse
[LOG 20:54:52.619] Load DDS texture: Squad/Parts/Utility/rcsSmallLinear/Assets/RCS_Linear_Emissive
[LOG 20:54:52.624] Load DDS texture: Squad/Parts/Utility/rcsSmallLinear/Assets/RCS_Linear_Normal
[LOG 20:54:52.631] Load DDS texture: Squad/Parts/Utility/rcsSmallLinear/Assets/RCS_Linear_Specular
[LOG 20:54:52.636] Load DDS texture: Squad/Parts/Utility/RelayAntennas/DishAntenna
[LOG 20:54:52.642] Load DDS texture: Squad/Parts/Utility/RelayAntennas/MiniAntenna
[LOG 20:54:52.649] Load DDS texture: Squad/Parts/Utility/rockomaxAdapters/Assets/Rockomax_Adapters_diffuse
[LOG 20:54:52.656] Load DDS texture: Squad/Parts/Utility/rockomaxAdapters/Assets/Rockomax_Adapters_diffuse_O
[LOG 20:54:52.664] Load DDS texture: Squad/Parts/Utility/rockomaxAdapters/Assets/Rockomax_Adapters_diffuse_W
[LOG 20:54:52.670] Load DDS texture: Squad/Parts/Utility/rockomaxAdapters/Assets/Rockomax_Adapters_normal
[LOG 20:54:52.677] Load DDS texture: Squad/Parts/Utility/rockomaxAdapters/Assets/Rockomax_Adapters_normal_O
[LOG 20:54:52.682] Load DDS texture: Squad/Parts/Utility/ServiceBay/ServiceBay
[LOG 20:54:52.689] Load Cached PNG Texture: Squad/Parts/Utility/ServiceBay_v2/Assets/Scratch
[LOG 20:54:52.697] Load Cached PNG Texture: Squad/Parts/Utility/ServiceBay_v2/Assets/ServiceBay_bump
[LOG 20:54:52.706] Load Cached PNG Texture: Squad/Parts/Utility/ServiceBay_v2/Assets/ServiceBay_v2
[LOG 20:54:52.714] Load DDS texture: Squad/Parts/Utility/smallClaw/grabberSmallDiffuse
[LOG 20:54:52.721] Load DDS texture: Squad/Parts/Utility/smallClaw/grabberSmallDiffuseDark
[LOG 20:54:52.730] Load DDS texture: Squad/Parts/Utility/smallClaw/grabberSmallNRM
[LOG 20:54:52.731] Load DDS texture: Squad/Parts/Utility/smallClaw/window
[LOG 20:54:52.738] Load DDS texture: Squad/Parts/Utility/spotLightMk1/light1
[LOG 20:54:52.744] Load DDS texture: Squad/Parts/Utility/spotLightMk1/light1_em
[LOG 20:54:52.750] Load DDS texture: Squad/Parts/Utility/spotLightMk1_v2/spotLightMk1_Diffuse
[LOG 20:54:52.756] Load DDS texture: Squad/Parts/Utility/spotLightMk1_v2/spotLightMk1_Diffuse_white
[LOG 20:54:52.763] Load DDS texture: Squad/Parts/Utility/spotLightMk1_v2/spotLightMk1_Emissive
[LOG 20:54:52.772] Load DDS texture: Squad/Parts/Utility/spotLightMk1_v2/spotLightMk1_Normal
[LOG 20:54:52.778] Load DDS texture: Squad/Parts/Utility/spotLightMk2/light2
[LOG 20:54:52.783] Load DDS texture: Squad/Parts/Utility/spotLightMk2/light2_em
[LOG 20:54:52.790] Load DDS texture: Squad/Parts/Utility/spotLightMk2_v2/spotLightMk2_Diffuse
[LOG 20:54:52.797] Load DDS texture: Squad/Parts/Utility/spotLightMk2_v2/spotLightMk2_Diffuse_white
[LOG 20:54:52.804] Load DDS texture: Squad/Parts/Utility/spotLightMk2_v2/spotLightMk2_Emissive
[LOG 20:54:52.810] Load DDS texture: Squad/Parts/Utility/spotLightMk2_v2/spotLightMk2_Normal
[LOG 20:54:52.816] Load DDS texture: Squad/Parts/Utility/stackCouplers/Assets/stackCouplersDiffuse
[LOG 20:54:52.824] Load DDS texture: Squad/Parts/Utility/stackCouplers/Assets/stackCouplersDiffuse_Dark
[LOG 20:54:52.832] Load DDS texture: Squad/Parts/Utility/stackCouplers/Assets/stackCouplersDiffuse_Orange
[LOG 20:54:52.840] Load DDS texture: Squad/Parts/Utility/stackCouplers/Assets/stackCouplers_NRM
[LOG 20:54:52.847] Load DDS texture: Squad/Parts/Utility/stackCouplers/Assets/stackCouplers_Orange_NRM
[LOG 20:54:52.853] Load DDS texture: Squad/Parts/Wheel/LandingGear/Flare
[LOG 20:54:52.858] Load DDS texture: Squad/Parts/Wheel/LandingGear/LandingGear
[LOG 20:54:52.869] Load DDS texture: Squad/Parts/Wheel/LandingGear/LandingGear_Emissive
[LOG 20:54:52.875] Load DDS texture: Squad/Parts/Wheel/roverWheelM1/model000
[LOG 20:54:52.881] Load DDS texture: Squad/Parts/Wheel/roverWheelM1/roverwheel1
[LOG 20:54:52.886] Load DDS texture: Squad/Parts/Wheel/roverWheelS2/model000
[LOG 20:54:52.892] Load DDS texture: Squad/Parts/Wheel/roverWheelS2/model001
[LOG 20:54:52.898] Load DDS texture: Squad/Parts/Wheel/roverWheelS2/roverwheel2
[LOG 20:54:52.932] Load DDS texture: Squad/Parts/Wheel/roverWheelS2/roverwheel2_n
[LOG 20:54:52.940] Load DDS texture: Squad/Parts/Wheel/roverWheelTR-2L/ksp_r_medWheel_diff
[LOG 20:54:52.946] Load DDS texture: Squad/Parts/Wheel/roverWheelTR-2L/ksp_r_medWheel_normal
[LOG 20:54:52.953] Load DDS texture: Squad/Parts/Wheel/roverWheelTR-2L/ksp_r_medWheel_wheel_diff
[LOG 20:54:52.961] Load DDS texture: Squad/Parts/Wheel/roverWheelTR-2L/ksp_r_medWheel_wheel_normal
[LOG 20:54:52.966] Load DDS texture: Squad/Parts/Wheel/roverWheelXL3/mount
[LOG 20:54:52.974] Load DDS texture: Squad/Parts/Wheel/roverWheelXL3/mount_n
[LOG 20:54:52.981] Load DDS texture: Squad/Parts/Wheel/roverWheelXL3/wheel
[LOG 20:54:52.995] Load DDS texture: Squad/Parts/Wheel/roverWheelXL3/wheel_n
[LOG 20:54:53.006] Load DDS texture: Squad/Props/AltimeterThreeHands/model000
[LOG 20:54:53.013] Load DDS texture: Squad/Props/AltimeterThreeHands/model001
[LOG 20:54:53.019] Load DDS texture: Squad/Props/AtmosphereDepth/model000
[LOG 20:54:53.025] Load DDS texture: Squad/Props/AtmosphereDepth/model001
[LOG 20:54:53.031] Load DDS texture: Squad/Props/AxisIndicator/model000
[LOG 20:54:53.036] Load DDS texture: Squad/Props/buttonsGeneric/ButtonsAndSwitches
[LOG 20:54:53.042] Load DDS texture: Squad/Props/ButtonSquare/model000
[LOG 20:54:53.049] Load DDS texture: Squad/Props/circularButton/model000
[LOG 20:54:53.055] Load DDS texture: Squad/Props/Compass/model000
[LOG 20:54:53.063] Load DDS texture: Squad/Props/directionalKnob/model000
[LOG 20:54:53.068] Load DDS texture: Squad/Props/directionalKnob2/model000
[LOG 20:54:53.075] Load DDS texture: Squad/Props/IndicatorPanel/model000
[LOG 20:54:53.081] Load DDS texture: Squad/Props/IndicatorPanel/model001
[LOG 20:54:53.086] Load DDS texture: Squad/Props/IVANavBall/Arrows8dir
[LOG 20:54:53.092] Load DDS texture: Squad/Props/IVANavBall/IVANavBall
[LOG 20:54:53.100] Load DDS texture: Squad/Props/IVANavBall/IVANavBall_Glow
[LOG 20:54:53.105] Load DDS texture: Squad/Props/IVANavBall/ManeuverNode_vectors
[LOG 20:54:53.111] Load DDS texture: Squad/Props/IVANavBall/navball2
[LOG 20:54:53.118] Load DDS texture: Squad/Props/IVANavBall/navBall_DV_IVA
[LOG 20:54:53.123] Load DDS texture: Squad/Props/IVANavBall/navBall_vectors_IVA
[LOG 20:54:53.129] Load Cached PNG Texture: Squad/Props/IVANavBallNoBase/Arrows8dir
[LOG 20:54:53.135] Load Cached PNG Texture: Squad/Props/IVANavBallNoBase/IVANavBall
[LOG 20:54:53.140] Load Cached PNG Texture: Squad/Props/IVANavBallNoBase/ManeuverNode_vectors
[LOG 20:54:53.146] Load Cached PNG Texture: Squad/Props/IVANavBallNoBase/navball2
[LOG 20:54:53.153] Load Cached PNG Texture: Squad/Props/IVANavBallNoBase/navBall_DV_IVA
[LOG 20:54:53.160] Load Cached PNG Texture: Squad/Props/IVANavBallNoBase/navBall_vectors_IVA
[LOG 20:54:53.166] Load DDS texture: Squad/Props/ledPanelSpeed/circularButton
[LOG 20:54:53.172] Load DDS texture: Squad/Props/ledPanelSpeed/ledPanel
[LOG 20:54:53.177] Load DDS texture: Squad/Props/Monitor/Emissives
[LOG 20:54:53.183] Load DDS texture: Squad/Props/Monitor/Emissives_glow
[LOG 20:54:53.188] Load DDS texture: Squad/Props/Monitor/Monitor
[LOG 20:54:53.195] Load DDS texture: Squad/Props/NavBall/GaugeGee
[LOG 20:54:53.201] Load DDS texture: Squad/Props/NavBall/GaugeThrottle
[LOG 20:54:53.206] Load DDS texture: Squad/Props/NavBall/model000
[LOG 20:54:53.212] Load DDS texture: Squad/Props/NavBall/model001
[LOG 20:54:53.218] Load DDS texture: Squad/Props/NavBall/model002
[LOG 20:54:53.224] Load DDS texture: Squad/Props/NavBall/model003
[LOG 20:54:53.232] Load DDS texture: Squad/Props/PropsGeneric/propsGeneric
[LOG 20:54:53.237] Load DDS texture: Squad/Props/pullSwitch/model000
[LOG 20:54:53.244] Load DDS texture: Squad/Props/pullSwitch/model001
[LOG 20:54:53.250] Load DDS texture: Squad/Props/radarAltitude/model000
[LOG 20:54:53.255] Load DDS texture: Squad/Props/squareButton/model000
[LOG 20:54:53.262] Load DDS texture: Squad/Props/standingSwitch/model000
[LOG 20:54:53.268] Load DDS texture: Squad/Props/standingSwitch/model001
[LOG 20:54:53.273] Load DDS texture: Squad/Props/switch/model000
[LOG 20:54:53.279] Load DDS texture: Squad/Props/switchGuard/model000
[LOG 20:54:53.285] Load DDS texture: Squad/Props/switchWithGuards/model000
[LOG 20:54:53.290] Load DDS texture: Squad/Props/switchWithGuards/model001
[LOG 20:54:53.296] Load DDS texture: Squad/Props/switchWithGuards/model002
[LOG 20:54:53.302] Load DDS texture: Squad/Props/throttle/model000
[LOG 20:54:53.308] Load DDS texture: Squad/Props/throttle/model001
[LOG 20:54:53.315] Load DDS texture: Squad/Props/VSI/model000
[LOG 20:54:53.316] Load DDS texture: Squad/Spaces/crewCabinInternals/model000
[LOG 20:54:53.324] Load DDS texture: Squad/Spaces/crewCabinInternals/model001
[LOG 20:54:53.332] Load DDS texture: Squad/Spaces/crewCabinInternals/model002
[LOG 20:54:53.339] Load DDS texture: Squad/Spaces/crewCabinInternals/model003
[LOG 20:54:53.340] Load DDS texture: Squad/Spaces/crewCabinInternals/model004
[LOG 20:54:53.348] Load DDS texture: Squad/Spaces/crewCabinInternals/model005
[LOG 20:54:53.356] Load DDS texture: Squad/Spaces/cupolaInternal/ksp_l_cupola_internal_diff
[LOG 20:54:53.366] Load DDS texture: Squad/Spaces/cupolaInternal/ksp_l_cupola_internal_normal
[LOG 20:54:53.373] Load DDS texture: Squad/Spaces/cupolaInternal/ksp_l_cupola_internal_windows_alpha
[LOG 20:54:53.381] Load DDS texture: Squad/Spaces/cupolaInternal/pilot Seat
[LOG 20:54:53.387] Load DDS texture: Squad/Spaces/GenericSpace1/model000
[LOG 20:54:53.394] Load DDS texture: Squad/Spaces/GenericSpace1/model001
[LOG 20:54:53.401] Load DDS texture: Squad/Spaces/GenericSpace1/model002
[LOG 20:54:53.406] Load DDS texture: Squad/Spaces/GenericSpace1/model003
[LOG 20:54:53.414] Load DDS texture: Squad/Spaces/GenericSpace1/model004
[LOG 20:54:53.421] Load DDS texture: Squad/Spaces/GenericSpace1/model005
[LOG 20:54:53.427] Load DDS texture: Squad/Spaces/GenericSpace3/model000
[LOG 20:54:53.437] Load DDS texture: Squad/Spaces/GenericSpace3/model001
[LOG 20:54:53.442] Load DDS texture: Squad/Spaces/GenericSpace3/model002
[LOG 20:54:53.451] Load DDS texture: Squad/Spaces/GenericSpace3/model003
[LOG 20:54:53.457] Load DDS texture: Squad/Spaces/GenericSpace3/model004
[LOG 20:54:53.465] Load DDS texture: Squad/Spaces/GenericSpace3/model005
[LOG 20:54:53.471] Load DDS texture: Squad/Spaces/GenericSpace3/model006
[LOG 20:54:53.478] Load DDS texture: Squad/Spaces/GenericSpace3/model007
[LOG 20:54:53.485] Load DDS texture: Squad/Spaces/landerCabinInternals/model000
[LOG 20:54:53.492] Load DDS texture: Squad/Spaces/landerCabinInternals/model001
[LOG 20:54:53.499] Load DDS texture: Squad/Spaces/landerCabinInternals/model002
[LOG 20:54:53.506] Load DDS texture: Squad/Spaces/landerCabinInternals/model003
[LOG 20:54:53.515] Load DDS texture: Squad/Spaces/landerCabinInternals/model004
[LOG 20:54:53.529] Load DDS texture: Squad/Spaces/landerCabinInternals/model005
[LOG 20:54:53.536] Load DDS texture: Squad/Spaces/landerCabinInternals/model006
[LOG 20:54:53.537] Load DDS texture: Squad/Spaces/landerCabinInternals/model007
[LOG 20:54:53.544] Load DDS texture: Squad/Spaces/landerCabinSmallInternal/ksp_s_landerCan_internal_diff
[LOG 20:54:53.553] Load DDS texture: Squad/Spaces/landerCabinSmallInternal/ksp_s_landerCan_internal_normal
[LOG 20:54:53.561] Load DDS texture: Squad/Spaces/landerCabinSmallInternal/ksp_s_landerCan_internal_window_alpha
[LOG 20:54:53.567] Load DDS texture: Squad/Spaces/landerCabinSmallInternal/pilot Seat
[LOG 20:54:53.574] Load DDS texture: Squad/Spaces/LargeCrewedLabInternals/Glass
[LOG 20:54:53.582] Load DDS texture: Squad/Spaces/LargeCrewedLabInternals/MPL_Int
[LOG 20:54:53.589] Load DDS texture: Squad/Spaces/LargeCrewedLabInternals/MPL_Int_n_NRM
[LOG 20:54:53.598] Load DDS texture: Squad/Spaces/Mk1-3/Mk1_3_IvaProps_Diffuse
[LOG 20:54:53.606] Load DDS texture: Squad/Spaces/Mk1-3/Mk1_3_IvaProps_Normal
[LOG 20:54:53.614] Load DDS texture: Squad/Spaces/Mk1-3/Mk1_3_IvaShell_Diffuse
[LOG 20:54:53.623] Load DDS texture: Squad/Spaces/Mk1-3/Mk1_3_IvaShell_Emissive
[LOG 20:54:53.632] Load DDS texture: Squad/Spaces/Mk1-3/Mk1_3_IvaShell_Normal
[LOG 20:54:53.639] Load DDS texture: Squad/Spaces/Mk1-3/pilot Seat
[LOG 20:54:53.648] Load DDS texture: Squad/Spaces/mk1CabinInternal/Cabin_Lightmap
[LOG 20:54:53.653] Load DDS texture: Squad/Spaces/mk1CabinInternal/CockpitGeneric
[LOG 20:54:53.665] Load DDS texture: Squad/Spaces/mk1CabinInternal/CockpitGeneric_NRM
[LOG 20:54:53.667] Load DDS texture: Squad/Spaces/mk1CockpitInternal/CockpitGeneric
[LOG 20:54:53.668] Load DDS texture: Squad/Spaces/mk1CockpitInternal/CockpitGeneric_NRM
[LOG 20:54:53.674] Load DDS texture: Squad/Spaces/mk1CockpitInternal/IVAMAP
[LOG 20:54:53.680] Load DDS texture: Squad/Spaces/mk1CockpitInternal/Windows
[LOG 20:54:53.686] Load DDS texture: Squad/Spaces/mk1InlineInternal/Canopy
[LOG 20:54:53.687] Load DDS texture: Squad/Spaces/mk1InlineInternal/CockpitGeneric
[LOG 20:54:53.688] Load DDS texture: Squad/Spaces/mk1InlineInternal/CockpitGeneric_NRM
[LOG 20:54:53.695] Load DDS texture: Squad/Spaces/mk1InlineInternal/Mk1Inline_Lightmap
[LOG 20:54:53.702] Load DDS texture: Squad/Spaces/mk1PodCockpit/model000
[LOG 20:54:53.708] Load DDS texture: Squad/Spaces/mk1PodCockpit/model001
[LOG 20:54:53.715] Load DDS texture: Squad/Spaces/mk1PodCockpit/model002
[LOG 20:54:53.721] Load DDS texture: Squad/Spaces/mk1PodCockpit/model003
[LOG 20:54:53.728] Load DDS texture: Squad/Spaces/mk1PodCockpit/model004
[LOG 20:54:53.741] Load DDS texture: Squad/Spaces/mk1PodCockpit/model005
[LOG 20:54:53.748] Load DDS texture: Squad/Spaces/mk1PodCockpit/model006
[LOG 20:54:53.749] Load DDS texture: Squad/Spaces/mk1PodCockpit/model007
[LOG 20:54:53.758] Load DDS texture: Squad/Spaces/mk1pod_IVA/mk1pod_iva_props_diffuse
[LOG 20:54:53.765] Load DDS texture: Squad/Spaces/mk1pod_IVA/mk1pod_iva_props_emissive
[LOG 20:54:53.774] Load DDS texture: Squad/Spaces/mk1pod_IVA/mk1pod_iva_props_normal
[LOG 20:54:53.783] Load DDS texture: Squad/Spaces/mk1pod_IVA/mk1pod_iva_shell_diffuse
[LOG 20:54:53.793] Load DDS texture: Squad/Spaces/mk1pod_IVA/mk1pod_iva_shell_normal
[LOG 20:54:53.802] Load MBM texture: Squad/Spaces/mk1pod_IVA/pilot Seat
[LOG 20:54:53.834] Load DDS texture: Squad/Spaces/mk2CockpitStandardInternal/CargoBagA
[LOG 20:54:53.834] Load DDS texture: Squad/Spaces/mk2CockpitStandardInternal/Mk2StandardIVA
[LOG 20:54:53.834] Load DDS texture: Squad/Spaces/mk2CockpitStandardInternal/Pilotseat
[LOG 20:54:53.835] Load DDS texture: Squad/Spaces/mk2CockpitStandardInternal/Windows
[LOG 20:54:53.835] Load DDS texture: Squad/Spaces/Mk2CrewCabinInternal/CargoBagA
[LOG 20:54:53.840] Load DDS texture: Squad/Spaces/Mk2CrewCabinInternal/Glass
[LOG 20:54:53.848] Load DDS texture: Squad/Spaces/Mk2CrewCabinInternal/Mk2StandardIVA
[LOG 20:54:53.854] Load DDS texture: Squad/Spaces/Mk2CrewCabinInternal/Pilotseat
[LOG 20:54:53.860] Load DDS texture: Squad/Spaces/mk2InlineInternal/CockpitGeneric
[LOG 20:54:53.867] Load DDS texture: Squad/Spaces/mk2InlineInternal/CockpitGeneric_NRM
[LOG 20:54:53.874] Load DDS texture: Squad/Spaces/mk2InlineInternal/Mk2InlineLightmap
[LOG 20:54:53.881] Load DDS texture: Squad/Spaces/mk2InlineInternal/propsGeneric
[LOG 20:54:53.890] Load DDS texture: Squad/Spaces/mk2LanderCanInternal/mk2LanderCan_props_diffuse
[LOG 20:54:53.898] Load DDS texture: Squad/Spaces/mk2LanderCanInternal/mk2LanderCan_props_normal
[LOG 20:54:53.909] Load DDS texture: Squad/Spaces/mk2LanderCanInternal/mk2LanderCan_shell_diffuse
[LOG 20:54:53.918] Load DDS texture: Squad/Spaces/mk2LanderCanInternal/mk2LanderCan_shell_normal
[LOG 20:54:53.927] Load MBM texture: Squad/Spaces/mk2LanderCanInternal/pilot Seat
[LOG 20:54:53.957] Load DDS texture: Squad/Spaces/MK3CockpitInternal/Glass
[LOG 20:54:53.957] Load DDS texture: Squad/Spaces/MK3CockpitInternal/Mk2StandardIVA
[LOG 20:54:53.957] Load DDS texture: Squad/Spaces/MK3_CrewCab_Int/Glass
[LOG 20:54:53.957] Load DDS texture: Squad/Spaces/MK3_CrewCab_Int/GlassMK3CC
[LOG 20:54:53.961] Load DDS texture: Squad/Spaces/MK3_CrewCab_Int/Mk2StandardIVA
[LOG 20:54:53.967] Load DDS texture: Squad/Spaces/MK3_CrewCab_Int/MK3_CrewCab_Int
[LOG 20:54:53.974] Load DDS texture: Squad/Spaces/MK3_CrewCab_Int/MK3_CrewCab_Int_n
[LOG 20:54:53.981] Load DDS texture: Squad/Spaces/MK3_CrewCab_Int/Pilotseat
[LOG 20:54:53.985] Load DDS texture: Squad/Spaces/Placeholder/PlaceholderIVA
[LOG 20:54:53.992] Load DDS texture: Squad/Spaces/PodCockpit/model000
[LOG 20:54:53.999] Load DDS texture: Squad/Spaces/PodCockpit/model001
[LOG 20:54:54.005] Load DDS texture: Squad/Spaces/PodCockpit/model002
[LOG 20:54:54.011] Load DDS texture: Squad/Spaces/PodCockpit/model003
[LOG 20:54:54.020] Load DDS texture: Squad/Spaces/PodCockpit/model004
[LOG 20:54:54.027] Load DDS texture: Squad/Spaces/PodCockpit/model005
[LOG 20:54:54.033] Load DDS texture: Squad/Spaces/PodCockpit/model006
[LOG 20:54:54.040] Load DDS texture: Squad/Spaces/PodCockpit/model007
[LOG 20:54:54.046] Load DDS texture: Squad/Spaces/sharedAssets/CockpitGeneric
[LOG 20:54:54.053] Load DDS texture: Squad/Spaces/sharedAssets/CockpitGeneric_NRM
[LOG 20:54:54.060] Load Cached PNG Texture: Squad/Strategies/Icons/AggressiveNegotiations
[LOG 20:54:54.065] Load Cached PNG Texture: Squad/Strategies/Icons/AppreciationCampaign
[LOG 20:54:54.071] Load Cached PNG Texture: Squad/Strategies/Icons/BailOutGrant
[LOG 20:54:54.077] Load Cached PNG Texture: Squad/Strategies/Icons/FundraisingCampaign
[LOG 20:54:54.082] Load Cached PNG Texture: Squad/Strategies/Icons/LeadershipInitiative
[LOG 20:54:54.087] Load Cached PNG Texture: Squad/Strategies/Icons/OpenSourceTechProgram
[LOG 20:54:54.093] Load Cached PNG Texture: Squad/Strategies/Icons/OutsourcedResearch
[LOG 20:54:54.098] Load Cached PNG Texture: Squad/Strategies/Icons/PatentsLicensing
[LOG 20:54:54.104] Load Cached PNG Texture: Squad/Strategies/Icons/RecoveryTransponderFitting
[LOG 20:54:54.110] Load Cached PNG Texture: Squad/Strategies/Icons/ResearchRightsSellOut
[LOG 20:54:54.115] Load Cached PNG Texture: Squad/Strategies/Icons/UnpaidResearchProgram
[LOG 20:54:54.120] Load Cached PNG Texture: Squad/Tutorials/ChuteColors
[LOG 20:54:54.126] Load DDS texture: Squad/Tutorials/EditorCoM
[LOG 20:54:54.131] Load Cached PNG Texture: Squad/Tutorials/EditorSnap
[LOG 20:54:54.137] Load Cached PNG Texture: Squad/Tutorials/EditorSnap4x
[LOG 20:54:54.144] Load Cached PNG Texture: Squad/Tutorials/EditorSymm
[LOG 20:54:54.149] Load Cached PNG Texture: Squad/Tutorials/StagingStack
[LOG 20:54:54.150] Load PNG texture: Squad/Tutorials/YPRDiagram
[WRN 20:54:54.151] Texture isn't eligible for DXT compression, width and height must be multiples of 4
[LOG 20:54:54.157] Load Cached PNG Texture: SquadExpansion/MakingHistory/Banners/Fail/default
[LOG 20:54:54.164] Load Cached PNG Texture: SquadExpansion/MakingHistory/Banners/Fail/fail01
[LOG 20:54:54.169] Load Cached PNG Texture: SquadExpansion/MakingHistory/Banners/Fail/fail02
[LOG 20:54:54.170] Load PNG texture: SquadExpansion/MakingHistory/Banners/Menu/default
[WRN 20:54:54.174] Texture isn't eligible for DXT compression, width and height must be multiples of 4
[LOG 20:54:54.174] Load PNG texture: SquadExpansion/MakingHistory/Banners/Menu/MBanner_01
[WRN 20:54:54.178] Texture isn't eligible for DXT compression, width and height must be multiples of 4
[LOG 20:54:54.178] Load PNG texture: SquadExpansion/MakingHistory/Banners/Menu/MBanner_02
[WRN 20:54:54.182] Texture isn't eligible for DXT compression, width and height must be multiples of 4
[LOG 20:54:54.182] Load PNG texture: SquadExpansion/MakingHistory/Banners/Menu/MBanner_03
[WRN 20:54:54.184] Texture isn't eligible for DXT compression, width and height must be multiples of 4
[LOG 20:54:54.185] Load Cached PNG Texture: SquadExpansion/MakingHistory/Banners/Success/default
[LOG 20:54:54.187] Load Cached PNG Texture: SquadExpansion/MakingHistory/Banners/Success/success01
[LOG 20:54:54.193] Load Cached PNG Texture: SquadExpansion/MakingHistory/Banners/Success/success02
[LOG 20:54:54.198] Load Cached PNG Texture: SquadExpansion/MakingHistory/Missions/Acapello 13/Banners/Fail/fail01
[LOG 20:54:54.199] Load PNG texture: SquadExpansion/MakingHistory/Missions/Acapello 13/Banners/Menu/Mun
[WRN 20:54:54.202] Texture isn't eligible for DXT compression, width and height must be multiples of 4
[LOG 20:54:54.206] Load Cached PNG Texture: SquadExpansion/MakingHistory/Missions/Acapello 13/Banners/Success/success01
[LOG 20:54:54.212] Load Cached PNG Texture: SquadExpansion/MakingHistory/Missions/Acapello 15/Banners/Fail/default
[LOG 20:54:54.217] Load Cached PNG Texture: SquadExpansion/MakingHistory/Missions/Acapello 15/Banners/Fail/fail02
[LOG 20:54:54.218] Load PNG texture: SquadExpansion/MakingHistory/Missions/Acapello 15/Banners/Menu/default
[WRN 20:54:54.220] Texture isn't eligible for DXT compression, width and height must be multiples of 4
[LOG 20:54:54.225] Load Cached PNG Texture: SquadExpansion/MakingHistory/Missions/Acapello 15/Banners/Success/default
[LOG 20:54:54.230] Load Cached PNG Texture: SquadExpansion/MakingHistory/Missions/Blue Mun/Banners/Fail/fail01
[LOG 20:54:54.231] Load PNG texture: SquadExpansion/MakingHistory/Missions/Blue Mun/Banners/Menu/default
[WRN 20:54:54.233] Texture isn't eligible for DXT compression, width and height must be multiples of 4
[LOG 20:54:54.237] Load Cached PNG Texture: SquadExpansion/MakingHistory/Missions/Blue Mun/Banners/Success/success02
[LOG 20:54:54.243] Load Cached PNG Texture: SquadExpansion/MakingHistory/Missions/Dawn of the Space Age/Banners/Fail/default
[LOG 20:54:54.243] Load PNG texture: SquadExpansion/MakingHistory/Missions/Dawn of the Space Age/Banners/Menu/default
[WRN 20:54:54.245] Texture isn't eligible for DXT compression, width and height must be multiples of 4
[LOG 20:54:54.249] Load Cached PNG Texture: SquadExpansion/MakingHistory/Missions/Dawn of the Space Age/Banners/Success/default
[LOG 20:54:54.257] Load Cached PNG Texture: SquadExpansion/MakingHistory/Missions/Meet Me in Zero G/Banners/Fail/default
[LOG 20:54:54.262] Load Cached PNG Texture: SquadExpansion/MakingHistory/Missions/Meet Me in Zero G/Banners/Fail/fail01
[LOG 20:54:54.262] Load PNG texture: SquadExpansion/MakingHistory/Missions/Meet Me in Zero G/Banners/Menu/default
[WRN 20:54:54.264] Texture isn't eligible for DXT compression, width and height must be multiples of 4
[LOG 20:54:54.268] Load Cached PNG Texture: SquadExpansion/MakingHistory/Missions/Meet Me in Zero G/Banners/Success/default
[LOG 20:54:54.275] Load Cached PNG Texture: SquadExpansion/MakingHistory/Missions/Meet Me in Zero G/Banners/Success/success02
[LOG 20:54:54.279] Load Cached PNG Texture: SquadExpansion/MakingHistory/Missions/Munar 1/Banners/Fail/default
[LOG 20:54:54.287] Load Cached PNG Texture: SquadExpansion/MakingHistory/Missions/Munar 1/Banners/Fail/fail02
[LOG 20:54:54.288] Load PNG texture: SquadExpansion/MakingHistory/Missions/Munar 1/Banners/Menu/default
[WRN 20:54:54.291] Texture isn't eligible for DXT compression, width and height must be multiples of 4
[LOG 20:54:54.295] Load Cached PNG Texture: SquadExpansion/MakingHistory/Missions/Munar 1/Banners/Success/default
[LOG 20:54:54.301] Load Cached PNG Texture: SquadExpansion/MakingHistory/Missions/Munar 1/Banners/Success/success01
[LOG 20:54:54.307] Load Cached PNG Texture: SquadExpansion/MakingHistory/Missions/Sally-Hut 1/Banners/Fail/default
[LOG 20:54:54.312] Load Cached PNG Texture: SquadExpansion/MakingHistory/Missions/Sally-Hut 1/Banners/Fail/fail01
[LOG 20:54:54.317] Load Cached PNG Texture: SquadExpansion/MakingHistory/Missions/Sally-Hut 1/Banners/Menu/bannerSatellite
[LOG 20:54:54.324] Load Cached PNG Texture: SquadExpansion/MakingHistory/Missions/Sally-Hut 1/Banners/Success/default
[LOG 20:54:54.330] Load Cached PNG Texture: SquadExpansion/MakingHistory/Missions/Sally-Hut 1/Banners/Success/success02
[LOG 20:54:54.335] Load Cached PNG Texture: SquadExpansion/MakingHistory/Missions/To the Mun Via Minmus/Banners/Fail/fail02
[LOG 20:54:54.336] Load PNG texture: SquadExpansion/MakingHistory/Missions/To the Mun Via Minmus/Banners/Menu/MissionBannerKerbin
[WRN 20:54:54.339] Texture isn't eligible for DXT compression, width and height must be multiples of 4
[LOG 20:54:54.342] Load Cached PNG Texture: SquadExpansion/MakingHistory/Missions/To the Mun Via Minmus/Banners/Success/success01
[LOG 20:54:54.347] Load Cached PNG Texture: SquadExpansion/MakingHistory/Missions/Trouble in the Void/Banners/Fail/fail01
[LOG 20:54:54.348] Load PNG texture: SquadExpansion/MakingHistory/Missions/Trouble in the Void/Banners/Menu/default
[WRN 20:54:54.350] Texture isn't eligible for DXT compression, width and height must be multiples of 4
[LOG 20:54:54.354] Load Cached PNG Texture: SquadExpansion/MakingHistory/Missions/Trouble in the Void/Banners/Success/success02
[LOG 20:54:54.360] Load Cached PNG Texture: SquadExpansion/MakingHistory/Missions/Ziggy Kerman and the Spiders from Duna/Banners/Fail/fail02
[LOG 20:54:54.366] Load Cached PNG Texture: SquadExpansion/MakingHistory/Missions/Ziggy Kerman and the Spiders from Duna/Banners/Menu/bannerSatellite
[LOG 20:54:54.371] Load Cached PNG Texture: SquadExpansion/MakingHistory/Missions/Ziggy Kerman and the Spiders from Duna/Banners/Success/success01
[LOG 20:54:54.378] Load Cached PNG Texture: SquadExpansion/MakingHistory/Parts/@thumbs/Decoupler.1p5_icon0
[LOG 20:54:54.385] Load Cached PNG Texture: SquadExpansion/MakingHistory/Parts/@thumbs/Decoupler.1p5_icon1
[LOG 20:54:54.406] Load Cached PNG Texture: SquadExpansion/MakingHistory/Parts/@thumbs/EquiTriangle0_icon0
[LOG 20:54:54.414] Load Cached PNG Texture: SquadExpansion/MakingHistory/Parts/@thumbs/EquiTriangle0_icon1
[LOG 20:54:54.422] Load Cached PNG Texture: SquadExpansion/MakingHistory/Parts/@thumbs/EquiTriangle0_icon2
[LOG 20:54:54.433] Load Cached PNG Texture: SquadExpansion/MakingHistory/Parts/@thumbs/EquiTriangle0_icon3
[LOG 20:54:54.447] Load Cached PNG Texture: SquadExpansion/MakingHistory/Parts/@thumbs/EquiTriangle1p5_icon0
[LOG 20:54:54.455] Load Cached PNG Texture: SquadExpansion/MakingHistory/Parts/@thumbs/EquiTriangle1p5_icon1
[LOG 20:54:54.461] Load Cached PNG Texture: SquadExpansion/MakingHistory/Parts/@thumbs/EquiTriangle1p5_icon2
[LOG 20:54:54.469] Load Cached PNG Texture: SquadExpansion/MakingHistory/Parts/@thumbs/EquiTriangle1p5_icon3
[LOG 20:54:54.476] Load Cached PNG Texture: SquadExpansion/MakingHistory/Parts/@thumbs/EquiTriangle1_icon0
[LOG 20:54:54.486] Load Cached PNG Texture: SquadExpansion/MakingHistory/Parts/@thumbs/EquiTriangle1_icon1
[LOG 20:54:54.494] Load Cached PNG Texture: SquadExpansion/MakingHistory/Parts/@thumbs/EquiTriangle1_icon2
[LOG 20:54:54.513] Load Cached PNG Texture: SquadExpansion/MakingHistory/Parts/@thumbs/EquiTriangle1_icon3
[LOG 20:54:54.520] Load Cached PNG Texture: SquadExpansion/MakingHistory/Parts/@thumbs/EquiTriangle2_icon0
[LOG 20:54:54.531] Load Cached PNG Texture: SquadExpansion/MakingHistory/Parts/@thumbs/EquiTriangle2_icon1
[LOG 20:54:54.538] Load Cached PNG Texture: SquadExpansion/MakingHistory/Parts/@thumbs/EquiTriangle2_icon2
[LOG 20:54:54.545] Load Cached PNG Texture: SquadExpansion/MakingHistory/Parts/@thumbs/EquiTriangle2_icon3
[LOG 20:54:54.553] Load Cached PNG Texture: SquadExpansion/MakingHistory/Parts/@thumbs/HeatShield1p5_icon
[LOG 20:54:54.559] Load Cached PNG Texture: SquadExpansion/MakingHistory/Parts/@thumbs/InflatableAirlock_icon
[LOG 20:54:54.570] Load Cached PNG Texture: SquadExpansion/MakingHistory/Parts/@thumbs/LiquidEngineRV-1_icon
[LOG 20:54:54.577] Load Cached PNG Texture: SquadExpansion/MakingHistory/Parts/@thumbs/monopropMiniSphere_icon
[LOG 20:54:54.585] Load Cached PNG Texture: SquadExpansion/MakingHistory/Parts/@thumbs/Panel0_icon0
[LOG 20:54:54.591] Load Cached PNG Texture: SquadExpansion/MakingHistory/Parts/@thumbs/Panel0_icon1
[LOG 20:54:54.599] Load Cached PNG Texture: SquadExpansion/MakingHistory/Parts/@thumbs/Panel0_icon2
[LOG 20:54:54.605] Load Cached PNG Texture: SquadExpansion/MakingHistory/Parts/@thumbs/Panel0_icon3
[LOG 20:54:54.612] Load Cached PNG Texture: SquadExpansion/MakingHistory/Parts/@thumbs/Panel1p5_icon0
[LOG 20:54:54.625] Load Cached PNG Texture: SquadExpansion/MakingHistory/Parts/@thumbs/Panel1p5_icon1
[LOG 20:54:54.632] Load Cached PNG Texture: SquadExpansion/MakingHistory/Parts/@thumbs/Panel1p5_icon2
[LOG 20:54:54.639] Load Cached PNG Texture: SquadExpansion/MakingHistory/Parts/@thumbs/Panel1p5_icon3
[LOG 20:54:54.645] Load Cached PNG Texture: SquadExpansion/MakingHistory/Parts/@thumbs/Panel1_icon0
[LOG 20:54:54.652] Load Cached PNG Texture: SquadExpansion/MakingHistory/Parts/@thumbs/Panel1_icon1
[LOG 20:54:54.661] Load Cached PNG Texture: SquadExpansion/MakingHistory/Parts/@thumbs/Panel1_icon2
[LOG 20:54:54.667] Load Cached PNG Texture: SquadExpansion/MakingHistory/Parts/@thumbs/Panel1_icon3
[LOG 20:54:54.674] Load Cached PNG Texture: SquadExpansion/MakingHistory/Parts/@thumbs/roverWheelM1-F_icon0
[LOG 20:54:54.681] Load Cached PNG Texture: SquadExpansion/MakingHistory/Parts/@thumbs/roverWheelM1-F_icon1
[LOG 20:54:54.689] Load Cached PNG Texture: SquadExpansion/MakingHistory/Parts/@thumbs/Separator.1p5_icon0
[LOG 20:54:54.699] Load Cached PNG Texture: SquadExpansion/MakingHistory/Parts/@thumbs/Separator.1p5_icon1
[LOG 20:54:54.706] Load Cached PNG Texture: SquadExpansion/MakingHistory/Parts/@thumbs/Size1p5.Strut.Decoupler_icon0
[LOG 20:54:54.713] Load Cached PNG Texture: SquadExpansion/MakingHistory/Parts/@thumbs/Size1p5.Strut.Decoupler_icon1
[LOG 20:54:54.719] Load Cached PNG Texture: SquadExpansion/MakingHistory/Parts/@thumbs/Size1to0ServiceModule_icon
[LOG 20:54:54.726] Load Cached PNG Texture: SquadExpansion/MakingHistory/Parts/@thumbs/Triangle0_icon0
[LOG 20:54:54.736] Load Cached PNG Texture: SquadExpansion/MakingHistory/Parts/@thumbs/Triangle0_icon1
[LOG 20:54:54.743] Load Cached PNG Texture: SquadExpansion/MakingHistory/Parts/@thumbs/Triangle0_icon2
[LOG 20:54:54.751] Load Cached PNG Texture: SquadExpansion/MakingHistory/Parts/@thumbs/Triangle0_icon3
[LOG 20:54:54.762] Load Cached PNG Texture: SquadExpansion/MakingHistory/Parts/@thumbs/Triangle1p5_icon0
[LOG 20:54:54.770] Load Cached PNG Texture: SquadExpansion/MakingHistory/Parts/@thumbs/Triangle1p5_icon1
[LOG 20:54:54.778] Load Cached PNG Texture: SquadExpansion/MakingHistory/Parts/@thumbs/Triangle1p5_icon2
[LOG 20:54:54.784] Load Cached PNG Texture: SquadExpansion/MakingHistory/Parts/@thumbs/Triangle1p5_icon3
[LOG 20:54:54.792] Load Cached PNG Texture: SquadExpansion/MakingHistory/Parts/@thumbs/Triangle1_icon0
[LOG 20:54:54.800] Load Cached PNG Texture: SquadExpansion/MakingHistory/Parts/@thumbs/Triangle1_icon1
[LOG 20:54:54.807] Load Cached PNG Texture: SquadExpansion/MakingHistory/Parts/@thumbs/Triangle1_icon2
[LOG 20:54:54.815] Load Cached PNG Texture: SquadExpansion/MakingHistory/Parts/@thumbs/Triangle1_icon3
[LOG 20:54:54.822] Load Cached PNG Texture: SquadExpansion/MakingHistory/Parts/@thumbs/Triangle2_icon0
[LOG 20:54:54.839] Load Cached PNG Texture: SquadExpansion/MakingHistory/Parts/@thumbs/Triangle2_icon1
[LOG 20:54:54.847] Load Cached PNG Texture: SquadExpansion/MakingHistory/Parts/@thumbs/Triangle2_icon2
[LOG 20:54:54.857] Load Cached PNG Texture: SquadExpansion/MakingHistory/Parts/@thumbs/Triangle2_icon3
[LOG 20:54:54.864] Load Cached PNG Texture: SquadExpansion/MakingHistory/Parts/@thumbs/Tube1_icon0
[LOG 20:54:54.871] Load Cached PNG Texture: SquadExpansion/MakingHistory/Parts/@thumbs/Tube1_icon1
[LOG 20:54:54.883] Load Cached PNG Texture: SquadExpansion/MakingHistory/Parts/@thumbs/Tube1_icon2
[LOG 20:54:54.892] Load Cached PNG Texture: SquadExpansion/MakingHistory/Parts/@thumbs/Tube1_icon3
[LOG 20:54:54.898] Load Cached PNG Texture: SquadExpansion/MakingHistory/Parts/@thumbs/Tube1_icon4
[LOG 20:54:54.910] Load Cached PNG Texture: SquadExpansion/MakingHistory/Parts/Aero/protectiveRocketNoseMk5A/s1p5_cone
[LOG 20:54:54.916] Load Cached PNG Texture: SquadExpansion/MakingHistory/Parts/Aero/protectiveRocketNoseMk5A/s1p5_cone_Orange
[LOG 20:54:54.923] Load DDS texture: SquadExpansion/MakingHistory/Parts/Coupling/Assets/airlock
[LOG 20:54:54.930] Load DDS texture: SquadExpansion/MakingHistory/Parts/Coupling/Assets/airlock_N
[LOG 20:54:54.935] Load DDS texture: SquadExpansion/MakingHistory/Parts/Coupling/Assets/EnginePlate
[LOG 20:54:54.941] Load DDS texture: SquadExpansion/MakingHistory/Parts/Coupling/Assets/Size1_5_Decoupler_grey
[LOG 20:54:54.947] Load DDS texture: SquadExpansion/MakingHistory/Parts/Coupling/Assets/Size1_5_Decoupler_orange
[LOG 20:54:54.953] Load DDS texture: SquadExpansion/MakingHistory/Parts/Engine/Assets/KE-1
[LOG 20:54:54.960] Load DDS texture: SquadExpansion/MakingHistory/Parts/Engine/Assets/KE-1_BASE
[LOG 20:54:54.967] Load DDS texture: SquadExpansion/MakingHistory/Parts/Engine/Assets/LV-T87
[LOG 20:54:54.973] Load DDS texture: SquadExpansion/MakingHistory/Parts/Engine/Assets/LV-T91
[LOG 20:54:54.980] Load DDS texture: SquadExpansion/MakingHistory/Parts/Engine/Assets/RE-I2
[LOG 20:54:54.988] Load DDS texture: SquadExpansion/MakingHistory/Parts/Engine/Assets/RE-J10
[LOG 20:54:54.995] Load DDS texture: SquadExpansion/MakingHistory/Parts/Engine/Assets/RE-J10_N
[LOG 20:54:55.003] Load DDS texture: SquadExpansion/MakingHistory/Parts/Engine/Assets/RK-7
[LOG 20:54:55.010] Load DDS texture: SquadExpansion/MakingHistory/Parts/Engine/Assets/RK-7_N
[LOG 20:54:55.018] Load DDS texture: SquadExpansion/MakingHistory/Parts/Engine/solidBoosterTHK/SolidBoosterS2-17_emissive
[LOG 20:54:55.027] Load DDS texture: SquadExpansion/MakingHistory/Parts/Engine/solidBoosterTHK/solidBoosterTHK_diffuse
[LOG 20:54:55.034] Load DDS texture: SquadExpansion/MakingHistory/Parts/FuelTank/Assets/Size1p5_02
[LOG 20:54:55.042] Load DDS texture: SquadExpansion/MakingHistory/Parts/FuelTank/Assets/Size1p5_02_ALT01
[LOG 20:54:55.050] Load DDS texture: SquadExpansion/MakingHistory/Parts/FuelTank/Assets/Size1p5_02_ALT02
[LOG 20:54:55.056] Load DDS texture: SquadExpansion/MakingHistory/Parts/FuelTank/Assets/Size1p5_02_ALT02_normal
[LOG 20:54:55.062] Load DDS texture: SquadExpansion/MakingHistory/Parts/FuelTank/Assets/Size1p5_mono
[LOG 20:54:55.071] Load DDS texture: SquadExpansion/MakingHistory/Parts/FuelTank/Assets/Size1p5_mono_2
[LOG 20:54:55.076] Load DDS texture: SquadExpansion/MakingHistory/Parts/FuelTank/Assets/Size1p5_mono_N
[LOG 20:54:55.084] Load DDS texture: SquadExpansion/MakingHistory/Parts/FuelTank/Assets/Size1_5_TankAdapters
[LOG 20:54:55.091] Load DDS texture: SquadExpansion/MakingHistory/Parts/FuelTank/Assets/Size1_5_TankAdapters_ALT01
[LOG 20:54:55.097] Load DDS texture: SquadExpansion/MakingHistory/Parts/FuelTank/Assets/Size1_5_TankAdapters_ALT02
[LOG 20:54:55.104] Load DDS texture: SquadExpansion/MakingHistory/Parts/FuelTank/Assets/Size1_5_TankAdapters_ALT02nm
[LOG 20:54:55.112] Load DDS texture: SquadExpansion/MakingHistory/Parts/FuelTank/Assets/Size1_5_TankAdapters_N
[LOG 20:54:55.119] Load DDS texture: SquadExpansion/MakingHistory/Parts/FuelTank/Assets/Size1_5_Tanks
[LOG 20:54:55.126] Load DDS texture: SquadExpansion/MakingHistory/Parts/FuelTank/Assets/Size1_5_Tanks_ALT02
[LOG 20:54:55.133] Load DDS texture: SquadExpansion/MakingHistory/Parts/FuelTank/Assets/Size1_5_Tanks_ALT02_nm
[LOG 20:54:55.140] Load DDS texture: SquadExpansion/MakingHistory/Parts/FuelTank/Assets/Size1_5_Tanks_grey
[LOG 20:54:55.149] Load DDS texture: SquadExpansion/MakingHistory/Parts/FuelTank/Assets/Size4_Tanks
[LOG 20:54:55.158] Load DDS texture: SquadExpansion/MakingHistory/Parts/FuelTank/Assets/Size4_Tanks_N
[LOG 20:54:55.166] Load DDS texture: SquadExpansion/MakingHistory/Parts/Ground/Assets/RoverWheel
[LOG 20:54:55.173] Load DDS texture: SquadExpansion/MakingHistory/Parts/Ground/Assets/RoverWheelG
[LOG 20:54:55.180] Load DDS texture: SquadExpansion/MakingHistory/Parts/Payload/Assets/Size1to0ServiceBay
[LOG 20:54:55.188] Load DDS texture: SquadExpansion/MakingHistory/Parts/Payload/Assets/Size1to0ServiceBay_n
[LOG 20:54:55.196] Load DDS texture: SquadExpansion/MakingHistory/Parts/Payload/Assets/SM18_diffuse
[LOG 20:54:55.206] Load Cached PNG Texture: SquadExpansion/MakingHistory/Parts/Payload/Assets/SM18_NRM
[LOG 20:54:55.217] Load DDS texture: SquadExpansion/MakingHistory/Parts/Payload/Assets/SM18_specular
[LOG 20:54:55.224] Load DDS texture: SquadExpansion/MakingHistory/Parts/Payload/Assets/SM25_diffuse
[LOG 20:54:55.230] Load DDS texture: SquadExpansion/MakingHistory/Parts/Payload/Assets/SM25_normals
[LOG 20:54:55.240] Load DDS texture: SquadExpansion/MakingHistory/Parts/Pods/Assets/KV1
[LOG 20:54:55.246] Load DDS texture: SquadExpansion/MakingHistory/Parts/Pods/Assets/KV1_GLOW
[LOG 20:54:55.253] Load DDS texture: SquadExpansion/MakingHistory/Parts/Pods/Assets/KV2
[LOG 20:54:55.260] Load DDS texture: SquadExpansion/MakingHistory/Parts/Pods/Assets/KV3
[LOG 20:54:55.266] Load DDS texture: SquadExpansion/MakingHistory/Parts/Pods/Assets/Mk2Pod
[LOG 20:54:55.272] Load DDS texture: SquadExpansion/MakingHistory/Parts/Pods/Assets/Mk2Pod_GLOW
[LOG 20:54:55.278] Load DDS texture: SquadExpansion/MakingHistory/Parts/Pods/Assets/Mk2Pod_n
[LOG 20:54:55.285] Load DDS texture: SquadExpansion/MakingHistory/Parts/Pods/Assets/Size1_5_Lander
[LOG 20:54:55.294] Load DDS texture: SquadExpansion/MakingHistory/Parts/Pods/Assets/Size1_5_Lander_GLOW
[LOG 20:54:55.301] Load DDS texture: SquadExpansion/MakingHistory/Parts/SharedAssets/Shrouds
[LOG 20:54:55.307] Load DDS texture: SquadExpansion/MakingHistory/Parts/SharedAssets/Shrouds_N
[LOG 20:54:55.314] Load DDS texture: SquadExpansion/MakingHistory/Parts/Structural/Assets/NormalMap
[LOG 20:54:55.322] Load DDS texture: SquadExpansion/MakingHistory/Parts/Structural/Assets/Panels
[LOG 20:54:55.330] Load DDS texture: SquadExpansion/MakingHistory/Parts/Structural/Assets/Panels_Dark_D
[LOG 20:54:55.338] Load DDS texture: SquadExpansion/MakingHistory/Parts/Structural/Assets/Panels_Gold_D
[LOG 20:54:55.346] Load Cached PNG Texture: SquadExpansion/MakingHistory/Parts/Structural/Assets/Panels_Gold_NRM
[LOG 20:54:55.354] Load DDS texture: SquadExpansion/MakingHistory/Parts/Structural/Assets/Panels_Gold_S
[LOG 20:54:55.361] Load DDS texture: SquadExpansion/MakingHistory/Parts/Structural/Assets/Panels_Silver_D
[LOG 20:54:55.370] Load DDS texture: SquadExpansion/MakingHistory/Parts/Structural/Assets/Panels_Silver_S
[LOG 20:54:55.377] Load Cached PNG Texture: SquadExpansion/MakingHistory/Ships/@thumbs/VAB/Acapello
[LOG 20:54:55.383] Load Cached PNG Texture: SquadExpansion/MakingHistory/Ships/@thumbs/VAB/Beta Centaurus
[LOG 20:54:55.389] Load Cached PNG Texture: SquadExpansion/MakingHistory/Ships/@thumbs/VAB/Goliath II HLV
[LOG 20:54:55.396] Load Cached PNG Texture: SquadExpansion/MakingHistory/Ships/@thumbs/VAB/Muna 1
[LOG 20:54:55.403] Load Cached PNG Texture: SquadExpansion/MakingHistory/Ships/@thumbs/VAB/Sally-Hut 1
[LOG 20:54:55.410] Load Cached PNG Texture: SquadExpansion/MakingHistory/Ships/@thumbs/VAB/SWM-94 Communications Satellite
[LOG 20:54:55.417] Load Cached PNG Texture: SquadExpansion/MakingHistory/Ships/@thumbs/VAB/Valshkod 2
[LOG 20:54:55.424] Load DDS texture: SquadExpansion/MakingHistory/Spaces/KVPods/airlock
[LOG 20:54:55.430] Load DDS texture: SquadExpansion/MakingHistory/Spaces/KVPods/airlock_N
[LOG 20:54:55.439] Load DDS texture: SquadExpansion/MakingHistory/Spaces/KVPods/KV1_Props_Diffuse
[LOG 20:54:55.449] Load DDS texture: SquadExpansion/MakingHistory/Spaces/KVPods/KV1_Props_Normal
[LOG 20:54:55.458] Load DDS texture: SquadExpansion/MakingHistory/Spaces/KVPods/KV1_Shell_Diffuse
[LOG 20:54:55.466] Load DDS texture: SquadExpansion/MakingHistory/Spaces/KVPods/KV1_Shell_Emissive
[LOG 20:54:55.476] Load DDS texture: SquadExpansion/MakingHistory/Spaces/KVPods/KV1_Shell_Normal
[LOG 20:54:55.485] Load DDS texture: SquadExpansion/MakingHistory/Spaces/KVPods/KV1_Vzor_Diffuse
[LOG 20:54:55.493] Load DDS texture: SquadExpansion/MakingHistory/Spaces/KVPods/KV2_Props_Diffuse
[LOG 20:54:55.502] Load DDS texture: SquadExpansion/MakingHistory/Spaces/KVPods/KV2_Props_Emissive
[LOG 20:54:55.512] Load DDS texture: SquadExpansion/MakingHistory/Spaces/KVPods/KV2_Props_Normal
[LOG 20:54:55.522] Load DDS texture: SquadExpansion/MakingHistory/Spaces/KVPods/KV2_Shell_Diffuse
[LOG 20:54:55.531] Load DDS texture: SquadExpansion/MakingHistory/Spaces/KVPods/KV2_Shell_Normal
[LOG 20:54:55.540] Load DDS texture: SquadExpansion/MakingHistory/Spaces/KVPods/KV3_Props_Diffuse
[LOG 20:54:55.548] Load DDS texture: SquadExpansion/MakingHistory/Spaces/KVPods/KV3_Props_Normal
[LOG 20:54:55.558] Load DDS texture: SquadExpansion/MakingHistory/Spaces/KVPods/KV3_Shell_Diffuse
[LOG 20:54:55.566] Load DDS texture: SquadExpansion/MakingHistory/Spaces/KVPods/KV3_Shell_Normal
[LOG 20:54:55.584] Load DDS texture: SquadExpansion/MakingHistory/Spaces/KVPods/motor
[LOG 20:54:55.592] Load DDS texture: SquadExpansion/MakingHistory/Spaces/KVPods/pilot Seat
[LOG 20:54:55.599] Load DDS texture: SquadExpansion/MakingHistory/Spaces/MEM/PANELS_AO
[LOG 20:54:55.608] Load DDS texture: SquadExpansion/MakingHistory/Spaces/MEM/PANELS_EMISSIVE
[LOG 20:54:55.615] Load DDS texture: SquadExpansion/MakingHistory/Spaces/MEM/PANELS_NORMAL
[LOG 20:54:55.623] Load DDS texture: SquadExpansion/MakingHistory/Spaces/MEM/pilot Seat
[LOG 20:54:55.630] Load DDS texture: SquadExpansion/MakingHistory/Spaces/MEM/propsGeneric
[LOG 20:54:55.637] Load DDS texture: SquadExpansion/MakingHistory/Spaces/MEM/PROPS_AO
[LOG 20:54:55.645] Load DDS texture: SquadExpansion/MakingHistory/Spaces/MEM/PROPS_EMISSIVE
[LOG 20:54:55.654] Load DDS texture: SquadExpansion/MakingHistory/Spaces/MEM/PROPS_NORMAL
[LOG 20:54:55.663] Load DDS texture: SquadExpansion/MakingHistory/Spaces/Mk2Pod/DIfuse_controlboard
[LOG 20:54:55.673] Load DDS texture: SquadExpansion/MakingHistory/Spaces/Mk2Pod/Normal_controlbard
[LOG 20:54:55.681] Load DDS texture: SquadExpansion/MakingHistory/Spaces/Mk2Pod/Outershell_Base_Color
[LOG 20:54:55.690] Load DDS texture: SquadExpansion/MakingHistory/Spaces/Mk2Pod/Outershell_Normal
[LOG 20:54:55.699] Load DDS texture: SquadExpansion/MakingHistory/Spaces/Mk2Pod/pilot Seat
[LOG 20:54:55.707] Load Cached PNG Texture: SquadExpansion/Serenity/Parts/@thumbs/controller1000_icon
[LOG 20:54:55.713] Load Cached PNG Texture: SquadExpansion/Serenity/Parts/@thumbs/DeployedCentralStation_icon
[LOG 20:54:55.723] Load Cached PNG Texture: SquadExpansion/Serenity/Parts/@thumbs/DeployedGoExOb_icon
[LOG 20:54:55.731] Load Cached PNG Texture: SquadExpansion/Serenity/Parts/@thumbs/DeployedIONExp_icon
[LOG 20:54:55.755] Load Cached PNG Texture: SquadExpansion/Serenity/Parts/@thumbs/DeployedRTG_icon
[LOG 20:54:55.762] Load Cached PNG Texture: SquadExpansion/Serenity/Parts/@thumbs/DeployedSatDish_icon
[LOG 20:54:55.769] Load Cached PNG Texture: SquadExpansion/Serenity/Parts/@thumbs/DeployedSeismicSensor_icon
[LOG 20:54:55.790] Load Cached PNG Texture: SquadExpansion/Serenity/Parts/@thumbs/DeployedSolarPanel_icon
[LOG 20:54:55.799] Load Cached PNG Texture: SquadExpansion/Serenity/Parts/@thumbs/DeployedWeatherStn_icon
[LOG 20:54:55.806] Load Cached PNG Texture: SquadExpansion/Serenity/Parts/@thumbs/FanShroud.01_icon0
[LOG 20:54:55.813] Load Cached PNG Texture: SquadExpansion/Serenity/Parts/@thumbs/FanShroud.01_icon1
[LOG 20:54:55.820] Load Cached PNG Texture: SquadExpansion/Serenity/Parts/@thumbs/FanShroud.02_icon0
[LOG 20:54:55.827] Load Cached PNG Texture: SquadExpansion/Serenity/Parts/@thumbs/FanShroud.02_icon1
[LOG 20:54:55.832] Load Cached PNG Texture: SquadExpansion/Serenity/Parts/@thumbs/hinge.01.s_icon0
[LOG 20:54:55.839] Load Cached PNG Texture: SquadExpansion/Serenity/Parts/@thumbs/hinge.01.s_icon1
[LOG 20:54:55.846] Load Cached PNG Texture: SquadExpansion/Serenity/Parts/@thumbs/hinge.01_icon0
[LOG 20:54:55.852] Load Cached PNG Texture: SquadExpansion/Serenity/Parts/@thumbs/hinge.01_icon1
[LOG 20:54:55.859] Load Cached PNG Texture: SquadExpansion/Serenity/Parts/@thumbs/hinge.03.s_icon0
[LOG 20:54:55.866] Load Cached PNG Texture: SquadExpansion/Serenity/Parts/@thumbs/hinge.03.s_icon1
[LOG 20:54:55.872] Load Cached PNG Texture: SquadExpansion/Serenity/Parts/@thumbs/hinge.03_icon0
[LOG 20:54:55.879] Load Cached PNG Texture: SquadExpansion/Serenity/Parts/@thumbs/hinge.03_icon1
[LOG 20:54:55.886] Load Cached PNG Texture: SquadExpansion/Serenity/Parts/@thumbs/largeFanBlade_icon0
[LOG 20:54:55.893] Load Cached PNG Texture: SquadExpansion/Serenity/Parts/@thumbs/largeFanBlade_icon1
[LOG 20:54:55.901] Load Cached PNG Texture: SquadExpansion/Serenity/Parts/@thumbs/largePropeller_icon0
[LOG 20:54:55.914] Load Cached PNG Texture: SquadExpansion/Serenity/Parts/@thumbs/largePropeller_icon1
[LOG 20:54:55.922] Load Cached PNG Texture: SquadExpansion/Serenity/Parts/@thumbs/lGripPad_icon0
[LOG 20:54:55.929] Load Cached PNG Texture: SquadExpansion/Serenity/Parts/@thumbs/lGripPad_icon1
[LOG 20:54:55.935] Load Cached PNG Texture: SquadExpansion/Serenity/Parts/@thumbs/lGripStrip_icon
[LOG 20:54:55.943] Load Cached PNG Texture: SquadExpansion/Serenity/Parts/@thumbs/mediumFanBlade_icon0
[LOG 20:54:55.950] Load Cached PNG Texture: SquadExpansion/Serenity/Parts/@thumbs/mediumFanBlade_icon1
[LOG 20:54:55.957] Load Cached PNG Texture: SquadExpansion/Serenity/Parts/@thumbs/mediumPropeller_icon0
[LOG 20:54:55.968] Load Cached PNG Texture: SquadExpansion/Serenity/Parts/@thumbs/mediumPropeller_icon1
[LOG 20:54:55.975] Load Cached PNG Texture: SquadExpansion/Serenity/Parts/@thumbs/mGripPad_icon0
[LOG 20:54:55.982] Load Cached PNG Texture: SquadExpansion/Serenity/Parts/@thumbs/mGripPad_icon1
[LOG 20:54:55.989] Load Cached PNG Texture: SquadExpansion/Serenity/Parts/@thumbs/noseconeTiny_icon
[LOG 20:54:55.996] Load Cached PNG Texture: SquadExpansion/Serenity/Parts/@thumbs/noseconeVS_icon
[LOG 20:54:56.002] Load Cached PNG Texture: SquadExpansion/Serenity/Parts/@thumbs/piston.01_icon0
[LOG 20:54:56.009] Load Cached PNG Texture: SquadExpansion/Serenity/Parts/@thumbs/piston.01_icon1
[LOG 20:54:56.016] Load Cached PNG Texture: SquadExpansion/Serenity/Parts/@thumbs/piston.02_icon0
[LOG 20:54:56.022] Load Cached PNG Texture: SquadExpansion/Serenity/Parts/@thumbs/piston.02_icon1
[LOG 20:54:56.029] Load Cached PNG Texture: SquadExpansion/Serenity/Parts/@thumbs/piston.03_icon0
[LOG 20:54:56.036] Load Cached PNG Texture: SquadExpansion/Serenity/Parts/@thumbs/piston.03_icon1
[LOG 20:54:56.042] Load Cached PNG Texture: SquadExpansion/Serenity/Parts/@thumbs/piston.04_icon0
[LOG 20:54:56.049] Load Cached PNG Texture: SquadExpansion/Serenity/Parts/@thumbs/piston.04_icon1
[LOG 20:54:56.055] Load Cached PNG Texture: SquadExpansion/Serenity/Parts/@thumbs/RobotArmScanner.S1_icon
[LOG 20:54:56.070] Load Cached PNG Texture: SquadExpansion/Serenity/Parts/@thumbs/RobotArmScanner.S2_icon
[LOG 20:54:56.079] Load Cached PNG Texture: SquadExpansion/Serenity/Parts/@thumbs/RobotArmScanner.S3_icon
[LOG 20:54:56.088] Load Cached PNG Texture: SquadExpansion/Serenity/Parts/@thumbs/rotor.01s_icon0
[LOG 20:54:56.099] Load Cached PNG Texture: SquadExpansion/Serenity/Parts/@thumbs/rotor.01s_icon1
[LOG 20:54:56.124] Load Cached PNG Texture: SquadExpansion/Serenity/Parts/@thumbs/rotor.01_icon0
[LOG 20:54:56.152] Load Cached PNG Texture: SquadExpansion/Serenity/Parts/@thumbs/rotor.01_icon1
[LOG 20:54:56.174] Load Cached PNG Texture: SquadExpansion/Serenity/Parts/@thumbs/rotor.02s_icon0
[LOG 20:54:56.196] Load Cached PNG Texture: SquadExpansion/Serenity/Parts/@thumbs/rotor.02s_icon1
[LOG 20:54:56.217] Load Cached PNG Texture: SquadExpansion/Serenity/Parts/@thumbs/rotor.02_icon0
[LOG 20:54:56.242] Load Cached PNG Texture: SquadExpansion/Serenity/Parts/@thumbs/rotor.02_icon1
[LOG 20:54:56.251] Load Cached PNG Texture: SquadExpansion/Serenity/Parts/@thumbs/RotorEngine.02_icon
[LOG 20:54:56.256] Load Cached PNG Texture: SquadExpansion/Serenity/Parts/@thumbs/rotoServo.00_icon0
[LOG 20:54:56.264] Load Cached PNG Texture: SquadExpansion/Serenity/Parts/@thumbs/rotoServo.00_icon1
[LOG 20:54:56.273] Load Cached PNG Texture: SquadExpansion/Serenity/Parts/@thumbs/rotoServo.02_icon0
[LOG 20:54:56.279] Load Cached PNG Texture: SquadExpansion/Serenity/Parts/@thumbs/rotoServo.02_icon1
[LOG 20:54:56.286] Load Cached PNG Texture: SquadExpansion/Serenity/Parts/@thumbs/rotoServo.03_icon0
[LOG 20:54:56.291] Load Cached PNG Texture: SquadExpansion/Serenity/Parts/@thumbs/rotoServo.03_icon1
[LOG 20:54:56.299] Load Cached PNG Texture: SquadExpansion/Serenity/Parts/@thumbs/sGripPad_icon0
[LOG 20:54:56.307] Load Cached PNG Texture: SquadExpansion/Serenity/Parts/@thumbs/sGripPad_icon1
[LOG 20:54:56.313] Load Cached PNG Texture: SquadExpansion/Serenity/Parts/@thumbs/sGripStrip_icon
[LOG 20:54:56.319] Load Cached PNG Texture: SquadExpansion/Serenity/Parts/@thumbs/smallFanBlade_icon0
[LOG 20:54:56.327] Load Cached PNG Texture: SquadExpansion/Serenity/Parts/@thumbs/smallFanBlade_icon1
[LOG 20:54:56.334] Load Cached PNG Texture: SquadExpansion/Serenity/Parts/@thumbs/smallHeliBlade_icon0
[LOG 20:54:56.350] Load Cached PNG Texture: SquadExpansion/Serenity/Parts/@thumbs/smallHeliBlade_icon1
[LOG 20:54:56.357] Load Cached PNG Texture: SquadExpansion/Serenity/Parts/@thumbs/smallPropeller_icon0
[LOG 20:54:56.364] Load Cached PNG Texture: SquadExpansion/Serenity/Parts/@thumbs/smallPropeller_icon1
[LOG 20:54:56.371] Load DDS texture: SquadExpansion/Serenity/Parts/Aero/Assets/copterBlades_diffuse
[LOG 20:54:56.377] Load DDS texture: SquadExpansion/Serenity/Parts/Aero/Assets/shroudsDiffuse_color
[LOG 20:54:56.384] Load DDS texture: SquadExpansion/Serenity/Parts/Aero/Assets/shroudsDiffuse_plain
[LOG 20:54:56.388] Load Cached PNG Texture: SquadExpansion/Serenity/Parts/DeployedScience/MockupTexture
[LOG 20:54:56.395] Load DDS texture: SquadExpansion/Serenity/Parts/DeployedScience/Assets/centralStation_diffuse
[LOG 20:54:56.420] Load DDS texture: SquadExpansion/Serenity/Parts/DeployedScience/Assets/centralStation_emissive
[LOG 20:54:56.434] Load DDS texture: SquadExpansion/Serenity/Parts/DeployedScience/Assets/GenericParts_diffuse
[LOG 20:54:56.436] Load DDS texture: SquadExpansion/Serenity/Parts/DeployedScience/Assets/GenericParts_emissive
[LOG 20:54:56.444] Load DDS texture: SquadExpansion/Serenity/Parts/DeployedScience/Assets/GenericParts_normal
[LOG 20:54:56.452] Load DDS texture: SquadExpansion/Serenity/Parts/DeployedScience/Assets/goex_diffuse
[LOG 20:54:56.460] Load DDS texture: SquadExpansion/Serenity/Parts/DeployedScience/Assets/goex_specMapped
[LOG 20:54:56.467] Load DDS texture: SquadExpansion/Serenity/Parts/DeployedScience/Assets/Grid
[LOG 20:54:56.473] Load DDS texture: SquadExpansion/Serenity/Parts/DeployedScience/Assets/IonExperiment_diffuse
[LOG 20:54:56.480] Load DDS texture: SquadExpansion/Serenity/Parts/DeployedScience/Assets/RTGCask_diffuse
[LOG 20:54:56.487] Load DDS texture: SquadExpansion/Serenity/Parts/DeployedScience/Assets/satDish_diffuse
[LOG 20:54:56.495] Load Cached PNG Texture: SquadExpansion/Serenity/Parts/DeployedScience/Assets/Scratch
[LOG 20:54:56.501] Load DDS texture: SquadExpansion/Serenity/Parts/DeployedScience/Assets/Screen2
[LOG 20:54:56.508] Load DDS texture: SquadExpansion/Serenity/Parts/DeployedScience/Assets/Screen3
[LOG 20:54:56.513] Load DDS texture: SquadExpansion/Serenity/Parts/DeployedScience/Assets/ScreenReadout
[LOG 20:54:56.520] Load DDS texture: SquadExpansion/Serenity/Parts/DeployedScience/Assets/seismicSensor_diffuse
[LOG 20:54:56.527] Load DDS texture: SquadExpansion/Serenity/Parts/DeployedScience/Assets/seismicSensor_nrm
[LOG 20:54:56.533] Load DDS texture: SquadExpansion/Serenity/Parts/DeployedScience/Assets/seismicSensor_specularMapped
[LOG 20:54:56.539] Load DDS texture: SquadExpansion/Serenity/Parts/DeployedScience/Assets/SolarGraph
[LOG 20:54:56.548] Load DDS texture: SquadExpansion/Serenity/Parts/DeployedScience/Assets/solarPanel_diffuse
[LOG 20:54:56.553] Load DDS texture: SquadExpansion/Serenity/Parts/DeployedScience/Assets/Waveleght3
[LOG 20:54:56.559] Load DDS texture: SquadExpansion/Serenity/Parts/DeployedScience/Assets/Wavelenght
[LOG 20:54:56.566] Load DDS texture: SquadExpansion/Serenity/Parts/DeployedScience/Assets/Wavelenght2
[LOG 20:54:56.572] Load DDS texture: SquadExpansion/Serenity/Parts/DeployedScience/Assets/wavelenght4
[LOG 20:54:56.577] Load DDS texture: SquadExpansion/Serenity/Parts/DeployedScience/Assets/wavelenght5
[LOG 20:54:56.603] Load DDS texture: SquadExpansion/Serenity/Parts/DeployedScience/Assets/WeatherStation [Normal]
[LOG 20:54:56.617] Load DDS texture: SquadExpansion/Serenity/Parts/DeployedScience/Assets/Weather_Station_diffuse
[LOG 20:54:56.623] Load DDS texture: SquadExpansion/Serenity/Parts/DeployedScience/Assets/Weather_Station_normal
[LOG 20:54:56.630] Load DDS texture: SquadExpansion/Serenity/Parts/Propellers/Assets/blade_diffuse
[LOG 20:54:56.637] Load DDS texture: SquadExpansion/Serenity/Parts/Propellers/Assets/copterBlades_diffuse
[LOG 20:54:56.648] Load DDS texture: SquadExpansion/Serenity/Parts/Propellers/Assets/fan_diffuse
[LOG 20:54:56.656] Load DDS texture: SquadExpansion/Serenity/Parts/Robotics/Assets/hinges-03-s_diffuse_Color
[LOG 20:54:56.662] Load DDS texture: SquadExpansion/Serenity/Parts/Robotics/Assets/hinges-03_diffuse_color
[LOG 20:54:56.669] Load DDS texture: SquadExpansion/Serenity/Parts/Robotics/Assets/hinges-03_diffuse_plain
[LOG 20:54:56.676] Load DDS texture: SquadExpansion/Serenity/Parts/Robotics/Assets/hinges_diffuse
[LOG 20:54:56.682] Load DDS texture: SquadExpansion/Serenity/Parts/Robotics/Assets/Hinge_diffuse_G-00_Color
[LOG 20:54:56.688] Load DDS texture: SquadExpansion/Serenity/Parts/Robotics/Assets/Hinge_diffuse_G-11_Color
[LOG 20:54:56.694] Load DDS texture: SquadExpansion/Serenity/Parts/Robotics/Assets/Hinge_diffuse_G-11_plain
[LOG 20:54:56.701] Load DDS texture: SquadExpansion/Serenity/Parts/Robotics/Assets/Hinge_normal
[LOG 20:54:56.808] Load DDS texture: SquadExpansion/Serenity/Parts/Robotics/Assets/RotorEngine_02_diffuse
[LOG 20:54:56.823] Load DDS texture: SquadExpansion/Serenity/Parts/Robotics/Assets/RotorEngine_03_diffuse
[LOG 20:54:56.829] Load DDS texture: SquadExpansion/Serenity/Parts/Robotics/Assets/RotorEngine_03_normal
[LOG 20:54:56.835] Load DDS texture: SquadExpansion/Serenity/Parts/Robotics/Assets/Rotor_01_diffuse_color
[LOG 20:54:56.842] Load DDS texture: SquadExpansion/Serenity/Parts/Robotics/Assets/Rotor_01_diffuse_plain
[LOG 20:54:56.849] Load DDS texture: SquadExpansion/Serenity/Parts/Robotics/Assets/Rotor_01_normal
[LOG 20:54:56.855] Load DDS texture: SquadExpansion/Serenity/Parts/Robotics/Assets/Rotor_01_specular_D
[LOG 20:54:56.861] Load DDS texture: SquadExpansion/Serenity/Parts/Robotics/Assets/Rotor_02_diffuse_color
[LOG 20:54:56.868] Load DDS texture: SquadExpansion/Serenity/Parts/Robotics/Assets/Rotor_03_diffuse_color
[LOG 20:54:56.875] Load DDS texture: SquadExpansion/Serenity/Parts/Robotics/Assets/Rotor_03_diffuse_plain
[LOG 20:54:56.881] Load DDS texture: SquadExpansion/Serenity/Parts/Robotics/Assets/Rotor_03_normal
[LOG 20:54:56.888] Load DDS texture: SquadExpansion/Serenity/Parts/Robotics/Assets/rotoServos_diffuse_color
[LOG 20:54:56.896] Load DDS texture: SquadExpansion/Serenity/Parts/Robotics/Assets/rotoServos_diffuse_plain
[LOG 20:54:56.903] Load DDS texture: SquadExpansion/Serenity/Parts/Robotics/Assets/rotoServos_nrm
[LOG 20:54:56.910] Load DDS texture: SquadExpansion/Serenity/Parts/Robotics/Controllers/roboController_diffuse
[LOG 20:54:56.916] Load DDS texture: SquadExpansion/Serenity/Parts/Robotics/Controllers/roboController_emissive
[LOG 20:54:56.923] Load Cached PNG Texture: SquadExpansion/Serenity/Parts/Science/RobotArmScanner/Assets/DrillBits
[LOG 20:54:56.928] Load DDS texture: SquadExpansion/Serenity/Parts/Science/RobotArmScanner/Assets/DustParticle
[WRN 20:54:56.929] Duplicate PNG texture 'SquadExpansion/Serenity/Parts/Science/RobotArmScanner/Assets/DustParticle' with extension 'png' won't be loaded
[LOG 20:54:56.937] Load DDS texture: SquadExpansion/Serenity/Parts/Science/RobotArmScanner/Assets/GenericParts_diffuse
[LOG 20:54:56.946] Load DDS texture: SquadExpansion/Serenity/Parts/Science/RobotArmScanner/Assets/GenericParts_normal
[LOG 20:54:56.956] Load DDS texture: SquadExpansion/Serenity/Parts/Science/RobotArmScanner/Assets/ROCArm3_diffuse
[LOG 20:54:56.965] Load DDS texture: SquadExpansion/Serenity/Parts/Science/RobotArmScanner/Assets/ROCArm3_normal
[LOG 20:54:56.973] Load DDS texture: SquadExpansion/Serenity/Parts/Science/RobotArmScanner/Assets/ROCArm_2_diffuse
[LOG 20:54:56.981] Load DDS texture: SquadExpansion/Serenity/Parts/Science/RobotArmScanner/Assets/ROCArm_2_normal
[LOG 20:54:56.989] Load Cached PNG Texture: SquadExpansion/Serenity/Parts/Science/RobotArmScanner/Assets/Scratch
[LOG 20:54:56.996] Load DDS texture: SquadExpansion/Serenity/Parts/Science/RobotArmScanner/Assets/SmallArm_diffuse
[LOG 20:54:57.002] Load DDS texture: SquadExpansion/Serenity/Parts/Science/RobotArmScanner/Assets/SmallArm_normal
[LOG 20:54:57.009] Load DDS texture: SquadExpansion/Serenity/Parts/Structural/gripPads/Assets/gripPads_diffuse
[LOG 20:54:57.016] Load DDS texture: SquadExpansion/Serenity/Parts/Structural/gripPads/Assets/gripPads_nrm
[LOG 20:54:57.023] Load Cached PNG Texture: SquadExpansion/Serenity/Ships/@thumbs/SPH/Arrow-E
[LOG 20:54:57.030] Load Cached PNG Texture: SquadExpansion/Serenity/Ships/@thumbs/SPH/Butterfly Rover
[LOG 20:54:57.036] Load Cached PNG Texture: SquadExpansion/Serenity/Ships/@thumbs/SPH/Jeb_s Quadtaxi
[LOG 20:54:57.042] Load Cached PNG Texture: SquadExpansion/Serenity/Ships/@thumbs/SPH/Kerbodyne Rotodyne
[LOG 20:54:57.049] Load Cached PNG Texture: SquadExpansion/Serenity/Ships/@thumbs/SPH/Seahawk
[LOG 20:54:57.058] Load Cached PNG Texture: SquadExpansion/Serenity/Ships/@thumbs/SPH/Val-Thopter
[LOG 20:54:57.068] Load MU model: Squad/FX/afterburner_flame
[LOG 20:54:57.075] Load MU model: Squad/FX/afterburner_shock
[LOG 20:54:57.080] Load MU model: Squad/FX/diamondBlue
[LOG 20:54:57.085] Load MU model: Squad/FX/exhaustFlames_blue
[LOG 20:54:57.173] Load MU model: Squad/FX/hydroLOXFlame
[LOG 20:54:57.174] Load MU model: Squad/FX/IonPlume
[LOG 20:54:57.174] Load MU model: Squad/FX/ks1_Exhaust
[LOG 20:54:57.174] Load MU model: Squad/FX/ks25_Exhaust
[LOG 20:54:57.175] Load MU model: Squad/FX/ksX_Exhaust
[LOG 20:54:57.175] Load MU model: Squad/FX/LES_Thruster
[LOG 20:54:57.175] Load MU model: Squad/FX/Monoprop_big
[LOG 20:54:57.175] Load MU model: Squad/FX/Monoprop_medium
[LOG 20:54:57.175] Load MU model: Squad/FX/Monoprop_small
[LOG 20:54:57.176] Load MU model: Squad/FX/shockExhaust_blue
[LOG 20:54:57.176] Load MU model: Squad/FX/shockExhaust_blue_small
[LOG 20:54:57.176] Load MU model: Squad/FX/shockExhaust_red_small
[LOG 20:54:57.176] Load MU model: Squad/FX/SRB_Large
[LOG 20:54:57.177] Load MU model: Squad/FX/SRB_LargeSparks
[LOG 20:54:57.177] Load MU model: Squad/Parts/Aero/aerodynamicNoseCone/aerodynamicNoseCone
[LOG 20:54:57.180] Load MU model: Squad/Parts/Aero/airbrake/Airbrake
[LOG 20:54:57.183] Load MU model: Squad/Parts/Aero/airIntakeRadialXM-G50/RadialIntake
[LOG 20:54:57.189] Load MU model: Squad/Parts/Aero/airlinerWings/ControlSurface
[LOG 20:54:57.194] Load MU model: Squad/Parts/Aero/airlinerWings/MainWing
[LOG 20:54:57.199] Load MU model: Squad/Parts/Aero/airlinerWings/TailFin
[LOG 20:54:57.205] Load MU model: Squad/Parts/Aero/airplaneFins/AdvCanard
[LOG 20:54:57.211] Load MU model: Squad/Parts/Aero/airplaneFins/Canard
[LOG 20:54:57.217] Load MU model: Squad/Parts/Aero/airplaneFins/Swept
[LOG 20:54:57.222] Load MU model: Squad/Parts/Aero/airplaneFins/TailFin
[LOG 20:54:57.229] Load MU model: Squad/Parts/Aero/basicFin/basicFin
[LOG 20:54:57.234] Load MU model: Squad/Parts/Aero/circularIntake/CircularIntake
[LOG 20:54:57.240] Load MU model: Squad/Parts/Aero/circularIntake/ConeIntake
[LOG 20:54:57.246] Load MU model: Squad/Parts/Aero/cones/Assets/AvioCone
[LOG 20:54:57.252] Load MU model: Squad/Parts/Aero/cones/Assets/ConeA
[LOG 20:54:57.259] Load MU model: Squad/Parts/Aero/cones/Assets/ConeB
[LOG 20:54:57.264] Load MU model: Squad/Parts/Aero/cones/Assets/NCS
[LOG 20:54:57.269] Load MU model: Squad/Parts/Aero/cones/Assets/orangeNoseCone
[LOG 20:54:57.275] Load MU model: Squad/Parts/Aero/cones/Assets/rocketNoseCone
[LOG 20:54:57.281] Load MU model: Squad/Parts/Aero/cones/Assets/rocketNoseCone_v2
[LOG 20:54:57.287] Load MU model: Squad/Parts/Aero/cones/Assets/rocketNoseCone_v3
[LOG 20:54:57.293] Load MU model: Squad/Parts/Aero/cones/Assets/TailA
[LOG 20:54:57.300] Load MU model: Squad/Parts/Aero/cones/Assets/TailB
[LOG 20:54:57.305] Load MU model: Squad/Parts/Aero/cones/Assets/TinyCone
[LOG 20:54:57.311] Load MU model: Squad/Parts/Aero/fairings/AutoTruss
[LOG 20:54:57.317] Load MU model: Squad/Parts/Aero/fairings/fairingSize1
[LOG 20:54:57.324] Load MU model: Squad/Parts/Aero/fairings/fairingSize2
[LOG 20:54:57.329] Load MU model: Squad/Parts/Aero/fairings/fairingSize3
[LOG 20:54:57.336] Load MU model: Squad/Parts/Aero/HeatShield/HeatShield0
[LOG 20:54:57.341] Load MU model: Squad/Parts/Aero/HeatShield/HeatShield1
[LOG 20:54:57.346] Load MU model: Squad/Parts/Aero/HeatShield/HeatShield2
[LOG 20:54:57.352] Load MU model: Squad/Parts/Aero/HeatShield/HeatShield3
[LOG 20:54:57.359] Load MU model: Squad/Parts/Aero/InflatableHeatShield/HeatShield
[LOG 20:54:57.364] Load MU model: Squad/Parts/Aero/intakeRadialLong/IntakeRadial
[LOG 20:54:57.370] Load MU model: Squad/Parts/Aero/miniIntake/SmallIntake
[LOG 20:54:57.375] Load MU model: Squad/Parts/Aero/ramAirIntake/RampIntake
[LOG 20:54:57.381] Load MU model: Squad/Parts/Aero/shuttleWings/ShuttleDeltaWing
[LOG 20:54:57.388] Load MU model: Squad/Parts/Aero/shuttleWings/ShuttleElevonA
[LOG 20:54:57.393] Load MU model: Squad/Parts/Aero/shuttleWings/ShuttleElevonB
[LOG 20:54:57.399] Load MU model: Squad/Parts/Aero/shuttleWings/ShuttleRudder
[LOG 20:54:57.405] Load MU model: Squad/Parts/Aero/shuttleWings/ShuttleStrake
[LOG 20:54:57.411] Load MU model: Squad/Parts/Aero/wingletAV-R8/model
[LOG 20:54:57.416] Load MU model: Squad/Parts/Aero/wingletAV-T1/model
[LOG 20:54:57.421] Load MU model: Squad/Parts/Aero/wingletDeltaDeluxe/model
[LOG 20:54:57.428] Load MU model: Squad/Parts/Aero/wings/connector1
[LOG 20:54:57.433] Load MU model: Squad/Parts/Aero/wings/connector2
[LOG 20:54:57.439] Load MU model: Squad/Parts/Aero/wings/connector3
[LOG 20:54:57.444] Load MU model: Squad/Parts/Aero/wings/connector4
[LOG 20:54:57.450] Load MU model: Squad/Parts/Aero/wings/connector5
[LOG 20:54:57.455] Load MU model: Squad/Parts/Aero/wings/delta
[LOG 20:54:57.462] Load MU model: Squad/Parts/Aero/wings/delta_small
[LOG 20:54:57.466] Load MU model: Squad/Parts/Aero/wings/elevon1
[LOG 20:54:57.472] Load MU model: Squad/Parts/Aero/wings/elevon2
[LOG 20:54:57.478] Load MU model: Squad/Parts/Aero/wings/elevon3
[LOG 20:54:57.483] Load MU model: Squad/Parts/Aero/wings/elevon4
[LOG 20:54:57.488] Load MU model: Squad/Parts/Aero/wings/elevon5
[LOG 20:54:57.493] Load MU model: Squad/Parts/Aero/wings/strake
[LOG 20:54:57.499] Load MU model: Squad/Parts/Aero/wings/structural1
[LOG 20:54:57.505] Load MU model: Squad/Parts/Aero/wings/structural2
[LOG 20:54:57.511] Load MU model: Squad/Parts/Aero/wings/structural3
[LOG 20:54:57.516] Load MU model: Squad/Parts/Aero/wings/structural4
[LOG 20:54:57.522] Load MU model: Squad/Parts/Aero/wings/swept1
[LOG 20:54:57.528] Load MU model: Squad/Parts/Aero/wings/swept2
[LOG 20:54:57.534] Load MU model: Squad/Parts/Cargo/CargoContainers/cargoContainer
[LOG 20:54:57.540] Load MU model: Squad/Parts/Cargo/CargoContainers/smallCargoContainer
[LOG 20:54:57.546] Load MU model: Squad/Parts/Cargo/Cylinder/EVAcylinder
[LOG 20:54:57.551] Load MU model: Squad/Parts/Cargo/GroundAnchor/groundAnchor
[LOG 20:54:57.565] Load MU model: Squad/Parts/Cargo/Jetpack/Jetpack
[LOG 20:54:57.572] Load MU model: Squad/Parts/Cargo/Parachute/Parachute
[LOG 20:54:57.578] Load MU model: Squad/Parts/Cargo/RepairKit/RepairKit
[LOG 20:54:57.593] Load MU model: Squad/Parts/Cargo/ScienceKit/ExperimentKit
[LOG 20:54:57.593] Load MU model: Squad/Parts/Cargo/StorageUnits/Assets/CargoStorageUnit
[LOG 20:54:57.597] Load MU model: Squad/Parts/Cargo/StorageUnits/Assets/ConformalStorageUnit
[LOG 20:54:57.603] Load MU model: Squad/Parts/Command/advancedSasModuleLarge/model
[LOG 20:54:57.609] Load MU model: Squad/Parts/Command/cupola/model
[LOG 20:54:57.616] Load MU model: Squad/Parts/Command/externalCommandSeat/model
[LOG 20:54:57.623] Load MU model: Squad/Parts/Command/hitchhikerStorageContainer/model
[LOG 20:54:57.628] Load MU model: Squad/Parts/Command/inlineAdvancedStabilizer/model
[LOG 20:54:57.634] Load MU model: Squad/Parts/Command/inlineReactionWheel/model
[LOG 20:54:57.640] Load MU model: Squad/Parts/Command/Mk1-3Pod/Mk1-3
[LOG 20:54:57.646] Load MU model: Squad/Parts/Command/mk1Cockpits/Cabin
[LOG 20:54:57.652] Load MU model: Squad/Parts/Command/mk1Cockpits/CockpitInline
[LOG 20:54:57.659] Load MU model: Squad/Parts/Command/mk1Cockpits/CockpitStandard
[LOG 20:54:57.673] Load MU model: Squad/Parts/Command/mk1LanderCan/model
[LOG 20:54:57.673] Load MU model: Squad/Parts/Command/mk1pod_v2/Mk1Pod_v2
[LOG 20:54:57.677] Load MU model: Squad/Parts/Command/mk2CockpitInline/model
[LOG 20:54:57.683] Load MU model: Squad/Parts/Command/mk2CockpitStandard/model
[LOG 20:54:57.688] Load MU model: Squad/Parts/Command/mk2DroneCore/model
[LOG 20:54:57.694] Load MU model: Squad/Parts/Command/mk2LanderCan/model
[LOG 20:54:57.700] Load MU model: Squad/Parts/Command/mk2LanderCan_v2/mk2LanderCan
[LOG 20:54:57.705] Load MU model: Squad/Parts/Command/mk3CockpitShuttle/model
[LOG 20:54:57.711] Load MU model: Squad/Parts/Command/MpoProbe/MpoProbe
[LOG 20:54:57.717] Load MU model: Squad/Parts/Command/MtmStage/MTM_Stage
[LOG 20:54:57.722] Load MU model: Squad/Parts/Command/probeCoreCube/probeCoreCube
[LOG 20:54:57.728] Load MU model: Squad/Parts/Command/probeCoreHex/model
[LOG 20:54:57.734] Load MU model: Squad/Parts/Command/probeCoreHex_v2/model
[LOG 20:54:57.739] Load MU model: Squad/Parts/Command/probeCoreOcto2_v2/probeCoreOcto2_v2
[LOG 20:54:57.744] Load MU model: Squad/Parts/Command/probeCoreOcto_v2/probeCoreOcto_v2
[LOG 20:54:57.749] Load MU model: Squad/Parts/Command/probeRoverBody/model
[LOG 20:54:57.756] Load MU model: Squad/Parts/Command/probeRoverBody_v2/probeRoverBody_v2
[LOG 20:54:57.762] Load MU model: Squad/Parts/Command/probeStackLarge/model
[LOG 20:54:57.767] Load MU model: Squad/Parts/Command/probeStackSmall/model
[LOG 20:54:57.773] Load MU model: Squad/Parts/Command/probeStackSphere_v2/probeStackSphere_v2
[LOG 20:54:57.778] Load MU model: Squad/Parts/CompoundParts/FuelLine/model
[LOG 20:54:57.783] Load MU model: Squad/Parts/CompoundParts/strutConnector/model
[LOG 20:54:57.790] Load MU model: Squad/Parts/Coupling/Assets/Decoupler_0
[LOG 20:54:57.796] Load MU model: Squad/Parts/Coupling/Assets/Decoupler_1
[LOG 20:54:57.802] Load MU model: Squad/Parts/Coupling/Assets/Decoupler_1p5
[LOG 20:54:57.808] Load MU model: Squad/Parts/Coupling/Assets/Decoupler_2
[LOG 20:54:57.813] Load MU model: Squad/Parts/Coupling/Assets/Decoupler_3
[LOG 20:54:57.818] Load MU model: Squad/Parts/Coupling/Assets/Decoupler_4
[LOG 20:54:57.825] Load MU model: Squad/Parts/Coupling/Assets/Separator_0
[LOG 20:54:57.831] Load MU model: Squad/Parts/Coupling/Assets/Separator_1
[LOG 20:54:57.836] Load MU model: Squad/Parts/Coupling/Assets/Separator_1p5
[LOG 20:54:57.841] Load MU model: Squad/Parts/Coupling/Assets/Separator_2
[LOG 20:54:57.847] Load MU model: Squad/Parts/Coupling/Assets/Separator_3
[LOG 20:54:57.853] Load MU model: Squad/Parts/Coupling/Assets/Separator_4
[LOG 20:54:57.858] Load MU model: Squad/Parts/Electrical/10CSolarPanels/assets/OX-10C
[LOG 20:54:57.865] Load MU model: Squad/Parts/Electrical/10CSolarPanels/assets/SP-10C
[LOG 20:54:57.871] Load MU model: Squad/Parts/Electrical/10LSolarPanels/assets/OX-10L
[LOG 20:54:57.876] Load MU model: Squad/Parts/Electrical/10LSolarPanels/assets/SP-10L
[LOG 20:54:57.882] Load MU model: Squad/Parts/Electrical/1x6ShroudSolarPanels/model
[LOG 20:54:57.887] Load MU model: Squad/Parts/Electrical/1x6SolarPanels/model
[LOG 20:54:57.895] Load MU model: Squad/Parts/Electrical/3x2ShroudSolarPanels/model
[LOG 20:54:57.900] Load MU model: Squad/Parts/Electrical/3x2SolarPanels/model
[LOG 20:54:57.906] Load MU model: Squad/Parts/Electrical/gigantorXlSolarArray/model
[LOG 20:54:57.913] Load MU model: Squad/Parts/Electrical/radialFlatSolarPanel/model
[LOG 20:54:57.918] Load MU model: Squad/Parts/Electrical/RTG/model
[LOG 20:54:57.925] Load MU model: Squad/Parts/Electrical/z-100Battery/model
[LOG 20:54:57.930] Load MU model: Squad/Parts/Electrical/z-1kBattery/model
[LOG 20:54:57.936] Load MU model: Squad/Parts/Electrical/z-200Battery/model
[LOG 20:54:57.942] Load MU model: Squad/Parts/Electrical/z-400Battery/model
[LOG 20:54:57.948] Load MU model: Squad/Parts/Electrical/z-4kBattery/model
[LOG 20:54:57.953] Load MU model: Squad/Parts/Engine/ionEngine/model
[LOG 20:54:57.959] Load MU model: Squad/Parts/Engine/jetEngines/turbineInside
[LOG 20:54:57.965] Load MU model: Squad/Parts/Engine/jetEngines/turboFanSize1
[LOG 20:54:57.971] Load MU model: Squad/Parts/Engine/jetEngines/turboFanSize2
[LOG 20:54:57.977] Load MU model: Squad/Parts/Engine/jetEngines/turboJet
[LOG 20:54:57.983] Load MU model: Squad/Parts/Engine/jetEngines/turboRamJet
[LOG 20:54:57.988] Load MU model: Squad/Parts/Engine/liquidEngine24-77/model
[LOG 20:54:57.994] Load MU model: Squad/Parts/Engine/liquidEngine24-77_v2/Twitch_v2
[LOG 20:54:58.001] Load MU model: Squad/Parts/Engine/liquidEngine48-7S_v2/SparkV2
[LOG 20:54:58.006] Load MU model: Squad/Parts/Engine/liquidEngineAerospike/AeroSpike
[LOG 20:54:58.012] Load MU model: Squad/Parts/Engine/liquidEngineLV-1_v2/Assets/Ant
[LOG 20:54:58.018] Load MU model: Squad/Parts/Engine/liquidEngineLV-1_v2/Assets/Spider
[LOG 20:54:58.118] Load MU model: Squad/Parts/Engine/liquidEngineLV-909_v2/TerrierV2
[LOG 20:54:58.132] Load MU model: Squad/Parts/Engine/liquidEngineLV-N/model
[LOG 20:54:58.137] Load MU model: Squad/Parts/Engine/liquidEngineLV-T30/model
[LOG 20:54:58.144] Load MU model: Squad/Parts/Engine/liquidEngineLV-T30_v2/Reliant_v2
[LOG 20:54:58.150] Load MU model: Squad/Parts/Engine/liquidEngineLV-T45/model
[LOG 20:54:58.155] Load MU model: Squad/Parts/Engine/liquidEngineLV-T45_v2/Swivel_v2
[LOG 20:54:58.162] Load MU model: Squad/Parts/Engine/liquidEngineMainsail_v2/liquidEngineMainsail_v2
[LOG 20:54:58.168] Load MU model: Squad/Parts/Engine/liquidEngineMk55/Thud
[LOG 20:54:58.174] Load MU model: Squad/Parts/Engine/liquidEnginePoodle_v2/LqdEnginePoodle_v2
[LOG 20:54:58.179] Load MU model: Squad/Parts/Engine/liquidEngineSkipper_v2/skipper_v2
[LOG 20:54:58.186] Load MU model: Squad/Parts/Engine/liquidEngineSSME/SSME
[LOG 20:54:58.192] Load MU model: Squad/Parts/Engine/MassiveSRB/MassiveSRB
[LOG 20:54:58.197] Load MU model: Squad/Parts/Engine/miniJet/SmallJet
[LOG 20:54:58.203] Load MU model: Squad/Parts/Engine/OMSEngine/Puff_v2
[LOG 20:54:58.208] Load MU model: Squad/Parts/Engine/rapierEngine/rapier
[LOG 20:54:58.214] Load MU model: Squad/Parts/Engine/Size1_SRBs/SRB10
[LOG 20:54:58.219] Load MU model: Squad/Parts/Engine/Size1_SRBs/SRB5
[LOG 20:54:58.225] Load MU model: Squad/Parts/Engine/Size2LFB/Size2LFB
[LOG 20:54:58.231] Load MU model: Squad/Parts/Engine/Size2LFB_v2/Size2LFB_v2
[LOG 20:54:58.236] Load MU model: Squad/Parts/Engine/Size3AdvancedEngine/Size3AdvancedEngine
[LOG 20:54:58.242] Load MU model: Squad/Parts/Engine/Size3EngineCluster/Size3EngineCluster
[LOG 20:54:58.248] Load MU model: Squad/Parts/Engine/solidBoosterBACC/model
[LOG 20:54:58.253] Load MU model: Squad/Parts/Engine/solidBoosterS2-17/solidBoosterS2-17
[LOG 20:54:58.258] Load MU model: Squad/Parts/Engine/solidBoosterS2-33/solidBoosterS2-33
[LOG 20:54:58.263] Load MU model: Squad/Parts/Engine/solidBoosterSep/model
[LOG 20:54:58.277] Load MU model: Squad/Parts/Engine/SolidBoostersF/Assets/SolidBoosterF3S0
[LOG 20:54:58.284] Load MU model: Squad/Parts/Engine/SolidBoostersF/Assets/SolidBoosterFM1
[LOG 20:54:58.290] Load MU model: Squad/Parts/FuelTank/adapterTanks/Mk3-Mk2
[LOG 20:54:58.295] Load MU model: Squad/Parts/FuelTank/adapterTanks/Mk3-Size2
[LOG 20:54:58.300] Load MU model: Squad/Parts/FuelTank/adapterTanks/Mk3-Size2Slant
[LOG 20:54:58.306] Load MU model: Squad/Parts/FuelTank/adapterTanks/ShuttleAdapter
[LOG 20:54:58.312] Load MU model: Squad/Parts/FuelTank/adapterTanks/Size2-Mk2
[LOG 20:54:58.316] Load MU model: Squad/Parts/FuelTank/adapterTanks/Size2-Size1
[LOG 20:54:58.321] Load MU model: Squad/Parts/FuelTank/adapterTanks/Size2-Size1Slant
[LOG 20:54:58.327] Load MU model: Squad/Parts/FuelTank/adapterTanks/Size3-Mk3
[LOG 20:54:58.331] Load MU model: Squad/Parts/FuelTank/drainTankFTE-1/fuelValve
[LOG 20:54:58.336] Load MU model: Squad/Parts/FuelTank/FoilTanks/RadialTank_Capsule
[LOG 20:54:58.342] Load MU model: Squad/Parts/FuelTank/FoilTanks/RadialTank_Round
[LOG 20:54:58.348] Load MU model: Squad/Parts/FuelTank/FoilTanks/ToroidTank
[LOG 20:54:58.353] Load MU model: Squad/Parts/FuelTank/fuelTankOscarB/model
[LOG 20:54:58.357] Load MU model: Squad/Parts/FuelTank/miniFuselage/Fuselage
[LOG 20:54:58.362] Load MU model: Squad/Parts/FuelTank/mk2Adapters/bicoupler
[LOG 20:54:58.367] Load MU model: Squad/Parts/FuelTank/mk2Adapters/long
[LOG 20:54:58.372] Load MU model: Squad/Parts/FuelTank/mk2Adapters/standard
[LOG 20:54:58.378] Load MU model: Squad/Parts/FuelTank/mk2FuselageLong/FuselageLongLFO
[LOG 20:54:58.384] Load MU model: Squad/Parts/FuelTank/mk2FuselageLong/FuselageLongLiquid
[LOG 20:54:58.390] Load MU model: Squad/Parts/FuelTank/mk2FuselageShort/FuselageShortLFO
[LOG 20:54:58.396] Load MU model: Squad/Parts/FuelTank/mk2FuselageShort/FuselageShortLiquid
[LOG 20:54:58.400] Load MU model: Squad/Parts/FuelTank/mk2FuselageShort/FuselageShortMono
[LOG 20:54:58.406] Load MU model: Squad/Parts/FuelTank/mk3Fuselage/CREW
[LOG 20:54:58.411] Load MU model: Squad/Parts/FuelTank/mk3Fuselage/LFO_100
[LOG 20:54:58.417] Load MU model: Squad/Parts/FuelTank/mk3Fuselage/LFO_25
[LOG 20:54:58.422] Load MU model: Squad/Parts/FuelTank/mk3Fuselage/LFO_50
[LOG 20:54:58.426] Load MU model: Squad/Parts/FuelTank/mk3Fuselage/LF_100
[LOG 20:54:58.431] Load MU model: Squad/Parts/FuelTank/mk3Fuselage/LF_25
[LOG 20:54:58.436] Load MU model: Squad/Parts/FuelTank/mk3Fuselage/LF_50
[LOG 20:54:58.442] Load MU model: Squad/Parts/FuelTank/mk3Fuselage/MONO
[LOG 20:54:58.448] Load MU model: Squad/Parts/FuelTank/RCSFuelTankR1/RCSFuelTankR1_01
[LOG 20:54:58.453] Load MU model: Squad/Parts/FuelTank/RCSFuelTankR10/model
[LOG 20:54:58.458] Load MU model: Squad/Parts/FuelTank/RCSFuelTankR25/RCSFuelTankR25
[LOG 20:54:58.463] Load MU model: Squad/Parts/FuelTank/RCSTankRadial/model
[LOG 20:54:58.468] Load MU model: Squad/Parts/FuelTank/RCStankRadialLong/model
[LOG 20:54:58.473] Load MU model: Squad/Parts/FuelTank/RockomaxTanks/Assets/Rockomax16
[LOG 20:54:58.478] Load MU model: Squad/Parts/FuelTank/RockomaxTanks/Assets/Rockomax32
[LOG 20:54:58.484] Load MU model: Squad/Parts/FuelTank/RockomaxTanks/Assets/Rockomax64
[LOG 20:54:58.490] Load MU model: Squad/Parts/FuelTank/RockomaxTanks/Assets/Rockomax8
[LOG 20:54:58.495] Load MU model: Squad/Parts/FuelTank/Size1_Tanks/Size1Tank_01
[LOG 20:54:58.500] Load MU model: Squad/Parts/FuelTank/Size1_Tanks/Size1Tank_02
[LOG 20:54:58.504] Load MU model: Squad/Parts/FuelTank/Size1_Tanks/Size1Tank_03
[LOG 20:54:58.510] Load MU model: Squad/Parts/FuelTank/Size1_Tanks/Size1Tank_04
[LOG 20:54:58.516] Load MU model: Squad/Parts/FuelTank/Size3Tanks/Size3LargeTank
[LOG 20:54:58.522] Load MU model: Squad/Parts/FuelTank/Size3Tanks/Size3MediumTank
[LOG 20:54:58.527] Load MU model: Squad/Parts/FuelTank/Size3Tanks/Size3SmallTank
[LOG 20:54:58.531] Load MU model: Squad/Parts/FuelTank/xenonTank/model
[LOG 20:54:58.537] Load MU model: Squad/Parts/FuelTank/xenonTankLarge/model
[LOG 20:54:58.542] Load MU model: Squad/Parts/FuelTank/xenonTankRadial/model
[LOG 20:54:58.546] Load MU model: Squad/Parts/Misc/AsteroidDay/CamSat
[LOG 20:54:58.551] Load MU model: Squad/Parts/Misc/AsteroidDay/HECS2
[LOG 20:54:58.557] Load MU model: Squad/Parts/Misc/AsteroidDay/HighGainAntenna
[LOG 20:54:58.562] Load MU model: Squad/Parts/Misc/AsteroidDay/LgRadialSolar
[LOG 20:54:58.567] Load MU model: Squad/Parts/Misc/PotatoComet/Cube
[LOG 20:54:58.568] Load MU model: Squad/Parts/Misc/PotatoRoid/Cube
[LOG 20:54:58.572] Load MU model: Squad/Parts/Resources/FuelCell/FuelCell
[LOG 20:54:58.578] Load MU model: Squad/Parts/Resources/FuelCell/FuelCellArray
[LOG 20:54:58.583] Load MU model: Squad/Parts/Resources/ISRU/ISRU
[LOG 20:54:58.588] Load MU model: Squad/Parts/Resources/LargeTank/LargeTank
[LOG 20:54:58.594] Load MU model: Squad/Parts/Resources/MiniDrill/MiniDrill
[LOG 20:54:58.599] Load MU model: Squad/Parts/Resources/MiniISRU/MiniISRU
[LOG 20:54:58.604] Load MU model: Squad/Parts/Resources/OrbitalScanner/OrbitalScanner
[LOG 20:54:58.609] Load MU model: Squad/Parts/Resources/RadialDrill/TriBitDrill
[LOG 20:54:58.614] Load MU model: Squad/Parts/Resources/RadialTank/RadialOreTank
[LOG 20:54:58.619] Load MU model: Squad/Parts/Resources/SmallTank/SmallTank
[LOG 20:54:58.624] Load MU model: Squad/Parts/Resources/SurfaceScanner/SurfaceScanner
[LOG 20:54:58.631] Load MU model: Squad/Parts/Resources/SurveyScanner/SurveyScanner
[LOG 20:54:58.636] Load MU model: Squad/Parts/Science/AtmosphereSensor/model
[LOG 20:54:58.640] Load MU model: Squad/Parts/Science/GooExperiment/GooExperiment
[LOG 20:54:58.646] Load MU model: Squad/Parts/Science/LargeCrewedLab/large_crewed_lab
[LOG 20:54:58.651] Load MU model: Squad/Parts/Science/Magnetometer/Magnetometer
[LOG 20:54:58.656] Load MU model: Squad/Parts/Science/MaterialBay/science_module_small
[LOG 20:54:58.661] Load MU model: Squad/Parts/Science/ScienceBox/ScienceBox
[LOG 20:54:58.667] Load MU model: Squad/Parts/Science/sensorAccelerometer/model
[LOG 20:54:58.672] Load MU model: Squad/Parts/Science/sensorBarometer/model
[LOG 20:54:58.676] Load MU model: Squad/Parts/Science/sensorGravimeter/model
[LOG 20:54:58.681] Load MU model: Squad/Parts/Science/sensorThermometer/model
[LOG 20:54:58.686] Load MU model: Squad/Parts/Structural/FLAdapters/Assets/adapterSmallMiniShort_v2
[LOG 20:54:58.691] Load MU model: Squad/Parts/Structural/FLAdapters/Assets/adapterSmallMiniTall_v2
[LOG 20:54:58.696] Load MU model: Squad/Parts/Structural/mk1Parts/Fuselage
[LOG 20:54:58.702] Load MU model: Squad/Parts/Structural/mk1Parts/IntakeFuselage
[LOG 20:54:58.707] Load MU model: Squad/Parts/Structural/mk1Parts/Nacelle1
[LOG 20:54:58.713] Load MU model: Squad/Parts/Structural/mk1Parts/Nacelle2
[LOG 20:54:58.717] Load MU model: Squad/Parts/Structural/mk1Parts/Structural
[LOG 20:54:58.723] Load MU model: Squad/Parts/Structural/mk1Parts/StructuralHollow
[LOG 20:54:58.728] Load MU model: Squad/Parts/Structural/Size3To2Adapter_v2/Size2to3_v2
[LOG 20:54:58.732] Load MU model: Squad/Parts/Structural/stackAdapters/Assets/adapterLargeSmallBi
[LOG 20:54:58.738] Load MU model: Squad/Parts/Structural/stackAdapters/Assets/adapterLargeSmallQuad
[LOG 20:54:58.744] Load MU model: Squad/Parts/Structural/stackAdapters/Assets/adapterLargeSmallTri
[LOG 20:54:58.749] Load MU model: Squad/Parts/Structural/stationHub/model
[LOG 20:54:58.754] Load MU model: Squad/Parts/Structural/structuralIBeam200/model
[LOG 20:54:58.758] Load MU model: Squad/Parts/Structural/structuralIBeam200Pocket/model
[LOG 20:54:58.762] Load MU model: Squad/Parts/Structural/structuralIBeam650/model
[LOG 20:54:58.768] Load MU model: Squad/Parts/Structural/structuralMicronode/model
[LOG 20:54:58.774] Load MU model: Squad/Parts/Structural/structuralPanel1x1/model
[LOG 20:54:58.778] Load MU model: Squad/Parts/Structural/structuralPanel2x2/model
[LOG 20:54:58.784] Load MU model: Squad/Parts/Structural/structuralPylons/PylonBig
[LOG 20:54:58.789] Load MU model: Squad/Parts/Structural/structuralPylons/PylonSmall
[LOG 20:54:58.795] Load MU model: Squad/Parts/Structural/strutCubicOcto/model
[LOG 20:54:58.801] Load MU model: Squad/Parts/Structural/strutOcto/model
[LOG 20:54:58.806] Load MU model: Squad/Parts/Structural/trussGirderAdapter/model
[LOG 20:54:58.812] Load MU model: Squad/Parts/Structural/trussGirderL/model
[LOG 20:54:58.817] Load MU model: Squad/Parts/Structural/trussGirderXL/model
[LOG 20:54:58.822] Load MU model: Squad/Parts/Thermal/FoldingRadiators/foldingRadLarge
[LOG 20:54:58.827] Load MU model: Squad/Parts/Thermal/FoldingRadiators/foldingRadMed
[LOG 20:54:58.833] Load MU model: Squad/Parts/Thermal/FoldingRadiators/foldingRadSmall
[LOG 20:54:58.838] Load MU model: Squad/Parts/Thermal/RadiatorPanels/radPanelEdge
[LOG 20:54:58.843] Load MU model: Squad/Parts/Thermal/RadiatorPanels/radPanelLg
[LOG 20:54:58.849] Load MU model: Squad/Parts/Thermal/RadiatorPanels/radPanelSm
[LOG 20:54:58.855] Load MU model: Squad/Parts/Utility/commDish88-88/model
[LOG 20:54:58.861] Load MU model: Squad/Parts/Utility/commsAntennaDTS-M1/mediumDishAntenna
[LOG 20:54:58.865] Load MU model: Squad/Parts/Utility/commsDish16/model
[LOG 20:54:58.870] Load MU model: Squad/Parts/Utility/decouplerRadialHDM/model
[LOG 20:54:58.875] Load MU model: Squad/Parts/Utility/decouplerRadialTT-38K/model
[LOG 20:54:58.880] Load MU model: Squad/Parts/Utility/decouplerRadialTT-70/model
[LOG 20:54:58.886] Load MU model: Squad/Parts/Utility/DirectAntennas/HGAntenna
[LOG 20:54:58.891] Load MU model: Squad/Parts/Utility/DirectAntennas/HGAntenna_v2
[LOG 20:54:58.897] Load MU model: Squad/Parts/Utility/DirectAntennas/SurfAntenna
[LOG 20:54:58.901] Load MU model: Squad/Parts/Utility/dockingPort/dockingPort
[LOG 20:54:58.906] Load MU model: Squad/Parts/Utility/dockingPortInline/dockingPortInline
[LOG 20:54:58.912] Load MU model: Squad/Parts/Utility/dockingPortJr/dockingPortJr
[LOG 20:54:58.918] Load MU model: Squad/Parts/Utility/dockingPortShielded/dockingPortShielded
[LOG 20:54:58.923] Load MU model: Squad/Parts/Utility/dockingPortSr/dockingPortSr
[LOG 20:54:58.929] Load MU model: Squad/Parts/Utility/Fireworks/Assets/fireworksLauncherBig
[LOG 20:54:58.934] Load MU model: Squad/Parts/Utility/Fireworks/Assets/fireworksLauncherSmall
[LOG 20:54:58.939] Load MU model: Squad/Parts/Utility/flags/flagFlat/flagFlatMeshes
[LOG 20:54:58.944] Load MU model: Squad/Parts/Utility/flags/flagSize0/flagSize0Meshes
[LOG 20:54:58.950] Load MU model: Squad/Parts/Utility/flags/flagSize1/flagSize1Meshes
[LOG 20:54:58.956] Load MU model: Squad/Parts/Utility/flags/flagSize2/flagSize2Meshes
[LOG 20:54:58.962] Load MU model: Squad/Parts/Utility/flags/flagSize3/flagSize3Meshes
[LOG 20:54:58.966] Load MU model: Squad/Parts/Utility/GrapplingDevice/GrapplingArm
[LOG 20:54:58.972] Load MU model: Squad/Parts/Utility/ladderRadial/model
[LOG 20:54:58.977] Load MU model: Squad/Parts/Utility/ladderTelescopic/model
[LOG 20:54:58.982] Load MU model: Squad/Parts/Utility/ladderTelescopicBay/model
[LOG 20:54:58.987] Load MU model: Squad/Parts/Utility/landingLegLT-1/model
[LOG 20:54:58.993] Load MU model: Squad/Parts/Utility/landingLegLT-2/model
[LOG 20:54:58.998] Load MU model: Squad/Parts/Utility/landingLegLT-5/model
[WRN 20:54:58.999] WheelCollider requires an attached Rigidbody to function.
[WRN 20:54:58.999] WheelCollider requires an attached Rigidbody to function.
[LOG 20:54:59.002] Load MU model: Squad/Parts/Utility/launchClamp1/model
[LOG 20:54:59.009] Load MU model: Squad/Parts/Utility/launchEscapeSystem/LaunchEscapeSystem
[LOG 20:54:59.013] Load MU model: Squad/Parts/Utility/Lights/Assets/light_02
[LOG 20:54:59.017] Load MU model: Squad/Parts/Utility/Lights/Assets/light_03
[LOG 20:54:59.023] Load MU model: Squad/Parts/Utility/Lights/Assets/light_04
[LOG 20:54:59.029] Load MU model: Squad/Parts/Utility/Lights/Assets/light_07
[LOG 20:54:59.035] Load MU model: Squad/Parts/Utility/Lights/Assets/light_08
[LOG 20:54:59.040] Load MU model: Squad/Parts/Utility/Lights/Assets/light_12
[LOG 20:54:59.045] Load MU model: Squad/Parts/Utility/linearVernorRCS/Assets/linearRCS
[LOG 20:54:59.050] Load MU model: Squad/Parts/Utility/linearVernorRCS/Assets/vernorEngine
[LOG 20:54:59.056] Load MU model: Squad/Parts/Utility/mk2CargoBay/BayLarge
[LOG 20:54:59.061] Load MU model: Squad/Parts/Utility/mk2CargoBay/BaySmall
[LOG 20:54:59.066] Load MU model: Squad/Parts/Utility/mk2CrewCabin/model
[LOG 20:54:59.071] Load MU model: Squad/Parts/Utility/mk2DockingPort/mk2Dockingport
[LOG 20:54:59.077] Load MU model: Squad/Parts/Utility/mk3CargoBay/long
[LOG 20:54:59.083] Load MU model: Squad/Parts/Utility/mk3CargoBay/medium
[LOG 20:54:59.087] Load MU model: Squad/Parts/Utility/mk3CargoBay/ramp
[LOG 20:54:59.092] Load MU model: Squad/Parts/Utility/mk3CargoBay/short
[LOG 20:54:59.098] Load MU model: Squad/Parts/Utility/parachuteMk1/model
[LOG 20:54:59.103] Load MU model: Squad/Parts/Utility/parachuteMk12-R/model
[LOG 20:54:59.107] Load MU model: Squad/Parts/Utility/parachuteMk16-XL/model
[LOG 20:54:59.114] Load MU model: Squad/Parts/Utility/parachuteMk2-R/model
[LOG 20:54:59.118] Load MU model: Squad/Parts/Utility/parachuteMk25/model
[LOG 20:54:59.124] Load MU model: Squad/Parts/Utility/radialAttachmentPoint/model
[LOG 20:54:59.129] Load MU model: Squad/Parts/Utility/rcsBlockRV-105_v2/rcsBlock105
[LOG 20:54:59.134] Load MU model: Squad/Parts/Utility/rcsSmallLinear/Assets/RCSLinearSmall
[LOG 20:54:59.140] Load MU model: Squad/Parts/Utility/RelayAntennas/HGAntenna
[LOG 20:54:59.146] Load MU model: Squad/Parts/Utility/RelayAntennas/RA-100
[LOG 20:54:59.151] Load MU model: Squad/Parts/Utility/RelayAntennas/RA-5
[LOG 20:54:59.157] Load MU model: Squad/Parts/Utility/RelayAntennas/RA-50
[LOG 20:54:59.162] Load MU model: Squad/Parts/Utility/rockomaxAdapters/Assets/brandAdapter
[LOG 20:54:59.166] Load MU model: Squad/Parts/Utility/rockomaxAdapters/Assets/brandAdapter02
[LOG 20:54:59.171] Load MU model: Squad/Parts/Utility/ServiceBay_v2/Assets/ServiceBay_125_v2
[LOG 20:54:59.178] Load MU model: Squad/Parts/Utility/ServiceBay_v2/Assets/ServiceBay_250_v2
[LOG 20:54:59.182] Load MU model: Squad/Parts/Utility/smallClaw/smallClaw
[LOG 20:54:59.188] Load MU model: Squad/Parts/Utility/spotLightMk1/model
[LOG 20:54:59.194] Load MU model: Squad/Parts/Utility/spotLightMk1_v2/model
[LOG 20:54:59.199] Load MU model: Squad/Parts/Utility/spotLightMk2/model
[LOG 20:54:59.204] Load MU model: Squad/Parts/Utility/spotLightMk2_v2/model
[LOG 20:54:59.210] Load MU model: Squad/Parts/Utility/stackCouplers/Assets/stackBiCoupler_v2
[LOG 20:54:59.215] Load MU model: Squad/Parts/Utility/stackCouplers/Assets/stackQuadCoupler
[LOG 20:54:59.220] Load MU model: Squad/Parts/Utility/stackCouplers/Assets/stackTriCoupler_v2
[LOG 20:54:59.226] Load MU model: Squad/Parts/Wheel/LandingGear/GearExtraLarge
[WRN 20:54:59.227] WheelCollider requires an attached Rigidbody to function.
[WRN 20:54:59.227] WheelCollider requires an attached Rigidbody to function.
[LOG 20:54:59.231] Load MU model: Squad/Parts/Wheel/LandingGear/GearFixed
[WRN 20:54:59.231] WheelCollider requires an attached Rigidbody to function.
[WRN 20:54:59.231] WheelCollider requires an attached Rigidbody to function.
[LOG 20:54:59.236] Load MU model: Squad/Parts/Wheel/LandingGear/GearFree
[WRN 20:54:59.236] WheelCollider requires an attached Rigidbody to function.
[WRN 20:54:59.237] WheelCollider requires an attached Rigidbody to function.
[LOG 20:54:59.241] Load MU model: Squad/Parts/Wheel/LandingGear/GearLarge
[WRN 20:54:59.241] WheelCollider requires an attached Rigidbody to function.
[WRN 20:54:59.241] WheelCollider requires an attached Rigidbody to function.
[LOG 20:54:59.246] Load MU model: Squad/Parts/Wheel/LandingGear/GearMedium
[WRN 20:54:59.246] WheelCollider requires an attached Rigidbody to function.
[WRN 20:54:59.246] WheelCollider requires an attached Rigidbody to function.
[LOG 20:54:59.251] Load MU model: Squad/Parts/Wheel/LandingGear/GearSmall
[WRN 20:54:59.252] WheelCollider requires an attached Rigidbody to function.
[WRN 20:54:59.252] WheelCollider requires an attached Rigidbody to function.
[LOG 20:54:59.257] Load MU model: Squad/Parts/Wheel/roverWheelM1/model
[WRN 20:54:59.257] WheelCollider requires an attached Rigidbody to function.
[WRN 20:54:59.258] WheelCollider requires an attached Rigidbody to function.
[LOG 20:54:59.262] Load MU model: Squad/Parts/Wheel/roverWheelS2/model
[WRN 20:54:59.262] WheelCollider requires an attached Rigidbody to function.
[WRN 20:54:59.262] WheelCollider requires an attached Rigidbody to function.
[LOG 20:54:59.268] Load MU model: Squad/Parts/Wheel/roverWheelTR-2L/model
[WRN 20:54:59.268] WheelCollider requires an attached Rigidbody to function.
[WRN 20:54:59.268] WheelCollider requires an attached Rigidbody to function.
[LOG 20:54:59.273] Load MU model: Squad/Parts/Wheel/roverWheelXL3/model
[WRN 20:54:59.274] WheelCollider requires an attached Rigidbody to function.
[WRN 20:54:59.274] WheelCollider requires an attached Rigidbody to function.
[LOG 20:54:59.278] Load MU model: Squad/Props/AltimeterThreeHands/model
[LOG 20:54:59.283] Load MU model: Squad/Props/AtmosphereDepth/model
[LOG 20:54:59.288] Load MU model: Squad/Props/AxisIndicator/model
[LOG 20:54:59.294] Load MU model: Squad/Props/buttonsGeneric/circularButton
[LOG 20:54:59.299] Load MU model: Squad/Props/buttonsGeneric/clusterButtons
[LOG 20:54:59.305] Load MU model: Squad/Props/buttonsGeneric/clusterButtons2
[LOG 20:54:59.311] Load MU model: Squad/Props/buttonsGeneric/clusterKnob
[LOG 20:54:59.316] Load MU model: Squad/Props/buttonsGeneric/clusterKnob2
[LOG 20:54:59.322] Load MU model: Squad/Props/buttonsGeneric/clusterMixed
[LOG 20:54:59.328] Load MU model: Squad/Props/buttonsGeneric/clusterSwitches01
[LOG 20:54:59.334] Load MU model: Squad/Props/buttonsGeneric/clusterSwitches02
[LOG 20:54:59.340] Load MU model: Squad/Props/buttonsGeneric/clusterSwitches03
[LOG 20:54:59.344] Load MU model: Squad/Props/buttonsGeneric/clusterSwitches04
[LOG 20:54:59.350] Load MU model: Squad/Props/buttonsGeneric/clusterSwitches05
[LOG 20:54:59.355] Load MU model: Squad/Props/buttonsGeneric/clusterSwitches06
[LOG 20:54:59.361] Load MU model: Squad/Props/buttonsGeneric/clusterSwitches07
[LOG 20:54:59.367] Load MU model: Squad/Props/buttonsGeneric/directionalKnob
[LOG 20:54:59.372] Load MU model: Squad/Props/buttonsGeneric/directionalKnob2
[LOG 20:54:59.378] Load MU model: Squad/Props/buttonsGeneric/pullSwitch
[LOG 20:54:59.385] Load MU model: Squad/Props/buttonsGeneric/squareButton
[LOG 20:54:59.390] Load MU model: Squad/Props/buttonsGeneric/standingSwitch
[LOG 20:54:59.394] Load MU model: Squad/Props/buttonsGeneric/switch
[LOG 20:54:59.399] Load MU model: Squad/Props/buttonsGeneric/switchWithGuards
[LOG 20:54:59.405] Load MU model: Squad/Props/ButtonSquare/model
[LOG 20:54:59.410] Load MU model: Squad/Props/circularButton/model
[LOG 20:54:59.414] Load MU model: Squad/Props/Compass/model
[LOG 20:54:59.419] Load MU model: Squad/Props/directionalKnob/model
[LOG 20:54:59.425] Load MU model: Squad/Props/directionalKnob2/model
[LOG 20:54:59.430] Load MU model: Squad/Props/IndicatorPanel/model
[LOG 20:54:59.434] Load MU model: Squad/Props/IVANavBall/model
[LOG 20:54:59.440] Load MU model: Squad/Props/IVANavBallNoBase/model
[LOG 20:54:59.446] Load MU model: Squad/Props/ledPanelSpeed/model
[LOG 20:54:59.451] Load MU model: Squad/Props/Monitor/MonitorDockingMode
[LOG 20:54:59.456] Load MU model: Squad/Props/NavBall/model
[LOG 20:54:59.462] Load MU model: Squad/Props/PropsGeneric/Button_DockingMode
[LOG 20:54:59.467] Load MU model: Squad/Props/PropsGeneric/CargoBagA
[LOG 20:54:59.473] Load MU model: Squad/Props/PropsGeneric/CargoBagB
[LOG 20:54:59.478] Load MU model: Squad/Props/PropsGeneric/CargoBagC
[LOG 20:54:59.482] Load MU model: Squad/Props/PropsGeneric/Hatch_Plane
[LOG 20:54:59.488] Load MU model: Squad/Props/PropsGeneric/Hatch_Plane_Curve90
[LOG 20:54:59.493] Load MU model: Squad/Props/PropsGeneric/Hatch_Plane_Frame
[LOG 20:54:59.498] Load MU model: Squad/Props/PropsGeneric/Seat_Passenger
[LOG 20:54:59.502] Load MU model: Squad/Props/PropsGeneric/Seat_Pilot
[LOG 20:54:59.508] Load MU model: Squad/Props/PropsGeneric/Seat_Pilot_Helmet
[LOG 20:54:59.514] Load MU model: Squad/Props/PropsGeneric/SideStick
[LOG 20:54:59.519] Load MU model: Squad/Props/pullSwitch/model
[LOG 20:54:59.523] Load MU model: Squad/Props/radarAltitude/model
[LOG 20:54:59.529] Load MU model: Squad/Props/squareButton/model
[LOG 20:54:59.533] Load MU model: Squad/Props/standingSwitch/model
[LOG 20:54:59.539] Load MU model: Squad/Props/switch/model
[LOG 20:54:59.544] Load MU model: Squad/Props/switchGuard/model
[LOG 20:54:59.550] Load MU model: Squad/Props/switchWithGuards/model
[LOG 20:54:59.556] Load MU model: Squad/Props/throttle/model
[LOG 20:54:59.561] Load MU model: Squad/Props/VSI/model
[LOG 20:54:59.565] Load MU model: Squad/Spaces/crewCabinInternals/model
[LOG 20:54:59.571] Load MU model: Squad/Spaces/cupolaInternal/model
[LOG 20:54:59.578] Load MU model: Squad/Spaces/GenericSpace1/model
[LOG 20:54:59.584] Load MU model: Squad/Spaces/GenericSpace3/model
[LOG 20:54:59.589] Load MU model: Squad/Spaces/landerCabinInternals/model
[LOG 20:54:59.594] Load MU model: Squad/Spaces/landerCabinSmallInternal/model
[LOG 20:54:59.599] Load MU model: Squad/Spaces/LargeCrewedLabInternals/Large_Crewed_lab_Int
[LOG 20:54:59.605] Load MU model: Squad/Spaces/Mk1-3/model
[LOG 20:54:59.612] Load MU model: Squad/Spaces/mk1CabinInternal/mk1cabin
[LOG 20:54:59.617] Load MU model: Squad/Spaces/mk1CockpitInternal/Mk1StandardIVA
[LOG 20:54:59.627] Load MU model: Squad/Spaces/mk1InlineInternal/Mk1InlineIVA
[LOG 20:54:59.629] Load MU model: Squad/Spaces/mk1PodCockpit/model
[LOG 20:54:59.643] Load MU model: Squad/Spaces/mk1pod_IVA/mk1pod_IVA
[LOG 20:54:59.650] Load MU model: Squad/Spaces/mk2CockpitStandardInternal/model
[LOG 20:54:59.656] Load MU model: Squad/Spaces/Mk2CrewCabinInternal/MK2_CrewCab_Int
[LOG 20:54:59.662] Load MU model: Squad/Spaces/mk2InlineInternal/mk2InlineIVA
[LOG 20:54:59.667] Load MU model: Squad/Spaces/mk2LanderCanInternal/mk2LanderCanInternal
[LOG 20:54:59.672] Load MU model: Squad/Spaces/MK3CockpitInternal/MK3_Cockpit_Int
[LOG 20:54:59.679] Load MU model: Squad/Spaces/MK3_CrewCab_Int/MK3_CrewCab_Int
[LOG 20:54:59.684] Load MU model: Squad/Spaces/OverlayMasks/CupolaMask
[LOG 20:54:59.689] Load MU model: Squad/Spaces/OverlayMasks/HitchhikerBorder
[LOG 20:54:59.696] Load MU model: Squad/Spaces/OverlayMasks/HitchhikerMask
[LOG 20:54:59.700] Load MU model: Squad/Spaces/OverlayMasks/LargeLabBorder
[LOG 20:54:59.706] Load MU model: Squad/Spaces/OverlayMasks/LargeLabMask
[LOG 20:54:59.710] Load MU model: Squad/Spaces/OverlayMasks/Mk1CabinBorder
[LOG 20:54:59.716] Load MU model: Squad/Spaces/OverlayMasks/Mk1CabinMask
[LOG 20:54:59.722] Load MU model: Squad/Spaces/OverlayMasks/Mk1InlineMask
[LOG 20:54:59.727] Load MU model: Squad/Spaces/OverlayMasks/Mk1InlineMask2
[LOG 20:54:59.732] Load MU model: Squad/Spaces/OverlayMasks/Mk1StandardBorder2
[LOG 20:54:59.738] Load MU model: Squad/Spaces/OverlayMasks/Mk1StandardBorder3
[LOG 20:54:59.743] Load MU model: Squad/Spaces/OverlayMasks/Mk1StandardMask
[LOG 20:54:59.747] Load MU model: Squad/Spaces/OverlayMasks/Mk1StandardMask2
[LOG 20:54:59.751] Load MU model: Squad/Spaces/OverlayMasks/Mk1StandardMask3
[LOG 20:54:59.758] Load MU model: Squad/Spaces/OverlayMasks/Mk2CabinBorder
[LOG 20:54:59.763] Load MU model: Squad/Spaces/OverlayMasks/Mk2CabinMask
[LOG 20:54:59.767] Load MU model: Squad/Spaces/OverlayMasks/Mk2InlineBorder
[LOG 20:54:59.772] Load MU model: Squad/Spaces/OverlayMasks/Mk2InlineMask
[LOG 20:54:59.777] Load MU model: Squad/Spaces/OverlayMasks/Mk2StandardBorder
[LOG 20:54:59.783] Load MU model: Squad/Spaces/OverlayMasks/Mk2StandardMask
[LOG 20:54:59.787] Load MU model: Squad/Spaces/OverlayMasks/Mk3CabinBorder
[LOG 20:54:59.793] Load MU model: Squad/Spaces/OverlayMasks/Mk3CabinMask
[LOG 20:54:59.799] Load MU model: Squad/Spaces/OverlayMasks/Mk3CabinMask2
[LOG 20:54:59.804] Load MU model: Squad/Spaces/OverlayMasks/Mk3ShuttleBorder
[LOG 20:54:59.809] Load MU model: Squad/Spaces/OverlayMasks/Mk3ShuttleMask
[LOG 20:54:59.815] Load MU model: Squad/Spaces/OverlayMasks/Size1LanderBorder
[LOG 20:54:59.820] Load MU model: Squad/Spaces/OverlayMasks/Size1LanderMask
[LOG 20:54:59.825] Load MU model: Squad/Spaces/OverlayMasks/Size1PodBorder
[LOG 20:54:59.831] Load MU model: Squad/Spaces/OverlayMasks/Size1PodMask
[LOG 20:54:59.836] Load MU model: Squad/Spaces/OverlayMasks/Size2LanderBorder
[LOG 20:54:59.842] Load MU model: Squad/Spaces/OverlayMasks/Size2LanderMask
[LOG 20:54:59.846] Load MU model: Squad/Spaces/OverlayMasks/Size2PodBorder
[LOG 20:54:59.852] Load MU model: Squad/Spaces/OverlayMasks/Size2PodMask
[LOG 20:54:59.857] Load MU model: Squad/Spaces/Placeholder/PlaceholderIVA
[LOG 20:54:59.862] Load MU model: Squad/Spaces/PodCockpit/model
[LOG 20:54:59.868] Load MU model: SquadExpansion/MakingHistory/Parts/Aero/protectiveRocketNoseMk5A/Size_1_5_Cone
[LOG 20:54:59.873] Load MU model: SquadExpansion/MakingHistory/Parts/Coupling/Assets/EnginePlate
[LOG 20:54:59.879] Load MU model: SquadExpansion/MakingHistory/Parts/Coupling/Assets/InflatableAirlock
[LOG 20:54:59.884] Load MU model: SquadExpansion/MakingHistory/Parts/Coupling/Assets/Size1_5_Decoupler
[LOG 20:54:59.890] Load MU model: SquadExpansion/MakingHistory/Parts/Engine/Assets/KE-1
[LOG 20:54:59.896] Load MU model: SquadExpansion/MakingHistory/Parts/Engine/Assets/LV-T87
[LOG 20:54:59.903] Load MU model: SquadExpansion/MakingHistory/Parts/Engine/Assets/LV-T91
[LOG 20:54:59.908] Load MU model: SquadExpansion/MakingHistory/Parts/Engine/Assets/RE-I2
[LOG 20:54:59.914] Load MU model: SquadExpansion/MakingHistory/Parts/Engine/Assets/RE-J10
[LOG 20:54:59.919] Load MU model: SquadExpansion/MakingHistory/Parts/Engine/Assets/RK-7
[LOG 20:54:59.925] Load MU model: SquadExpansion/MakingHistory/Parts/Engine/Assets/RV-1
[LOG 20:54:59.930] Load MU model: SquadExpansion/MakingHistory/Parts/Engine/solidBoosterTHK/solidBoosterTHK
[LOG 20:54:59.935] Load MU model: SquadExpansion/MakingHistory/Parts/FuelTank/Assets/MiniMonoTank
[LOG 20:54:59.941] Load MU model: SquadExpansion/MakingHistory/Parts/FuelTank/Assets/Size1_5_Size0_Adapter_01
[LOG 20:54:59.946] Load MU model: SquadExpansion/MakingHistory/Parts/FuelTank/Assets/Size1_5_Size1_Adapter_01
[LOG 20:54:59.951] Load MU model: SquadExpansion/MakingHistory/Parts/FuelTank/Assets/Size1_5_Size1_Adapter_02
[LOG 20:54:59.956] Load MU model: SquadExpansion/MakingHistory/Parts/FuelTank/Assets/Size1_5_Size2_Adapter_01
[LOG 20:54:59.961] Load MU model: SquadExpansion/MakingHistory/Parts/FuelTank/Assets/Size1_5_Tank_01
[LOG 20:54:59.967] Load MU model: SquadExpansion/MakingHistory/Parts/FuelTank/Assets/Size1_5_Tank_02
[LOG 20:54:59.973] Load MU model: SquadExpansion/MakingHistory/Parts/FuelTank/Assets/Size1_5_Tank_03
[LOG 20:54:59.980] Load MU model: SquadExpansion/MakingHistory/Parts/FuelTank/Assets/Size1_5_Tank_04
[LOG 20:54:59.986] Load MU model: SquadExpansion/MakingHistory/Parts/FuelTank/Assets/Size1_5_Tank_05
[LOG 20:54:59.991] Load MU model: SquadExpansion/MakingHistory/Parts/FuelTank/Assets/Size3_Size4_Adapter_01
[LOG 20:54:59.996] Load MU model: SquadExpansion/MakingHistory/Parts/FuelTank/Assets/Size4_EngineAdapter_01
[LOG 20:55:00.001] Load MU model: SquadExpansion/MakingHistory/Parts/FuelTank/Assets/Size4_Tank_01
[LOG 20:55:00.007] Load MU model: SquadExpansion/MakingHistory/Parts/FuelTank/Assets/Size4_Tank_02
[LOG 20:55:00.014] Load MU model: SquadExpansion/MakingHistory/Parts/FuelTank/Assets/Size4_Tank_03
[LOG 20:55:00.021] Load MU model: SquadExpansion/MakingHistory/Parts/FuelTank/Assets/Size4_Tank_04
[LOG 20:55:00.027] Load MU model: SquadExpansion/MakingHistory/Parts/FuelTank/Assets/Size_1p5_Monoprop
[LOG 20:55:00.032] Load MU model: SquadExpansion/MakingHistory/Parts/Ground/Assets/RoverWheel
[WRN 20:55:00.034] WheelCollider requires an attached Rigidbody to function.
[WRN 20:55:00.034] WheelCollider requires an attached Rigidbody to function.
[LOG 20:55:00.039] Load MU model: SquadExpansion/MakingHistory/Parts/Payload/Assets/ServiceModule18
[LOG 20:55:00.046] Load MU model: SquadExpansion/MakingHistory/Parts/Payload/Assets/ServiceModule25
[LOG 20:55:00.052] Load MU model: SquadExpansion/MakingHistory/Parts/Payload/Assets/Size1to0ServiceModule
[LOG 20:55:00.058] Load MU model: SquadExpansion/MakingHistory/Parts/Pods/Assets/Mk2Pod
[LOG 20:55:00.063] Load MU model: SquadExpansion/MakingHistory/Parts/Pods/Assets/RoundPod
[LOG 20:55:00.070] Load MU model: SquadExpansion/MakingHistory/Parts/Pods/Assets/Size1_5_Lander
[LOG 20:55:00.076] Load MU model: SquadExpansion/MakingHistory/Parts/SharedAssets/Shroud1p5x0
[LOG 20:55:00.081] Load MU model: SquadExpansion/MakingHistory/Parts/SharedAssets/Shroud1p5x1
[LOG 20:55:00.087] Load MU model: SquadExpansion/MakingHistory/Parts/SharedAssets/Shroud1p5x2
[LOG 20:55:00.092] Load MU model: SquadExpansion/MakingHistory/Parts/SharedAssets/Shroud1p5x3
[LOG 20:55:00.097] Load MU model: SquadExpansion/MakingHistory/Parts/SharedAssets/Shroud1p5x4
[LOG 20:55:00.101] Load MU model: SquadExpansion/MakingHistory/Parts/SharedAssets/Shroud1x0
[LOG 20:55:00.107] Load MU model: SquadExpansion/MakingHistory/Parts/SharedAssets/Shroud1x1
[LOG 20:55:00.112] Load MU model: SquadExpansion/MakingHistory/Parts/SharedAssets/Shroud1x2
[LOG 20:55:00.118] Load MU model: SquadExpansion/MakingHistory/Parts/SharedAssets/Shroud1x3
[LOG 20:55:00.124] Load MU model: SquadExpansion/MakingHistory/Parts/SharedAssets/Shroud1x4
[LOG 20:55:00.128] Load MU model: SquadExpansion/MakingHistory/Parts/SharedAssets/Shroud2x0
[LOG 20:55:00.132] Load MU model: SquadExpansion/MakingHistory/Parts/SharedAssets/Shroud2x1
[LOG 20:55:00.138] Load MU model: SquadExpansion/MakingHistory/Parts/SharedAssets/Shroud2x2
[LOG 20:55:00.144] Load MU model: SquadExpansion/MakingHistory/Parts/SharedAssets/Shroud2x3
[LOG 20:55:00.150] Load MU model: SquadExpansion/MakingHistory/Parts/SharedAssets/Shroud2x4
[LOG 20:55:00.154] Load MU model: SquadExpansion/MakingHistory/Parts/SharedAssets/Shroud3x0
[LOG 20:55:00.160] Load MU model: SquadExpansion/MakingHistory/Parts/SharedAssets/Shroud3x1
[LOG 20:55:00.166] Load MU model: SquadExpansion/MakingHistory/Parts/SharedAssets/Shroud3x2
[LOG 20:55:00.172] Load MU model: SquadExpansion/MakingHistory/Parts/SharedAssets/Shroud3x3
[LOG 20:55:00.177] Load MU model: SquadExpansion/MakingHistory/Parts/SharedAssets/Shroud3x4
[LOG 20:55:00.182] Load MU model: SquadExpansion/MakingHistory/Parts/SharedAssets/Shroud4x0
[LOG 20:55:00.187] Load MU model: SquadExpansion/MakingHistory/Parts/SharedAssets/Shroud4x1
[LOG 20:55:00.192] Load MU model: SquadExpansion/MakingHistory/Parts/SharedAssets/Shroud4x2
[LOG 20:55:00.199] Load MU model: SquadExpansion/MakingHistory/Parts/SharedAssets/Shroud4x3
[LOG 20:55:00.203] Load MU model: SquadExpansion/MakingHistory/Parts/SharedAssets/Shroud4x4
[LOG 20:55:00.208] Load MU model: SquadExpansion/MakingHistory/Parts/SharedAssets/ShroudCollider0
[LOG 20:55:00.213] Load MU model: SquadExpansion/MakingHistory/Parts/SharedAssets/ShroudCollider1
[LOG 20:55:00.219] Load MU model: SquadExpansion/MakingHistory/Parts/SharedAssets/ShroudCollider1p5
[LOG 20:55:00.224] Load MU model: SquadExpansion/MakingHistory/Parts/SharedAssets/ShroudCollider2
[LOG 20:55:00.229] Load MU model: SquadExpansion/MakingHistory/Parts/SharedAssets/ShroudCollider3
[LOG 20:55:00.234] Load MU model: SquadExpansion/MakingHistory/Parts/SharedAssets/ShroudCollider4
[LOG 20:55:00.239] Load MU model: SquadExpansion/MakingHistory/Parts/Structural/Assets/EquiTriangle0
[LOG 20:55:00.245] Load MU model: SquadExpansion/MakingHistory/Parts/Structural/Assets/EquiTriangle1
[LOG 20:55:00.250] Load MU model: SquadExpansion/MakingHistory/Parts/Structural/Assets/EquiTriangle1p5
[LOG 20:55:00.254] Load MU model: SquadExpansion/MakingHistory/Parts/Structural/Assets/EquiTriangle2
[LOG 20:55:00.259] Load MU model: SquadExpansion/MakingHistory/Parts/Structural/Assets/Panel0
[LOG 20:55:00.265] Load MU model: SquadExpansion/MakingHistory/Parts/Structural/Assets/Panel1
[LOG 20:55:00.271] Load MU model: SquadExpansion/MakingHistory/Parts/Structural/Assets/Panel1p5
[LOG 20:55:00.275] Load MU model: SquadExpansion/MakingHistory/Parts/Structural/Assets/Panel2
[LOG 20:55:00.280] Load MU model: SquadExpansion/MakingHistory/Parts/Structural/Assets/Triangle0
[LOG 20:55:00.285] Load MU model: SquadExpansion/MakingHistory/Parts/Structural/Assets/Triangle1
[LOG 20:55:00.290] Load MU model: SquadExpansion/MakingHistory/Parts/Structural/Assets/Triangle1p5
[LOG 20:55:00.295] Load MU model: SquadExpansion/MakingHistory/Parts/Structural/Assets/Triangle2
[LOG 20:55:00.300] Load MU model: SquadExpansion/MakingHistory/Parts/Utility/flags/flagSize1p5/flagSize1p5Meshes
[LOG 20:55:00.306] Load MU model: SquadExpansion/MakingHistory/Parts/Utility/flags/flagSize4/flagSize4Meshes
[LOG 20:55:00.311] Load MU model: SquadExpansion/MakingHistory/Spaces/KVPods/Airlock_IVA
[LOG 20:55:00.317] Load MU model: SquadExpansion/MakingHistory/Spaces/KVPods/KV1_IVA
[LOG 20:55:00.324] Load MU model: SquadExpansion/MakingHistory/Spaces/KVPods/KV2_IVA
[LOG 20:55:00.330] Load MU model: SquadExpansion/MakingHistory/Spaces/KVPods/KV3_IVA
[LOG 20:55:00.335] Load MU model: SquadExpansion/MakingHistory/Spaces/MEM/MEM_IVA
[LOG 20:55:00.342] Load MU model: SquadExpansion/MakingHistory/Spaces/Mk2Pod/MK2POD_IVA
[LOG 20:55:00.348] Load MU model: SquadExpansion/Serenity/Parts/Aero/Assets/FanShroud_01
[LOG 20:55:00.353] Load MU model: SquadExpansion/Serenity/Parts/Aero/Assets/FanShroud_02
[LOG 20:55:00.359] Load MU model: SquadExpansion/Serenity/Parts/Aero/Assets/FanShroud_03
[LOG 20:55:00.364] Load MU model: SquadExpansion/Serenity/Parts/Aero/Assets/noseconeTiny
[LOG 20:55:00.368] Load MU model: SquadExpansion/Serenity/Parts/Aero/Assets/noseconeVS
[LOG 20:55:00.373] Load MU model: SquadExpansion/Serenity/Parts/DeployedScience/Assets/CentralStation
[LOG 20:55:00.380] Load MU model: SquadExpansion/Serenity/Parts/DeployedScience/Assets/GoExOb
[LOG 20:55:00.386] Load MU model: SquadExpansion/Serenity/Parts/DeployedScience/Assets/IonExperiment
[LOG 20:55:00.391] Load MU model: SquadExpansion/Serenity/Parts/DeployedScience/Assets/RTGCask
[LOG 20:55:00.397] Load MU model: SquadExpansion/Serenity/Parts/DeployedScience/Assets/satDish
[LOG 20:55:00.402] Load MU model: SquadExpansion/Serenity/Parts/DeployedScience/Assets/seismicSensor
[LOG 20:55:00.408] Load MU model: SquadExpansion/Serenity/Parts/DeployedScience/Assets/solarPanel
[LOG 20:55:00.413] Load MU model: SquadExpansion/Serenity/Parts/DeployedScience/Assets/WeatherStation
[LOG 20:55:00.419] Load MU model: SquadExpansion/Serenity/Parts/Propellers/Assets/largeFanBlade
[LOG 20:55:00.425] Load MU model: SquadExpansion/Serenity/Parts/Propellers/Assets/largeHeliBlade
[LOG 20:55:00.430] Load MU model: SquadExpansion/Serenity/Parts/Propellers/Assets/largePropeller
[LOG 20:55:00.435] Load MU model: SquadExpansion/Serenity/Parts/Propellers/Assets/mediumFanBlade
[LOG 20:55:00.440] Load MU model: SquadExpansion/Serenity/Parts/Propellers/Assets/mediumHeliBlade
[LOG 20:55:00.445] Load MU model: SquadExpansion/Serenity/Parts/Propellers/Assets/mediumPropeller
[LOG 20:55:00.450] Load MU model: SquadExpansion/Serenity/Parts/Propellers/Assets/smallFanBlade
[LOG 20:55:00.456] Load MU model: SquadExpansion/Serenity/Parts/Propellers/Assets/smallHeliBlade
[LOG 20:55:00.462] Load MU model: SquadExpansion/Serenity/Parts/Propellers/Assets/smallPropeller
[LOG 20:55:00.466] Load MU model: SquadExpansion/Serenity/Parts/Robotics/Assets/hinge_01
[LOG 20:55:00.471] Load MU model: SquadExpansion/Serenity/Parts/Robotics/Assets/hinge_01_s
[LOG 20:55:00.477] Load MU model: SquadExpansion/Serenity/Parts/Robotics/Assets/hinge_03
[LOG 20:55:00.482] Load MU model: SquadExpansion/Serenity/Parts/Robotics/Assets/hinge_03_s
[LOG 20:55:00.487] Load MU model: SquadExpansion/Serenity/Parts/Robotics/Assets/hinge_04
[LOG 20:55:00.492] Load MU model: SquadExpansion/Serenity/Parts/Robotics/Assets/piston_01
[LOG 20:55:00.497] Load MU model: SquadExpansion/Serenity/Parts/Robotics/Assets/piston_02
[LOG 20:55:00.502] Load MU model: SquadExpansion/Serenity/Parts/Robotics/Assets/piston_03
[LOG 20:55:00.508] Load MU model: SquadExpansion/Serenity/Parts/Robotics/Assets/piston_04
[LOG 20:55:00.514] Load MU model: SquadExpansion/Serenity/Parts/Robotics/Assets/RotorEngine_02
[LOG 20:55:00.519] Load MU model: SquadExpansion/Serenity/Parts/Robotics/Assets/RotorEngine_03
[LOG 20:55:00.524] Load MU model: SquadExpansion/Serenity/Parts/Robotics/Assets/rotor_01
[LOG 20:55:00.548] Load MU model: SquadExpansion/Serenity/Parts/Robotics/Assets/rotor_01s
[LOG 20:55:00.554] Load MU model: SquadExpansion/Serenity/Parts/Robotics/Assets/rotor_02
[LOG 20:55:00.560] Load MU model: SquadExpansion/Serenity/Parts/Robotics/Assets/rotor_02s
[LOG 20:55:00.566] Load MU model: SquadExpansion/Serenity/Parts/Robotics/Assets/rotor_03
[LOG 20:55:00.571] Load MU model: SquadExpansion/Serenity/Parts/Robotics/Assets/rotor_03s
[LOG 20:55:00.576] Load MU model: SquadExpansion/Serenity/Parts/Robotics/Assets/RotoServo_00
[LOG 20:55:00.581] Load MU model: SquadExpansion/Serenity/Parts/Robotics/Assets/RotoServo_02
[LOG 20:55:00.587] Load MU model: SquadExpansion/Serenity/Parts/Robotics/Assets/RotoServo_03
[LOG 20:55:00.593] Load MU model: SquadExpansion/Serenity/Parts/Robotics/Assets/RotoServo_04
[LOG 20:55:00.599] Load MU model: SquadExpansion/Serenity/Parts/Robotics/Controllers/controller1000
[LOG 20:55:00.605] Load MU model: SquadExpansion/Serenity/Parts/Science/RobotArmScanner/Assets/ROCArm_01
[LOG 20:55:00.611] Load MU model: SquadExpansion/Serenity/Parts/Science/RobotArmScanner/Assets/ROCArm_02
[LOG 20:55:00.616] Load MU model: SquadExpansion/Serenity/Parts/Science/RobotArmScanner/Assets/ROCArm_03
[LOG 20:55:00.621] Load MU model: SquadExpansion/Serenity/Parts/Structural/gripPads/Assets/lGripPad
[LOG 20:55:00.627] Load MU model: SquadExpansion/Serenity/Parts/Structural/gripPads/Assets/lGripStrip
[LOG 20:55:00.632] Load MU model: SquadExpansion/Serenity/Parts/Structural/gripPads/Assets/mGripPad
[LOG 20:55:00.640] Load MU model: SquadExpansion/Serenity/Parts/Structural/gripPads/Assets/sGripPad
[LOG 20:55:00.644] Load MU model: SquadExpansion/Serenity/Parts/Structural/gripPads/Assets/sGripStrip
[LOG 20:55:00.645] Loading Asset Bundle Definitions
[LOG 20:55:00.646] AssetLoader: Loading bundle definitions
[LOG 20:55:00.759] AssetLoader: Loaded bundle 'squadcore'
[LOG 20:55:00.760] AssetLoader: Loaded bundle 'squadcorefx'
[LOG 20:55:00.760] AssetLoader: Loaded mod bundle 'kspedia'
[LOG 20:55:00.760] AssetLoader: Loaded mod bundle 'kspedia_actionsets'
[LOG 20:55:00.761] AssetLoader: Loaded mod bundle 'kspedia_aircraft'
[LOG 20:55:00.761] AssetLoader: Loaded mod bundle 'kspedia_aircraftbasics'
[LOG 20:55:00.762] AssetLoader: Loaded mod bundle 'kspedia_aircraftbasicsbalance'
[LOG 20:55:00.762] AssetLoader: Loaded mod bundle 'kspedia_aircraftbasicsbalance2'
[LOG 20:55:00.762] AssetLoader: Loaded mod bundle 'kspedia_aircraftbasicscol'
[LOG 20:55:00.762] AssetLoader: Loaded mod bundle 'kspedia_aircraftbasicscontrol'
[LOG 20:55:00.762] AssetLoader: Loaded mod bundle 'kspedia_aircraftbasicscontrolsurfaces'
[LOG 20:55:00.764] AssetLoader: Loaded mod bundle 'kspedia_aircraftbasicsdrag'
[LOG 20:55:00.764] AssetLoader: Loaded mod bundle 'kspedia_aircraftbasicsengines'
[LOG 20:55:00.764] AssetLoader: Loaded mod bundle 'kspedia_aircraftbasicsforces'
[LOG 20:55:00.764] AssetLoader: Loaded mod bundle 'kspedia_aircraftbasicsintakes'
[LOG 20:55:00.765] AssetLoader: Loaded mod bundle 'kspedia_aircraftbasicslandinggear'
[LOG 20:55:00.765] AssetLoader: Loaded mod bundle 'kspedia_aircraftbasicslift'
[LOG 20:55:00.765] AssetLoader: Loaded mod bundle 'kspedia_axisgroups'
[LOG 20:55:00.766] AssetLoader: Loaded mod bundle 'kspedia_career'
[LOG 20:55:00.766] AssetLoader: Loaded mod bundle 'kspedia_careerbasicscontracts'
[LOG 20:55:00.766] AssetLoader: Loaded mod bundle 'kspedia_careerbasicscrew'
[LOG 20:55:00.766] AssetLoader: Loaded mod bundle 'kspedia_careerbasicscurrencies'
[LOG 20:55:00.767] AssetLoader: Loaded mod bundle 'kspedia_careerbasicsexperience'
[LOG 20:55:00.767] AssetLoader: Loaded mod bundle 'kspedia_careerbasicsfacilities'
[LOG 20:55:00.767] AssetLoader: Loaded mod bundle 'kspedia_careerbasicsstrategies'
[LOG 20:55:00.767] AssetLoader: Loaded mod bundle 'kspedia_careerbasicstechnology'
[LOG 20:55:00.768] AssetLoader: Loaded mod bundle 'kspedia_careerui-ac'
[LOG 20:55:00.768] AssetLoader: Loaded mod bundle 'kspedia_careerui-admin'
[LOG 20:55:00.768] AssetLoader: Loaded mod bundle 'kspedia_careerui-ksc'
[LOG 20:55:00.768] AssetLoader: Loaded mod bundle 'kspedia_careerui-mc'
[LOG 20:55:00.768] AssetLoader: Loaded mod bundle 'kspedia_careerui-sciencearchives'
[LOG 20:55:00.769] AssetLoader: Loaded mod bundle 'kspedia_careerui-techtree'
[LOG 20:55:00.769] AssetLoader: Loaded mod bundle 'kspedia_careerui-ts'
[LOG 20:55:00.769] AssetLoader: Loaded mod bundle 'kspedia_careerui'
[LOG 20:55:00.769] AssetLoader: Loaded mod bundle 'kspedia_cargoapp'
[LOG 20:55:00.770] AssetLoader: Loaded mod bundle 'kspedia_cargomode'
[LOG 20:55:00.770] AssetLoader: Loaded mod bundle 'kspedia_cargosystem-placeableparts'
[LOG 20:55:00.770] AssetLoader: Loaded mod bundle 'kspedia_cargosystem'
[LOG 20:55:00.770] AssetLoader: Loaded mod bundle 'kspedia_chute'
[LOG 20:55:00.770] AssetLoader: Loaded mod bundle 'kspedia_commnet'
[LOG 20:55:00.771] AssetLoader: Loaded mod bundle 'kspedia_commnetbasics'
[LOG 20:55:00.771] AssetLoader: Loaded mod bundle 'kspedia_commnetbuildingeffectivenetworks'
[LOG 20:55:00.771] AssetLoader: Loaded mod bundle 'kspedia_commnetcalculatingrange'
[LOG 20:55:00.771] AssetLoader: Loaded mod bundle 'kspedia_commnetcontrollevels'
[LOG 20:55:00.771] AssetLoader: Loaded mod bundle 'kspedia_commnetcontrollinks'
[LOG 20:55:00.772] AssetLoader: Loaded mod bundle 'kspedia_commnetcontrolpoints'
[LOG 20:55:00.772] AssetLoader: Loaded mod bundle 'kspedia_commnetgui'
[LOG 20:55:00.772] AssetLoader: Loaded mod bundle 'kspedia_commnetgui01'
[LOG 20:55:00.772] AssetLoader: Loaded mod bundle 'kspedia_commnetgui02'
[LOG 20:55:00.772] AssetLoader: Loaded mod bundle 'kspedia_commnetrange'
[LOG 20:55:00.772] AssetLoader: Loaded mod bundle 'kspedia_commnetrelays'
[LOG 20:55:00.772] AssetLoader: Loaded mod bundle 'kspedia_commnetsciencetransmission'
[LOG 20:55:00.773] AssetLoader: Loaded mod bundle 'kspedia_commnetsignalstrength'
[LOG 20:55:00.773] AssetLoader: Loaded mod bundle 'kspedia_commnettransmission'
[LOG 20:55:00.773] AssetLoader: Loaded mod bundle 'kspedia_constructionui-actiongroups'
[LOG 20:55:00.774] AssetLoader: Loaded mod bundle 'kspedia_constructionui-applauncher'
[LOG 20:55:00.774] AssetLoader: Loaded mod bundle 'kspedia_constructionui-crew'
[LOG 20:55:00.774] AssetLoader: Loaded mod bundle 'kspedia_constructionui-engineersreport'
[LOG 20:55:00.777] AssetLoader: Loaded mod bundle 'kspedia_constructionui-gizmos'
[LOG 20:55:00.777] AssetLoader: Loaded mod bundle 'kspedia_constructionui-infos'
[LOG 20:55:00.778] AssetLoader: Loaded mod bundle 'kspedia_constructionui-partdetails'
[LOG 20:55:00.778] AssetLoader: Loaded mod bundle 'kspedia_constructionui-parts'
[LOG 20:55:00.778] AssetLoader: Loaded mod bundle 'kspedia_constructionui-symmetry'
[LOG 20:55:00.778] AssetLoader: Loaded mod bundle 'kspedia_constructionui-vesseldetails'
[LOG 20:55:00.778] AssetLoader: Loaded mod bundle 'kspedia_constructionui'
[LOG 20:55:00.779] AssetLoader: Loaded mod bundle 'kspedia_controls-dockingmode'
[LOG 20:55:00.779] AssetLoader: Loaded mod bundle 'kspedia_controls-editor'
[LOG 20:55:00.779] AssetLoader: Loaded mod bundle 'kspedia_controls-editorgizmos'
[LOG 20:55:00.779] AssetLoader: Loaded mod bundle 'kspedia_controls-eva'
[LOG 20:55:00.780] AssetLoader: Loaded mod bundle 'kspedia_controls-flight'
[LOG 20:55:00.780] AssetLoader: Loaded mod bundle 'kspedia_controls-flightactivities'
[LOG 20:55:00.780] AssetLoader: Loaded mod bundle 'kspedia_controls-flightdirections'
[LOG 20:55:00.780] AssetLoader: Loaded mod bundle 'kspedia_controls-general'
[LOG 20:55:00.780] AssetLoader: Loaded mod bundle 'kspedia_controls-mapandtime'
[LOG 20:55:00.781] AssetLoader: Loaded mod bundle 'kspedia_controls-mouseconstruction'
[LOG 20:55:00.781] AssetLoader: Loaded mod bundle 'kspedia_controls-mouseflight'
[LOG 20:55:00.781] AssetLoader: Loaded mod bundle 'kspedia_controls-rcs'
[LOG 20:55:00.781] AssetLoader: Loaded mod bundle 'kspedia_controls'
[LOG 20:55:00.781] AssetLoader: Loaded mod bundle 'kspedia_eastereggs'
[LOG 20:55:00.782] AssetLoader: Loaded mod bundle 'kspedia_evaconstructionmode'
[LOG 20:55:00.782] AssetLoader: Loaded mod bundle 'kspedia_facilities-ac'
[LOG 20:55:00.782] AssetLoader: Loaded mod bundle 'kspedia_facilities-admin'
[LOG 20:55:00.782] AssetLoader: Loaded mod bundle 'kspedia_facilities-context'
[LOG 20:55:00.782] AssetLoader: Loaded mod bundle 'kspedia_facilities-ksc'
[LOG 20:55:00.782] AssetLoader: Loaded mod bundle 'kspedia_facilities-launchpad'
[LOG 20:55:00.782] AssetLoader: Loaded mod bundle 'kspedia_facilities-mc'
[LOG 20:55:00.782] AssetLoader: Loaded mod bundle 'kspedia_facilities-randd'
[LOG 20:55:00.784] AssetLoader: Loaded mod bundle 'kspedia_facilities-runway'
[LOG 20:55:00.784] AssetLoader: Loaded mod bundle 'kspedia_facilities-sph'
[LOG 20:55:00.784] AssetLoader: Loaded mod bundle 'kspedia_facilities-ts'
[LOG 20:55:00.784] AssetLoader: Loaded mod bundle 'kspedia_facilities-vab'
[LOG 20:55:00.784] AssetLoader: Loaded mod bundle 'kspedia_flightui-altimeter'
[LOG 20:55:00.785] AssetLoader: Loaded mod bundle 'kspedia_flightui-applauncher'
[LOG 20:55:00.785] AssetLoader: Loaded mod bundle 'kspedia_flightui-evaactivities'
[LOG 20:55:00.785] AssetLoader: Loaded mod bundle 'kspedia_flightui-maneuvermodeeditor'
[LOG 20:55:00.785] AssetLoader: Loaded mod bundle 'kspedia_flightui-maneuvermodeeditorcont'
[LOG 20:55:00.786] AssetLoader: Loaded mod bundle 'kspedia_flightui-maneuvermodeorbit'
[LOG 20:55:00.786] AssetLoader: Loaded mod bundle 'kspedia_flightui-maneuvertoolinfo'
[LOG 20:55:00.786] AssetLoader: Loaded mod bundle 'kspedia_flightui-maneuvertoolmain'
[LOG 20:55:00.786] AssetLoader: Loaded mod bundle 'kspedia_flightui-modecontrol'
[LOG 20:55:00.787] AssetLoader: Loaded mod bundle 'kspedia_flightui-navball'
[LOG 20:55:00.787] AssetLoader: Loaded mod bundle 'kspedia_flightui-partrepairs'
[LOG 20:55:00.787] AssetLoader: Loaded mod bundle 'kspedia_flightui-portraits'
[LOG 20:55:00.787] AssetLoader: Loaded mod bundle 'kspedia_flightui-staging'
[LOG 20:55:00.788] AssetLoader: Loaded mod bundle 'kspedia_flightui-timeandaction'
[LOG 20:55:00.788] AssetLoader: Loaded mod bundle 'kspedia_flightui'
[LOG 20:55:00.788] AssetLoader: Loaded mod bundle 'kspedia_heat'
[LOG 20:55:00.788] AssetLoader: Loaded mod bundle 'kspedia_heatactiveradiators'
[LOG 20:55:00.790] AssetLoader: Loaded mod bundle 'kspedia_heatengines'
[LOG 20:55:00.790] AssetLoader: Loaded mod bundle 'kspedia_heatflow'
[LOG 20:55:00.790] AssetLoader: Loaded mod bundle 'kspedia_heatpart'
[LOG 20:55:00.792] AssetLoader: Loaded mod bundle 'kspedia_heatpassiveradiators'
[LOG 20:55:00.792] AssetLoader: Loaded mod bundle 'kspedia_heatshields'
[LOG 20:55:00.792] AssetLoader: Loaded mod bundle 'kspedia_kerbnet'
[LOG 20:55:00.793] AssetLoader: Loaded mod bundle 'kspedia_kerbnetinterface'
[LOG 20:55:00.793] AssetLoader: Loaded mod bundle 'kspedia_kerbnetmodes'
[LOG 20:55:00.793] AssetLoader: Loaded mod bundle 'kspedia_kerbnetwaypoints'
[LOG 20:55:00.793] AssetLoader: Loaded mod bundle 'kspedia_locations'
[LOG 20:55:00.793] AssetLoader: Loaded mod bundle 'kspedia_manual'
[LOG 20:55:00.797] AssetLoader: Loaded mod bundle 'kspedia_mapui-alarmclockcreation'
[LOG 20:55:00.797] AssetLoader: Loaded mod bundle 'kspedia_mapui-alarmclockmain'
[LOG 20:55:00.797] AssetLoader: Loaded mod bundle 'kspedia_mapui-burnindicator'
[LOG 20:55:00.798] AssetLoader: Loaded mod bundle 'kspedia_mapui-dvtoolsflight'
[LOG 20:55:00.798] AssetLoader: Loaded mod bundle 'kspedia_mapui-dvtoolsvab'
[LOG 20:55:00.798] AssetLoader: Loaded mod bundle 'kspedia_mapui-mannodes'
[LOG 20:55:00.798] AssetLoader: Loaded mod bundle 'kspedia_mapui-orbitnodes'
[LOG 20:55:00.799] AssetLoader: Loaded mod bundle 'kspedia_mapui-orbitnodes2'
[LOG 20:55:00.799] AssetLoader: Loaded mod bundle 'kspedia_mapui'
[LOG 20:55:00.799] AssetLoader: Loaded mod bundle 'kspedia_orbitalbasics-atmosphere'
[LOG 20:55:00.800] AssetLoader: Loaded mod bundle 'kspedia_orbitalbasics-gettingbackdown'
[LOG 20:55:00.800] AssetLoader: Loaded mod bundle 'kspedia_orbitalbasics-gettingupthere'
[LOG 20:55:00.800] AssetLoader: Loaded mod bundle 'kspedia_orbitalbasics-gravityturn'
[LOG 20:55:00.800] AssetLoader: Loaded mod bundle 'kspedia_orbitalbasics-orbits'
[LOG 20:55:00.801] AssetLoader: Loaded mod bundle 'kspedia_orbitalbasics-stayingupthere'
[LOG 20:55:00.801] AssetLoader: Loaded mod bundle 'kspedia_orbitalbasics'
[LOG 20:55:00.801] AssetLoader: Loaded mod bundle 'kspedia_orbitaldefinitions-appe'
[LOG 20:55:00.802] AssetLoader: Loaded mod bundle 'kspedia_orbitaldefinitions-dirandinc'
[LOG 20:55:00.802] AssetLoader: Loaded mod bundle 'kspedia_orbitaldefinitions-directions'
[LOG 20:55:00.802] AssetLoader: Loaded mod bundle 'kspedia_orbitaldefinitions-eccentricity'
[LOG 20:55:00.802] AssetLoader: Loaded mod bundle 'kspedia_orbitaldefinitions'
[LOG 20:55:00.802] AssetLoader: Loaded mod bundle 'kspedia_orbitalmaneuvers-adjustinginclination'
[LOG 20:55:00.803] AssetLoader: Loaded mod bundle 'kspedia_orbitalmaneuvers-deltav'
[LOG 20:55:00.803] AssetLoader: Loaded mod bundle 'kspedia_orbitalmaneuvers-efficiency'
[LOG 20:55:00.803] AssetLoader: Loaded mod bundle 'kspedia_orbitalmaneuvers-hohmanntransfer'
[LOG 20:55:00.803] AssetLoader: Loaded mod bundle 'kspedia_orbitalmaneuvers-hohmanntransfer2'
[LOG 20:55:00.803] AssetLoader: Loaded mod bundle 'kspedia_orbitalmaneuvers-orbittypes'
[LOG 20:55:00.804] AssetLoader: Loaded mod bundle 'kspedia_orbitalmaneuvers-radandantirad'
[LOG 20:55:00.804] AssetLoader: Loaded mod bundle 'kspedia_orbitalmaneuvers-shapingup'
[LOG 20:55:00.804] AssetLoader: Loaded mod bundle 'kspedia_orbitalmaneuvers'
[LOG 20:55:00.805] AssetLoader: Loaded mod bundle 'kspedia_planets-dres'
[LOG 20:55:00.805] AssetLoader: Loaded mod bundle 'kspedia_planets-duna'
[LOG 20:55:00.805] AssetLoader: Loaded mod bundle 'kspedia_planets-eeloo'
[LOG 20:55:00.806] AssetLoader: Loaded mod bundle 'kspedia_planets-eve'
[LOG 20:55:00.806] AssetLoader: Loaded mod bundle 'kspedia_planets-jool'
[LOG 20:55:00.806] AssetLoader: Loaded mod bundle 'kspedia_planets-kerbin'
[LOG 20:55:00.806] AssetLoader: Loaded mod bundle 'kspedia_planets-moho'
[LOG 20:55:00.806] AssetLoader: Loaded mod bundle 'kspedia_planets-sun'
[LOG 20:55:00.807] AssetLoader: Loaded mod bundle 'kspedia_planets-system'
[LOG 20:55:00.807] AssetLoader: Loaded mod bundle 'kspedia_resources-asteroidmining'
[LOG 20:55:00.807] AssetLoader: Loaded mod bundle 'kspedia_resources-conversionmanagement'
[LOG 20:55:00.807] AssetLoader: Loaded mod bundle 'kspedia_resources-drilling'
[LOG 20:55:00.808] AssetLoader: Loaded mod bundle 'kspedia_resources-findingit'
[LOG 20:55:00.808] AssetLoader: Loaded mod bundle 'kspedia_resources-findingit2'
[LOG 20:55:00.808] AssetLoader: Loaded mod bundle 'kspedia_resources-storageandconversion'
[LOG 20:55:00.808] AssetLoader: Loaded mod bundle 'kspedia_resources'
[LOG 20:55:00.809] AssetLoader: Loaded mod bundle 'kspedia_rocketry'
[LOG 20:55:00.809] AssetLoader: Loaded mod bundle 'kspedia_rocketryadvanced-fairings'
[LOG 20:55:00.809] AssetLoader: Loaded mod bundle 'kspedia_rocketryadvanced-girders'
[LOG 20:55:00.809] AssetLoader: Loaded mod bundle 'kspedia_rocketryadvanced'
[LOG 20:55:00.810] AssetLoader: Loaded mod bundle 'kspedia_rocketrybasics'
[LOG 20:55:00.810] AssetLoader: Loaded mod bundle 'kspedia_rocketrybasicsaero'
[LOG 20:55:00.810] AssetLoader: Loaded mod bundle 'kspedia_rocketrybasicscentered'
[LOG 20:55:00.810] AssetLoader: Loaded mod bundle 'kspedia_rocketrybasicschutes'
[LOG 20:55:00.811] AssetLoader: Loaded mod bundle 'kspedia_rocketrybasicscontrol'
[LOG 20:55:00.811] AssetLoader: Loaded mod bundle 'kspedia_rocketrybasicsecrecharging'
[LOG 20:55:00.811] AssetLoader: Loaded mod bundle 'kspedia_rocketrybasicsengines'
[LOG 20:55:00.811] AssetLoader: Loaded mod bundle 'kspedia_rocketrybasicsforces'
[LOG 20:55:00.812] AssetLoader: Loaded mod bundle 'kspedia_rocketrybasicshatchesandladders'
[LOG 20:55:00.812] AssetLoader: Loaded mod bundle 'kspedia_rocketrybasicshibernation'
[LOG 20:55:00.812] AssetLoader: Loaded mod bundle 'kspedia_rocketrybasicsresources'
[LOG 20:55:00.812] AssetLoader: Loaded mod bundle 'kspedia_rocketrybasicsservicecontainers'
[LOG 20:55:00.812] AssetLoader: Loaded mod bundle 'kspedia_rocketrybasicsstability'
[LOG 20:55:00.813] AssetLoader: Loaded mod bundle 'kspedia_rocketrybasicsstabilityassist'
[LOG 20:55:00.813] AssetLoader: Loaded mod bundle 'kspedia_rocketrybasicsstaging'
[LOG 20:55:00.813] AssetLoader: Loaded mod bundle 'kspedia_rocketrybasicssymmetry'
[LOG 20:55:00.813] AssetLoader: Loaded mod bundle 'kspedia_science'
[LOG 20:55:00.813] AssetLoader: Loaded mod bundle 'kspedia_sciencedata'
[LOG 20:55:00.813] AssetLoader: Loaded mod bundle 'kspedia_scienceexperiments'
[LOG 20:55:00.814] AssetLoader: Loaded mod bundle 'kspedia_sciencelab'
[LOG 20:55:00.814] AssetLoader: Loaded mod bundle 'kspedia_sciencetransmitted'
[LOG 20:55:00.814] AssetLoader: Loaded mod bundle 'kspedia_spacetravel'
[LOG 20:55:00.814] AssetLoader: Loaded mod bundle 'kspedia_variantswitcher'
[LOG 20:55:00.815] AssetLoader: Loaded mod bundle 'kspfonts'
[LOG 20:55:00.929] AssetLoader: Loaded bundle 'squadcore'
[LOG 20:55:00.929] AssetLoader: Loaded bundle 'squadcorefx'
[LOG 20:55:00.930] AssetLoader: Loaded mod bundle 'kspedia_builder'
[LOG 20:55:00.930] AssetLoader: Loaded mod bundle 'kspedia_buildertoolbar'
[LOG 20:55:00.930] AssetLoader: Loaded mod bundle 'kspedia_canvas'
[LOG 20:55:00.931] AssetLoader: Loaded mod bundle 'kspedia_exportingvalidation'
[LOG 20:55:00.931] AssetLoader: Loaded mod bundle 'kspedia_flight'
[LOG 20:55:00.931] AssetLoader: Loaded mod bundle 'kspedia_flightapp'
[LOG 20:55:00.931] AssetLoader: Loaded mod bundle 'kspedia_gap'
[LOG 20:55:00.932] AssetLoader: Loaded mod bundle 'kspedia_gaptools'
[LOG 20:55:00.932] AssetLoader: Loaded mod bundle 'kspedia_makinghistory'
[LOG 20:55:00.932] AssetLoader: Loaded mod bundle 'kspedia_missionbriefing'
[LOG 20:55:00.932] AssetLoader: Loaded mod bundle 'kspedia_nodedocking'
[LOG 20:55:00.933] AssetLoader: Loaded mod bundle 'kspedia_nodesconnectors'
[LOG 20:55:00.933] AssetLoader: Loaded mod bundle 'kspedia_sap'
[LOG 20:55:00.933] AssetLoader: Loaded mod bundle 'kspedia_sidebar'
[LOG 20:55:00.933] AssetLoader: Loaded mod bundle 'kspedia_testingcheckpoints'
[LOG 20:55:00.933] AssetLoader: Loaded bundle 'makinghistory'
[LOG 20:55:00.934] AssetLoader: Loaded mod bundle 'kspedia_bladecyclic-collective-behaviour'
[LOG 20:55:00.934] AssetLoader: Loaded mod bundle 'kspedia_bladecyclic-collective-controls'
[LOG 20:55:00.935] AssetLoader: Loaded mod bundle 'kspedia_deployedscience-experiments'
[LOG 20:55:00.935] AssetLoader: Loaded mod bundle 'kspedia_deployedscience'
[LOG 20:55:00.935] AssetLoader: Loaded mod bundle 'kspedia_grippads'
[LOG 20:55:00.935] AssetLoader: Loaded mod bundle 'kspedia_layindtracks'
[LOG 20:55:00.935] AssetLoader: Loaded mod bundle 'kspedia_propellers'
[LOG 20:55:00.936] AssetLoader: Loaded mod bundle 'kspedia_propellersaerodynamics'
[LOG 20:55:00.936] AssetLoader: Loaded mod bundle 'kspedia_roboticcontroller'
[LOG 20:55:00.937] AssetLoader: Loaded mod bundle 'kspedia_roboticparts'
[LOG 20:55:00.937] AssetLoader: Loaded mod bundle 'kspedia_surface features-overview'
[LOG 20:55:00.937] AssetLoader: Loaded mod bundle 'kspedia_surface features-roverarmdetails'
[LOG 20:55:00.938] AssetLoader: Loaded mod bundle 'kspedia_trackeditor'
[LOG 20:55:00.938] AssetLoader: Loaded mod bundle 'kspedia_trackeditortoolbar'
[LOG 20:55:00.938] AssetLoader: Loaded mod bundle 'serenity'
[LOG 20:55:00.939] AssetLoader: Finished loading. 226 bundle definitions loaded.
[LOG 20:55:00.940] Compiling Configs:
[LOG 20:55:00.940] Config(PHYSICSGLOBALS) /Physics/PHYSICSGLOBALS
[LOG 20:55:00.941] Config(KSP_COMMUNITY_FIXES) KSPCommunityFixes/Settings/KSP_COMMUNITY_FIXES
[LOG 20:55:00.941] Config(Localization) KSPCommunityFixes/Localization/en-us/Localization
[LOG 20:55:00.941] Config(Localization) KSPCommunityFixes/Localization/fr-fr/Localization
[LOG 20:55:00.941] Config(Localization) KSPCommunityFixes/Localization/ru/Localization
[LOG 20:55:00.941] Config(Localization) KSPCommunityFixes/Localization/zh-cn/Localization
[LOG 20:55:00.941] Config(@PART[*]:HAS[@MODULE[ModuleDockingNodeFixed]]:NEEDS[FixDockingNodes]:FINAL) KSPCommunityFixes/MMPatches/ModSupport/FixDockingNodes/@PART[*]:HAS[@MODULE[ModuleDockingNodeFixed]]:NEEDS[FixDockingNodes]:FINAL
[LOG 20:55:00.941] Config(@PART[*]:HAS[@MODULE[Refunding]]:LAST[999_KSP-Recall]) KSPCommunityFixes/MMPatches/ModSupport/KSPRecall/@PART[*]:HAS[@MODULE[Refunding]]:LAST[999_KSP-Recall]
[LOG 20:55:00.941] Config(@PART[*]:HAS[#hasRefundingOnRecovery[?rue]]:LAST[999_KSP-Recall]) KSPCommunityFixes/MMPatches/ModSupport/KSPRecall/@PART[*]:HAS[#hasRefundingOnRecovery[?rue]]:LAST[999_KSP-Recall]
[LOG 20:55:00.941] Config(@PART[*]:HAS[#hasRefundingOnRecovery]:LAST[999_KSP-Recall]) KSPCommunityFixes/MMPatches/ModSupport/KSPRecall/@PART[*]:HAS[#hasRefundingOnRecovery]:LAST[999_KSP-Recall]
[LOG 20:55:00.941] Config(@KSP-Recall:LAST[999_KSP-Recall]) KSPCommunityFixes/MMPatches/ModSupport/KSPRecall/@KSP-Recall:LAST[999_KSP-Recall]
[LOG 20:55:00.941] Config(@KSP-Recall:HAS[#hasRefundingOnRecovery[?rue]]:LAST[999_KSP-Recall]) KSPCommunityFixes/MMPatches/ModSupport/KSPRecall/@KSP-Recall:HAS[#hasRefundingOnRecovery[?rue]]:LAST[999_KSP-Recall]
[LOG 20:55:00.941] Config(@KSP-Recall:HAS[#hasRefundingOnRecovery]:LAST[999_KSP-Recall]) KSPCommunityFixes/MMPatches/ModSupport/KSPRecall/@KSP-Recall:HAS[#hasRefundingOnRecovery]:LAST[999_KSP-Recall]
[LOG 20:55:00.941] Config(@KSP_COMMUNITY_FIXES:NEEDS[AttachedOnEditor]) KSPCommunityFixes/MMPatches/ModSupport/KSPRecall/@KSP_COMMUNITY_FIXES:NEEDS[AttachedOnEditor]
[LOG 20:55:00.941] Config(@KSP_COMMUNITY_FIXES:NEEDS[UniversalStorage2]) KSPCommunityFixes/MMPatches/ModSupport/UniversalStorage/@KSP_COMMUNITY_FIXES:NEEDS[UniversalStorage2]
[LOG 20:55:00.941] Config(@PART[telescopicLadderBay]:FIRST) KSPCommunityFixes/MMPatches/StockTweaks/LadderToggleableLight/@PART[telescopicLadderBay]:FIRST
[LOG 20:55:00.941] Config(@PART[telescopicLadderBay]:HAS[#LadderToggleableLight[?rue]]:FIRST) KSPCommunityFixes/MMPatches/StockTweaks/LadderToggleableLight/@PART[telescopicLadderBay]:HAS[#LadderToggleableLight[?rue]]:FIRST
[LOG 20:55:00.941] Config(@PART[telescopicLadderBay]:HAS[#LadderToggleableLight]:FIRST) KSPCommunityFixes/MMPatches/StockTweaks/LadderToggleableLight/@PART[telescopicLadderBay]:HAS[#LadderToggleableLight]:FIRST
[LOG 20:55:00.941] Config(@PART[GearSmall]:FIRST) KSPCommunityFixes/MMPatches/StockTweaks/LandingGearLights/@PART[GearSmall]:FIRST
[LOG 20:55:00.941] Config(@PART[SmallGearBay]:FIRST) KSPCommunityFixes/MMPatches/StockTweaks/LandingGearLights/@PART[SmallGearBay]:FIRST
[LOG 20:55:00.941] Config(@PART[sasModule]:FOR[KSPCommunityFixes]) KSPCommunityFixes/MMPatches/StockTweaks/ManufacturerFixes/@PART[sasModule]:FOR[KSPCommunityFixes]
[LOG 20:55:00.941] Config(@PART[xenonTankRadial]:FOR[KSPCommunityFixes]) KSPCommunityFixes/MMPatches/StockTweaks/ManufacturerFixes/@PART[xenonTankRadial]:FOR[KSPCommunityFixes]
[LOG 20:55:00.941] Config(@PART[winglet|fireworksLauncherSmall|fireworksLauncherBig]:FOR[KSPCommunityFixes]) KSPCommunityFixes/MMPatches/StockTweaks/ManufacturerFixes/@PART[winglet|fireworksLauncherSmall|fireworksLauncherBig]:FOR[KSPCommunityFixes]
[LOG 20:55:00.941] Config(@PART[solidBooster_sm_v2|solidBooster_v2]:FOR[KSPCommunityFixes]) KSPCommunityFixes/MMPatches/StockTweaks/ManufacturerFixes/@PART[solidBooster_sm_v2|solidBooster_v2]:FOR[KSPCommunityFixes]
[LOG 20:55:00.942] Config(@PART[ServiceBay_125_v2|ServiceBay_250_v2]:FOR[KSPCommunityFixes]) KSPCommunityFixes/MMPatches/StockTweaks/ManufacturerFixes/@PART[ServiceBay_125_v2|ServiceBay_250_v2]:FOR[KSPCommunityFixes]
[LOG 20:55:00.942] Config(@PART[externalTankCapsule]:FOR[KSPCommunityFixes]) KSPCommunityFixes/MMPatches/StockTweaks/ManufacturerFixes/@PART[externalTankCapsule]:FOR[KSPCommunityFixes]
[LOG 20:55:00.942] Config(@PART[RCSFuelTank|rcsTankMini|RCSTank1-2]:FOR[KSPCommunityFixes]) KSPCommunityFixes/MMPatches/StockTweaks/ManufacturerFixes/@PART[RCSFuelTank|rcsTankMini|RCSTank1-2]:FOR[KSPCommunityFixes]
[LOG 20:55:00.942] Config(@PART[landerCabinSmall]:FOR[KSPCommunityFixes]) KSPCommunityFixes/MMPatches/StockTweaks/ManufacturerFixes/@PART[landerCabinSmall]:FOR[KSPCommunityFixes]
[LOG 20:55:00.942] Config(@PART[dockingPortLateral]:FOR[KSPCommunityFixes]) KSPCommunityFixes/MMPatches/StockTweaks/ManufacturerFixes/@PART[dockingPortLateral]:FOR[KSPCommunityFixes]
[LOG 20:55:00.942] Config(@PART[EnginePlate4]:FOR[KSPCommunityFixes]:NEEDS[SquadExpansion/MakingHistory]) KSPCommunityFixes/MMPatches/StockTweaks/ManufacturerFixes/@PART[EnginePlate4]:FOR[KSPCommunityFixes]:NEEDS[SquadExpansion/MakingHistory]
[LOG 20:55:00.942] Config(@PART[Mk2Pod]:FOR[KSPCommunityFixes]:NEEDS[SquadExpansion/MakingHistory]) KSPCommunityFixes/MMPatches/StockTweaks/ManufacturerFixes/@PART[Mk2Pod]:FOR[KSPCommunityFixes]:NEEDS[SquadExpansion/MakingHistory]
[LOG 20:55:00.942] Config(@PART[evaChute|parachuteSingle|parachuteRadial|radialDrogue|parachuteLarge|parachuteDrogue]:FOR[KSPCommunityFixes]) KSPCommunityFixes/MMPatches/StockTweaks/ManufacturerFixes/@PART[evaChute|parachuteSingle|parachuteRadial|radialDrogue|parachuteLarge|parachuteDrogue]:FOR[KSPCommunityFixes]
[LOG 20:55:00.942] Config(@PART[stackPoint1|dockingPort1|dockingPort2|dockingPort3|dockingPortLarge]:FOR[KSPCommunityFixes]) KSPCommunityFixes/MMPatches/StockTweaks/ManufacturerFixes/@PART[stackPoint1|dockingPort1|dockingPort2|dockingPort3|dockingPortLarge]:FOR[KSPCommunityFixes]
[LOG 20:55:00.942] Config(AGENT) KSPCommunityFixes/MMPatches/StockTweaks/ManufacturerFixes/Clamp-O-Tron
[LOG 20:55:00.942] Config(AGENT) KSPCommunityFixes/MMPatches/StockTweaks/ManufacturerFixes/FreeFall Parachutes
[LOG 20:55:00.942] Config(AGENT) KSPCommunityFixes/MMPatches/StockTweaks/ManufacturerFixes/LightYear Tire Company
[LOG 20:55:00.942] Config(AGENT) KSPCommunityFixes/MMPatches/StockTweaks/ManufacturerFixes/Stratus Corporation
[LOG 20:55:00.942] Config(Localization) KSPCommunityFixes/MMPatches/StockTweaks/ManufacturerFixes/Localization
[LOG 20:55:00.942] Config(AGENT) Squad/Agencies/Agents/C7 Aerospace Division
[LOG 20:55:00.942] Config(AGENT) Squad/Agencies/Agents/Dinkelstein Kerman's Construction Emporium
[LOG 20:55:00.942] Config(AGENT) Squad/Agencies/Agents/Experimental Engineering Group
[LOG 20:55:00.942] Config(AGENT) Squad/Agencies/Agents/FLOOYD Dynamics Research Labs
[LOG 20:55:00.942] Config(AGENT) Squad/Agencies/Agents/Goliath National Products
[LOG 20:55:00.942] Config(AGENT) Squad/Agencies/Agents/Integrated Integrals
[LOG 20:55:00.942] Config(AGENT) Squad/Agencies/Agents/Ionic Symphonic Protonic Electronics
[LOG 20:55:00.942] Config(AGENT) Squad/Agencies/Agents/Jebediah Kerman's Junkyard and Spacecraft Parts Co
[LOG 20:55:00.942] Config(AGENT) Squad/Agencies/Agents/Kerbal Motion LLC
[LOG 20:55:00.942] Config(AGENT) Squad/Agencies/Agents/Kerbin World-Firsts Record-Keeping Society
[LOG 20:55:00.942] Config(AGENT) Squad/Agencies/Agents/Kerbodyne
[LOG 20:55:00.942] Config(AGENT) Squad/Agencies/Agents/Kerlington Model Rockets and Paper Products Inc
[LOG 20:55:00.942] Config(AGENT) Squad/Agencies/Agents/Maxo Construction Toys
[LOG 20:55:00.942] Config(AGENT) Squad/Agencies/Agents/Moving Parts Experts Group
[LOG 20:55:00.943] Config(AGENT) Squad/Agencies/Agents/O.M.B. Demolition Enterprises
[LOG 20:55:00.943] Config(AGENT) Squad/Agencies/Agents/Periapsis Rocket Supplies Co
[LOG 20:55:00.943] Config(AGENT) Squad/Agencies/Agents/Probodobodyne Inc
[LOG 20:55:00.943] Config(AGENT) Squad/Agencies/Agents/Research & Development Department
[LOG 20:55:00.943] Config(AGENT) Squad/Agencies/Agents/Reaction Systems Ltd
[LOG 20:55:00.943] Config(AGENT) Squad/Agencies/Agents/Rockomax Conglomerate
[LOG 20:55:00.943] Config(AGENT) Squad/Agencies/Agents/Rokea Inc
[LOG 20:55:00.943] Config(AGENT) Squad/Agencies/Agents/Sean's Cannery
[LOG 20:55:00.943] Config(AGENT) Squad/Agencies/Agents/STEADLER Engineering Corps
[LOG 20:55:00.943] Config(AGENT) Squad/Agencies/Agents/StrutCo
[LOG 20:55:00.943] Config(AGENT) Squad/Agencies/Agents/Vac-Co Advanced Suction Systems
[LOG 20:55:00.943] Config(AGENT) Squad/Agencies/Agents/WinterOwl Aircraft Emporium
[LOG 20:55:00.943] Config(AGENT) Squad/Agencies/Agents/Zaltonic Electronics
[LOG 20:55:00.943] Config(CONTRACT_CONSTRUCTION_PARTS) Squad/Contracts/constructionContractParts/CONTRACT_CONSTRUCTION_PARTS
[LOG 20:55:00.943] Config(Contracts) Squad/Contracts/Contracts/Contracts
[LOG 20:55:00.943] Config(CONTRACTCRAFT) Squad/Contracts/PrebuiltCraft/prebuiltData/CONTRACTCRAFT
[LOG 20:55:00.943] Config(CONTRACTCRAFT) Squad/Contracts/PrebuiltCraft/OrbitalConstructionContract/orbitalConstructionContractCraft/CONTRACTCRAFT
[LOG 20:55:00.943] Config(CONTRACTCRAFT) Squad/Contracts/PrebuiltCraft/RepairContract/repairContractCraft/CONTRACTCRAFT
[LOG 20:55:00.943] Config(CONTRACTCRAFT) Squad/Contracts/PrebuiltCraft/RoverContract/roverContractCraft/CONTRACTCRAFT
[LOG 20:55:00.943] Config(KEYBOARD_LAYOUT) Squad/Controls/Azerty/#autoLOC_6001233
[LOG 20:55:00.943] Config(PITCH_DOWN) Squad/Controls/Azerty/PITCH_DOWN
[LOG 20:55:00.943] Config(PITCH_UP) Squad/Controls/Azerty/PITCH_UP
[LOG 20:55:00.943] Config(YAW_LEFT) Squad/Controls/Azerty/YAW_LEFT
[LOG 20:55:00.943] Config(YAW_RIGHT) Squad/Controls/Azerty/YAW_RIGHT
[LOG 20:55:00.943] Config(ROLL_LEFT) Squad/Controls/Azerty/ROLL_LEFT
[LOG 20:55:00.943] Config(ROLL_RIGHT) Squad/Controls/Azerty/ROLL_RIGHT
[LOG 20:55:00.944] Config(THROTTLE_UP) Squad/Controls/Azerty/THROTTLE_UP
[LOG 20:55:00.944] Config(THROTTLE_DOWN) Squad/Controls/Azerty/THROTTLE_DOWN
[LOG 20:55:00.944] Config(SAS_HOLD) Squad/Controls/Azerty/SAS_HOLD
[LOG 20:55:00.944] Config(SAS_TOGGLE) Squad/Controls/Azerty/SAS_TOGGLE
[LOG 20:55:00.944] Config(LAUNCH_STAGES) Squad/Controls/Azerty/LAUNCH_STAGES
[LOG 20:55:00.944] Config(Docking_toggleRotLin) Squad/Controls/Azerty/Docking_toggleRotLin
[LOG 20:55:00.944] Config(CAMERA_MODE) Squad/Controls/Azerty/CAMERA_MODE
[LOG 20:55:00.944] Config(CAMERA_NEXT) Squad/Controls/Azerty/CAMERA_NEXT
[LOG 20:55:00.944] Config(PAUSE) Squad/Controls/Azerty/PAUSE
[LOG 20:55:00.944] Config(PRECISION_CTRL) Squad/Controls/Azerty/PRECISION_CTRL
[LOG 20:55:00.944] Config(ZOOM_IN) Squad/Controls/Azerty/ZOOM_IN
[LOG 20:55:00.944] Config(ZOOM_OUT) Squad/Controls/Azerty/ZOOM_OUT
[LOG 20:55:00.944] Config(SCROLL_VIEW_UP) Squad/Controls/Azerty/SCROLL_VIEW_UP
[LOG 20:55:00.944] Config(SCROLL_VIEW_DOWN) Squad/Controls/Azerty/SCROLL_VIEW_DOWN
[LOG 20:55:00.944] Config(SCROLL_ICONS_UP) Squad/Controls/Azerty/SCROLL_ICONS_UP
[LOG 20:55:00.944] Config(SCROLL_ICONS_DOWN) Squad/Controls/Azerty/SCROLL_ICONS_DOWN
[LOG 20:55:00.944] Config(CAMERA_ORBIT_UP) Squad/Controls/Azerty/CAMERA_ORBIT_UP
[LOG 20:55:00.944] Config(CAMERA_ORBIT_DOWN) Squad/Controls/Azerty/CAMERA_ORBIT_DOWN
[LOG 20:55:00.944] Config(CAMERA_ORBIT_LEFT) Squad/Controls/Azerty/CAMERA_ORBIT_LEFT
[LOG 20:55:00.944] Config(CAMERA_ORBIT_RIGHT) Squad/Controls/Azerty/CAMERA_ORBIT_RIGHT
[LOG 20:55:00.944] Config(CAMERA_RESET) Squad/Controls/Azerty/CAMERA_RESET
[LOG 20:55:00.944] Config(CAMERA_MOUSE_TOGGLE) Squad/Controls/Azerty/CAMERA_MOUSE_TOGGLE
[LOG 20:55:00.944] Config(TIME_WARP_INCREASE) Squad/Controls/Azerty/TIME_WARP_INCREASE
[LOG 20:55:00.944] Config(TIME_WARP_DECREASE) Squad/Controls/Azerty/TIME_WARP_DECREASE
[LOG 20:55:00.944] Config(TIME_WARP_STOP) Squad/Controls/Azerty/TIME_WARP_STOP
[LOG 20:55:00.944] Config(MAP_VIEW_TOGGLE) Squad/Controls/Azerty/MAP_VIEW_TOGGLE
[LOG 20:55:00.944] Config(NAVBALL_TOGGLE) Squad/Controls/Azerty/NAVBALL_TOGGLE
[LOG 20:55:00.944] Config(UIMODE_STAGING) Squad/Controls/Azerty/UIMODE_STAGING
[LOG 20:55:00.944] Config(UIMODE_DOCKING) Squad/Controls/Azerty/UIMODE_DOCKING
[LOG 20:55:00.944] Config(TRANSLATE_DOWN) Squad/Controls/Azerty/TRANSLATE_DOWN
[LOG 20:55:00.944] Config(TRANSLATE_UP) Squad/Controls/Azerty/TRANSLATE_UP
[LOG 20:55:00.944] Config(TRANSLATE_LEFT) Squad/Controls/Azerty/TRANSLATE_LEFT
[LOG 20:55:00.944] Config(TRANSLATE_RIGHT) Squad/Controls/Azerty/TRANSLATE_RIGHT
[LOG 20:55:00.944] Config(TRANSLATE_FWD) Squad/Controls/Azerty/TRANSLATE_FWD
[LOG 20:55:00.944] Config(TRANSLATE_BACK) Squad/Controls/Azerty/TRANSLATE_BACK
[LOG 20:55:00.944] Config(RCS_TOGGLE) Squad/Controls/Azerty/RCS_TOGGLE
[LOG 20:55:00.944] Config(FOCUS_NEXT_VESSEL) Squad/Controls/Azerty/FOCUS_NEXT_VESSEL
[LOG 20:55:00.944] Config(FOCUS_PREV_VESSEL) Squad/Controls/Azerty/FOCUS_PREV_VESSEL
[LOG 20:55:00.944] Config(TOGGLE_UI) Squad/Controls/Azerty/TOGGLE_UI
[LOG 20:55:00.944] Config(TOGGLE_STATUS_SCREEN) Squad/Controls/Azerty/TOGGLE_STATUS_SCREEN
[LOG 20:55:00.944] Config(TAKE_SCREENSHOT) Squad/Controls/Azerty/TAKE_SCREENSHOT
[LOG 20:55:00.944] Config(TOGGLE_LABELS) Squad/Controls/Azerty/TOGGLE_LABELS
[LOG 20:55:00.944] Config(TOGGLE_TEMP_GAUGES) Squad/Controls/Azerty/TOGGLE_TEMP_GAUGES
[LOG 20:55:00.944] Config(TOGGLE_TEMP_OVERLAY) Squad/Controls/Azerty/TOGGLE_TEMP_OVERLAY
[LOG 20:55:00.944] Config(TOGGLE_FLIGHT_FORCES) Squad/Controls/Azerty/TOGGLE_FLIGHT_FORCES
[LOG 20:55:00.944] Config(QUICKSAVE) Squad/Controls/Azerty/QUICKSAVE
[LOG 20:55:00.944] Config(QUICKLOAD) Squad/Controls/Azerty/QUICKLOAD
[LOG 20:55:00.944] Config(THROTTLE_CUTOFF) Squad/Controls/Azerty/THROTTLE_CUTOFF
[LOG 20:55:00.944] Config(THROTTLE_FULL) Squad/Controls/Azerty/THROTTLE_FULL
[LOG 20:55:00.944] Config(LANDING_GEAR) Squad/Controls/Azerty/LANDING_GEAR
[LOG 20:55:00.944] Config(HEADLIGHT_TOGGLE) Squad/Controls/Azerty/HEADLIGHT_TOGGLE
[LOG 20:55:00.944] Config(BRAKES) Squad/Controls/Azerty/BRAKES
[LOG 20:55:00.945] Config(TOGGLE_SPACENAV_FLIGHT_CONTROL) Squad/Controls/Azerty/TOGGLE_SPACENAV_FLIGHT_CONTROL
[LOG 20:55:00.945] Config(TOGGLE_SPACENAV_ROLL_LOCK) Squad/Controls/Azerty/TOGGLE_SPACENAV_ROLL_LOCK
[LOG 20:55:00.945] Config(WHEEL_STEER_LEFT) Squad/Controls/Azerty/WHEEL_STEER_LEFT
[LOG 20:55:00.945] Config(WHEEL_STEER_RIGHT) Squad/Controls/Azerty/WHEEL_STEER_RIGHT
[LOG 20:55:00.945] Config(WHEEL_THROTTLE_DOWN) Squad/Controls/Azerty/WHEEL_THROTTLE_DOWN
[LOG 20:55:00.945] Config(WHEEL_THROTTLE_UP) Squad/Controls/Azerty/WHEEL_THROTTLE_UP
[LOG 20:55:00.945] Config(EVA_forward) Squad/Controls/Azerty/EVA_forward
[LOG 20:55:00.945] Config(EVA_back) Squad/Controls/Azerty/EVA_back
[LOG 20:55:00.945] Config(EVA_left) Squad/Controls/Azerty/EVA_left
[LOG 20:55:00.945] Config(EVA_right) Squad/Controls/Azerty/EVA_right
[LOG 20:55:00.945] Config(EVA_yaw_left) Squad/Controls/Azerty/EVA_yaw_left
[LOG 20:55:00.945] Config(EVA_yaw_right) Squad/Controls/Azerty/EVA_yaw_right
[LOG 20:55:00.945] Config(EVA_Pack_forward) Squad/Controls/Azerty/EVA_Pack_forward
[LOG 20:55:00.945] Config(EVA_Pack_back) Squad/Controls/Azerty/EVA_Pack_back
[LOG 20:55:00.945] Config(EVA_Pack_left) Squad/Controls/Azerty/EVA_Pack_left
[LOG 20:55:00.945] Config(EVA_Pack_right) Squad/Controls/Azerty/EVA_Pack_right
[LOG 20:55:00.945] Config(EVA_Pack_up) Squad/Controls/Azerty/EVA_Pack_up
[LOG 20:55:00.945] Config(EVA_Pack_down) Squad/Controls/Azerty/EVA_Pack_down
[LOG 20:55:00.945] Config(EVA_Jump) Squad/Controls/Azerty/EVA_Jump
[LOG 20:55:00.945] Config(EVA_Run) Squad/Controls/Azerty/EVA_Run
[LOG 20:55:00.945] Config(EVA_ToggleMovementMode) Squad/Controls/Azerty/EVA_ToggleMovementMode
[LOG 20:55:00.945] Config(EVA_TogglePack) Squad/Controls/Azerty/EVA_TogglePack
[LOG 20:55:00.945] Config(EVA_Use) Squad/Controls/Azerty/EVA_Use
[LOG 20:55:00.945] Config(EVA_Board) Squad/Controls/Azerty/EVA_Board
[LOG 20:55:00.945] Config(EVA_Orient) Squad/Controls/Azerty/EVA_Orient
[LOG 20:55:00.945] Config(EVA_Lights) Squad/Controls/Azerty/EVA_Lights
[LOG 20:55:00.945] Config(EVA_ChuteDeploy) Squad/Controls/Azerty/EVA_ChuteDeploy
[LOG 20:55:00.945] Config(Editor_pitchUp) Squad/Controls/Azerty/Editor_pitchUp
[LOG 20:55:00.945] Config(Editor_pitchDown) Squad/Controls/Azerty/Editor_pitchDown
[LOG 20:55:00.945] Config(Editor_yawLeft) Squad/Controls/Azerty/Editor_yawLeft
[LOG 20:55:00.945] Config(Editor_yawRight) Squad/Controls/Azerty/Editor_yawRight
[LOG 20:55:00.945] Config(Editor_rollLeft) Squad/Controls/Azerty/Editor_rollLeft
[LOG 20:55:00.945] Config(Editor_rollRight) Squad/Controls/Azerty/Editor_rollRight
[LOG 20:55:00.945] Config(Editor_resetRotation) Squad/Controls/Azerty/Editor_resetRotation
[LOG 20:55:00.945] Config(Editor_modePlace) Squad/Controls/Azerty/Editor_modePlace
[LOG 20:55:00.945] Config(Editor_modeOffset) Squad/Controls/Azerty/Editor_modeOffset
[LOG 20:55:00.945] Config(Editor_modeRotate) Squad/Controls/Azerty/Editor_modeRotate
[LOG 20:55:00.945] Config(Editor_modeRoot) Squad/Controls/Azerty/Editor_modeRoot
[LOG 20:55:00.945] Config(Editor_coordSystem) Squad/Controls/Azerty/Editor_coordSystem
[LOG 20:55:00.945] Config(Editor_toggleSymMethod) Squad/Controls/Azerty/Editor_toggleSymMethod
[LOG 20:55:00.945] Config(Editor_toggleSymMode) Squad/Controls/Azerty/Editor_toggleSymMode
[LOG 20:55:00.945] Config(Editor_toggleAngleSnap) Squad/Controls/Azerty/Editor_toggleAngleSnap
[LOG 20:55:00.945] Config(Editor_fineTweak) Squad/Controls/Azerty/Editor_fineTweak
[LOG 20:55:00.945] Config(Editor_partSearch) Squad/Controls/Azerty/Editor_partSearch
[LOG 20:55:00.945] Config(Editor_zoomScrollModifier) Squad/Controls/Azerty/Editor_zoomScrollModifier
[LOG 20:55:00.946] Config(MODIFIER_KEY) Squad/Controls/Azerty/MODIFIER_KEY
[LOG 20:55:00.946] Config(AbortActionGroup) Squad/Controls/Azerty/AbortActionGroup
[LOG 20:55:00.946] Config(CustomActionGroup1) Squad/Controls/Azerty/CustomActionGroup1
[LOG 20:55:00.946] Config(CustomActionGroup2) Squad/Controls/Azerty/CustomActionGroup2
[LOG 20:55:00.946] Config(CustomActionGroup3) Squad/Controls/Azerty/CustomActionGroup3
[LOG 20:55:00.946] Config(CustomActionGroup4) Squad/Controls/Azerty/CustomActionGroup4
[LOG 20:55:00.946] Config(CustomActionGroup5) Squad/Controls/Azerty/CustomActionGroup5
[LOG 20:55:00.946] Config(CustomActionGroup6) Squad/Controls/Azerty/CustomActionGroup6
[LOG 20:55:00.946] Config(CustomActionGroup7) Squad/Controls/Azerty/CustomActionGroup7
[LOG 20:55:00.946] Config(CustomActionGroup8) Squad/Controls/Azerty/CustomActionGroup8
[LOG 20:55:00.946] Config(CustomActionGroup9) Squad/Controls/Azerty/CustomActionGroup9
[LOG 20:55:00.946] Config(CustomActionGroup10) Squad/Controls/Azerty/CustomActionGroup10
[LOG 20:55:00.946] Config(KEY_MAP) Squad/Controls/Azerty/KEY_MAP
[LOG 20:55:00.946] Config(KEYBOARD_LAYOUT) Squad/Controls/Dvorak/#autoLOC_6001234
[LOG 20:55:00.946] Config(PITCH_DOWN) Squad/Controls/Dvorak/PITCH_DOWN
[LOG 20:55:00.946] Config(PITCH_UP) Squad/Controls/Dvorak/PITCH_UP
[LOG 20:55:00.946] Config(YAW_LEFT) Squad/Controls/Dvorak/YAW_LEFT
[LOG 20:55:00.946] Config(YAW_RIGHT) Squad/Controls/Dvorak/YAW_RIGHT
[LOG 20:55:00.946] Config(ROLL_LEFT) Squad/Controls/Dvorak/ROLL_LEFT
[LOG 20:55:00.946] Config(ROLL_RIGHT) Squad/Controls/Dvorak/ROLL_RIGHT
[LOG 20:55:00.946] Config(THROTTLE_UP) Squad/Controls/Dvorak/THROTTLE_UP
[LOG 20:55:00.946] Config(THROTTLE_DOWN) Squad/Controls/Dvorak/THROTTLE_DOWN
[LOG 20:55:00.946] Config(SAS_HOLD) Squad/Controls/Dvorak/SAS_HOLD
[LOG 20:55:00.946] Config(SAS_TOGGLE) Squad/Controls/Dvorak/SAS_TOGGLE
[LOG 20:55:00.946] Config(LAUNCH_STAGES) Squad/Controls/Dvorak/LAUNCH_STAGES
[LOG 20:55:00.946] Config(Docking_toggleRotLin) Squad/Controls/Dvorak/Docking_toggleRotLin
[LOG 20:55:00.946] Config(CAMERA_MODE) Squad/Controls/Dvorak/CAMERA_MODE
[LOG 20:55:00.946] Config(CAMERA_NEXT) Squad/Controls/Dvorak/CAMERA_NEXT
[LOG 20:55:00.946] Config(PAUSE) Squad/Controls/Dvorak/PAUSE
[LOG 20:55:00.946] Config(PRECISION_CTRL) Squad/Controls/Dvorak/PRECISION_CTRL
[LOG 20:55:00.946] Config(ZOOM_IN) Squad/Controls/Dvorak/ZOOM_IN
[LOG 20:55:00.946] Config(ZOOM_OUT) Squad/Controls/Dvorak/ZOOM_OUT
[LOG 20:55:00.946] Config(SCROLL_VIEW_UP) Squad/Controls/Dvorak/SCROLL_VIEW_UP
[LOG 20:55:00.946] Config(SCROLL_VIEW_DOWN) Squad/Controls/Dvorak/SCROLL_VIEW_DOWN
[LOG 20:55:00.946] Config(SCROLL_ICONS_UP) Squad/Controls/Dvorak/SCROLL_ICONS_UP
[LOG 20:55:00.946] Config(SCROLL_ICONS_DOWN) Squad/Controls/Dvorak/SCROLL_ICONS_DOWN
[LOG 20:55:00.946] Config(CAMERA_ORBIT_UP) Squad/Controls/Dvorak/CAMERA_ORBIT_UP
[LOG 20:55:00.946] Config(CAMERA_ORBIT_DOWN) Squad/Controls/Dvorak/CAMERA_ORBIT_DOWN
[LOG 20:55:00.946] Config(CAMERA_ORBIT_LEFT) Squad/Controls/Dvorak/CAMERA_ORBIT_LEFT
[LOG 20:55:00.946] Config(CAMERA_ORBIT_RIGHT) Squad/Controls/Dvorak/CAMERA_ORBIT_RIGHT
[LOG 20:55:00.946] Config(CAMERA_RESET) Squad/Controls/Dvorak/CAMERA_RESET
[LOG 20:55:00.946] Config(CAMERA_MOUSE_TOGGLE) Squad/Controls/Dvorak/CAMERA_MOUSE_TOGGLE
[LOG 20:55:00.946] Config(TIME_WARP_INCREASE) Squad/Controls/Dvorak/TIME_WARP_INCREASE
[LOG 20:55:00.946] Config(TIME_WARP_DECREASE) Squad/Controls/Dvorak/TIME_WARP_DECREASE
[LOG 20:55:00.946] Config(TIME_WARP_STOP) Squad/Controls/Dvorak/TIME_WARP_STOP
[LOG 20:55:00.946] Config(MAP_VIEW_TOGGLE) Squad/Controls/Dvorak/MAP_VIEW_TOGGLE
[LOG 20:55:00.946] Config(NAVBALL_TOGGLE) Squad/Controls/Dvorak/NAVBALL_TOGGLE
[LOG 20:55:00.946] Config(UIMODE_STAGING) Squad/Controls/Dvorak/UIMODE_STAGING
[LOG 20:55:00.946] Config(UIMODE_DOCKING) Squad/Controls/Dvorak/UIMODE_DOCKING
[LOG 20:55:00.946] Config(TRANSLATE_DOWN) Squad/Controls/Dvorak/TRANSLATE_DOWN
[LOG 20:55:00.946] Config(TRANSLATE_UP) Squad/Controls/Dvorak/TRANSLATE_UP
[LOG 20:55:00.947] Config(TRANSLATE_LEFT) Squad/Controls/Dvorak/TRANSLATE_LEFT
[LOG 20:55:00.947] Config(TRANSLATE_RIGHT) Squad/Controls/Dvorak/TRANSLATE_RIGHT
[LOG 20:55:00.947] Config(TRANSLATE_FWD) Squad/Controls/Dvorak/TRANSLATE_FWD
[LOG 20:55:00.947] Config(TRANSLATE_BACK) Squad/Controls/Dvorak/TRANSLATE_BACK
[LOG 20:55:00.947] Config(RCS_TOGGLE) Squad/Controls/Dvorak/RCS_TOGGLE
[LOG 20:55:00.947] Config(FOCUS_NEXT_VESSEL) Squad/Controls/Dvorak/FOCUS_NEXT_VESSEL
[LOG 20:55:00.947] Config(FOCUS_PREV_VESSEL) Squad/Controls/Dvorak/FOCUS_PREV_VESSEL
[LOG 20:55:00.947] Config(TOGGLE_UI) Squad/Controls/Dvorak/TOGGLE_UI
[LOG 20:55:00.947] Config(TOGGLE_STATUS_SCREEN) Squad/Controls/Dvorak/TOGGLE_STATUS_SCREEN
[LOG 20:55:00.947] Config(TAKE_SCREENSHOT) Squad/Controls/Dvorak/TAKE_SCREENSHOT
[LOG 20:55:00.947] Config(TOGGLE_LABELS) Squad/Controls/Dvorak/TOGGLE_LABELS
[LOG 20:55:00.947] Config(TOGGLE_TEMP_GAUGES) Squad/Controls/Dvorak/TOGGLE_TEMP_GAUGES
[LOG 20:55:00.947] Config(TOGGLE_TEMP_OVERLAY) Squad/Controls/Dvorak/TOGGLE_TEMP_OVERLAY
[LOG 20:55:00.947] Config(TOGGLE_FLIGHT_FORCES) Squad/Controls/Dvorak/TOGGLE_FLIGHT_FORCES
[LOG 20:55:00.947] Config(QUICKSAVE) Squad/Controls/Dvorak/QUICKSAVE
[LOG 20:55:00.947] Config(QUICKLOAD) Squad/Controls/Dvorak/QUICKLOAD
[LOG 20:55:00.947] Config(THROTTLE_CUTOFF) Squad/Controls/Dvorak/THROTTLE_CUTOFF
[LOG 20:55:00.947] Config(THROTTLE_FULL) Squad/Controls/Dvorak/THROTTLE_FULL
[LOG 20:55:00.947] Config(LANDING_GEAR) Squad/Controls/Dvorak/LANDING_GEAR
[LOG 20:55:00.947] Config(HEADLIGHT_TOGGLE) Squad/Controls/Dvorak/HEADLIGHT_TOGGLE
[LOG 20:55:00.947] Config(BRAKES) Squad/Controls/Dvorak/BRAKES
[LOG 20:55:00.947] Config(TOGGLE_SPACENAV_FLIGHT_CONTROL) Squad/Controls/Dvorak/TOGGLE_SPACENAV_FLIGHT_CONTROL
[LOG 20:55:00.947] Config(TOGGLE_SPACENAV_ROLL_LOCK) Squad/Controls/Dvorak/TOGGLE_SPACENAV_ROLL_LOCK
[LOG 20:55:00.947] Config(WHEEL_STEER_LEFT) Squad/Controls/Dvorak/WHEEL_STEER_LEFT
[LOG 20:55:00.947] Config(WHEEL_STEER_RIGHT) Squad/Controls/Dvorak/WHEEL_STEER_RIGHT
[LOG 20:55:00.947] Config(WHEEL_THROTTLE_DOWN) Squad/Controls/Dvorak/WHEEL_THROTTLE_DOWN
[LOG 20:55:00.947] Config(WHEEL_THROTTLE_UP) Squad/Controls/Dvorak/WHEEL_THROTTLE_UP
[LOG 20:55:00.947] Config(EVA_forward) Squad/Controls/Dvorak/EVA_forward
[LOG 20:55:00.947] Config(EVA_back) Squad/Controls/Dvorak/EVA_back
[LOG 20:55:00.947] Config(EVA_left) Squad/Controls/Dvorak/EVA_left
[LOG 20:55:00.947] Config(EVA_right) Squad/Controls/Dvorak/EVA_right
[LOG 20:55:00.947] Config(EVA_yaw_left) Squad/Controls/Dvorak/EVA_yaw_left
[LOG 20:55:00.947] Config(EVA_yaw_right) Squad/Controls/Dvorak/EVA_yaw_right
[LOG 20:55:00.947] Config(EVA_Pack_forward) Squad/Controls/Dvorak/EVA_Pack_forward
[LOG 20:55:00.947] Config(EVA_Pack_back) Squad/Controls/Dvorak/EVA_Pack_back
[LOG 20:55:00.947] Config(EVA_Pack_left) Squad/Controls/Dvorak/EVA_Pack_left
[LOG 20:55:00.947] Config(EVA_Pack_right) Squad/Controls/Dvorak/EVA_Pack_right
[LOG 20:55:00.947] Config(EVA_Pack_up) Squad/Controls/Dvorak/EVA_Pack_up
[LOG 20:55:00.947] Config(EVA_Pack_down) Squad/Controls/Dvorak/EVA_Pack_down
[LOG 20:55:00.947] Config(EVA_Jump) Squad/Controls/Dvorak/EVA_Jump
[LOG 20:55:00.947] Config(EVA_Run) Squad/Controls/Dvorak/EVA_Run
[LOG 20:55:00.947] Config(EVA_ToggleMovementMode) Squad/Controls/Dvorak/EVA_ToggleMovementMode
[LOG 20:55:00.947] Config(EVA_TogglePack) Squad/Controls/Dvorak/EVA_TogglePack
[LOG 20:55:00.947] Config(EVA_Use) Squad/Controls/Dvorak/EVA_Use
[LOG 20:55:00.947] Config(EVA_Board) Squad/Controls/Dvorak/EVA_Board
[LOG 20:55:00.947] Config(EVA_Orient) Squad/Controls/Dvorak/EVA_Orient
[LOG 20:55:00.947] Config(EVA_Lights) Squad/Controls/Dvorak/EVA_Lights
[LOG 20:55:00.947] Config(EVA_ChuteDeploy) Squad/Controls/Dvorak/EVA_ChuteDeploy
[LOG 20:55:00.948] Config(Editor_pitchUp) Squad/Controls/Dvorak/Editor_pitchUp
[LOG 20:55:00.948] Config(Editor_pitchDown) Squad/Controls/Dvorak/Editor_pitchDown
[LOG 20:55:00.948] Config(Editor_yawLeft) Squad/Controls/Dvorak/Editor_yawLeft
[LOG 20:55:00.948] Config(Editor_yawRight) Squad/Controls/Dvorak/Editor_yawRight
[LOG 20:55:00.948] Config(Editor_rollLeft) Squad/Controls/Dvorak/Editor_rollLeft
[LOG 20:55:00.948] Config(Editor_rollRight) Squad/Controls/Dvorak/Editor_rollRight
[LOG 20:55:00.948] Config(Editor_resetRotation) Squad/Controls/Dvorak/Editor_resetRotation
[LOG 20:55:00.948] Config(Editor_modePlace) Squad/Controls/Dvorak/Editor_modePlace
[LOG 20:55:00.948] Config(Editor_modeOffset) Squad/Controls/Dvorak/Editor_modeOffset
[LOG 20:55:00.948] Config(Editor_modeRotate) Squad/Controls/Dvorak/Editor_modeRotate
[LOG 20:55:00.948] Config(Editor_modeRoot) Squad/Controls/Dvorak/Editor_modeRoot
[LOG 20:55:00.948] Config(Editor_coordSystem) Squad/Controls/Dvorak/Editor_coordSystem
[LOG 20:55:00.948] Config(Editor_toggleSymMethod) Squad/Controls/Dvorak/Editor_toggleSymMethod
[LOG 20:55:00.948] Config(Editor_toggleSymMode) Squad/Controls/Dvorak/Editor_toggleSymMode
[LOG 20:55:00.948] Config(Editor_toggleAngleSnap) Squad/Controls/Dvorak/Editor_toggleAngleSnap
[LOG 20:55:00.948] Config(Editor_fineTweak) Squad/Controls/Dvorak/Editor_fineTweak
[LOG 20:55:00.948] Config(Editor_partSearch) Squad/Controls/Dvorak/Editor_partSearch
[LOG 20:55:00.948] Config(Editor_zoomScrollModifier) Squad/Controls/Dvorak/Editor_zoomScrollModifier
[LOG 20:55:00.948] Config(MODIFIER_KEY) Squad/Controls/Dvorak/MODIFIER_KEY
[LOG 20:55:00.948] Config(AbortActionGroup) Squad/Controls/Dvorak/AbortActionGroup
[LOG 20:55:00.948] Config(CustomActionGroup1) Squad/Controls/Dvorak/CustomActionGroup1
[LOG 20:55:00.948] Config(CustomActionGroup2) Squad/Controls/Dvorak/CustomActionGroup2
[LOG 20:55:00.948] Config(CustomActionGroup3) Squad/Controls/Dvorak/CustomActionGroup3
[LOG 20:55:00.948] Config(CustomActionGroup4) Squad/Controls/Dvorak/CustomActionGroup4
[LOG 20:55:00.948] Config(CustomActionGroup5) Squad/Controls/Dvorak/CustomActionGroup5
[LOG 20:55:00.948] Config(CustomActionGroup6) Squad/Controls/Dvorak/CustomActionGroup6
[LOG 20:55:00.948] Config(CustomActionGroup7) Squad/Controls/Dvorak/CustomActionGroup7
[LOG 20:55:00.948] Config(CustomActionGroup8) Squad/Controls/Dvorak/CustomActionGroup8
[LOG 20:55:00.948] Config(CustomActionGroup9) Squad/Controls/Dvorak/CustomActionGroup9
[LOG 20:55:00.948] Config(CustomActionGroup10) Squad/Controls/Dvorak/CustomActionGroup10
[LOG 20:55:00.948] Config(KEY_MAP) Squad/Controls/Dvorak/KEY_MAP
[LOG 20:55:00.948] Config(KEYBOARD_LAYOUT) Squad/Controls/Qwerty/#autoLOC_6001227
[LOG 20:55:00.948] Config(PITCH_DOWN) Squad/Controls/Qwerty/PITCH_DOWN
[LOG 20:55:00.948] Config(PITCH_UP) Squad/Controls/Qwerty/PITCH_UP
[LOG 20:55:00.948] Config(YAW_LEFT) Squad/Controls/Qwerty/YAW_LEFT
[LOG 20:55:00.948] Config(YAW_RIGHT) Squad/Controls/Qwerty/YAW_RIGHT
[LOG 20:55:00.948] Config(ROLL_LEFT) Squad/Controls/Qwerty/ROLL_LEFT
[LOG 20:55:00.948] Config(ROLL_RIGHT) Squad/Controls/Qwerty/ROLL_RIGHT
[LOG 20:55:00.948] Config(THROTTLE_UP) Squad/Controls/Qwerty/THROTTLE_UP
[LOG 20:55:00.948] Config(THROTTLE_DOWN) Squad/Controls/Qwerty/THROTTLE_DOWN
[LOG 20:55:00.948] Config(SAS_HOLD) Squad/Controls/Qwerty/SAS_HOLD
[LOG 20:55:00.948] Config(SAS_TOGGLE) Squad/Controls/Qwerty/SAS_TOGGLE
[LOG 20:55:00.948] Config(LAUNCH_STAGES) Squad/Controls/Qwerty/LAUNCH_STAGES
[LOG 20:55:00.948] Config(Docking_toggleRotLin) Squad/Controls/Qwerty/Docking_toggleRotLin
[LOG 20:55:00.948] Config(CAMERA_MODE) Squad/Controls/Qwerty/CAMERA_MODE
[LOG 20:55:00.949] Config(CAMERA_NEXT) Squad/Controls/Qwerty/CAMERA_NEXT
[LOG 20:55:00.949] Config(PAUSE) Squad/Controls/Qwerty/PAUSE
[LOG 20:55:00.949] Config(PRECISION_CTRL) Squad/Controls/Qwerty/PRECISION_CTRL
[LOG 20:55:00.949] Config(ZOOM_IN) Squad/Controls/Qwerty/ZOOM_IN
[LOG 20:55:00.949] Config(ZOOM_OUT) Squad/Controls/Qwerty/ZOOM_OUT
[LOG 20:55:00.949] Config(SCROLL_VIEW_UP) Squad/Controls/Qwerty/SCROLL_VIEW_UP
[LOG 20:55:00.949] Config(SCROLL_VIEW_DOWN) Squad/Controls/Qwerty/SCROLL_VIEW_DOWN
[LOG 20:55:00.949] Config(SCROLL_ICONS_UP) Squad/Controls/Qwerty/SCROLL_ICONS_UP
[LOG 20:55:00.949] Config(SCROLL_ICONS_DOWN) Squad/Controls/Qwerty/SCROLL_ICONS_DOWN
[LOG 20:55:00.949] Config(CAMERA_ORBIT_UP) Squad/Controls/Qwerty/CAMERA_ORBIT_UP
[LOG 20:55:00.949] Config(CAMERA_ORBIT_DOWN) Squad/Controls/Qwerty/CAMERA_ORBIT_DOWN
[LOG 20:55:00.949] Config(CAMERA_ORBIT_LEFT) Squad/Controls/Qwerty/CAMERA_ORBIT_LEFT
[LOG 20:55:00.949] Config(CAMERA_ORBIT_RIGHT) Squad/Controls/Qwerty/CAMERA_ORBIT_RIGHT
[LOG 20:55:00.949] Config(CAMERA_RESET) Squad/Controls/Qwerty/CAMERA_RESET
[LOG 20:55:00.949] Config(CAMERA_MOUSE_TOGGLE) Squad/Controls/Qwerty/CAMERA_MOUSE_TOGGLE
[LOG 20:55:00.949] Config(TIME_WARP_INCREASE) Squad/Controls/Qwerty/TIME_WARP_INCREASE
[LOG 20:55:00.949] Config(TIME_WARP_DECREASE) Squad/Controls/Qwerty/TIME_WARP_DECREASE
[LOG 20:55:00.949] Config(TIME_WARP_STOP) Squad/Controls/Qwerty/TIME_WARP_STOP
[LOG 20:55:00.949] Config(MAP_VIEW_TOGGLE) Squad/Controls/Qwerty/MAP_VIEW_TOGGLE
[LOG 20:55:00.949] Config(NAVBALL_TOGGLE) Squad/Controls/Qwerty/NAVBALL_TOGGLE
[LOG 20:55:00.949] Config(UIMODE_STAGING) Squad/Controls/Qwerty/UIMODE_STAGING
[LOG 20:55:00.949] Config(UIMODE_DOCKING) Squad/Controls/Qwerty/UIMODE_DOCKING
[LOG 20:55:00.949] Config(TRANSLATE_DOWN) Squad/Controls/Qwerty/TRANSLATE_DOWN
[LOG 20:55:00.949] Config(TRANSLATE_UP) Squad/Controls/Qwerty/TRANSLATE_UP
[LOG 20:55:00.949] Config(TRANSLATE_LEFT) Squad/Controls/Qwerty/TRANSLATE_LEFT
[LOG 20:55:00.949] Config(TRANSLATE_RIGHT) Squad/Controls/Qwerty/TRANSLATE_RIGHT
[LOG 20:55:00.949] Config(TRANSLATE_FWD) Squad/Controls/Qwerty/TRANSLATE_FWD
[LOG 20:55:00.949] Config(TRANSLATE_BACK) Squad/Controls/Qwerty/TRANSLATE_BACK
[LOG 20:55:00.949] Config(RCS_TOGGLE) Squad/Controls/Qwerty/RCS_TOGGLE
[LOG 20:55:00.949] Config(FOCUS_NEXT_VESSEL) Squad/Controls/Qwerty/FOCUS_NEXT_VESSEL
[LOG 20:55:00.949] Config(FOCUS_PREV_VESSEL) Squad/Controls/Qwerty/FOCUS_PREV_VESSEL
[LOG 20:55:00.949] Config(TOGGLE_UI) Squad/Controls/Qwerty/TOGGLE_UI
[LOG 20:55:00.949] Config(TOGGLE_STATUS_SCREEN) Squad/Controls/Qwerty/TOGGLE_STATUS_SCREEN
[LOG 20:55:00.949] Config(TAKE_SCREENSHOT) Squad/Controls/Qwerty/TAKE_SCREENSHOT
[LOG 20:55:00.949] Config(TOGGLE_LABELS) Squad/Controls/Qwerty/TOGGLE_LABELS
[LOG 20:55:00.949] Config(TOGGLE_TEMP_GAUGES) Squad/Controls/Qwerty/TOGGLE_TEMP_GAUGES
[LOG 20:55:00.949] Config(TOGGLE_TEMP_OVERLAY) Squad/Controls/Qwerty/TOGGLE_TEMP_OVERLAY
[LOG 20:55:00.949] Config(TOGGLE_FLIGHT_FORCES) Squad/Controls/Qwerty/TOGGLE_FLIGHT_FORCES
[LOG 20:55:00.949] Config(QUICKSAVE) Squad/Controls/Qwerty/QUICKSAVE
[LOG 20:55:00.949] Config(QUICKLOAD) Squad/Controls/Qwerty/QUICKLOAD
[LOG 20:55:00.949] Config(THROTTLE_CUTOFF) Squad/Controls/Qwerty/THROTTLE_CUTOFF
[LOG 20:55:00.949] Config(THROTTLE_FULL) Squad/Controls/Qwerty/THROTTLE_FULL
[LOG 20:55:00.949] Config(LANDING_GEAR) Squad/Controls/Qwerty/LANDING_GEAR
[LOG 20:55:00.949] Config(HEADLIGHT_TOGGLE) Squad/Controls/Qwerty/HEADLIGHT_TOGGLE
[LOG 20:55:00.949] Config(BRAKES) Squad/Controls/Qwerty/BRAKES
[LOG 20:55:00.950] Config(TOGGLE_SPACENAV_FLIGHT_CONTROL) Squad/Controls/Qwerty/TOGGLE_SPACENAV_FLIGHT_CONTROL
[LOG 20:55:00.950] Config(TOGGLE_SPACENAV_ROLL_LOCK) Squad/Controls/Qwerty/TOGGLE_SPACENAV_ROLL_LOCK
[LOG 20:55:00.950] Config(WHEEL_STEER_LEFT) Squad/Controls/Qwerty/WHEEL_STEER_LEFT
[LOG 20:55:00.950] Config(WHEEL_STEER_RIGHT) Squad/Controls/Qwerty/WHEEL_STEER_RIGHT
[LOG 20:55:00.950] Config(WHEEL_THROTTLE_DOWN) Squad/Controls/Qwerty/WHEEL_THROTTLE_DOWN
[LOG 20:55:00.950] Config(WHEEL_THROTTLE_UP) Squad/Controls/Qwerty/WHEEL_THROTTLE_UP
[LOG 20:55:00.950] Config(EVA_forward) Squad/Controls/Qwerty/EVA_forward
[LOG 20:55:00.950] Config(EVA_back) Squad/Controls/Qwerty/EVA_back
[LOG 20:55:00.950] Config(EVA_left) Squad/Controls/Qwerty/EVA_left
[LOG 20:55:00.950] Config(EVA_right) Squad/Controls/Qwerty/EVA_right
[LOG 20:55:00.950] Config(EVA_yaw_left) Squad/Controls/Qwerty/EVA_yaw_left
[LOG 20:55:00.950] Config(EVA_yaw_right) Squad/Controls/Qwerty/EVA_yaw_right
[LOG 20:55:00.950] Config(EVA_Pack_forward) Squad/Controls/Qwerty/EVA_Pack_forward
[LOG 20:55:00.950] Config(EVA_Pack_back) Squad/Controls/Qwerty/EVA_Pack_back
[LOG 20:55:00.950] Config(EVA_Pack_left) Squad/Controls/Qwerty/EVA_Pack_left
[LOG 20:55:00.950] Config(EVA_Pack_right) Squad/Controls/Qwerty/EVA_Pack_right
[LOG 20:55:00.950] Config(EVA_Pack_up) Squad/Controls/Qwerty/EVA_Pack_up
[LOG 20:55:00.950] Config(EVA_Pack_down) Squad/Controls/Qwerty/EVA_Pack_down
[LOG 20:55:00.950] Config(EVA_Jump) Squad/Controls/Qwerty/EVA_Jump
[LOG 20:55:00.950] Config(EVA_Run) Squad/Controls/Qwerty/EVA_Run
[LOG 20:55:00.950] Config(EVA_ToggleMovementMode) Squad/Controls/Qwerty/EVA_ToggleMovementMode
[LOG 20:55:00.950] Config(EVA_TogglePack) Squad/Controls/Qwerty/EVA_TogglePack
[LOG 20:55:00.950] Config(EVA_Use) Squad/Controls/Qwerty/EVA_Use
[LOG 20:55:00.950] Config(EVA_Board) Squad/Controls/Qwerty/EVA_Board
[LOG 20:55:00.950] Config(EVA_Orient) Squad/Controls/Qwerty/EVA_Orient
[LOG 20:55:00.950] Config(EVA_Lights) Squad/Controls/Qwerty/EVA_Lights
[LOG 20:55:00.950] Config(EVA_ChuteDeploy) Squad/Controls/Qwerty/EVA_ChuteDeploy
[LOG 20:55:00.950] Config(Editor_pitchUp) Squad/Controls/Qwerty/Editor_pitchUp
[LOG 20:55:00.950] Config(Editor_pitchDown) Squad/Controls/Qwerty/Editor_pitchDown
[LOG 20:55:00.950] Config(Editor_yawLeft) Squad/Controls/Qwerty/Editor_yawLeft
[LOG 20:55:00.950] Config(Editor_yawRight) Squad/Controls/Qwerty/Editor_yawRight
[LOG 20:55:00.950] Config(Editor_rollLeft) Squad/Controls/Qwerty/Editor_rollLeft
[LOG 20:55:00.950] Config(Editor_rollRight) Squad/Controls/Qwerty/Editor_rollRight
[LOG 20:55:00.950] Config(Editor_resetRotation) Squad/Controls/Qwerty/Editor_resetRotation
[LOG 20:55:00.950] Config(Editor_modePlace) Squad/Controls/Qwerty/Editor_modePlace
[LOG 20:55:00.950] Config(Editor_modeOffset) Squad/Controls/Qwerty/Editor_modeOffset
[LOG 20:55:00.950] Config(Editor_modeRotate) Squad/Controls/Qwerty/Editor_modeRotate
[LOG 20:55:00.950] Config(Editor_modeRoot) Squad/Controls/Qwerty/Editor_modeRoot
[LOG 20:55:00.950] Config(Editor_coordSystem) Squad/Controls/Qwerty/Editor_coordSystem
[LOG 20:55:00.950] Config(Editor_toggleSymMethod) Squad/Controls/Qwerty/Editor_toggleSymMethod
[LOG 20:55:00.950] Config(Editor_toggleSymMode) Squad/Controls/Qwerty/Editor_toggleSymMode
[LOG 20:55:00.950] Config(Editor_toggleAngleSnap) Squad/Controls/Qwerty/Editor_toggleAngleSnap
[LOG 20:55:00.950] Config(Editor_fineTweak) Squad/Controls/Qwerty/Editor_fineTweak
[LOG 20:55:00.950] Config(Editor_partSearch) Squad/Controls/Qwerty/Editor_partSearch
[LOG 20:55:00.950] Config(Editor_zoomScrollModifier) Squad/Controls/Qwerty/Editor_zoomScrollModifier
[LOG 20:55:00.950] Config(MODIFIER_KEY) Squad/Controls/Qwerty/MODIFIER_KEY
[LOG 20:55:00.950] Config(AbortActionGroup) Squad/Controls/Qwerty/AbortActionGroup
[LOG 20:55:00.950] Config(CustomActionGroup1) Squad/Controls/Qwerty/CustomActionGroup1
[LOG 20:55:00.951] Config(CustomActionGroup2) Squad/Controls/Qwerty/CustomActionGroup2
[LOG 20:55:00.951] Config(CustomActionGroup3) Squad/Controls/Qwerty/CustomActionGroup3
[LOG 20:55:00.951] Config(CustomActionGroup4) Squad/Controls/Qwerty/CustomActionGroup4
[LOG 20:55:00.951] Config(CustomActionGroup5) Squad/Controls/Qwerty/CustomActionGroup5
[LOG 20:55:00.951] Config(CustomActionGroup6) Squad/Controls/Qwerty/CustomActionGroup6
[LOG 20:55:00.951] Config(CustomActionGroup7) Squad/Controls/Qwerty/CustomActionGroup7
[LOG 20:55:00.951] Config(CustomActionGroup8) Squad/Controls/Qwerty/CustomActionGroup8
[LOG 20:55:00.951] Config(CustomActionGroup9) Squad/Controls/Qwerty/CustomActionGroup9
[LOG 20:55:00.951] Config(CustomActionGroup10) Squad/Controls/Qwerty/CustomActionGroup10
[LOG 20:55:00.951] Config(KEY_MAP) Squad/Controls/Qwerty/KEY_MAP
[LOG 20:55:00.951] Config(KEYBOARD_LAYOUT) Squad/Controls/Qwerty_en-GB/#autoLOC_6001228
[LOG 20:55:00.951] Config(KEY_MAP) Squad/Controls/Qwerty_en-GB/KEY_MAP
[LOG 20:55:00.951] Config(KEYBOARD_LAYOUT) Squad/Controls/Qwerty_es-LA/#autoLOC_6001229
[LOG 20:55:00.951] Config(CAMERA_MOUSE_TOGGLE) Squad/Controls/Qwerty_es-LA/CAMERA_MOUSE_TOGGLE
[LOG 20:55:00.951] Config(TIME_WARP_STOP) Squad/Controls/Qwerty_es-LA/TIME_WARP_STOP
[LOG 20:55:00.951] Config(FOCUS_NEXT_VESSEL) Squad/Controls/Qwerty_es-LA/FOCUS_NEXT_VESSEL
[LOG 20:55:00.951] Config(FOCUS_PREV_VESSEL) Squad/Controls/Qwerty_es-LA/FOCUS_PREV_VESSEL
[LOG 20:55:00.951] Config(CAMERA_RESET) Squad/Controls/Qwerty_es-LA/CAMERA_RESET
[LOG 20:55:00.951] Config(Editor_partSearch) Squad/Controls/Qwerty_es-LA/Editor_partSearch
[LOG 20:55:00.951] Config(KEY_MAP) Squad/Controls/Qwerty_es-LA/KEY_MAP
[LOG 20:55:00.951] Config(KEYBOARD_LAYOUT) Squad/Controls/Qwerty_it-IT/#autoLOC_6001230
[LOG 20:55:00.951] Config(FOCUS_NEXT_VESSEL) Squad/Controls/Qwerty_it-IT/FOCUS_NEXT_VESSEL
[LOG 20:55:00.951] Config(FOCUS_PREV_VESSEL) Squad/Controls/Qwerty_it-IT/FOCUS_PREV_VESSEL
[LOG 20:55:00.951] Config(CAMERA_MOUSE_TOGGLE) Squad/Controls/Qwerty_it-IT/CAMERA_MOUSE_TOGGLE
[LOG 20:55:00.951] Config(TIME_WARP_STOP) Squad/Controls/Qwerty_it-IT/TIME_WARP_STOP
[LOG 20:55:00.951] Config(CAMERA_RESET) Squad/Controls/Qwerty_it-IT/CAMERA_RESET
[LOG 20:55:00.951] Config(Editor_partSearch) Squad/Controls/Qwerty_it-IT/Editor_partSearch
[LOG 20:55:00.951] Config(KEY_MAP) Squad/Controls/Qwerty_it-IT/KEY_MAP
[LOG 20:55:00.951] Config(KEYBOARD_LAYOUT) Squad/Controls/Qwerty_ja-JP/#autoLOC_6001231
[LOG 20:55:00.951] Config(FOCUS_NEXT_VESSEL) Squad/Controls/Qwerty_ja-JP/FOCUS_NEXT_VESSEL
[LOG 20:55:00.951] Config(FOCUS_PREV_VESSEL) Squad/Controls/Qwerty_ja-JP/FOCUS_PREV_VESSEL
[LOG 20:55:00.951] Config(PRECISION_CTRL) Squad/Controls/Qwerty_ja-JP/PRECISION_CTRL
[LOG 20:55:00.951] Config(CAMERA_MOUSE_TOGGLE) Squad/Controls/Qwerty_ja-JP/CAMERA_MOUSE_TOGGLE
[LOG 20:55:00.951] Config(Editor_partSearch) Squad/Controls/Qwerty_ja-JP/Editor_partSearch
[LOG 20:55:00.951] Config(CAMERA_RESET) Squad/Controls/Qwerty_ja-JP/CAMERA_RESET
[LOG 20:55:00.951] Config(KEY_MAP) Squad/Controls/Qwerty_ja-JP/KEY_MAP
[LOG 20:55:00.951] Config(KEYBOARD_LAYOUT) Squad/Controls/Qwerty_pt-PT/#autoLOC_6001230
[LOG 20:55:00.951] Config(FOCUS_NEXT_VESSEL) Squad/Controls/Qwerty_pt-PT/FOCUS_NEXT_VESSEL
[LOG 20:55:00.951] Config(FOCUS_PREV_VESSEL) Squad/Controls/Qwerty_pt-PT/FOCUS_PREV_VESSEL
[LOG 20:55:00.951] Config(CAMERA_MOUSE_TOGGLE) Squad/Controls/Qwerty_pt-PT/CAMERA_MOUSE_TOGGLE
[LOG 20:55:00.951] Config(TIME_WARP_STOP) Squad/Controls/Qwerty_pt-PT/TIME_WARP_STOP
[LOG 20:55:00.951] Config(CAMERA_RESET) Squad/Controls/Qwerty_pt-PT/CAMERA_RESET
[LOG 20:55:00.951] Config(Editor_partSearch) Squad/Controls/Qwerty_pt-PT/Editor_partSearch
[LOG 20:55:00.951] Config(KEY_MAP) Squad/Controls/Qwerty_pt-PT/KEY_MAP
[LOG 20:55:00.951] Config(KEYBOARD_LAYOUT) Squad/Controls/Qwertz/#autoLOC_6001232
[LOG 20:55:00.951] Config(PITCH_DOWN) Squad/Controls/Qwertz/PITCH_DOWN
[LOG 20:55:00.951] Config(PITCH_UP) Squad/Controls/Qwertz/PITCH_UP
[LOG 20:55:00.952] Config(YAW_LEFT) Squad/Controls/Qwertz/YAW_LEFT
[LOG 20:55:00.952] Config(YAW_RIGHT) Squad/Controls/Qwertz/YAW_RIGHT
[LOG 20:55:00.952] Config(ROLL_LEFT) Squad/Controls/Qwertz/ROLL_LEFT
[LOG 20:55:00.952] Config(ROLL_RIGHT) Squad/Controls/Qwertz/ROLL_RIGHT
[LOG 20:55:00.952] Config(THROTTLE_UP) Squad/Controls/Qwertz/THROTTLE_UP
[LOG 20:55:00.952] Config(THROTTLE_DOWN) Squad/Controls/Qwertz/THROTTLE_DOWN
[LOG 20:55:00.952] Config(SAS_HOLD) Squad/Controls/Qwertz/SAS_HOLD
[LOG 20:55:00.952] Config(SAS_TOGGLE) Squad/Controls/Qwertz/SAS_TOGGLE
[LOG 20:55:00.952] Config(LAUNCH_STAGES) Squad/Controls/Qwertz/LAUNCH_STAGES
[LOG 20:55:00.952] Config(Docking_toggleRotLin) Squad/Controls/Qwertz/Docking_toggleRotLin
[LOG 20:55:00.952] Config(CAMERA_MODE) Squad/Controls/Qwertz/CAMERA_MODE
[LOG 20:55:00.952] Config(CAMERA_NEXT) Squad/Controls/Qwertz/CAMERA_NEXT
[LOG 20:55:00.952] Config(PAUSE) Squad/Controls/Qwertz/PAUSE
[LOG 20:55:00.952] Config(PRECISION_CTRL) Squad/Controls/Qwertz/PRECISION_CTRL
[LOG 20:55:00.952] Config(ZOOM_IN) Squad/Controls/Qwertz/ZOOM_IN
[LOG 20:55:00.952] Config(ZOOM_OUT) Squad/Controls/Qwertz/ZOOM_OUT
[LOG 20:55:00.952] Config(SCROLL_VIEW_UP) Squad/Controls/Qwertz/SCROLL_VIEW_UP
[LOG 20:55:00.952] Config(SCROLL_VIEW_DOWN) Squad/Controls/Qwertz/SCROLL_VIEW_DOWN
[LOG 20:55:00.952] Config(SCROLL_ICONS_UP) Squad/Controls/Qwertz/SCROLL_ICONS_UP
[LOG 20:55:00.952] Config(SCROLL_ICONS_DOWN) Squad/Controls/Qwertz/SCROLL_ICONS_DOWN
[LOG 20:55:00.952] Config(CAMERA_ORBIT_UP) Squad/Controls/Qwertz/CAMERA_ORBIT_UP
[LOG 20:55:00.952] Config(CAMERA_ORBIT_DOWN) Squad/Controls/Qwertz/CAMERA_ORBIT_DOWN
[LOG 20:55:00.952] Config(CAMERA_ORBIT_LEFT) Squad/Controls/Qwertz/CAMERA_ORBIT_LEFT
[LOG 20:55:00.952] Config(CAMERA_ORBIT_RIGHT) Squad/Controls/Qwertz/CAMERA_ORBIT_RIGHT
[LOG 20:55:00.952] Config(CAMERA_RESET) Squad/Controls/Qwertz/CAMERA_RESET
[LOG 20:55:00.952] Config(CAMERA_MOUSE_TOGGLE) Squad/Controls/Qwertz/CAMERA_MOUSE_TOGGLE
[LOG 20:55:00.952] Config(TIME_WARP_INCREASE) Squad/Controls/Qwertz/TIME_WARP_INCREASE
[LOG 20:55:00.952] Config(TIME_WARP_DECREASE) Squad/Controls/Qwertz/TIME_WARP_DECREASE
[LOG 20:55:00.952] Config(TIME_WARP_STOP) Squad/Controls/Qwertz/TIME_WARP_STOP
[LOG 20:55:00.952] Config(MAP_VIEW_TOGGLE) Squad/Controls/Qwertz/MAP_VIEW_TOGGLE
[LOG 20:55:00.952] Config(NAVBALL_TOGGLE) Squad/Controls/Qwertz/NAVBALL_TOGGLE
[LOG 20:55:00.952] Config(UIMODE_STAGING) Squad/Controls/Qwertz/UIMODE_STAGING
[LOG 20:55:00.952] Config(UIMODE_DOCKING) Squad/Controls/Qwertz/UIMODE_DOCKING
[LOG 20:55:00.952] Config(TRANSLATE_DOWN) Squad/Controls/Qwertz/TRANSLATE_DOWN
[LOG 20:55:00.952] Config(TRANSLATE_UP) Squad/Controls/Qwertz/TRANSLATE_UP
[LOG 20:55:00.952] Config(TRANSLATE_LEFT) Squad/Controls/Qwertz/TRANSLATE_LEFT
[LOG 20:55:00.952] Config(TRANSLATE_RIGHT) Squad/Controls/Qwertz/TRANSLATE_RIGHT
[LOG 20:55:00.952] Config(TRANSLATE_FWD) Squad/Controls/Qwertz/TRANSLATE_FWD
[LOG 20:55:00.952] Config(TRANSLATE_BACK) Squad/Controls/Qwertz/TRANSLATE_BACK
[LOG 20:55:00.952] Config(RCS_TOGGLE) Squad/Controls/Qwertz/RCS_TOGGLE
[LOG 20:55:00.952] Config(FOCUS_NEXT_VESSEL) Squad/Controls/Qwertz/FOCUS_NEXT_VESSEL
[LOG 20:55:00.952] Config(FOCUS_PREV_VESSEL) Squad/Controls/Qwertz/FOCUS_PREV_VESSEL
[LOG 20:55:00.952] Config(TOGGLE_UI) Squad/Controls/Qwertz/TOGGLE_UI
[LOG 20:55:00.952] Config(TOGGLE_STATUS_SCREEN) Squad/Controls/Qwertz/TOGGLE_STATUS_SCREEN
[LOG 20:55:00.952] Config(TAKE_SCREENSHOT) Squad/Controls/Qwertz/TAKE_SCREENSHOT
[LOG 20:55:00.952] Config(TOGGLE_LABELS) Squad/Controls/Qwertz/TOGGLE_LABELS
[LOG 20:55:00.952] Config(TOGGLE_TEMP_GAUGES) Squad/Controls/Qwertz/TOGGLE_TEMP_GAUGES
[LOG 20:55:00.952] Config(TOGGLE_TEMP_OVERLAY) Squad/Controls/Qwertz/TOGGLE_TEMP_OVERLAY
[LOG 20:55:00.952] Config(TOGGLE_FLIGHT_FORCES) Squad/Controls/Qwertz/TOGGLE_FLIGHT_FORCES
[LOG 20:55:00.952] Config(QUICKSAVE) Squad/Controls/Qwertz/QUICKSAVE
[LOG 20:55:00.952] Config(QUICKLOAD) Squad/Controls/Qwertz/QUICKLOAD
[LOG 20:55:00.952] Config(THROTTLE_CUTOFF) Squad/Controls/Qwertz/THROTTLE_CUTOFF
[LOG 20:55:00.952] Config(THROTTLE_FULL) Squad/Controls/Qwertz/THROTTLE_FULL
[LOG 20:55:00.952] Config(LANDING_GEAR) Squad/Controls/Qwertz/LANDING_GEAR
[LOG 20:55:00.952] Config(HEADLIGHT_TOGGLE) Squad/Controls/Qwertz/HEADLIGHT_TOGGLE
[LOG 20:55:00.952] Config(BRAKES) Squad/Controls/Qwertz/BRAKES
[LOG 20:55:00.952] Config(TOGGLE_SPACENAV_FLIGHT_CONTROL) Squad/Controls/Qwertz/TOGGLE_SPACENAV_FLIGHT_CONTROL
[LOG 20:55:00.952] Config(TOGGLE_SPACENAV_ROLL_LOCK) Squad/Controls/Qwertz/TOGGLE_SPACENAV_ROLL_LOCK
[LOG 20:55:00.952] Config(WHEEL_STEER_LEFT) Squad/Controls/Qwertz/WHEEL_STEER_LEFT
[LOG 20:55:00.952] Config(WHEEL_STEER_RIGHT) Squad/Controls/Qwertz/WHEEL_STEER_RIGHT
[LOG 20:55:00.952] Config(WHEEL_THROTTLE_DOWN) Squad/Controls/Qwertz/WHEEL_THROTTLE_DOWN
[LOG 20:55:00.952] Config(WHEEL_THROTTLE_UP) Squad/Controls/Qwertz/WHEEL_THROTTLE_UP
[LOG 20:55:00.952] Config(EVA_forward) Squad/Controls/Qwertz/EVA_forward
[LOG 20:55:00.952] Config(EVA_back) Squad/Controls/Qwertz/EVA_back
[LOG 20:55:00.952] Config(EVA_left) Squad/Controls/Qwertz/EVA_left
[LOG 20:55:00.952] Config(EVA_right) Squad/Controls/Qwertz/EVA_right
[LOG 20:55:00.952] Config(EVA_yaw_left) Squad/Controls/Qwertz/EVA_yaw_left
[LOG 20:55:00.952] Config(EVA_yaw_right) Squad/Controls/Qwertz/EVA_yaw_right
[LOG 20:55:00.952] Config(EVA_Pack_forward) Squad/Controls/Qwertz/EVA_Pack_forward
[LOG 20:55:00.952] Config(EVA_Pack_back) Squad/Controls/Qwertz/EVA_Pack_back
[LOG 20:55:00.954] Config(EVA_Pack_left) Squad/Controls/Qwertz/EVA_Pack_left
[LOG 20:55:00.954] Config(EVA_Pack_right) Squad/Controls/Qwertz/EVA_Pack_right
[LOG 20:55:00.954] Config(EVA_Pack_up) Squad/Controls/Qwertz/EVA_Pack_up
[LOG 20:55:00.954] Config(EVA_Pack_down) Squad/Controls/Qwertz/EVA_Pack_down
[LOG 20:55:00.954] Config(EVA_Jump) Squad/Controls/Qwertz/EVA_Jump
[LOG 20:55:00.954] Config(EVA_Run) Squad/Controls/Qwertz/EVA_Run
[LOG 20:55:00.954] Config(EVA_ToggleMovementMode) Squad/Controls/Qwertz/EVA_ToggleMovementMode
[LOG 20:55:00.954] Config(EVA_TogglePack) Squad/Controls/Qwertz/EVA_TogglePack
[LOG 20:55:00.954] Config(EVA_Use) Squad/Controls/Qwertz/EVA_Use
[LOG 20:55:00.954] Config(EVA_Board) Squad/Controls/Qwertz/EVA_Board
[LOG 20:55:00.954] Config(EVA_Orient) Squad/Controls/Qwertz/EVA_Orient
[LOG 20:55:00.954] Config(EVA_Lights) Squad/Controls/Qwertz/EVA_Lights
[LOG 20:55:00.954] Config(Editor_pitchUp) Squad/Controls/Qwertz/Editor_pitchUp
[LOG 20:55:00.954] Config(Editor_pitchDown) Squad/Controls/Qwertz/Editor_pitchDown
[LOG 20:55:00.954] Config(Editor_yawLeft) Squad/Controls/Qwertz/Editor_yawLeft
[LOG 20:55:00.954] Config(Editor_yawRight) Squad/Controls/Qwertz/Editor_yawRight
[LOG 20:55:00.954] Config(Editor_rollLeft) Squad/Controls/Qwertz/Editor_rollLeft
[LOG 20:55:00.954] Config(Editor_rollRight) Squad/Controls/Qwertz/Editor_rollRight
[LOG 20:55:00.954] Config(Editor_resetRotation) Squad/Controls/Qwertz/Editor_resetRotation
[LOG 20:55:00.954] Config(Editor_modePlace) Squad/Controls/Qwertz/Editor_modePlace
[LOG 20:55:00.954] Config(Editor_modeOffset) Squad/Controls/Qwertz/Editor_modeOffset
[LOG 20:55:00.954] Config(Editor_modeRotate) Squad/Controls/Qwertz/Editor_modeRotate
[LOG 20:55:00.954] Config(Editor_modeRoot) Squad/Controls/Qwertz/Editor_modeRoot
[LOG 20:55:00.954] Config(Editor_coordSystem) Squad/Controls/Qwertz/Editor_coordSystem
[LOG 20:55:00.954] Config(Editor_toggleSymMethod) Squad/Controls/Qwertz/Editor_toggleSymMethod
[LOG 20:55:00.954] Config(Editor_toggleSymMode) Squad/Controls/Qwertz/Editor_toggleSymMode
[LOG 20:55:00.954] Config(Editor_toggleAngleSnap) Squad/Controls/Qwertz/Editor_toggleAngleSnap
[LOG 20:55:00.954] Config(Editor_fineTweak) Squad/Controls/Qwertz/Editor_fineTweak
[LOG 20:55:00.954] Config(Editor_partSearch) Squad/Controls/Qwertz/Editor_partSearch
[LOG 20:55:00.954] Config(Editor_zoomScrollModifier) Squad/Controls/Qwertz/Editor_zoomScrollModifier
[LOG 20:55:00.954] Config(MODIFIER_KEY) Squad/Controls/Qwertz/MODIFIER_KEY
[LOG 20:55:00.954] Config(AbortActionGroup) Squad/Controls/Qwertz/AbortActionGroup
[LOG 20:55:00.954] Config(CustomActionGroup1) Squad/Controls/Qwertz/CustomActionGroup1
[LOG 20:55:00.954] Config(CustomActionGroup2) Squad/Controls/Qwertz/CustomActionGroup2
[LOG 20:55:00.954] Config(CustomActionGroup3) Squad/Controls/Qwertz/CustomActionGroup3
[LOG 20:55:00.954] Config(CustomActionGroup4) Squad/Controls/Qwertz/CustomActionGroup4
[LOG 20:55:00.954] Config(CustomActionGroup5) Squad/Controls/Qwertz/CustomActionGroup5
[LOG 20:55:00.954] Config(CustomActionGroup6) Squad/Controls/Qwertz/CustomActionGroup6
[LOG 20:55:00.954] Config(CustomActionGroup7) Squad/Controls/Qwertz/CustomActionGroup7
[LOG 20:55:00.954] Config(CustomActionGroup8) Squad/Controls/Qwertz/CustomActionGroup8
[LOG 20:55:00.954] Config(CustomActionGroup9) Squad/Controls/Qwertz/CustomActionGroup9
[LOG 20:55:00.954] Config(CustomActionGroup10) Squad/Controls/Qwertz/CustomActionGroup10
[LOG 20:55:00.954] Config(KEY_MAP) Squad/Controls/Qwertz/KEY_MAP
[LOG 20:55:00.954] Config(EXPERIENCE_TRAIT) Squad/Experience/Traits/Pilot
[LOG 20:55:00.954] Config(EXPERIENCE_TRAIT) Squad/Experience/Traits/Engineer
[LOG 20:55:00.954] Config(EXPERIENCE_TRAIT) Squad/Experience/Traits/Scientist
[LOG 20:55:00.954] Config(EXPERIENCE_TRAIT) Squad/Experience/Traits/Tourist
[LOG 20:55:00.954] Config(Localization) Squad/Localization/dictionary/Localization
[LOG 20:55:00.955] Config(MISSIONPACK) Squad/Missions/MissionPacks/squad_ESA
[LOG 20:55:00.955] Config(VARIANTTHEME) Squad/Parts/VariantThemes/White
[LOG 20:55:00.955] Config(VARIANTTHEME) Squad/Parts/VariantThemes/BlackAndWhite
[LOG 20:55:00.955] Config(VARIANTTHEME) Squad/Parts/VariantThemes/GrayAndOrange
[LOG 20:55:00.955] Config(VARIANTTHEME) Squad/Parts/VariantThemes/Dark
[LOG 20:55:00.955] Config(VARIANTTHEME) Squad/Parts/VariantThemes/Gray
[LOG 20:55:00.955] Config(VARIANTTHEME) Squad/Parts/VariantThemes/Orange
[LOG 20:55:00.955] Config(VARIANTTHEME) Squad/Parts/VariantThemes/Gold
[LOG 20:55:00.955] Config(VARIANTTHEME) Squad/Parts/VariantThemes/Bare
[LOG 20:55:00.955] Config(VARIANTTHEME) Squad/Parts/VariantThemes/Shroud
[LOG 20:55:00.955] Config(VARIANTTHEME) Squad/Parts/VariantThemes/GrayAndWhite
[LOG 20:55:00.955] Config(VARIANTTHEME) Squad/Parts/VariantThemes/YellowAndWhite
[LOG 20:55:00.955] Config(VARIANTTHEME) Squad/Parts/VariantThemes/Silver
[LOG 20:55:00.955] Config(VARIANTTHEME) Squad/Parts/VariantThemes/Gray with Stripes
[LOG 20:55:00.955] Config(PART) Squad/Parts/Aero/aerodynamicNoseCone/aerodynamicNoseCone/noseCone
[LOG 20:55:00.955] Config(PART) Squad/Parts/Aero/airbrake/Airbrake/airbrake1
[LOG 20:55:00.955] Config(PART) Squad/Parts/Aero/airIntakeRadialXM-G50/airIntakeRadialXM-G50/airScoop
[LOG 20:55:00.955] Config(PART) Squad/Parts/Aero/airlinerWings/ControlSurface/airlinerCtrlSrf
[LOG 20:55:00.955] Config(PART) Squad/Parts/Aero/airlinerWings/MainWing/airlinerMainWing
[LOG 20:55:00.955] Config(PART) Squad/Parts/Aero/airlinerWings/TailFin/airlinerTailFin
[LOG 20:55:00.955] Config(PART) Squad/Parts/Aero/airplaneFins/advancedCanard/AdvancedCanard
[LOG 20:55:00.955] Config(PART) Squad/Parts/Aero/airplaneFins/standardCanard/CanardController
[LOG 20:55:00.955] Config(PART) Squad/Parts/Aero/airplaneFins/sweptWing/sweptWing
[LOG 20:55:00.955] Config(PART) Squad/Parts/Aero/airplaneFins/tailfin/tailfin
[LOG 20:55:00.955] Config(PART) Squad/Parts/Aero/basicFin/basicFin/basicFin
[LOG 20:55:00.955] Config(PART) Squad/Parts/Aero/circularIntake/circularIntake/CircularIntake
[LOG 20:55:00.955] Config(PART) Squad/Parts/Aero/circularIntake/intakeShockCone/shockConeIntake
[LOG 20:55:00.955] Config(PART) Squad/Parts/Aero/cones/avionicsNoseCone/avionicsNoseCone
[LOG 20:55:00.955] Config(PART) Squad/Parts/Aero/cones/ConeA/pointyNoseConeA
[LOG 20:55:00.955] Config(PART) Squad/Parts/Aero/cones/ConeB/pointyNoseConeB
[LOG 20:55:00.955] Config(PART) Squad/Parts/Aero/cones/noseConeAdapter/noseConeAdapter
[LOG 20:55:00.955] Config(PART) Squad/Parts/Aero/cones/protectiveRocketNoseMk7_v2/rocketNoseCone_v2
[LOG 20:55:00.955] Config(PART) Squad/Parts/Aero/cones/protectiveRocketNoseMk7_v3/rocketNoseCone_v3
[LOG 20:55:00.955] Config(PART) Squad/Parts/Aero/cones/rocketNoseCone_size3/rocketNoseConeSize3
[LOG 20:55:00.955] Config(PART) Squad/Parts/Aero/cones/smallNoseCone/standardNoseCone
[LOG 20:55:00.955] Config(PART) Squad/Parts/Aero/cones/tailConnectorA/airplaneTail
[LOG 20:55:00.955] Config(PART) Squad/Parts/Aero/cones/tailConnectorB/airplaneTailB
[LOG 20:55:00.955] Config(PART) Squad/Parts/Aero/fairings/fairingSize1/fairingSize1
[LOG 20:55:00.956] Config(PART) Squad/Parts/Aero/fairings/fairingSize2/fairingSize2
[LOG 20:55:00.956] Config(PART) Squad/Parts/Aero/fairings/fairingSize3/fairingSize3
[LOG 20:55:00.956] Config(PART) Squad/Parts/Aero/HeatShield/HeatShield0/HeatShield0
[LOG 20:55:00.956] Config(PART) Squad/Parts/Aero/HeatShield/HeatShield1/HeatShield1
[LOG 20:55:00.956] Config(PART) Squad/Parts/Aero/HeatShield/HeatShield2/HeatShield2
[LOG 20:55:00.956] Config(PART) Squad/Parts/Aero/HeatShield/HeatShield3/HeatShield3
[LOG 20:55:00.956] Config(PART) Squad/Parts/Aero/InflatableHeatShield/HeatShield/InflatableHeatShield
[LOG 20:55:00.956] Config(PART) Squad/Parts/Aero/intakeRadialLong/intakeRadialLong/IntakeRadialLong
[LOG 20:55:00.956] Config(PART) Squad/Parts/Aero/miniIntake/SmallIntake/miniIntake
[LOG 20:55:00.956] Config(PART) Squad/Parts/Aero/ramAirIntake/ramAirIntake/ramAirIntake
[LOG 20:55:00.956] Config(PART) Squad/Parts/Aero/shuttleWings/delta/wingShuttleDelta
[LOG 20:55:00.956] Config(PART) Squad/Parts/Aero/shuttleWings/elevon1/wingShuttleElevon1
[LOG 20:55:00.956] Config(PART) Squad/Parts/Aero/shuttleWings/elevon2/wingShuttleElevon2
[LOG 20:55:00.956] Config(PART) Squad/Parts/Aero/shuttleWings/rudder/wingShuttleRudder
[LOG 20:55:00.956] Config(PART) Squad/Parts/Aero/shuttleWings/strake/wingShuttleStrake
[LOG 20:55:00.956] Config(PART) Squad/Parts/Aero/wingletAV-R8/wingletAV-R8/R8winglet
[LOG 20:55:00.956] Config(PART) Squad/Parts/Aero/wingletAV-T1/wingletAV-T1/winglet
[LOG 20:55:00.956] Config(PART) Squad/Parts/Aero/wingletDeltaDeluxe/wingletDeltaDeluxe/winglet3
[LOG 20:55:00.956] Config(PART) Squad/Parts/Aero/wings/connector1/wingConnector
[LOG 20:55:00.956] Config(PART) Squad/Parts/Aero/wings/connector2/wingConnector2
[LOG 20:55:00.956] Config(PART) Squad/Parts/Aero/wings/connector3/wingConnector3
[LOG 20:55:00.956] Config(PART) Squad/Parts/Aero/wings/connector4/wingConnector4
[LOG 20:55:00.956] Config(PART) Squad/Parts/Aero/wings/connector5/wingConnector5
[LOG 20:55:00.956] Config(PART) Squad/Parts/Aero/wings/delta/deltaWing
[LOG 20:55:00.956] Config(PART) Squad/Parts/Aero/wings/delta_small/delta_small
[LOG 20:55:00.956] Config(PART) Squad/Parts/Aero/wings/elevon1/StandardCtrlSrf
[LOG 20:55:00.956] Config(PART) Squad/Parts/Aero/wings/elevon2/elevon2
[LOG 20:55:00.956] Config(PART) Squad/Parts/Aero/wings/elevon3/elevon3
[LOG 20:55:00.956] Config(PART) Squad/Parts/Aero/wings/elevon4/smallCtrlSrf
[LOG 20:55:00.956] Config(PART) Squad/Parts/Aero/wings/elevon5/elevon5
[LOG 20:55:00.956] Config(PART) Squad/Parts/Aero/wings/strake/wingStrake
[LOG 20:55:00.956] Config(PART) Squad/Parts/Aero/wings/structural1/structuralWing
[LOG 20:55:00.956] Config(PART) Squad/Parts/Aero/wings/structural2/structuralWing2
[LOG 20:55:00.956] Config(PART) Squad/Parts/Aero/wings/structural3/structuralWing3
[LOG 20:55:00.956] Config(PART) Squad/Parts/Aero/wings/structural4/structuralWing4
[LOG 20:55:00.956] Config(PART) Squad/Parts/Aero/wings/swept1/sweptWing1
[LOG 20:55:00.956] Config(PART) Squad/Parts/Aero/wings/swept2/sweptWing2
[LOG 20:55:00.956] Config(PART) Squad/Parts/Cargo/CargoContainers/cargoContainer/cargoContainer
[LOG 20:55:00.956] Config(PART) Squad/Parts/Cargo/CargoContainers/smallCargoContainer/smallCargoContainer
[LOG 20:55:00.956] Config(PART) Squad/Parts/Cargo/Cylinder/Cylinder/evaCylinder
[LOG 20:55:00.956] Config(PART) Squad/Parts/Cargo/GroundAnchor/groundAnchor/groundAnchor
[LOG 20:55:00.956] Config(PART) Squad/Parts/Cargo/Jetpack/Jetpack/evaJetpack
[LOG 20:55:00.956] Config(PART) Squad/Parts/Cargo/Parachute/Parachute/evaChute
[LOG 20:55:00.956] Config(PART) Squad/Parts/Cargo/RepairKit/RepairKit/evaRepairKit
[LOG 20:55:00.956] Config(PART) Squad/Parts/Cargo/ScienceKit/evaScienceKit/evaScienceKit
[LOG 20:55:00.957] Config(PART) Squad/Parts/Cargo/StorageUnits/CargoStorageUnit/CargoStorageUnit
[LOG 20:55:00.957] Config(PART) Squad/Parts/Cargo/StorageUnits/ConformalStorageUnit/ConformalStorageUnit
[LOG 20:55:00.957] Config(PART) Squad/Parts/Command/advancedSasModuleLarge/advSasModuleLarge/asasmodule1-2
[LOG 20:55:00.957] Config(PART) Squad/Parts/Command/cupola/cupola/cupola
[LOG 20:55:00.957] Config(PART) Squad/Parts/Command/externalCommandSeat/externalCommandSeat/seatExternalCmd
[LOG 20:55:00.957] Config(PART) Squad/Parts/Command/hitchhikerStorageContainer/hitchikerStorageContainer/crewCabin
[LOG 20:55:00.957] Config(PART) Squad/Parts/Command/inlineAdvancedStabilizer/inlineAdvancedStabilizer/advSasModule
[LOG 20:55:00.957] Config(PART) Squad/Parts/Command/inlineReactionWheel/inlineReactionWheel/sasModule
[LOG 20:55:00.957] Config(PART) Squad/Parts/Command/Mk1-3Pod/mk1-3/mk1-3pod
[LOG 20:55:00.957] Config(PART) Squad/Parts/Command/mk1Cockpits/mk1Cockpit/Mark1Cockpit
[LOG 20:55:00.957] Config(PART) Squad/Parts/Command/mk1Cockpits/mk1CrewCabin/MK1CrewCabin
[LOG 20:55:00.957] Config(PART) Squad/Parts/Command/mk1Cockpits/mk1InlineCockpit/Mark2Cockpit
[LOG 20:55:00.957] Config(PART) Squad/Parts/Command/mk1LanderCan/mk1LanderCan/landerCabinSmall
[LOG 20:55:00.957] Config(PART) Squad/Parts/Command/mk1pod_v2/mk1Pod_v2/mk1pod_v2
[LOG 20:55:00.957] Config(PART) Squad/Parts/Command/mk2CockpitInline/mk2CockpitInline/mk2Cockpit_Inline
[LOG 20:55:00.957] Config(PART) Squad/Parts/Command/mk2CockpitStandard/mk2CockpitStandard/mk2Cockpit_Standard
[LOG 20:55:00.957] Config(PART) Squad/Parts/Command/mk2DroneCore/mk2Dronecore/mk2DroneCore
[LOG 20:55:00.957] Config(PART) Squad/Parts/Command/mk2LanderCan/mk2LanderCan/mk2LanderCabin
[LOG 20:55:00.957] Config(PART) Squad/Parts/Command/mk2LanderCan_v2/mk2LanderCan_v2/mk2LanderCabin_v2
[LOG 20:55:00.957] Config(PART) Squad/Parts/Command/mk3CockpitShuttle/mk3CockpitShuttle/mk3Cockpit_Shuttle
[LOG 20:55:00.957] Config(PART) Squad/Parts/Command/MpoProbe/MpoProbe/MpoProbe
[LOG 20:55:00.957] Config(PART) Squad/Parts/Command/MtmStage/MTM_Stage/MtmStage
[LOG 20:55:00.957] Config(PART) Squad/Parts/Command/probeCoreCube/probeCoreCube/probeCoreCube
[LOG 20:55:00.957] Config(PART) Squad/Parts/Command/probeCoreHex/probeCoreHex/probeCoreHex
[LOG 20:55:00.957] Config(PART) Squad/Parts/Command/probeCoreHex_v2/probeCoreHex_v2/probeCoreHex_v2
[LOG 20:55:00.957] Config(PART) Squad/Parts/Command/probeCoreOcto2_v2/probeCoreOcto2_v2/probeCoreOcto2_v2
[LOG 20:55:00.957] Config(PART) Squad/Parts/Command/probeCoreOcto_v2/probeCoreOcto_v2/probeCoreOcto_v2
[LOG 20:55:00.957] Config(PART) Squad/Parts/Command/probeRoverBody/probeRoverBody/roverBody
[LOG 20:55:00.957] Config(PART) Squad/Parts/Command/probeRoverBody_v2/probeRoverBody_v2/roverBody_v2
[LOG 20:55:00.957] Config(PART) Squad/Parts/Command/probeStackLarge/probeStackLarge/probeStackLarge
[LOG 20:55:00.957] Config(PART) Squad/Parts/Command/probeStackSmall/probeStackSmall/probeStackSmall
[LOG 20:55:00.957] Config(PART) Squad/Parts/Command/probeStackSphere_v2/probeStackSphere_v2/probeCoreSphere_v2
[LOG 20:55:00.957] Config(PART) Squad/Parts/CompoundParts/FuelLine/fuelLine/fuelLine
[LOG 20:55:00.957] Config(PART) Squad/Parts/CompoundParts/strutConnector/strutConnector/strutConnector
[LOG 20:55:00.957] Config(PART) Squad/Parts/Coupling/Decoupler_0/Decoupler_0
[LOG 20:55:00.957] Config(PART) Squad/Parts/Coupling/Decoupler_1/Decoupler_1
[LOG 20:55:00.957] Config(PART) Squad/Parts/Coupling/Decoupler_2/Decoupler_2
[LOG 20:55:00.957] Config(PART) Squad/Parts/Coupling/Decoupler_3/Decoupler_3
[LOG 20:55:00.957] Config(PART) Squad/Parts/Coupling/Separator_0/Separator_0
[LOG 20:55:00.957] Config(PART) Squad/Parts/Coupling/Separator_1/Separator_1
[LOG 20:55:00.957] Config(PART) Squad/Parts/Coupling/Separator_2/Separator_2
[LOG 20:55:00.957] Config(PART) Squad/Parts/Coupling/Separator_3/Separator_3
[LOG 20:55:00.958] Config(PART) Squad/Parts/Electrical/10CSolarPanels/OX-10C/solarPanelOX10C
[LOG 20:55:00.958] Config(PART) Squad/Parts/Electrical/10CSolarPanels/SP-10C/solarPanelSP10C
[LOG 20:55:00.958] Config(PART) Squad/Parts/Electrical/10LSolarPanels/OX-10L/solarPanelOX10L
[LOG 20:55:00.958] Config(PART) Squad/Parts/Electrical/10LSolarPanels/SP-10L/solarPanelSP10L
[LOG 20:55:00.958] Config(PART) Squad/Parts/Electrical/1x6ShroudSolarPanels/1x6ShroudSolarPanels/solarPanels2
[LOG 20:55:00.958] Config(PART) Squad/Parts/Electrical/1x6SolarPanels/1x6SolarPanels/solarPanels4
[LOG 20:55:00.958] Config(PART) Squad/Parts/Electrical/3x2ShroudSolarPanels/3x2ShroudSolarPanels/solarPanels1
[LOG 20:55:00.958] Config(PART) Squad/Parts/Electrical/3x2SolarPanels/3x2SolarPanels/solarPanels3
[LOG 20:55:00.958] Config(PART) Squad/Parts/Electrical/gigantorXlSolarArray/gigantorXlSolarArray/largeSolarPanel
[LOG 20:55:00.958] Config(PART) Squad/Parts/Electrical/radialFlatSolarPanel/radialFlatSolarPanel/solarPanels5
[LOG 20:55:00.958] Config(PART) Squad/Parts/Electrical/RTG/RTG/rtg
[LOG 20:55:00.958] Config(PART) Squad/Parts/Electrical/z-100Battery/z-100Battery/batteryPack
[LOG 20:55:00.958] Config(PART) Squad/Parts/Electrical/z-1kBattery/z-1kBattery/batteryBank
[LOG 20:55:00.958] Config(PART) Squad/Parts/Electrical/z-200Battery/z-200Battery/batteryBankMini
[LOG 20:55:00.958] Config(PART) Squad/Parts/Electrical/z-400Battery/z-400Battery/ksp_r_largeBatteryPack
[LOG 20:55:00.958] Config(PART) Squad/Parts/Electrical/z-4kBattery/z-4kBattery/batteryBankLarge
[LOG 20:55:00.958] Config(PART) Squad/Parts/Engine/ionEngine/ionEngine/ionEngine
[LOG 20:55:00.958] Config(PART) Squad/Parts/Engine/jetEngines/jetEngineAfterburning/turboJet
[LOG 20:55:00.958] Config(PART) Squad/Parts/Engine/jetEngines/jetEngineBasic/JetEngine
[LOG 20:55:00.958] Config(PART) Squad/Parts/Engine/jetEngines/jetEngineBig/turboFanSize2
[LOG 20:55:00.958] Config(PART) Squad/Parts/Engine/jetEngines/jetEngineTurbo/turboFanEngine
[LOG 20:55:00.958] Config(PART) Squad/Parts/Engine/liquidEngine24-77/liquidEngine24-77/smallRadialEngine
[LOG 20:55:00.958] Config(PART) Squad/Parts/Engine/liquidEngine24-77_v2/liquidEngine24-77_v2/smallRadialEngine_v2
[LOG 20:55:00.958] Config(PART) Squad/Parts/Engine/liquidEngine48-7S_v2/liquidEngine48-7S_v2/liquidEngineMini_v2
[LOG 20:55:00.958] Config(PART) Squad/Parts/Engine/liquidEngineAerospike/liquidEngineAerospike/toroidalAerospike
[LOG 20:55:00.958] Config(PART) Squad/Parts/Engine/liquidEngineLV-1_v2/liquidEngineLV-1R _v2/radialEngineMini_v2
[LOG 20:55:00.958] Config(PART) Squad/Parts/Engine/liquidEngineLV-1_v2/liquidEngineLV-1_v2/microEngine_v2
[LOG 20:55:00.958] Config(PART) Squad/Parts/Engine/liquidEngineLV-909_v2/liquidEngineLV-909_v2/liquidEngine3_v2
[LOG 20:55:00.958] Config(PART) Squad/Parts/Engine/liquidEngineLV-N/liquidEngineLV-N/nuclearEngine
[LOG 20:55:00.958] Config(PART) Squad/Parts/Engine/liquidEngineLV-T30/liquidEngineLV-T30/liquidEngine
[LOG 20:55:00.958] Config(PART) Squad/Parts/Engine/liquidEngineLV-T30_v2/liquidEngineLV-T30_v2/liquidEngine_v2
[LOG 20:55:00.958] Config(PART) Squad/Parts/Engine/liquidEngineLV-T45/liquidEngineLV-T45/liquidEngine2
[LOG 20:55:00.958] Config(PART) Squad/Parts/Engine/liquidEngineLV-T45_v2/liquidEngineLV-T45_v2/liquidEngine2_v2
[LOG 20:55:00.958] Config(PART) Squad/Parts/Engine/liquidEngineMainsail_v2/liquidEngineMainsail_v2/liquidEngineMainsail_v2
[LOG 20:55:00.958] Config(PART) Squad/Parts/Engine/liquidEngineMk55/liquidEngineMk55/radialLiquidEngine1-2
[LOG 20:55:00.958] Config(PART) Squad/Parts/Engine/liquidEnginePoodle_v2/liquidEnginePoodle_v2/liquidEngine2-2_v2
[LOG 20:55:00.958] Config(PART) Squad/Parts/Engine/liquidEngineSkipper_v2/skipperLiquidEngine_v2/engineLargeSkipper_v2
[LOG 20:55:00.958] Config(PART) Squad/Parts/Engine/liquidEngineSSME/SSME/SSME
[LOG 20:55:00.958] Config(PART) Squad/Parts/Engine/MassiveSRB/part/MassiveBooster
[LOG 20:55:00.959] Config(PART) Squad/Parts/Engine/miniJet/SmallJetEngine/miniJetEngine
[LOG 20:55:00.959] Config(PART) Squad/Parts/Engine/OMSEngine/omsEngine/omsEngine
[LOG 20:55:00.959] Config(PART) Squad/Parts/Engine/rapierEngine/rapierEngine/RAPIER
[LOG 20:55:00.959] Config(PART) Squad/Parts/Engine/Size1_SRBs/solidBoosterRT-10_v2/solidBooster_v2
[LOG 20:55:00.959] Config(PART) Squad/Parts/Engine/Size1_SRBs/solidBoosterRT-5_v2/solidBooster_sm_v2
[LOG 20:55:00.959] Config(PART) Squad/Parts/Engine/Size2LFB/part/Size2LFB
[LOG 20:55:00.959] Config(PART) Squad/Parts/Engine/Size2LFB_v2/part/Size2LFB_v2
[LOG 20:55:00.959] Config(PART) Squad/Parts/Engine/Size3AdvancedEngine/part/Size3AdvancedEngine
[LOG 20:55:00.959] Config(PART) Squad/Parts/Engine/Size3EngineCluster/part/Size3EngineCluster
[LOG 20:55:00.959] Config(PART) Squad/Parts/Engine/solidBoosterBACC/solidBoosterBACC/solidBooster1-1
[LOG 20:55:00.959] Config(PART) Squad/Parts/Engine/solidBoosterS2-17/solidBoosterS2-17/Thoroughbred
[LOG 20:55:00.959] Config(PART) Squad/Parts/Engine/solidBoosterS2-33/solidBoosterS2-33/Clydesdale
[LOG 20:55:00.959] Config(PART) Squad/Parts/Engine/solidBoosterSep/solidBoosterSep/sepMotor1
[LOG 20:55:00.959] Config(PART) Squad/Parts/Engine/SolidBoostersF/SolidBoosterF3S0/Shrimp
[LOG 20:55:00.959] Config(PART) Squad/Parts/Engine/SolidBoostersF/SolidBoosterFM1/Mite
[LOG 20:55:00.959] Config(PART) Squad/Parts/FuelTank/adapterTanks/Mk3-Mk2/adapterMk3-Mk2
[LOG 20:55:00.959] Config(PART) Squad/Parts/FuelTank/adapterTanks/Mk3-ShuttleAdapter/adapterEngines
[LOG 20:55:00.959] Config(PART) Squad/Parts/FuelTank/adapterTanks/Mk3-Size2/adapterMk3-Size2
[LOG 20:55:00.959] Config(PART) Squad/Parts/FuelTank/adapterTanks/Mk3-Size2Slant/adapterMk3-Size2Slant
[LOG 20:55:00.959] Config(PART) Squad/Parts/FuelTank/adapterTanks/Size2-Mk2/adapterSize2-Mk2
[LOG 20:55:00.959] Config(PART) Squad/Parts/FuelTank/adapterTanks/Size2-Size1/adapterSize2-Size1
[LOG 20:55:00.959] Config(PART) Squad/Parts/FuelTank/adapterTanks/Size2-Size1Slant/adapterSize2-Size1Slant
[LOG 20:55:00.959] Config(PART) Squad/Parts/FuelTank/adapterTanks/Size3-Mk3/adapterSize3-Mk3
[LOG 20:55:00.959] Config(PART) Squad/Parts/FuelTank/drainTankFTE-1/ReleaseValve/ReleaseValve
[LOG 20:55:00.959] Config(PART) Squad/Parts/FuelTank/FoilTanks/RadialTank_Capsule/externalTankCapsule
[LOG 20:55:00.959] Config(PART) Squad/Parts/FuelTank/FoilTanks/RadialTank_Round/externalTankRound
[LOG 20:55:00.959] Config(PART) Squad/Parts/FuelTank/FoilTanks/ToroidTank/externalTankToroid
[LOG 20:55:00.959] Config(PART) Squad/Parts/FuelTank/fuelTankOscarB/fuelTankOscarB/miniFuelTank
[LOG 20:55:00.959] Config(PART) Squad/Parts/FuelTank/miniFuselage/miniFuselage/miniFuselage
[LOG 20:55:00.959] Config(PART) Squad/Parts/FuelTank/mk2Adapters/bicoupler/mk2_1m_Bicoupler
[LOG 20:55:00.959] Config(PART) Squad/Parts/FuelTank/mk2Adapters/long/mk2_1m_AdapterLong
[LOG 20:55:00.959] Config(PART) Squad/Parts/FuelTank/mk2Adapters/standard/mk2SpacePlaneAdapter
[LOG 20:55:00.959] Config(PART) Squad/Parts/FuelTank/mk2FuselageLong/LFO_long/mk2FuselageLongLFO
[LOG 20:55:00.959] Config(PART) Squad/Parts/FuelTank/mk2FuselageLong/L_long/mk2Fuselage
[LOG 20:55:00.959] Config(PART) Squad/Parts/FuelTank/mk2FuselageShort/LFO_short/mk2FuselageShortLFO
[LOG 20:55:00.959] Config(PART) Squad/Parts/FuelTank/mk2FuselageShort/L_short/mk2FuselageShortLiquid
[LOG 20:55:00.959] Config(PART) Squad/Parts/FuelTank/mk2FuselageShort/Mono_short/mk2FuselageShortMono
[LOG 20:55:00.959] Config(PART) Squad/Parts/FuelTank/mk3Fuselage/CREW/mk3CrewCabin
[LOG 20:55:00.959] Config(PART) Squad/Parts/FuelTank/mk3Fuselage/LFO_100/mk3FuselageLFO_100
[LOG 20:55:00.959] Config(PART) Squad/Parts/FuelTank/mk3Fuselage/LFO_25/mk3FuselageLFO_25
[LOG 20:55:00.959] Config(PART) Squad/Parts/FuelTank/mk3Fuselage/LFO_50/mk3FuselageLFO_50
[LOG 20:55:00.959] Config(PART) Squad/Parts/FuelTank/mk3Fuselage/LF_100/mk3FuselageLF_100
[LOG 20:55:00.959] Config(PART) Squad/Parts/FuelTank/mk3Fuselage/LF_25/mk3FuselageLF_25
[LOG 20:55:00.959] Config(PART) Squad/Parts/FuelTank/mk3Fuselage/LF_50/mk3FuselageLF_50
[LOG 20:55:00.960] Config(PART) Squad/Parts/FuelTank/mk3Fuselage/MONO/mk3FuselageMONO
[LOG 20:55:00.960] Config(PART) Squad/Parts/FuelTank/RCSFuelTankR1/RCSFuelTankR1/RCSTank1-2
[LOG 20:55:00.960] Config(PART) Squad/Parts/FuelTank/RCSFuelTankR10/RCSFuelTankR10/rcsTankMini
[LOG 20:55:00.960] Config(PART) Squad/Parts/FuelTank/RCSFuelTankR25/RCSFuelTankR25/RCSFuelTank
[LOG 20:55:00.960] Config(PART) Squad/Parts/FuelTank/RCSTankRadial/radialRCSTank/radialRCSTank
[LOG 20:55:00.960] Config(PART) Squad/Parts/FuelTank/RCStankRadialLong/RCSTankRadialLong/rcsTankRadialLong
[LOG 20:55:00.960] Config(PART) Squad/Parts/FuelTank/RockomaxTanks/Rockomax16/Rockomax16_BW
[LOG 20:55:00.960] Config(PART) Squad/Parts/FuelTank/RockomaxTanks/Rockomax32/Rockomax32_BW
[LOG 20:55:00.960] Config(PART) Squad/Parts/FuelTank/RockomaxTanks/Rockomax64/Rockomax64_BW
[LOG 20:55:00.960] Config(PART) Squad/Parts/FuelTank/RockomaxTanks/Rockomax8/Rockomax8BW
[LOG 20:55:00.960] Config(PART) Squad/Parts/FuelTank/Size1_Tanks/fuelTankT100/fuelTankSmallFlat
[LOG 20:55:00.960] Config(PART) Squad/Parts/FuelTank/Size1_Tanks/fuelTankT200/fuelTankSmall
[LOG 20:55:00.960] Config(PART) Squad/Parts/FuelTank/Size1_Tanks/fuelTankT400/fuelTank
[LOG 20:55:00.960] Config(PART) Squad/Parts/FuelTank/Size1_Tanks/fuelTankT800/fuelTank_long
[LOG 20:55:00.960] Config(PART) Squad/Parts/FuelTank/Size3Tanks/large/Size3LargeTank
[LOG 20:55:00.960] Config(PART) Squad/Parts/FuelTank/Size3Tanks/medium/Size3MediumTank
[LOG 20:55:00.960] Config(PART) Squad/Parts/FuelTank/Size3Tanks/small/Size3SmallTank
[LOG 20:55:00.960] Config(PART) Squad/Parts/FuelTank/xenonTank/xenonTank/xenonTank
[LOG 20:55:00.960] Config(PART) Squad/Parts/FuelTank/xenonTankLarge/xenonTankLarge/xenonTankLarge
[LOG 20:55:00.960] Config(PART) Squad/Parts/FuelTank/xenonTankRadial/xenonTankRadial/xenonTankRadial
[LOG 20:55:00.960] Config(PART) Squad/Parts/Misc/AsteroidDay/CamSat/InfraredTelescope
[LOG 20:55:00.960] Config(PART) Squad/Parts/Misc/AsteroidDay/HECS2/HECS2_ProbeCore
[LOG 20:55:00.960] Config(PART) Squad/Parts/Misc/AsteroidDay/HighGainAntenna/HighGainAntenna
[LOG 20:55:00.960] Config(PART) Squad/Parts/Misc/AsteroidDay/LgRadialSolar/LgRadialSolarPanel
[LOG 20:55:00.960] Config(PART) Squad/Parts/Misc/PotatoComet/part/PotatoComet
[LOG 20:55:00.960] Config(PART) Squad/Parts/Misc/PotatoRoid/part/PotatoRoid
[LOG 20:55:00.960] Config(PART) Squad/Parts/Prebuilt/flag/flag
[LOG 20:55:00.960] Config(PART) Squad/Parts/Prebuilt/kerbalEVA/kerbalEVA
[LOG 20:55:00.960] Config(PART) Squad/Parts/Prebuilt/kerbalEVAfemale/kerbalEVAfemale
[LOG 20:55:00.960] Config(PART) Squad/Parts/Prebuilt/kerbalEVASlimSuit/kerbalEVASlimSuit
[LOG 20:55:00.960] Config(PART) Squad/Parts/Prebuilt/kerbalEVASlimSuitFemale/kerbalEVASlimSuitFemale
[LOG 20:55:00.960] Config(PART) Squad/Parts/Resources/FuelCell/FuelCell/FuelCell
[LOG 20:55:00.960] Config(PART) Squad/Parts/Resources/FuelCell/FuelCellArray/FuelCellArray
[LOG 20:55:00.960] Config(PART) Squad/Parts/Resources/ISRU/ISRU/ISRU
[LOG 20:55:00.960] Config(PART) Squad/Parts/Resources/LargeTank/LargeTank/LargeTank
[LOG 20:55:00.960] Config(PART) Squad/Parts/Resources/MiniDrill/MiniDrill/MiniDrill
[LOG 20:55:00.960] Config(PART) Squad/Parts/Resources/MiniISRU/MiniISRU/MiniISRU
[LOG 20:55:00.960] Config(PART) Squad/Parts/Resources/OrbitalScanner/OrbitalScanner/OrbitalScanner
[LOG 20:55:00.960] Config(PART) Squad/Parts/Resources/RadialDrill/RadialDrill/RadialDrill
[LOG 20:55:00.960] Config(PART) Squad/Parts/Resources/RadialTank/RadialTank/RadialOreTank
[LOG 20:55:00.960] Config(PART) Squad/Parts/Resources/SmallTank/SmallTank/SmallTank
[LOG 20:55:00.960] Config(PART) Squad/Parts/Resources/SurfaceScanner/SurfaceScanner/SurfaceScanner
[LOG 20:55:00.960] Config(PART) Squad/Parts/Resources/SurveyScanner/SurveyScanner/SurveyScanner
[LOG 20:55:00.960] Config(PART) Squad/Parts/Science/AtmosphereSensor/sensorAtmosphere/sensorAtmosphere
[LOG 20:55:00.961] Config(PART) Squad/Parts/Science/GooExperiment/gooExperiment/GooExperiment
[LOG 20:55:00.961] Config(PART) Squad/Parts/Science/LargeCrewedLab/largeCrewedLab/Large_Crewed_Lab
[LOG 20:55:00.961] Config(PART) Squad/Parts/Science/Magnetometer/Magnetometer/Magnetometer
[LOG 20:55:00.961] Config(PART) Squad/Parts/Science/MaterialBay/materialBay/science_module
[LOG 20:55:00.961] Config(PART) Squad/Parts/Science/ScienceBox/ScienceBox/ScienceBox
[LOG 20:55:00.961] Config(PART) Squad/Parts/Science/sensorAccelerometer/sensorAccelerometer/sensorAccelerometer
[LOG 20:55:00.961] Config(PART) Squad/Parts/Science/sensorBarometer/sensorBarometer/sensorBarometer
[LOG 20:55:00.961] Config(PART) Squad/Parts/Science/sensorGravimeter/sensorGravimeter/sensorGravimeter
[LOG 20:55:00.961] Config(PART) Squad/Parts/Science/sensorThermometer/sensorThermometer/sensorThermometer
[LOG 20:55:00.961] Config(PART) Squad/Parts/Structural/FLAdapters/adapterSmallMiniShort/adapterSmallMiniShort
[LOG 20:55:00.961] Config(PART) Squad/Parts/Structural/FLAdapters/adapterSmallMiniTall/adapterSmallMiniTall
[LOG 20:55:00.961] Config(PART) Squad/Parts/Structural/mk1Parts/engineBodyRadial/radialEngineBody
[LOG 20:55:00.961] Config(PART) Squad/Parts/Structural/mk1Parts/engineNacelle/nacelleBody
[LOG 20:55:00.961] Config(PART) Squad/Parts/Structural/mk1Parts/mk1Fuselage/MK1Fuselage
[LOG 20:55:00.961] Config(PART) Squad/Parts/Structural/mk1Parts/mk1FuselageIntake/MK1IntakeFuselage
[LOG 20:55:00.961] Config(PART) Squad/Parts/Structural/mk1Parts/mk1Structural/Mk1FuselageStructural
[LOG 20:55:00.961] Config(PART) Squad/Parts/Structural/Size3To2Adapter_v2/Size2to3_v2/Size3To2Adapter_v2
[LOG 20:55:00.961] Config(PART) Squad/Parts/Structural/stackAdapters/adapterLargeSmallBi/adapterLargeSmallBi
[LOG 20:55:00.961] Config(PART) Squad/Parts/Structural/stackAdapters/adapterLargeSmallQuad/adapterLargeSmallQuad
[LOG 20:55:00.961] Config(PART) Squad/Parts/Structural/stackAdapters/adapterLargeSmallTri/adapterLargeSmallTri
[LOG 20:55:00.961] Config(PART) Squad/Parts/Structural/stationHub/stationHub/stationHub
[LOG 20:55:00.961] Config(PART) Squad/Parts/Structural/structuralIBeam200/structuralIBeam200/structuralIBeam2
[LOG 20:55:00.961] Config(PART) Squad/Parts/Structural/structuralIBeam200Pocket/structuralIBeam200Pocket/structuralIBeam3
[LOG 20:55:00.961] Config(PART) Squad/Parts/Structural/structuralIBeam650/structuralIBeam650/structuralIBeam1
[LOG 20:55:00.961] Config(PART) Squad/Parts/Structural/structuralMicronode/structuralMicronode/structuralMiniNode
[LOG 20:55:00.961] Config(PART) Squad/Parts/Structural/structuralPanel1x1/structuralPanel1x1/structuralPanel1
[LOG 20:55:00.961] Config(PART) Squad/Parts/Structural/structuralPanel2x2/structuralPanel2x2/structuralPanel2
[LOG 20:55:00.961] Config(PART) Squad/Parts/Structural/structuralPylons/smallHardpoint/smallHardpoint
[LOG 20:55:00.961] Config(PART) Squad/Parts/Structural/structuralPylons/structuralPylon/structuralPylon
[LOG 20:55:00.961] Config(PART) Squad/Parts/Structural/strutCubicOcto/strutCubicOcto/strutCube
[LOG 20:55:00.961] Config(PART) Squad/Parts/Structural/strutOcto/strutOcto/strutOcto
[LOG 20:55:00.961] Config(PART) Squad/Parts/Structural/trussGirderAdapter/trussGirderAdapter/trussAdapter
[LOG 20:55:00.961] Config(PART) Squad/Parts/Structural/trussGirderL/trussGirderL/trussPiece1x
[LOG 20:55:00.961] Config(PART) Squad/Parts/Structural/trussGirderXL/trussGirderXL/trussPiece3x
[LOG 20:55:00.961] Config(PART) Squad/Parts/Thermal/FoldingRadiators/foldingRadLarge/foldingRadLarge
[LOG 20:55:00.961] Config(PART) Squad/Parts/Thermal/FoldingRadiators/foldingRadMed/foldingRadMed
[LOG 20:55:00.961] Config(PART) Squad/Parts/Thermal/FoldingRadiators/foldingRadSmall/foldingRadSmall
[LOG 20:55:00.961] Config(PART) Squad/Parts/Thermal/RadiatorPanels/radPanelEdge/radPanelEdge
[LOG 20:55:00.961] Config(PART) Squad/Parts/Thermal/RadiatorPanels/radPanelLg/radPanelLg
[LOG 20:55:00.961] Config(PART) Squad/Parts/Thermal/RadiatorPanels/radPanelSm/radPanelSm
[LOG 20:55:00.961] Config(PART) Squad/Parts/Utility/commDish88-88/commDish88-88/commDish
[LOG 20:55:00.961] Config(PART) Squad/Parts/Utility/commsAntennaDTS-M1/commsAntennaDTS-M1/mediumDishAntenna
[LOG 20:55:00.962] Config(PART) Squad/Parts/Utility/commsDish16/commsAntenna16/longAntenna
[LOG 20:55:00.962] Config(PART) Squad/Parts/Utility/decouplerRadialHDM/decouplerRadialHDM/radialDecoupler1-2
[LOG 20:55:00.962] Config(PART) Squad/Parts/Utility/decouplerRadialTT-38K/decouplerRadialTT-38K/radialDecoupler
[LOG 20:55:00.962] Config(PART) Squad/Parts/Utility/decouplerRadialTT-70/decouplerRadialTT-70/radialDecoupler2
[LOG 20:55:00.962] Config(PART) Squad/Parts/Utility/DirectAntennas/C16S/SurfAntenna
[LOG 20:55:00.962] Config(PART) Squad/Parts/Utility/DirectAntennas/HG-5/HighGainAntenna5
[LOG 20:55:00.962] Config(PART) Squad/Parts/Utility/DirectAntennas/HG-5_v2/HighGainAntenna5_v2
[LOG 20:55:00.962] Config(PART) Squad/Parts/Utility/dockingPort/dockingPort/dockingPort2
[LOG 20:55:00.962] Config(PART) Squad/Parts/Utility/dockingPortInline/dockingPortInline/dockingPortLateral
[LOG 20:55:00.962] Config(PART) Squad/Parts/Utility/dockingPortJr/dockingPortJr/dockingPort3
[LOG 20:55:00.962] Config(PART) Squad/Parts/Utility/dockingPortShielded/dockingPortShielded/dockingPort1
[LOG 20:55:00.962] Config(PART) Squad/Parts/Utility/dockingPortSr/dockingPortSr/dockingPortLarge
[LOG 20:55:00.962] Config(PART) Squad/Parts/Utility/Fireworks/fireworksLauncherBig/fireworksLauncherBig
[LOG 20:55:00.962] Config(PART) Squad/Parts/Utility/Fireworks/fireworksLauncherSmall/fireworksLauncherSmall
[LOG 20:55:00.962] Config(PART) Squad/Parts/Utility/flags/flagFlat/flagFlat/flagPartFlat
[LOG 20:55:00.962] Config(PART) Squad/Parts/Utility/flags/flagSize0/flagSize0/flagPartSize0
[LOG 20:55:00.962] Config(PART) Squad/Parts/Utility/flags/flagSize1/flagSize1/flagPartSize1
[LOG 20:55:00.962] Config(PART) Squad/Parts/Utility/flags/flagSize2/flagSize2/flagPartSize2
[LOG 20:55:00.962] Config(PART) Squad/Parts/Utility/flags/flagSize3/flagSize3/flagPartSize3
[LOG 20:55:00.962] Config(PART) Squad/Parts/Utility/GrapplingDevice/part/GrapplingDevice
[LOG 20:55:00.962] Config(PART) Squad/Parts/Utility/ladderRadial/ladderRadial/ladder1
[LOG 20:55:00.962] Config(PART) Squad/Parts/Utility/ladderTelescopic/ladderTelescopic/telescopicLadder
[LOG 20:55:00.962] Config(PART) Squad/Parts/Utility/ladderTelescopicBay/ladderTelescopicBay/telescopicLadderBay
[LOG 20:55:00.962] Config(PART) Squad/Parts/Utility/landingLegLT-1/landingLegLT-1/landingLeg1
[LOG 20:55:00.962] Config(PART) Squad/Parts/Utility/landingLegLT-2/landingLegLT-2/landingLeg1-2
[LOG 20:55:00.962] Config(PART) Squad/Parts/Utility/landingLegLT-5/landingLegLT-5/miniLandingLeg
[LOG 20:55:00.962] Config(PART) Squad/Parts/Utility/launchClamp1/launchClamp1/launchClamp1
[LOG 20:55:00.962] Config(PART) Squad/Parts/Utility/launchEscapeSystem/part/LaunchEscapeSystem
[LOG 20:55:00.962] Config(PART) Squad/Parts/Utility/Lights/domeLight1/domeLight1
[LOG 20:55:00.962] Config(PART) Squad/Parts/Utility/Lights/groundLight1/groundLight1
[LOG 20:55:00.962] Config(PART) Squad/Parts/Utility/Lights/groundLight2/groundLight2
[LOG 20:55:00.962] Config(PART) Squad/Parts/Utility/Lights/navLight1/navLight1
[LOG 20:55:00.962] Config(PART) Squad/Parts/Utility/Lights/spotLight1/spotLight3
[LOG 20:55:00.962] Config(PART) Squad/Parts/Utility/Lights/stripLight1/stripLight1
[LOG 20:55:00.962] Config(PART) Squad/Parts/Utility/linearVernorRCS/linearRCS/linearRcs
[LOG 20:55:00.962] Config(PART) Squad/Parts/Utility/linearVernorRCS/vernorEngine/vernierEngine
[LOG 20:55:00.962] Config(PART) Squad/Parts/Utility/mk2CargoBay/BayL/mk2CargoBayL
[LOG 20:55:00.962] Config(PART) Squad/Parts/Utility/mk2CargoBay/BayS/mk2CargoBayS
[LOG 20:55:00.962] Config(PART) Squad/Parts/Utility/mk2CrewCabin/mk2CrewCabin/mk2CrewCabin
[LOG 20:55:00.962] Config(PART) Squad/Parts/Utility/mk2DockingPort/mk2DockingPort/mk2DockingPort
[LOG 20:55:00.962] Config(PART) Squad/Parts/Utility/mk3CargoBay/long/mk3CargoBayL
[LOG 20:55:00.962] Config(PART) Squad/Parts/Utility/mk3CargoBay/medium/mk3CargoBayM
[LOG 20:55:00.962] Config(PART) Squad/Parts/Utility/mk3CargoBay/ramp/mk3CargoRamp
[LOG 20:55:00.962] Config(PART) Squad/Parts/Utility/mk3CargoBay/short/mk3CargoBayS
[LOG 20:55:00.962] Config(PART) Squad/Parts/Utility/parachuteMk1/parachuteMk1/parachuteSingle
[LOG 20:55:00.963] Config(PART) Squad/Parts/Utility/parachuteMk12-R/parachuteMk12-R/radialDrogue
[LOG 20:55:00.963] Config(PART) Squad/Parts/Utility/parachuteMk16-XL/parachuteMk16-XL/parachuteLarge
[LOG 20:55:00.963] Config(PART) Squad/Parts/Utility/parachuteMk2-R/parachuteMk2-R/parachuteRadial
[LOG 20:55:00.963] Config(PART) Squad/Parts/Utility/parachuteMk25/parachuteMk25/parachuteDrogue
[LOG 20:55:00.963] Config(PART) Squad/Parts/Utility/radialAttachmentPoint/radialAttachmentPoint/stackPoint1
[LOG 20:55:00.963] Config(PART) Squad/Parts/Utility/rcsBlockRV-105_v2/rcsBlockRV-105/RCSBlock_v2
[LOG 20:55:00.963] Config(PART) Squad/Parts/Utility/rcsBlockRV-105_v2/RCSblock_01_small/RCSblock_01_small
[LOG 20:55:00.963] Config(PART) Squad/Parts/Utility/rcsSmallLinear/RCSLinearSmall/RCSLinearSmall
[LOG 20:55:00.963] Config(PART) Squad/Parts/Utility/RelayAntennas/RA-100/RelayAntenna100
[LOG 20:55:00.963] Config(PART) Squad/Parts/Utility/RelayAntennas/RA-5/RelayAntenna5
[LOG 20:55:00.963] Config(PART) Squad/Parts/Utility/RelayAntennas/RA-50/RelayAntenna50
[LOG 20:55:00.963] Config(PART) Squad/Parts/Utility/rockomaxAdapters/largeAdapter/largeAdapter
[LOG 20:55:00.963] Config(PART) Squad/Parts/Utility/rockomaxAdapters/largeAdapterShort/largeAdapter2
[LOG 20:55:00.963] Config(PART) Squad/Parts/Utility/ServiceBay_v2/ServiceBay_125_v2/ServiceBay_125_v2
[LOG 20:55:00.963] Config(PART) Squad/Parts/Utility/ServiceBay_v2/ServiceBay_250_v2/ServiceBay_250_v2
[LOG 20:55:00.963] Config(PART) Squad/Parts/Utility/smallClaw/smallClaw/smallClaw
[LOG 20:55:00.963] Config(PART) Squad/Parts/Utility/spotLightMk1/spotLightMk1/spotLight1
[LOG 20:55:00.963] Config(PART) Squad/Parts/Utility/spotLightMk1_v2/spotLightMk1_v2/spotLight1_v2
[LOG 20:55:00.963] Config(PART) Squad/Parts/Utility/spotLightMk2/spotLightMk2/spotLight2
[LOG 20:55:00.963] Config(PART) Squad/Parts/Utility/spotLightMk2_v2/spotLightMk2_v2/spotLight2_v2
[LOG 20:55:00.963] Config(PART) Squad/Parts/Utility/stackCouplers/stackBiCoupler_v2/stackBiCoupler_v2
[LOG 20:55:00.963] Config(PART) Squad/Parts/Utility/stackCouplers/stackQuadCoupler/stackQuadCoupler
[LOG 20:55:00.963] Config(PART) Squad/Parts/Utility/stackCouplers/stackTriCoupler_v2/stackTriCoupler_v2
[LOG 20:55:00.963] Config(PART) Squad/Parts/Wheel/LandingGear/GearExtraLarge/GearLarge
[LOG 20:55:00.963] Config(PART) Squad/Parts/Wheel/LandingGear/GearFixed/GearFixed
[LOG 20:55:00.963] Config(PART) Squad/Parts/Wheel/LandingGear/GearFree/GearFree
[LOG 20:55:00.963] Config(PART) Squad/Parts/Wheel/LandingGear/GearLarge/GearMedium
[LOG 20:55:00.963] Config(PART) Squad/Parts/Wheel/LandingGear/GearMedium/GearSmall
[LOG 20:55:00.963] Config(PART) Squad/Parts/Wheel/LandingGear/GearSmall/SmallGearBay
[LOG 20:55:00.963] Config(PART) Squad/Parts/Wheel/roverWheelM1/roverWheelM1/roverWheel1
[LOG 20:55:00.963] Config(PART) Squad/Parts/Wheel/roverWheelS2/roverWheelS2/roverWheel2
[LOG 20:55:00.963] Config(PART) Squad/Parts/Wheel/roverWheelTR-2L/roverWheelTR-2L/wheelMed
[LOG 20:55:00.963] Config(PART) Squad/Parts/Wheel/roverWheelXL3/roverWheelXL3/roverWheel3
[LOG 20:55:00.963] Config(PROP) Squad/Props/AltimeterThreeHands/prop/AltimeterThreeHands
[LOG 20:55:00.963] Config(PROP) Squad/Props/AtmosphereDepth/prop/AtmosphereDepth
[LOG 20:55:00.963] Config(PROP) Squad/Props/AxisIndicator/pitchConfig/AxisIndicatorPitch
[LOG 20:55:00.963] Config(PROP) Squad/Props/AxisIndicator/rollConfig/AxisIndicatorRoll
[LOG 20:55:00.963] Config(PROP) Squad/Props/AxisIndicator/yawConfig/AxisIndicatorYaw
[LOG 20:55:00.963] Config(PROP) Squad/Props/buttonsGeneric/circularButton/genericCircularButton
[LOG 20:55:00.963] Config(PROP) Squad/Props/buttonsGeneric/clusterButtons/genericClusterButtons
[LOG 20:55:00.963] Config(PROP) Squad/Props/buttonsGeneric/clusterButtons2/genericClusterButtons2
[LOG 20:55:00.963] Config(PROP) Squad/Props/buttonsGeneric/clusterKnob/genericClusterKnobs
[LOG 20:55:00.963] Config(PROP) Squad/Props/buttonsGeneric/clusterKnob2/genericClusterKnobs2
[LOG 20:55:00.963] Config(PROP) Squad/Props/buttonsGeneric/clusterMixed/genericClusterMixed
[LOG 20:55:00.963] Config(PROP) Squad/Props/buttonsGeneric/clusterSwitches01/genericClusterSwitches01
[LOG 20:55:00.964] Config(PROP) Squad/Props/buttonsGeneric/clusterSwitches02/genericClusterSwitches02
[LOG 20:55:00.964] Config(PROP) Squad/Props/buttonsGeneric/clusterSwitches03/genericClusterSwitches03
[LOG 20:55:00.964] Config(PROP) Squad/Props/buttonsGeneric/clusterSwitches04/genericClusterSwitches04
[LOG 20:55:00.964] Config(PROP) Squad/Props/buttonsGeneric/clusterSwitches05/genericClusterSwitches05
[LOG 20:55:00.964] Config(PROP) Squad/Props/buttonsGeneric/clusterSwitches06/genericClusterSwitches06
[LOG 20:55:00.964] Config(PROP) Squad/Props/buttonsGeneric/clusterSwitches07/genericClusterSwitches07
[LOG 20:55:00.964] Config(PROP) Squad/Props/buttonsGeneric/directionalKnob/genericDirectionalKnob
[LOG 20:55:00.964] Config(PROP) Squad/Props/buttonsGeneric/directionalKnob2/genericDirectionalKnob2
[LOG 20:55:00.964] Config(PROP) Squad/Props/buttonsGeneric/pullSwitch/genericPullSwitch
[LOG 20:55:00.964] Config(PROP) Squad/Props/buttonsGeneric/squareButton/genericSquareButton
[LOG 20:55:00.964] Config(PROP) Squad/Props/buttonsGeneric/standingSwitch/genericStandingSwitch
[LOG 20:55:00.964] Config(PROP) Squad/Props/buttonsGeneric/switch/genericSwitch
[LOG 20:55:00.964] Config(PROP) Squad/Props/buttonsGeneric/switchWithGuards/genericSwitchWithGuards
[LOG 20:55:00.964] Config(PROP) Squad/Props/ButtonSquare/prop/ButtonSquare
[LOG 20:55:00.964] Config(PROP) Squad/Props/circularButton/prop/circularButton
[LOG 20:55:00.964] Config(PROP) Squad/Props/Compass/prop/Compass
[LOG 20:55:00.964] Config(PROP) Squad/Props/directionalKnob/prop/directionalKnob
[LOG 20:55:00.964] Config(PROP) Squad/Props/directionalKnob2/prop/directionalKnob2
[LOG 20:55:00.964] Config(PROP) Squad/Props/IndicatorPanel/prop/IndicatorPanel
[LOG 20:55:00.964] Config(PROP) Squad/Props/IVANavBall/prop/NavBall
[LOG 20:55:00.964] Config(PROP) Squad/Props/IVANavBallNoBase/prop/NavBallNoBase
[LOG 20:55:00.964] Config(PROP) Squad/Props/ledPanelSpeed/prop/ledPanelSpeed
[LOG 20:55:00.964] Config(PROP) Squad/Props/Monitor/DockingMode/MonitorDockingMode
[LOG 20:55:00.964] Config(PROP) Squad/Props/NavBall/prop/NavBall
[LOG 20:55:00.965] Config(PROP) Squad/Props/PropsGeneric/Button_DockingMode/Button_DockingMode
[LOG 20:55:00.965] Config(PROP) Squad/Props/PropsGeneric/CargoBagA/CargoBagA
[LOG 20:55:00.965] Config(PROP) Squad/Props/PropsGeneric/CargoBagB/CargoBagB
[LOG 20:55:00.965] Config(PROP) Squad/Props/PropsGeneric/CargoBagC/CargoBagC
[LOG 20:55:00.965] Config(PROP) Squad/Props/PropsGeneric/Hatch_Plane/Hatch_Plane
[LOG 20:55:00.965] Config(PROP) Squad/Props/PropsGeneric/Hatch_Plane_Curve90/Hatch_Plane_Curve90
[LOG 20:55:00.965] Config(PROP) Squad/Props/PropsGeneric/Hatch_Plane_Frame/Hatch_Plane_Frame
[LOG 20:55:00.965] Config(PROP) Squad/Props/PropsGeneric/Seat_Passenger/Seat_Passenger
[LOG 20:55:00.965] Config(PROP) Squad/Props/PropsGeneric/Seat_Pilot/Seat_Pilot
[LOG 20:55:00.965] Config(PROP) Squad/Props/PropsGeneric/Seat_Pilot_Helmet/Seat_Pilot_Helmet
[LOG 20:55:00.965] Config(PROP) Squad/Props/PropsGeneric/SideStick/SideStick
[LOG 20:55:00.965] Config(PROP) Squad/Props/pullSwitch/prop/pullSwitch
[LOG 20:55:00.965] Config(PROP) Squad/Props/radarAltitude/prop/RadarAltimeter
[LOG 20:55:00.965] Config(PROP) Squad/Props/squareButton/prop/squareButton
[LOG 20:55:00.965] Config(PROP) Squad/Props/standingSwitch/prop/standingSwitch
[LOG 20:55:00.965] Config(PROP) Squad/Props/switch/prop/switch
[LOG 20:55:00.965] Config(PROP) Squad/Props/switchGuard/prop/switchGuard
[LOG 20:55:00.965] Config(PROP) Squad/Props/switchWithGuards/prop/switchWithGuards
[LOG 20:55:00.965] Config(PROP) Squad/Props/throttle/prop/throttle
[LOG 20:55:00.965] Config(PROP) Squad/Props/VSI/prop/VSI
[LOG 20:55:00.965] Config(SPACEOBJECTS_LIMITS) Squad/Resources/CometDefs/SPACEOBJECTS_LIMITS
[LOG 20:55:00.965] Config(COMET_MANAGER) Squad/Resources/CometDefs/COMET_MANAGER
[LOG 20:55:00.965] Config(COMET_ORBIT_TYPE) Squad/Resources/CometDefs/short
[LOG 20:55:00.965] Config(COMET_ORBIT_TYPE) Squad/Resources/CometDefs/intermediate
[LOG 20:55:00.965] Config(COMET_ORBIT_TYPE) Squad/Resources/CometDefs/long
[LOG 20:55:00.965] Config(COMET_ORBIT_TYPE) Squad/Resources/CometDefs/interstellar
[LOG 20:55:00.965] Config(FIREWORKFX_DEFINITION) Squad/Resources/FireworkFXDefinitions/classicTrail
[LOG 20:55:00.965] Config(FIREWORKFX_DEFINITION) Squad/Resources/FireworkFXDefinitions/whirlyTrail
[LOG 20:55:00.965] Config(FIREWORKFX_DEFINITION) Squad/Resources/FireworkFXDefinitions/strobeTrail
[LOG 20:55:00.965] Config(FIREWORKFX_DEFINITION) Squad/Resources/FireworkFXDefinitions/bareTrail
[LOG 20:55:00.965] Config(FIREWORKFX_DEFINITION) Squad/Resources/FireworkFXDefinitions/classicBurst
[LOG 20:55:00.965] Config(FIREWORKFX_DEFINITION) Squad/Resources/FireworkFXDefinitions/chrysBurst
[LOG 20:55:00.965] Config(FIREWORKFX_DEFINITION) Squad/Resources/FireworkFXDefinitions/palmBurst
[LOG 20:55:00.965] Config(FIREWORKFX_DEFINITION) Squad/Resources/FireworkFXDefinitions/ringBurst
[LOG 20:55:00.965] Config(FIREWORKFX_DEFINITION) Squad/Resources/FireworkFXDefinitions/crosetteBurst
[LOG 20:55:00.965] Config(FIREWORKFX_DEFINITION) Squad/Resources/FireworkFXDefinitions/willowBurst
[LOG 20:55:00.965] Config(FIREWORKFX_DEFINITION) Squad/Resources/FireworkFXDefinitions/crackeBurst
[LOG 20:55:00.965] Config(FIREWORKFX_DEFINITION) Squad/Resources/FireworkFXDefinitions/palmCrackleBurst
[LOG 20:55:00.965] Config(FIREWORKFX_DEFINITION) Squad/Resources/FireworkFXDefinitions/dragonBurst
[LOG 20:55:00.965] Config(GLOBAL_RESOURCE) Squad/Resources/Ore/GLOBAL_RESOURCE
[LOG 20:55:00.965] Config(PLANETARY_RESOURCE) Squad/Resources/Ore/PLANETARY_RESOURCE
[LOG 20:55:00.965] Config(PLANETARY_RESOURCE) Squad/Resources/Ore/PLANETARY_RESOURCE
[LOG 20:55:00.965] Config(RESOURCE_OVERLAY_CONFIGURATION_SOLID) Squad/Resources/Overlay/RESOURCE_OVERLAY_CONFIGURATION_SOLID
[LOG 20:55:00.965] Config(RESOURCE_OVERLAY_CONFIGURATION_LINES) Squad/Resources/Overlay/RESOURCE_OVERLAY_CONFIGURATION_LINES
[LOG 20:55:00.965] Config(RESOURCE_OVERLAY_CONFIGURATION_DOTS) Squad/Resources/Overlay/RESOURCE_OVERLAY_CONFIGURATION_DOTS
[LOG 20:55:00.965] Config(RESOURCE_CONFIGURATION) Squad/Resources/ResourceDefaults/RESOURCE_CONFIGURATION
[LOG 20:55:00.966] Config(RESOURCE_DEFINITION) Squad/Resources/ResourcesGeneric/LiquidFuel
[LOG 20:55:00.966] Config(RESOURCE_DEFINITION) Squad/Resources/ResourcesGeneric/Oxidizer
[LOG 20:55:00.966] Config(RESOURCE_DEFINITION) Squad/Resources/ResourcesGeneric/SolidFuel
[LOG 20:55:00.966] Config(RESOURCE_DEFINITION) Squad/Resources/ResourcesGeneric/MonoPropellant
[LOG 20:55:00.966] Config(RESOURCE_DEFINITION) Squad/Resources/ResourcesGeneric/XenonGas
[LOG 20:55:00.966] Config(RESOURCE_DEFINITION) Squad/Resources/ResourcesGeneric/ElectricCharge
[LOG 20:55:00.966] Config(RESOURCE_DEFINITION) Squad/Resources/ResourcesGeneric/IntakeAir
[LOG 20:55:00.966] Config(RESOURCE_DEFINITION) Squad/Resources/ResourcesGeneric/EVA Propellant
[LOG 20:55:00.966] Config(RESOURCE_DEFINITION) Squad/Resources/ResourcesGeneric/Ore
[LOG 20:55:00.966] Config(RESOURCE_DEFINITION) Squad/Resources/ResourcesGeneric/Ablator
[LOG 20:55:00.966] Config(EXPERIMENT_DEFINITION) Squad/Resources/ScienceDefs/EXPERIMENT_DEFINITION
[LOG 20:55:00.966] Config(EXPERIMENT_DEFINITION) Squad/Resources/ScienceDefs/EXPERIMENT_DEFINITION
[LOG 20:55:00.966] Config(EXPERIMENT_DEFINITION) Squad/Resources/ScienceDefs/EXPERIMENT_DEFINITION
[LOG 20:55:00.966] Config(EXPERIMENT_DEFINITION) Squad/Resources/ScienceDefs/EXPERIMENT_DEFINITION
[LOG 20:55:00.966] Config(EXPERIMENT_DEFINITION) Squad/Resources/ScienceDefs/EXPERIMENT_DEFINITION
[LOG 20:55:00.966] Config(EXPERIMENT_DEFINITION) Squad/Resources/ScienceDefs/EXPERIMENT_DEFINITION
[LOG 20:55:00.966] Config(EXPERIMENT_DEFINITION) Squad/Resources/ScienceDefs/EXPERIMENT_DEFINITION
[LOG 20:55:00.966] Config(EXPERIMENT_DEFINITION) Squad/Resources/ScienceDefs/EXPERIMENT_DEFINITION
[LOG 20:55:00.966] Config(EXPERIMENT_DEFINITION) Squad/Resources/ScienceDefs/EXPERIMENT_DEFINITION
[LOG 20:55:00.966] Config(EXPERIMENT_DEFINITION) Squad/Resources/ScienceDefs/EXPERIMENT_DEFINITION
[LOG 20:55:00.966] Config(EXPERIMENT_DEFINITION) Squad/Resources/ScienceDefs/EXPERIMENT_DEFINITION
[LOG 20:55:00.966] Config(EXPERIMENT_DEFINITION) Squad/Resources/ScienceDefs/EXPERIMENT_DEFINITION
[LOG 20:55:00.966] Config(EXPERIMENT_DEFINITION) Squad/Resources/ScienceDefs/EXPERIMENT_DEFINITION
[LOG 20:55:00.966] Config(EXPERIMENT_DEFINITION) Squad/Resources/ScienceDefs/EXPERIMENT_DEFINITION
[LOG 20:55:00.966] Config(EXPERIMENT_DEFINITION) Squad/Resources/ScienceDefs/EXPERIMENT_DEFINITION
[LOG 20:55:00.966] Config(EXPERIMENT_DEFINITION) Squad/Resources/ScienceDefs/EXPERIMENT_DEFINITION
[LOG 20:55:00.966] Config(EXPERIMENT_DEFINITION) Squad/Resources/ScienceDefs/EXPERIMENT_DEFINITION
[LOG 20:55:00.966] Config(EXPERIMENT_DEFINITION) Squad/Resources/ScienceDefs/EXPERIMENT_DEFINITION
[LOG 20:55:00.966] Config(STORY_DEF) Squad/Resources/StoryDefs/STORY_DEF
[LOG 20:55:00.966] Config(TechTree) Squad/Resources/TechTree/TechTree
[LOG 20:55:00.966] Config(INTERNAL) Squad/Spaces/crewCabinInternals/internal/crewCabinInternals
[LOG 20:55:00.966] Config(INTERNAL) Squad/Spaces/cupolaInternal/internal/cupolaInternal
[LOG 20:55:00.966] Config(INTERNAL) Squad/Spaces/GenericSpace1/internal/GenericSpace1
[LOG 20:55:00.966] Config(INTERNAL) Squad/Spaces/GenericSpace3/internal/GenericSpace3
[LOG 20:55:00.966] Config(INTERNAL) Squad/Spaces/landerCabinInternals/internal/landerCabinInternals
[LOG 20:55:00.966] Config(INTERNAL) Squad/Spaces/landerCabinSmallInternal/internal/landerCabinSmallInternal
[LOG 20:55:00.966] Config(INTERNAL) Squad/Spaces/LargeCrewedLabInternals/internal/Mobile_Processing_Lab_Int
[LOG 20:55:00.966] Config(INTERNAL) Squad/Spaces/Mk1-3/internal/Mk1-3
[LOG 20:55:00.966] Config(INTERNAL) Squad/Spaces/mk1CabinInternal/internal/mk1CabinInternal
[LOG 20:55:00.966] Config(INTERNAL) Squad/Spaces/mk1CockpitInternal/internal/mk1CockpitInternal
[LOG 20:55:00.966] Config(INTERNAL) Squad/Spaces/mk1InlineInternal/internal/mk1InlineInternal
[LOG 20:55:00.966] Config(INTERNAL) Squad/Spaces/mk1PodCockpit/internal/mk1PodCockpit
[LOG 20:55:00.966] Config(INTERNAL) Squad/Spaces/mk1pod_IVA/mk1pod_Internal/mk1pod_IVA
[LOG 20:55:00.966] Config(INTERNAL) Squad/Spaces/mk2CockpitStandardInternal/internal/mk2CockpitStandardInternals
[LOG 20:55:00.966] Config(INTERNAL) Squad/Spaces/Mk2CrewCabinInternal/internal_MK2_CrewCab/MK2_CrewCab_Int
[LOG 20:55:00.966] Config(INTERNAL) Squad/Spaces/mk2InlineInternal/internal/mk2InlineInternal
[LOG 20:55:00.967] Config(INTERNAL) Squad/Spaces/mk2LanderCanInternal/internal/mk2LanderCanInternal
[LOG 20:55:00.967] Config(INTERNAL) Squad/Spaces/MK3CockpitInternal/internal_MK3/MK3_Cockpit_Int
[LOG 20:55:00.967] Config(INTERNAL) Squad/Spaces/MK3_CrewCab_Int/internal_MK3_CrewCab/MK3_CrewCab_Int
[LOG 20:55:00.967] Config(INTERNAL) Squad/Spaces/Placeholder/internal/Placeholder
[LOG 20:55:00.967] Config(INTERNAL) Squad/Spaces/PodCockpit/internal/PodCockpit
[LOG 20:55:00.967] Config(STRATEGY_DEPARTMENT) Squad/Strategies/Departments/Finances
[LOG 20:55:00.967] Config(STRATEGY_DEPARTMENT) Squad/Strategies/Departments/Science
[LOG 20:55:00.967] Config(STRATEGY_DEPARTMENT) Squad/Strategies/Departments/Public Relations
[LOG 20:55:00.967] Config(STRATEGY_DEPARTMENT) Squad/Strategies/Departments/Operations
[LOG 20:55:00.967] Config(STRATEGY) Squad/Strategies/Strategies/AppreciationCampaignCfg
[LOG 20:55:00.967] Config(STRATEGY) Squad/Strategies/Strategies/FundraisingCampaignCfg
[LOG 20:55:00.967] Config(STRATEGY) Squad/Strategies/Strategies/OpenSourceTechProgramCfg
[LOG 20:55:00.967] Config(STRATEGY) Squad/Strategies/Strategies/UnpaidResearchProgramCfg
[LOG 20:55:00.967] Config(STRATEGY) Squad/Strategies/Strategies/OutsourcedResearchCfg
[LOG 20:55:00.967] Config(STRATEGY) Squad/Strategies/Strategies/PatentsLicensingCfg
[LOG 20:55:00.967] Config(STRATEGY) Squad/Strategies/Strategies/AgressiveNegotiations
[LOG 20:55:00.967] Config(STRATEGY) Squad/Strategies/Strategies/RecoveryTransponders
[LOG 20:55:00.967] Config(STRATEGY) Squad/Strategies/Strategies/BailoutGrant
[LOG 20:55:00.967] Config(STRATEGY) Squad/Strategies/Strategies/researchIPsellout
[LOG 20:55:00.967] Config(STRATEGY) Squad/Strategies/Strategies/LeadershipInitiative
[LOG 20:55:00.967] Config(TUTORIAL) Squad/Tutorials/FlightSuborbital/FlightSuborbital
[LOG 20:55:00.967] Config(TUTORIAL) Squad/Tutorials/FromMun/FromMun
[LOG 20:55:00.967] Config(TUTORIAL) Squad/Tutorials/GoForOrbit/GoForOrbit
[LOG 20:55:00.967] Config(MISSIONPACK) SquadExpansion/MakingHistory/Missions/MissionPacks/squad_MakingHistory
[LOG 20:55:00.967] Config(MISSIONPACK) SquadExpansion/MakingHistory/Missions/MissionPacks/squad_MakingHistory_Other
[LOG 20:55:00.967] Config(MISSIONPACK) SquadExpansion/MakingHistory/Missions/MissionPacks/squad_MakingHistory_Tutorial
[LOG 20:55:00.967] Config(MEBASICNODE) SquadExpansion/MakingHistory/Nodes/AccuracyLogic/TestAccuracyLogic
[LOG 20:55:00.967] Config(MEBASICNODE) SquadExpansion/MakingHistory/Nodes/ActionChancePartResourceLevels/ActionPartResourceAmount
[LOG 20:55:00.967] Config(MEBASICNODE) SquadExpansion/MakingHistory/Nodes/ActionExplode/ActionVesselExplode
[LOG 20:55:00.967] Config(MEBASICNODE) SquadExpansion/MakingHistory/Nodes/ActionMissionScore/MissionScore
[LOG 20:55:00.967] Config(MEBASICNODE) SquadExpansion/MakingHistory/Nodes/ActionModifierFunds/ModifyFunds
[LOG 20:55:00.967] Config(MEBASICNODE) SquadExpansion/MakingHistory/Nodes/ActionModifierScore/MissionScore
[LOG 20:55:00.967] Config(MEBASICNODE) SquadExpansion/MakingHistory/Nodes/ActionPartExplode/ActionPartExplode
[LOG 20:55:00.967] Config(MEBASICNODE) SquadExpansion/MakingHistory/Nodes/ActionPartResourceDrain/ActionPartResourceDrain
[LOG 20:55:00.967] Config(MEBASICNODE) SquadExpansion/MakingHistory/Nodes/ActionVesselActionGroup/ActionVesselActionGroup
[LOG 20:55:00.967] Config(MEBASICNODE) SquadExpansion/MakingHistory/Nodes/ActionVesselStage/ActionVesselStage
[LOG 20:55:00.967] Config(MEBASICNODE) SquadExpansion/MakingHistory/Nodes/CreateAsteroid/CreateAsteroid
[LOG 20:55:00.967] Config(MEBASICNODE) SquadExpansion/MakingHistory/Nodes/CreateComet/CreateComet
[LOG 20:55:00.967] Config(MEBASICNODE) SquadExpansion/MakingHistory/Nodes/CreateFlag/CreateFlag
[LOG 20:55:00.967] Config(MEBASICNODE) SquadExpansion/MakingHistory/Nodes/CreateLaunchSite/CreateLaunchSite
[LOG 20:55:00.967] Config(MEBASICNODE) SquadExpansion/MakingHistory/Nodes/CreateVessel/CreateVessel
[LOG 20:55:00.967] Config(MEBASICNODE) SquadExpansion/MakingHistory/Nodes/CrewAssignment/TestCrewAssignment
[LOG 20:55:00.967] Config(MEBASICNODE) SquadExpansion/MakingHistory/Nodes/Destroyed/Crashed
[LOG 20:55:00.967] Config(MEBASICNODE) SquadExpansion/MakingHistory/Nodes/DialogMessage/DialogMessage
[LOG 20:55:00.967] Config(MEBASICNODE) SquadExpansion/MakingHistory/Nodes/Distance/Distance
[LOG 20:55:00.968] Config(MEBASICNODE) SquadExpansion/MakingHistory/Nodes/EmptyFalse/EmptyFalse
[LOG 20:55:00.968] Config(MEBASICNODE) SquadExpansion/MakingHistory/Nodes/EmptyTrue/EmptyTrue
[LOG 20:55:00.968] Config(MEBASICNODE) SquadExpansion/MakingHistory/Nodes/EscapeSOI/SOILeft
[LOG 20:55:00.968] Config(MEBASICNODE) SquadExpansion/MakingHistory/Nodes/EVA/EVA
[LOG 20:55:00.968] Config(MEBASICNODE) SquadExpansion/MakingHistory/Nodes/Flying/Flying
[LOG 20:55:00.968] Config(MEBASICNODE) SquadExpansion/MakingHistory/Nodes/FundsRecovery/FundsRecovery
[LOG 20:55:00.968] Config(MEBASICNODE) SquadExpansion/MakingHistory/Nodes/KerbalBoarded/TestKerbalBoarded
[LOG 20:55:00.968] Config(MEBASICNODE) SquadExpansion/MakingHistory/Nodes/KerbalKilled/EVA
[LOG 20:55:00.968] Config(MEBASICNODE) SquadExpansion/MakingHistory/Nodes/KerbalRecovery/KerbalRecovery
[LOG 20:55:00.968] Config(MEBASICNODE) SquadExpansion/MakingHistory/Nodes/KerbalRescue/KerbalRescue
[LOG 20:55:00.968] Config(MEBASICNODE) SquadExpansion/MakingHistory/Nodes/Landed/Landed
[LOG 20:55:00.968] Config(MEBASICNODE) SquadExpansion/MakingHistory/Nodes/Message/Message
[LOG 20:55:00.968] Config(MEBASICNODE) SquadExpansion/MakingHistory/Nodes/MissionFunds/MissionFunds
[LOG 20:55:00.968] Config(MEBASICNODE) SquadExpansion/MakingHistory/Nodes/MissionScore/MissionScore
[LOG 20:55:00.968] Config(MEBASICNODE) SquadExpansion/MakingHistory/Nodes/Orbit/Orbit
[LOG 20:55:00.968] Config(MEBASICNODE) SquadExpansion/MakingHistory/Nodes/OrbitParams/OrbitParams
[LOG 20:55:00.968] Config(MEBASICNODE) SquadExpansion/MakingHistory/Nodes/PartDocking/TestPartDocking
[LOG 20:55:00.968] Config(MEBASICNODE) SquadExpansion/MakingHistory/Nodes/PartFailure/PartFailure
[LOG 20:55:00.968] Config(MEBASICNODE) SquadExpansion/MakingHistory/Nodes/PartGrapple/TestGrapple
[LOG 20:55:00.968] Config(MEBASICNODE) SquadExpansion/MakingHistory/Nodes/PartRepair/PartRepair
[LOG 20:55:00.968] Config(MEBASICNODE) SquadExpansion/MakingHistory/Nodes/PlaceKerbal/CreateKerbal
[LOG 20:55:00.968] Config(MEBASICNODE) SquadExpansion/MakingHistory/Nodes/PlantFlag/PlantFlag
[LOG 20:55:00.968] Config(MEBASICNODE) SquadExpansion/MakingHistory/Nodes/ReachSOI/ReachSOI
[LOG 20:55:00.968] Config(MEBASICNODE) SquadExpansion/MakingHistory/Nodes/Resource/ResourceAmount
[LOG 20:55:00.968] Config(MEBASICNODE) SquadExpansion/MakingHistory/Nodes/ResourceRecovery/TestResourcesRecovery
[LOG 20:55:00.968] Config(MEBASICNODE) SquadExpansion/MakingHistory/Nodes/ScienceExperiment/ScienceExperiment
[LOG 20:55:00.968] Config(MEBASICNODE) SquadExpansion/MakingHistory/Nodes/SetCamera/SetCamera
[LOG 20:55:00.968] Config(MEBASICNODE) SquadExpansion/MakingHistory/Nodes/SplashDown/SplashDown
[LOG 20:55:00.968] Config(MEBASICNODE) SquadExpansion/MakingHistory/Nodes/StageActivated/TestVesselStageActivated
[LOG 20:55:00.968] Config(MEBASICNODE) SquadExpansion/MakingHistory/Nodes/TakeKerbal/TestTakeKerbal
[LOG 20:55:00.968] Config(MEBASICNODE) SquadExpansion/MakingHistory/Nodes/TestFlyThrough/TestFlyThrough
[LOG 20:55:00.968] Config(MEBASICNODE) SquadExpansion/MakingHistory/Nodes/TestGoTo/TestGoTo
[LOG 20:55:00.968] Config(MEBASICNODE) SquadExpansion/MakingHistory/Nodes/TimeMET/TimeMET
[LOG 20:55:00.968] Config(MEBASICNODE) SquadExpansion/MakingHistory/Nodes/TimeOfMission/TimeOfMission
[LOG 20:55:00.968] Config(MEBASICNODE) SquadExpansion/MakingHistory/Nodes/TimeSinceNode/TestTimeSinceNode
[LOG 20:55:00.968] Config(MEBASICNODE) SquadExpansion/MakingHistory/Nodes/VesselActiveCount/TestVesselActiveCount
[LOG 20:55:00.968] Config(MEBASICNODE) SquadExpansion/MakingHistory/Nodes/VesselAltitudeGoal/VesselAltitudeGoal
[LOG 20:55:00.968] Config(MEBASICNODE) SquadExpansion/MakingHistory/Nodes/VesselCrewCount/VeselCrewCount
[LOG 20:55:00.968] Config(MEBASICNODE) SquadExpansion/MakingHistory/Nodes/VesselMassLogic/VesselMass
[LOG 20:55:00.968] Config(MEBASICNODE) SquadExpansion/MakingHistory/Nodes/VesselPartCount/PartCount
[LOG 20:55:00.968] Config(MEBASICNODE) SquadExpansion/MakingHistory/Nodes/VesselRecovery/TestVesselRecovery
[LOG 20:55:00.968] Config(MEBASICNODE) SquadExpansion/MakingHistory/Nodes/VesselStage/TestVesselStage
[LOG 20:55:00.968] Config(MEBASICNODE) SquadExpansion/MakingHistory/Nodes/VesselVelocity/VesselVelocity
[LOG 20:55:00.968] Config(PART) SquadExpansion/MakingHistory/Parts/Aero/protectiveRocketNoseMk16/rocketNoseCone_size4/rocketNoseConeSize4
[LOG 20:55:00.968] Config(PART) SquadExpansion/MakingHistory/Parts/Aero/protectiveRocketNoseMk5A/Size_1_5_Cone/Size_1_5_Cone
[LOG 20:55:00.968] Config(PART) SquadExpansion/MakingHistory/Parts/Coupling/Decoupler_1p5/Decoupler_1p5
[LOG 20:55:00.969] Config(PART) SquadExpansion/MakingHistory/Parts/Coupling/Decoupler_4/Decoupler_4
[LOG 20:55:00.969] Config(PART) SquadExpansion/MakingHistory/Parts/Coupling/EnginePlate_1p5/EnginePlate1p5
[LOG 20:55:00.969] Config(PART) SquadExpansion/MakingHistory/Parts/Coupling/EnginePlate_2/EnginePlate2
[LOG 20:55:00.969] Config(PART) SquadExpansion/MakingHistory/Parts/Coupling/EnginePlate_3/EnginePlate3
[LOG 20:55:00.969] Config(PART) SquadExpansion/MakingHistory/Parts/Coupling/EnginePlate_4/EnginePlate4
[LOG 20:55:00.969] Config(PART) SquadExpansion/MakingHistory/Parts/Coupling/EnginePlate_5/EnginePlate5
[LOG 20:55:00.969] Config(PART) SquadExpansion/MakingHistory/Parts/Coupling/InflatableAirlock/InflatableAirlock
[LOG 20:55:00.969] Config(PART) SquadExpansion/MakingHistory/Parts/Coupling/Separator_1p5/Separator_1p5
[LOG 20:55:00.969] Config(PART) SquadExpansion/MakingHistory/Parts/Coupling/Separator_4/Separator_4
[LOG 20:55:00.969] Config(PART) SquadExpansion/MakingHistory/Parts/Coupling/Size1p5_Strut_Decoupler/Size1p5_Strut_Decoupler
[LOG 20:55:00.969] Config(PART) SquadExpansion/MakingHistory/Parts/Engine/LiquidEngineKE-1/LiquidEngineKE-1
[LOG 20:55:00.969] Config(PART) SquadExpansion/MakingHistory/Parts/Engine/LiquidEngineLV-T91/LiquidEngineLV-T91
[LOG 20:55:00.969] Config(PART) SquadExpansion/MakingHistory/Parts/Engine/LiquidEngineLV-TX87/LiquidEngineLV-TX87
[LOG 20:55:00.969] Config(PART) SquadExpansion/MakingHistory/Parts/Engine/LiquidEngineRE-I2/LiquidEngineRE-I2
[LOG 20:55:00.969] Config(PART) SquadExpansion/MakingHistory/Parts/Engine/LiquidEngineRE-J10/LiquidEngineRE-J10
[LOG 20:55:00.969] Config(PART) SquadExpansion/MakingHistory/Parts/Engine/LiquidEngineRK-7/LiquidEngineRK-7
[LOG 20:55:00.969] Config(PART) SquadExpansion/MakingHistory/Parts/Engine/LiquidEngineRV-1/LiquidEngineRV-1
[LOG 20:55:00.969] Config(PART) SquadExpansion/MakingHistory/Parts/Engine/solidBoosterTHK/solidBoosterTHK/Pollux
[LOG 20:55:00.969] Config(PART) SquadExpansion/MakingHistory/Parts/FuelTank/MonoPropMini/monopropMiniSphere
[LOG 20:55:00.969] Config(PART) SquadExpansion/MakingHistory/Parts/FuelTank/Size1p5_Monoprop/Size1p5_Monoprop
[LOG 20:55:00.969] Config(PART) SquadExpansion/MakingHistory/Parts/FuelTank/Size1p5_Size0_Adapter_01/Size1p5_Size0_Adapter_01
[LOG 20:55:00.969] Config(PART) SquadExpansion/MakingHistory/Parts/FuelTank/Size1p5_Size1_Adapter_01/Size1p5_Size1_Adapter_01
[LOG 20:55:00.969] Config(PART) SquadExpansion/MakingHistory/Parts/FuelTank/Size1p5_Size1_Adapter_02/Size1p5_Size1_Adapter_02
[LOG 20:55:00.969] Config(PART) SquadExpansion/MakingHistory/Parts/FuelTank/Size1p5_Size2_Adapter_01/Size1p5_Size2_Adapter_01
[LOG 20:55:00.969] Config(PART) SquadExpansion/MakingHistory/Parts/FuelTank/Size1p5_Tank_01/Size1p5_Tank_01
[LOG 20:55:00.969] Config(PART) SquadExpansion/MakingHistory/Parts/FuelTank/Size1p5_Tank_02/Size1p5_Tank_02
[LOG 20:55:00.969] Config(PART) SquadExpansion/MakingHistory/Parts/FuelTank/Size1p5_Tank_03/Size1p5_Tank_03
[LOG 20:55:00.969] Config(PART) SquadExpansion/MakingHistory/Parts/FuelTank/Size1p5_Tank_04/Size1p5_Tank_04
[LOG 20:55:00.969] Config(PART) SquadExpansion/MakingHistory/Parts/FuelTank/Size1p5_Tank_05/Size1p5_Tank_05
[LOG 20:55:00.969] Config(PART) SquadExpansion/MakingHistory/Parts/FuelTank/Size3_Size4_Adapter_01/Size3_Size4_Adapter_01
[LOG 20:55:00.969] Config(PART) SquadExpansion/MakingHistory/Parts/FuelTank/Size4_EngineAdapter_01/Size4_EngineAdapter_01
[LOG 20:55:00.969] Config(PART) SquadExpansion/MakingHistory/Parts/FuelTank/Size4_Tank_01/Size4_Tank_01
[LOG 20:55:00.969] Config(PART) SquadExpansion/MakingHistory/Parts/FuelTank/Size4_Tank_02/Size4_Tank_02
[LOG 20:55:00.969] Config(PART) SquadExpansion/MakingHistory/Parts/FuelTank/Size4_Tank_03/Size4_Tank_03
[LOG 20:55:00.969] Config(PART) SquadExpansion/MakingHistory/Parts/FuelTank/Size4_Tank_04/Size4_Tank_04
[LOG 20:55:00.969] Config(PART) SquadExpansion/MakingHistory/Parts/Ground/RoverWheel/roverWheelM1-F
[LOG 20:55:00.969] Config(PART) SquadExpansion/MakingHistory/Parts/Payload/fairingSize1p5/fairingSize1p5
[LOG 20:55:00.969] Config(PART) SquadExpansion/MakingHistory/Parts/Payload/fairingSize4/fairingSize4
[LOG 20:55:00.969] Config(PART) SquadExpansion/MakingHistory/Parts/Payload/Size1to0ServiceModule/Size1to0ServiceModule
[LOG 20:55:00.969] Config(PART) SquadExpansion/MakingHistory/Parts/Payload/SM18/ServiceModule18
[LOG 20:55:00.969] Config(PART) SquadExpansion/MakingHistory/Parts/Payload/SM25/ServiceModule25
[LOG 20:55:00.969] Config(PART) SquadExpansion/MakingHistory/Parts/Pods/KV1Pod/kv1Pod
[LOG 20:55:00.970] Config(PART) SquadExpansion/MakingHistory/Parts/Pods/KV2Pod/kv2Pod
[LOG 20:55:00.970] Config(PART) SquadExpansion/MakingHistory/Parts/Pods/KV3Pod/kv3Pod
[LOG 20:55:00.970] Config(PART) SquadExpansion/MakingHistory/Parts/Pods/Mk2Pod/Mk2Pod
[LOG 20:55:00.970] Config(PART) SquadExpansion/MakingHistory/Parts/Pods/Size1_5_Lander/MEMLander
[LOG 20:55:00.970] Config(PART) SquadExpansion/MakingHistory/Parts/Prebuilt/kerbalEVAfemaleVintage/kerbalEVAfemaleVintage
[LOG 20:55:00.970] Config(PART) SquadExpansion/MakingHistory/Parts/Prebuilt/kerbalEVAVintage/kerbalEVAVintage
[LOG 20:55:00.970] Config(PART) SquadExpansion/MakingHistory/Parts/Structural/EquiTriangle0/EquiTriangle0
[LOG 20:55:00.970] Config(PART) SquadExpansion/MakingHistory/Parts/Structural/EquiTriangle1/EquiTriangle1
[LOG 20:55:00.970] Config(PART) SquadExpansion/MakingHistory/Parts/Structural/EquiTriangle1p5/EquiTriangle1p5
[LOG 20:55:00.970] Config(PART) SquadExpansion/MakingHistory/Parts/Structural/EquiTriangle2/EquiTriangle2
[LOG 20:55:00.970] Config(PART) SquadExpansion/MakingHistory/Parts/Structural/Panel0/Panel0
[LOG 20:55:00.970] Config(PART) SquadExpansion/MakingHistory/Parts/Structural/Panel1/Panel1
[LOG 20:55:00.970] Config(PART) SquadExpansion/MakingHistory/Parts/Structural/Panel1p5/Panel1p5
[LOG 20:55:00.970] Config(PART) SquadExpansion/MakingHistory/Parts/Structural/Panel2/Panel2
[LOG 20:55:00.970] Config(PART) SquadExpansion/MakingHistory/Parts/Structural/Triangle0/Triangle0
[LOG 20:55:00.970] Config(PART) SquadExpansion/MakingHistory/Parts/Structural/Triangle1/Triangle1
[LOG 20:55:00.970] Config(PART) SquadExpansion/MakingHistory/Parts/Structural/Triangle1p5/Triangle1p5
[LOG 20:55:00.970] Config(PART) SquadExpansion/MakingHistory/Parts/Structural/Triangle2/Triangle2
[LOG 20:55:00.970] Config(PART) SquadExpansion/MakingHistory/Parts/Structural/Tube1/Tube1
[LOG 20:55:00.970] Config(PART) SquadExpansion/MakingHistory/Parts/Structural/Tube1p5/Tube1p5
[LOG 20:55:00.970] Config(PART) SquadExpansion/MakingHistory/Parts/Structural/Tube2/Tube2
[LOG 20:55:00.970] Config(PART) SquadExpansion/MakingHistory/Parts/Structural/Tube3/Tube3
[LOG 20:55:00.970] Config(PART) SquadExpansion/MakingHistory/Parts/Structural/Tube4/Tube4
[LOG 20:55:00.970] Config(PART) SquadExpansion/MakingHistory/Parts/Thermal/HeatShield1p5/HeatShield1p5
[LOG 20:55:00.970] Config(PART) SquadExpansion/MakingHistory/Parts/Utility/flags/flagSize1p5/flagSize1p5/flagPartSize1p5
[LOG 20:55:00.970] Config(PART) SquadExpansion/MakingHistory/Parts/Utility/flags/flagSize4/flagSize4/flagPartSize4
[LOG 20:55:00.970] Config(INTERNAL) SquadExpansion/MakingHistory/Spaces/KVPods/Airlock_Internal/Airlock_IVA
[LOG 20:55:00.970] Config(INTERNAL) SquadExpansion/MakingHistory/Spaces/KVPods/KV1_Internal/KV1_IVA
[LOG 20:55:00.970] Config(INTERNAL) SquadExpansion/MakingHistory/Spaces/KVPods/KV2_Internal/KV2_IVA
[LOG 20:55:00.970] Config(INTERNAL) SquadExpansion/MakingHistory/Spaces/KVPods/KV3_Internal/KV3_IVA
[LOG 20:55:00.970] Config(INTERNAL) SquadExpansion/MakingHistory/Spaces/MEM/MEM_IVA/MEM_IVA
[LOG 20:55:00.970] Config(INTERNAL) SquadExpansion/MakingHistory/Spaces/Mk2Pod/Mk2Pod_Internal/MK2POD_IVA
[LOG 20:55:00.970] Config(Contracts) SquadExpansion/Serenity/Contracts/contracts/Contracts
[LOG 20:55:00.970] Config(EXPERIENCE_TRAIT) SquadExpansion/Serenity/Experience/Traits/Engineer
[LOG 20:55:00.970] Config(EXPERIENCE_TRAIT) SquadExpansion/Serenity/Experience/Traits/Scientist
[LOG 20:55:00.970] Config(Localization) SquadExpansion/Serenity/Localization/dictionary/Localization
[LOG 20:55:00.970] Config(PART) SquadExpansion/Serenity/Parts/Aero/FanShroud_01/FanShroud_01
[LOG 20:55:00.970] Config(PART) SquadExpansion/Serenity/Parts/Aero/FanShroud_02/FanShroud_02
[LOG 20:55:00.970] Config(PART) SquadExpansion/Serenity/Parts/Aero/FanShroud_03/FanShroud_03
[LOG 20:55:00.970] Config(PART) SquadExpansion/Serenity/Parts/Aero/noseconeTiny/noseconeTiny
[LOG 20:55:00.971] Config(PART) SquadExpansion/Serenity/Parts/Aero/noseconeVS/noseconeVS
[LOG 20:55:00.971] Config(PART) SquadExpansion/Serenity/Parts/DeployedScience/centralStation/DeployedCentralStation
[LOG 20:55:00.971] Config(PART) SquadExpansion/Serenity/Parts/DeployedScience/gooObservation/DeployedGoExOb
[LOG 20:55:00.971] Config(PART) SquadExpansion/Serenity/Parts/DeployedScience/ionCollector/DeployedIONExp
[LOG 20:55:00.971] Config(PART) SquadExpansion/Serenity/Parts/DeployedScience/rtg/DeployedRTG
[LOG 20:55:00.971] Config(PART) SquadExpansion/Serenity/Parts/DeployedScience/satDish/DeployedSatDish
[LOG 20:55:00.971] Config(PART) SquadExpansion/Serenity/Parts/DeployedScience/seismicSensor/DeployedSeismicSensor
[LOG 20:55:00.971] Config(PART) SquadExpansion/Serenity/Parts/DeployedScience/solarPanel/DeployedSolarPanel
[LOG 20:55:00.971] Config(PART) SquadExpansion/Serenity/Parts/DeployedScience/weatherStation/DeployedWeatherStn
[LOG 20:55:00.971] Config(PART) SquadExpansion/Serenity/Parts/Prebuilt/kerbalEVA/kerbalEVA
[LOG 20:55:00.971] Config(PART) SquadExpansion/Serenity/Parts/Prebuilt/kerbalEVAfemale/kerbalEVAfemale
[LOG 20:55:00.971] Config(PART) SquadExpansion/Serenity/Parts/Prebuilt/kerbalEVAfemaleFuture/kerbalEVAfemaleFuture
[LOG 20:55:00.971] Config(PART) SquadExpansion/Serenity/Parts/Prebuilt/kerbalEVAfemaleVintage/kerbalEVAfemaleVintage
[LOG 20:55:00.971] Config(PART) SquadExpansion/Serenity/Parts/Prebuilt/kerbalEVAFuture/kerbalEVAFuture
[LOG 20:55:00.971] Config(PART) SquadExpansion/Serenity/Parts/Prebuilt/kerbalEVASlimSuit/kerbalEVASlimSuit
[LOG 20:55:00.971] Config(PART) SquadExpansion/Serenity/Parts/Prebuilt/kerbalEVASlimSuitFemale/kerbalEVASlimSuitFemale
[LOG 20:55:00.971] Config(PART) SquadExpansion/Serenity/Parts/Prebuilt/kerbalEVAVintage/kerbalEVAVintage
[LOG 20:55:00.971] Config(PART) SquadExpansion/Serenity/Parts/Propellers/largeFanBlade/largeFanBlade
[LOG 20:55:00.971] Config(PART) SquadExpansion/Serenity/Parts/Propellers/largeHeliBlade/largeHeliBlade
[LOG 20:55:00.971] Config(PART) SquadExpansion/Serenity/Parts/Propellers/largePropeller/largePropeller
[LOG 20:55:00.971] Config(PART) SquadExpansion/Serenity/Parts/Propellers/mediumFanBlade/mediumFanBlade
[LOG 20:55:00.971] Config(PART) SquadExpansion/Serenity/Parts/Propellers/mediumHeliBlade/mediumHeliBlade
[LOG 20:55:00.971] Config(PART) SquadExpansion/Serenity/Parts/Propellers/mediumPropeller/mediumPropeller
[LOG 20:55:00.971] Config(PART) SquadExpansion/Serenity/Parts/Propellers/smallFanBlade/smallFanBlade
[LOG 20:55:00.971] Config(PART) SquadExpansion/Serenity/Parts/Propellers/smallHeliBlade/smallHeliBlade
[LOG 20:55:00.971] Config(PART) SquadExpansion/Serenity/Parts/Propellers/smallPropeller/smallPropeller
[LOG 20:55:00.971] Config(PART) SquadExpansion/Serenity/Parts/Robotics/hinge_01/hinge_01
[LOG 20:55:00.971] Config(PART) SquadExpansion/Serenity/Parts/Robotics/hinge_01_s/hinge_01_s
[LOG 20:55:00.971] Config(PART) SquadExpansion/Serenity/Parts/Robotics/hinge_03/hinge_03
[LOG 20:55:00.971] Config(PART) SquadExpansion/Serenity/Parts/Robotics/hinge_03_s/hinge_03_s
[LOG 20:55:00.971] Config(PART) SquadExpansion/Serenity/Parts/Robotics/hinge_04/hinge_04
[LOG 20:55:00.971] Config(PART) SquadExpansion/Serenity/Parts/Robotics/piston_01/piston_01
[LOG 20:55:00.971] Config(PART) SquadExpansion/Serenity/Parts/Robotics/piston_02/piston_02
[LOG 20:55:00.971] Config(PART) SquadExpansion/Serenity/Parts/Robotics/piston_03/piston_03
[LOG 20:55:00.971] Config(PART) SquadExpansion/Serenity/Parts/Robotics/piston_04/piston_04
[LOG 20:55:00.971] Config(PART) SquadExpansion/Serenity/Parts/Robotics/RotorEngine_02/RotorEngine_02
[LOG 20:55:00.971] Config(PART) SquadExpansion/Serenity/Parts/Robotics/RotorEngine_03/RotorEngine_03
[LOG 20:55:00.971] Config(PART) SquadExpansion/Serenity/Parts/Robotics/rotor_01/rotor_01
[LOG 20:55:00.971] Config(PART) SquadExpansion/Serenity/Parts/Robotics/rotor_01s/rotor_01s
[LOG 20:55:00.971] Config(PART) SquadExpansion/Serenity/Parts/Robotics/rotor_02/rotor_02
[LOG 20:55:00.971] Config(PART) SquadExpansion/Serenity/Parts/Robotics/rotor_02s/rotor_02s
[LOG 20:55:00.971] Config(PART) SquadExpansion/Serenity/Parts/Robotics/rotor_03/rotor_03
[LOG 20:55:00.971] Config(PART) SquadExpansion/Serenity/Parts/Robotics/rotor_03s/rotor_03s
[LOG 20:55:00.971] Config(PART) SquadExpansion/Serenity/Parts/Robotics/rotoServo_00/rotoServo_00
[LOG 20:55:00.971] Config(PART) SquadExpansion/Serenity/Parts/Robotics/rotoServo_02/rotoServo_02
[LOG 20:55:00.972] Config(PART) SquadExpansion/Serenity/Parts/Robotics/rotoServo_03/rotoServo_03
[LOG 20:55:00.972] Config(PART) SquadExpansion/Serenity/Parts/Robotics/rotoServo_04/rotoServo_04
[LOG 20:55:00.972] Config(PART) SquadExpansion/Serenity/Parts/Robotics/Controllers/KAL1000/controller1000
[LOG 20:55:00.972] Config(PART) SquadExpansion/Serenity/Parts/Science/RobotArmScanner/RobotArmScanner_S1/RobotArmScanner_S1
[LOG 20:55:00.972] Config(PART) SquadExpansion/Serenity/Parts/Science/RobotArmScanner/RobotArmScanner_S2/RobotArmScanner_S2
[LOG 20:55:00.972] Config(PART) SquadExpansion/Serenity/Parts/Science/RobotArmScanner/RobotArmScanner_S3/RobotArmScanner_S3
[LOG 20:55:00.972] Config(PART) SquadExpansion/Serenity/Parts/Structural/gripPads/lGripPad/lGripPad
[LOG 20:55:00.972] Config(PART) SquadExpansion/Serenity/Parts/Structural/gripPads/lGripStrip/lGripStrip
[LOG 20:55:00.972] Config(PART) SquadExpansion/Serenity/Parts/Structural/gripPads/mGripPad/mGripPad
[LOG 20:55:00.972] Config(PART) SquadExpansion/Serenity/Parts/Structural/gripPads/sGripPad/sGripPad
[LOG 20:55:00.972] Config(PART) SquadExpansion/Serenity/Parts/Structural/gripPads/sGripStrip/sGripStrip
[LOG 20:55:00.972] Config(DEPLOYEDSCIENCE) SquadExpansion/Serenity/Resources/DeployedScience/DEPLOYEDSCIENCE
[LOG 20:55:00.972] Config(PHYSICMATERIAL_DEFINITION) SquadExpansion/Serenity/Resources/PhysicsMaterials/MediumGrip
[LOG 20:55:00.972] Config(PHYSICMATERIAL_DEFINITION) SquadExpansion/Serenity/Resources/PhysicsMaterials/HighGrip
[LOG 20:55:00.972] Config(PHYSICMATERIAL_DEFINITION) SquadExpansion/Serenity/Resources/PhysicsMaterials/ExtremeGrip
[LOG 20:55:00.972] Config(PHYSICMATERIAL_DEFINITION) SquadExpansion/Serenity/Resources/PhysicsMaterials/LowGrip
[LOG 20:55:00.972] Config(PHYSICMATERIAL_DEFINITION) SquadExpansion/Serenity/Resources/PhysicsMaterials/Default
[LOG 20:55:00.972] Config(ROC_DEFINITION) SquadExpansion/Serenity/Resources/rocsdef/ROC_DEFINITION
[LOG 20:55:00.972] Config(ROC_DEFINITION) SquadExpansion/Serenity/Resources/rocsdef/ROC_DEFINITION
[LOG 20:55:00.972] Config(ROC_DEFINITION) SquadExpansion/Serenity/Resources/rocsdef/ROC_DEFINITION
[LOG 20:55:00.972] Config(ROC_DEFINITION) SquadExpansion/Serenity/Resources/rocsdef/ROC_DEFINITION
[LOG 20:55:00.972] Config(ROC_DEFINITION) SquadExpansion/Serenity/Resources/rocsdef/ROC_DEFINITION
[LOG 20:55:00.972] Config(ROC_DEFINITION) SquadExpansion/Serenity/Resources/rocsdef/ROC_DEFINITION
[LOG 20:55:00.972] Config(ROC_DEFINITION) SquadExpansion/Serenity/Resources/rocsdef/ROC_DEFINITION
[LOG 20:55:00.972] Config(ROC_DEFINITION) SquadExpansion/Serenity/Resources/rocsdef/ROC_DEFINITION
[LOG 20:55:00.972] Config(ROC_DEFINITION) SquadExpansion/Serenity/Resources/rocsdef/ROC_DEFINITION
[LOG 20:55:00.972] Config(ROC_DEFINITION) SquadExpansion/Serenity/Resources/rocsdef/ROC_DEFINITION
[LOG 20:55:00.972] Config(ROC_DEFINITION) SquadExpansion/Serenity/Resources/rocsdef/ROC_DEFINITION
[LOG 20:55:00.972] Config(ROC_DEFINITION) SquadExpansion/Serenity/Resources/rocsdef/ROC_DEFINITION
[LOG 20:55:00.972] Config(ROC_DEFINITION) SquadExpansion/Serenity/Resources/rocsdef/ROC_DEFINITION
[LOG 20:55:00.972] Config(ROC_DEFINITION) SquadExpansion/Serenity/Resources/rocsdef/ROC_DEFINITION
[LOG 20:55:00.972] Config(ROC_DEFINITION) SquadExpansion/Serenity/Resources/rocsdef/ROC_DEFINITION
[LOG 20:55:00.972] Config(ROC_DEFINITION) SquadExpansion/Serenity/Resources/rocsdef/ROC_DEFINITION
[LOG 20:55:00.972] Config(ROC_DEFINITION) SquadExpansion/Serenity/Resources/rocsdef/ROC_DEFINITION
[LOG 20:55:00.972] Config(ROC_DEFINITION) SquadExpansion/Serenity/Resources/rocsdef/ROC_DEFINITION
[LOG 20:55:00.972] Config(ROC_DEFINITION) SquadExpansion/Serenity/Resources/rocsdef/ROC_DEFINITION
[LOG 20:55:00.972] Config(ROC_DEFINITION) SquadExpansion/Serenity/Resources/rocsdef/ROC_DEFINITION
[LOG 20:55:00.972] Config(ROC_DEFINITION) SquadExpansion/Serenity/Resources/rocsdef/ROC_DEFINITION
[LOG 20:55:00.972] Config(ROC_DEFINITION) SquadExpansion/Serenity/Resources/rocsdef/ROC_DEFINITION
[LOG 20:55:00.972] Config(ROC_DEFINITION) SquadExpansion/Serenity/Resources/rocsdef/ROC_DEFINITION
[LOG 20:55:00.972] Config(ROC_DEFINITION) SquadExpansion/Serenity/Resources/rocsdef/ROC_DEFINITION
[LOG 20:55:00.972] Config(ROC_DEFINITION) SquadExpansion/Serenity/Resources/rocsdef/ROC_DEFINITION
[LOG 20:55:00.972] Config(ROC_DEFINITION) SquadExpansion/Serenity/Resources/rocsdef/ROC_DEFINITION
[LOG 20:55:00.972] Config(ROC_DEFINITION) SquadExpansion/Serenity/Resources/rocsdef/ROC_DEFINITION
[LOG 20:55:00.972] Config(ROC_DEFINITION) SquadExpansion/Serenity/Resources/rocsdef/ROC_DEFINITION
[LOG 20:55:00.972] Config(ROC_DEFINITION) SquadExpansion/Serenity/Resources/rocsdef/ROC_DEFINITION
[LOG 20:55:00.972] Config(ROC_DEFINITION) SquadExpansion/Serenity/Resources/rocsdef/ROC_DEFINITION
[LOG 20:55:00.972] Config(ROC_DEFINITION) SquadExpansion/Serenity/Resources/rocsdef/ROC_DEFINITION
[LOG 20:55:00.973] Config(ROC_DEFINITION) SquadExpansion/Serenity/Resources/rocsdef/ROC_DEFINITION
[LOG 20:55:00.973] Config(ROC_DEFINITION) SquadExpansion/Serenity/Resources/rocsdef/ROC_DEFINITION
[LOG 20:55:00.973] Config(ROC_DEFINITION) SquadExpansion/Serenity/Resources/rocsdef/ROC_DEFINITION
[LOG 20:55:00.973] Config(EXPERIMENT_DEFINITION) SquadExpansion/Serenity/Resources/ScienceDefs/EXPERIMENT_DEFINITION
[LOG 20:55:00.973] Config(EXPERIMENT_DEFINITION) SquadExpansion/Serenity/Resources/ScienceDefs/EXPERIMENT_DEFINITION
[LOG 20:55:00.973] Config(EXPERIMENT_DEFINITION) SquadExpansion/Serenity/Resources/ScienceDefs/EXPERIMENT_DEFINITION
[LOG 20:55:00.973] Config(EXPERIMENT_DEFINITION) SquadExpansion/Serenity/Resources/ScienceDefs/EXPERIMENT_DEFINITION
[LOG 20:55:00.973] Config(EXPERIMENT_DEFINITION) SquadExpansion/Serenity/Resources/ScienceDefs/EXPERIMENT_DEFINITION
[LOG 20:55:00.973] Config(EXPERIMENT_DEFINITION) SquadExpansion/Serenity/Resources/ScienceDefs/EXPERIMENT_DEFINITION
[LOG 20:55:00.973] Config(EXPERIMENT_DEFINITION) SquadExpansion/Serenity/Resources/ScienceDefs/EXPERIMENT_DEFINITION
[LOG 20:55:00.973] Config(EXPERIMENT_DEFINITION) SquadExpansion/Serenity/Resources/ScienceDefs/EXPERIMENT_DEFINITION
[LOG 20:55:00.973] Config(EXPERIMENT_DEFINITION) SquadExpansion/Serenity/Resources/ScienceDefs/EXPERIMENT_DEFINITION
[LOG 20:55:00.973] Config(EXPERIMENT_DEFINITION) SquadExpansion/Serenity/Resources/ScienceDefs/EXPERIMENT_DEFINITION
[LOG 20:55:00.973] Config(EXPERIMENT_DEFINITION) SquadExpansion/Serenity/Resources/ScienceDefs/EXPERIMENT_DEFINITION
[LOG 20:55:00.973] Config(EXPERIMENT_DEFINITION) SquadExpansion/Serenity/Resources/ScienceDefs/EXPERIMENT_DEFINITION
[LOG 20:55:00.973] Config(EXPERIMENT_DEFINITION) SquadExpansion/Serenity/Resources/ScienceDefs/EXPERIMENT_DEFINITION
[LOG 20:55:00.973] Config(EXPERIMENT_DEFINITION) SquadExpansion/Serenity/Resources/ScienceDefs/EXPERIMENT_DEFINITION
[LOG 20:55:00.973] Config(EXPERIMENT_DEFINITION) SquadExpansion/Serenity/Resources/ScienceDefs/EXPERIMENT_DEFINITION
[LOG 20:55:00.973] Config(EXPERIMENT_DEFINITION) SquadExpansion/Serenity/Resources/ScienceDefs/EXPERIMENT_DEFINITION
[LOG 20:55:00.973] Config(EXPERIMENT_DEFINITION) SquadExpansion/Serenity/Resources/ScienceDefs/EXPERIMENT_DEFINITION
[LOG 20:55:00.973] Config(EXPERIMENT_DEFINITION) SquadExpansion/Serenity/Resources/ScienceDefs/EXPERIMENT_DEFINITION
[LOG 20:55:00.973] Config(EXPERIMENT_DEFINITION) SquadExpansion/Serenity/Resources/ScienceDefs/EXPERIMENT_DEFINITION
[LOG 20:55:00.973] Config(EXPERIMENT_DEFINITION) SquadExpansion/Serenity/Resources/ScienceDefs/EXPERIMENT_DEFINITION
[LOG 20:55:00.973] Config(EXPERIMENT_DEFINITION) SquadExpansion/Serenity/Resources/ScienceDefs/EXPERIMENT_DEFINITION
[LOG 20:55:00.973] Config(EXPERIMENT_DEFINITION) SquadExpansion/Serenity/Resources/ScienceDefs/EXPERIMENT_DEFINITION
[LOG 20:55:00.973] Config(EXPERIMENT_DEFINITION) SquadExpansion/Serenity/Resources/ScienceDefs/EXPERIMENT_DEFINITION
[LOG 20:55:00.973] Config(EXPERIMENT_DEFINITION) SquadExpansion/Serenity/Resources/ScienceDefs/EXPERIMENT_DEFINITION
[LOG 20:55:00.973] Config(EXPERIMENT_DEFINITION) SquadExpansion/Serenity/Resources/ScienceDefs/EXPERIMENT_DEFINITION
[LOG 20:55:00.973] Config(EXPERIMENT_DEFINITION) SquadExpansion/Serenity/Resources/ScienceDefs/EXPERIMENT_DEFINITION
[LOG 20:55:00.973] Config(EXPERIMENT_DEFINITION) SquadExpansion/Serenity/Resources/ScienceDefs/EXPERIMENT_DEFINITION
[LOG 20:55:00.973] Config(EXPERIMENT_DEFINITION) SquadExpansion/Serenity/Resources/ScienceDefs/EXPERIMENT_DEFINITION
[LOG 20:55:00.973] Config(EXPERIMENT_DEFINITION) SquadExpansion/Serenity/Resources/ScienceDefs/EXPERIMENT_DEFINITION
[LOG 20:55:00.973] Config(EXPERIMENT_DEFINITION) SquadExpansion/Serenity/Resources/ScienceDefs/EXPERIMENT_DEFINITION
[LOG 20:55:00.973] Config(EXPERIMENT_DEFINITION) SquadExpansion/Serenity/Resources/ScienceDefs/EXPERIMENT_DEFINITION
[LOG 20:55:00.973] Config(EXPERIMENT_DEFINITION) SquadExpansion/Serenity/Resources/ScienceDefs/EXPERIMENT_DEFINITION
[LOG 20:55:00.973] Config(EXPERIMENT_DEFINITION) SquadExpansion/Serenity/Resources/ScienceDefs/EXPERIMENT_DEFINITION
[LOG 20:55:00.973] Config(EXPERIMENT_DEFINITION) SquadExpansion/Serenity/Resources/ScienceDefs/EXPERIMENT_DEFINITION
[LOG 20:55:00.973] Config(EXPERIMENT_DEFINITION) SquadExpansion/Serenity/Resources/ScienceDefs/EXPERIMENT_DEFINITION
[LOG 20:55:00.973] Config(EXPERIMENT_DEFINITION) SquadExpansion/Serenity/Resources/ScienceDefs/EXPERIMENT_DEFINITION
[LOG 20:55:00.973] Config(EXPERIMENT_DEFINITION) SquadExpansion/Serenity/Resources/ScienceDefs/EXPERIMENT_DEFINITION
[LOG 20:55:00.973] Config(EXPERIMENT_DEFINITION) SquadExpansion/Serenity/Resources/ScienceDefs/EXPERIMENT_DEFINITION
[LOG 20:55:00.973] Config(STORY_DEF) SquadExpansion/Serenity/Resources/StoryDefs/STORY_DEF
[LOG 20:55:00.973] Compiling Configs Completed.
[LOG 20:55:00.975] Resource LiquidFuel added to database
[LOG 20:55:00.975] Resource Oxidizer added to database
[LOG 20:55:00.975] Resource SolidFuel added to database
[LOG 20:55:00.975] Resource MonoPropellant added to database
[LOG 20:55:00.975] Resource XenonGas added to database
[LOG 20:55:00.975] Resource ElectricCharge added to database
[LOG 20:55:00.975] Resource IntakeAir added to database
[LOG 20:55:00.975] Resource EVA Propellant added to database
[LOG 20:55:00.976] Resource Ore added to database
[LOG 20:55:00.976] Resource Ablator added to database
[LOG 20:55:00.977] Resource MediumGrip added to database
[LOG 20:55:00.977] Resource HighGrip added to database
[LOG 20:55:00.977] Resource ExtremeGrip added to database
[LOG 20:55:00.977] Resource LowGrip added to database
[LOG 20:55:00.977] Resource Default added to database
[LOG 20:55:00.977] CodeAssetLoader: Compiling all code assets
[LOG 20:55:00.981] ExperienceSystemConfig: Added Effect 'DeployedSciencePowerSkill' to Trait 'Ingénieur'
[LOG 20:55:00.982] ExperienceSystemConfig: Added Effect 'DeployedScienceExpSkill' to Trait 'Scientifique'
[LOG 20:55:00.987] ConfigNode[]
[LOG 20:55:00.987] GameDatabase: Assets loaded in 24.269s
[LOG 20:55:00.988] [ModuleManager] Waited 0.000s for patching to finish
[LOG 20:55:00.988] [ModuleManager] Applying patched game database
[LOG 20:55:00.990] [ModuleManager] Dumping ModuleManager log to main log
[LOG 20:55:00.991] [ModuleManager] 
#### BEGIN MODULEMANAGER LOG ####


[LOG 20:54:43.555] Log started at 2026-09-24 20:54:43.555
[LOG 20:54:45.300] Checking Cache
[LOG 20:54:45.609] SHA generated in 0.307s
[LOG 20:54:45.609]       SHA = C6-68-BC-D7-03-5B-AA-A8-5F-A4-F7-77-3A-69-30-B7-98-EB-C8-71-67-F8-ED-40-8F-AE-65-B5-77-38-A6-E1
[LOG 20:54:45.626] Cache SHA = 6B-9B-6D-1C-D1-46-6F-B9-D9-36-4B-33-7D-F2-93-02-C8-44-7F-27-E8-EA-BA-2C-05-4D-8B-8E-D1-0F-8D-D3
[LOG 20:54:45.626] useCache = False
[LOG 20:54:45.627] Pre patch init
[LOG 20:54:45.749] compiling list of loaded mods...
Mod DLLs found:
  Name                                    Assembly Version         Assembly File Version    KSPAssembly Version      SHA256

  Assembly-CSharp                         0.0.0.0                  0.0.0.0                  1.12                     d9e42483f25ee80a9c11d6c1c0a0d29b4ec78c1e08d76c971b71580c9cce51e4
  ModuleManager                           4.2.3.0                  4.2.3.0                  2.5                      95847827ab293b9e82a19b7efb97ffea3e98cc03b181862536ac8eb572e30d7d
  0Harmony                                2.2.1.0                  2.2.1.0                                           19ce60ac3280f72ec1751d36a40cb7e2fece2934df8345969dc7feb83bd633e4
  HarmonyInstallChecker                   2.2.1.0                  2.2.1.0                  1.0                      f11e659e91a52c21c5bda78e52b82a7bdc246bcab6a999733af3c69a11a9dc0e
  0_MultipleModuleInPartAPI               1.0.0.0                  1.0.0.0                  1.0                      df4a22fb0535de7fa154ca234b50dd7c2fc6be879e4a877d9bad1f87bafafcbf
  KSPCommunityFixes                       1.41.0.0                 1.41.1.0                 1.41                     e08ebbec7ab34f4f7ff56d6e900051bb0d259a4bc092881d7db3ca2f9f2e9a11
  KSPSteamCtrlr                           0.0.1.35                 0.0.1.35                                          1675fa4fcb61d014eb1babe7eed703e7f76a1008537ee57ca7cec65cd9ff94ac
  TerrainPrecisionFixDiag2Mod             1.0.9763.17423           1.0.9763.17423                                    1d1bcbd98a1f9779b51c29b5524057ef49d2c8b8e41b0733316de17fd5984023
Non-DLL mods added (:FOR[xxx]):
Mods by directory (sub directories of GameData):
  000_Harmony
  Squad
  SquadExpansion
Mods added by assemblies:

[LOG 20:54:45.751] Loading Physics.cfg
[LOG 20:54:45.753] Extracting patches
[LOG 20:54:45.761] Deleting root node in file KSPCommunityFixes/MMPatches/ModSupport/FixDockingNodes node: @PART[*]:HAS[@MODULE[ModuleDockingNodeFixed]]:NEEDS[FixDockingNodes]:FINAL as it can't satisfy its NEEDS
[LOG 20:54:45.762] Deleting root node in file KSPCommunityFixes/MMPatches/ModSupport/KSPRecall node: @KSP_COMMUNITY_FIXES:NEEDS[AttachedOnEditor] as it can't satisfy its NEEDS
[LOG 20:54:45.762] Deleting root node in file KSPCommunityFixes/MMPatches/ModSupport/UniversalStorage node: @KSP_COMMUNITY_FIXES:NEEDS[UniversalStorage2] as it can't satisfy its NEEDS
[LOG 20:54:45.807] Applying patches
[LOG 20:54:45.808] :INSERT (initial) pass
[LOG 20:54:45.829] :FIRST pass
[LOG 20:54:45.831] Applying update KSPCommunityFixes/MMPatches/StockTweaks/LadderToggleableLight/@PART[telescopicLadderBay]:FIRST to Squad/Parts/Utility/ladderTelescopicBay/ladderTelescopicBay.cfg/PART[telescopicLadderBay]
[LOG 20:54:45.837] Applying update KSPCommunityFixes/MMPatches/StockTweaks/LadderToggleableLight/@PART[telescopicLadderBay]:HAS[#LadderToggleableLight[?rue]]:FIRST to Squad/Parts/Utility/ladderTelescopicBay/ladderTelescopicBay.cfg/PART[telescopicLadderBay]
[LOG 20:54:45.837] Applying update KSPCommunityFixes/MMPatches/StockTweaks/LadderToggleableLight/@PART[telescopicLadderBay]:HAS[#LadderToggleableLight]:FIRST to Squad/Parts/Utility/ladderTelescopicBay/ladderTelescopicBay.cfg/PART[telescopicLadderBay]
[LOG 20:54:45.838] Applying update KSPCommunityFixes/MMPatches/StockTweaks/LandingGearLights/@PART[GearSmall]:FIRST to Squad/Parts/Wheel/LandingGear/GearMedium.cfg/PART[GearSmall]
[LOG 20:54:45.839] Applying update KSPCommunityFixes/MMPatches/StockTweaks/LandingGearLights/@PART[SmallGearBay]:FIRST to Squad/Parts/Wheel/LandingGear/GearSmall.cfg/PART[SmallGearBay]
[LOG 20:54:45.839] :LEGACY (default) pass
[LOG 20:54:45.842] :BEFORE[0_MULTIPLEMODULEINPARTAPI] pass
[LOG 20:54:45.842] :FOR[0_MULTIPLEMODULEINPARTAPI] pass
[LOG 20:54:45.842] :AFTER[0_MULTIPLEMODULEINPARTAPI] pass
[LOG 20:54:45.842] :BEFORE[000_HARMONY] pass
[LOG 20:54:45.842] :FOR[000_HARMONY] pass
[LOG 20:54:45.842] :AFTER[000_HARMONY] pass
[LOG 20:54:45.842] :BEFORE[0HARMONY] pass
[LOG 20:54:45.842] :FOR[0HARMONY] pass
[LOG 20:54:45.842] :AFTER[0HARMONY] pass
[LOG 20:54:45.842] :BEFORE[ASSEMBLY-CSHARP] pass
[LOG 20:54:45.842] :FOR[ASSEMBLY-CSHARP] pass
[LOG 20:54:45.842] :AFTER[ASSEMBLY-CSHARP] pass
[LOG 20:54:45.842] :BEFORE[HARMONYINSTALLCHECKER] pass
[LOG 20:54:45.842] :FOR[HARMONYINSTALLCHECKER] pass
[LOG 20:54:45.842] :AFTER[HARMONYINSTALLCHECKER] pass
[LOG 20:54:45.842] :BEFORE[KSPCOMMUNITYFIXES] pass
[LOG 20:54:45.842] :FOR[KSPCOMMUNITYFIXES] pass
[LOG 20:54:45.842] Applying update KSPCommunityFixes/MMPatches/StockTweaks/ManufacturerFixes/@PART[sasModule]:FOR[KSPCommunityFixes] to Squad/Parts/Command/inlineReactionWheel/inlineReactionWheel.cfg/PART[sasModule]
[LOG 20:54:45.842] Applying update KSPCommunityFixes/MMPatches/StockTweaks/ManufacturerFixes/@PART[xenonTankRadial]:FOR[KSPCommunityFixes] to Squad/Parts/FuelTank/xenonTankRadial/xenonTankRadial.cfg/PART[xenonTankRadial]
[LOG 20:54:45.843] Applying update KSPCommunityFixes/MMPatches/StockTweaks/ManufacturerFixes/@PART[winglet|fireworksLauncherSmall|fireworksLauncherBig]:FOR[KSPCommunityFixes] to Squad/Parts/Aero/wingletAV-T1/wingletAV-T1.cfg/PART[winglet]
[LOG 20:54:45.843] Applying update KSPCommunityFixes/MMPatches/StockTweaks/ManufacturerFixes/@PART[winglet|fireworksLauncherSmall|fireworksLauncherBig]:FOR[KSPCommunityFixes] to Squad/Parts/Utility/Fireworks/fireworksLauncherBig.cfg/PART[fireworksLauncherBig]
[LOG 20:54:45.843] Applying update KSPCommunityFixes/MMPatches/StockTweaks/ManufacturerFixes/@PART[winglet|fireworksLauncherSmall|fireworksLauncherBig]:FOR[KSPCommunityFixes] to Squad/Parts/Utility/Fireworks/fireworksLauncherSmall.cfg/PART[fireworksLauncherSmall]
[LOG 20:54:45.844] Applying update KSPCommunityFixes/MMPatches/StockTweaks/ManufacturerFixes/@PART[solidBooster_sm_v2|solidBooster_v2]:FOR[KSPCommunityFixes] to Squad/Parts/Engine/Size1_SRBs/solidBoosterRT-10_v2.cfg/PART[solidBooster_v2]
[LOG 20:54:45.844] Applying update KSPCommunityFixes/MMPatches/StockTweaks/ManufacturerFixes/@PART[solidBooster_sm_v2|solidBooster_v2]:FOR[KSPCommunityFixes] to Squad/Parts/Engine/Size1_SRBs/solidBoosterRT-5_v2.cfg/PART[solidBooster_sm_v2]
[LOG 20:54:45.844] Applying update KSPCommunityFixes/MMPatches/StockTweaks/ManufacturerFixes/@PART[ServiceBay_125_v2|ServiceBay_250_v2]:FOR[KSPCommunityFixes] to Squad/Parts/Utility/ServiceBay_v2/ServiceBay_125_v2.cfg/PART[ServiceBay_125_v2]
[LOG 20:54:45.844] Applying update KSPCommunityFixes/MMPatches/StockTweaks/ManufacturerFixes/@PART[ServiceBay_125_v2|ServiceBay_250_v2]:FOR[KSPCommunityFixes] to Squad/Parts/Utility/ServiceBay_v2/ServiceBay_250_v2.cfg/PART[ServiceBay_250_v2]
[LOG 20:54:45.844] Applying update KSPCommunityFixes/MMPatches/StockTweaks/ManufacturerFixes/@PART[externalTankCapsule]:FOR[KSPCommunityFixes] to Squad/Parts/FuelTank/FoilTanks/RadialTank_Capsule.cfg/PART[externalTankCapsule]
[LOG 20:54:45.846] Applying update KSPCommunityFixes/MMPatches/StockTweaks/ManufacturerFixes/@PART[RCSFuelTank|rcsTankMini|RCSTank1-2]:FOR[KSPCommunityFixes] to Squad/Parts/FuelTank/RCSFuelTankR1/RCSFuelTankR1.cfg/PART[RCSTank1-2]
[LOG 20:54:45.846] Applying update KSPCommunityFixes/MMPatches/StockTweaks/ManufacturerFixes/@PART[RCSFuelTank|rcsTankMini|RCSTank1-2]:FOR[KSPCommunityFixes] to Squad/Parts/FuelTank/RCSFuelTankR10/RCSFuelTankR10.cfg/PART[rcsTankMini]
[LOG 20:54:45.846] Applying update KSPCommunityFixes/MMPatches/StockTweaks/ManufacturerFixes/@PART[RCSFuelTank|rcsTankMini|RCSTank1-2]:FOR[KSPCommunityFixes] to Squad/Parts/FuelTank/RCSFuelTankR25/RCSFuelTankR25.cfg/PART[RCSFuelTank]
[LOG 20:54:45.846] Applying update KSPCommunityFixes/MMPatches/StockTweaks/ManufacturerFixes/@PART[landerCabinSmall]:FOR[KSPCommunityFixes] to Squad/Parts/Command/mk1LanderCan/mk1LanderCan.cfg/PART[landerCabinSmall]
[LOG 20:54:45.846] Applying update KSPCommunityFixes/MMPatches/StockTweaks/ManufacturerFixes/@PART[dockingPortLateral]:FOR[KSPCommunityFixes] to Squad/Parts/Utility/dockingPortInline/dockingPortInline.cfg/PART[dockingPortLateral]
[LOG 20:54:45.846] Applying update KSPCommunityFixes/MMPatches/StockTweaks/ManufacturerFixes/@PART[EnginePlate4]:FOR[KSPCommunityFixes]:NEEDS[SquadExpansion/MakingHistory] to SquadExpansion/MakingHistory/Parts/Coupling/EnginePlate_4.cfg/PART[EnginePlate4]
[LOG 20:54:45.846] Applying update KSPCommunityFixes/MMPatches/StockTweaks/ManufacturerFixes/@PART[Mk2Pod]:FOR[KSPCommunityFixes]:NEEDS[SquadExpansion/MakingHistory] to SquadExpansion/MakingHistory/Parts/Pods/Mk2Pod.cfg/PART[Mk2Pod]
[LOG 20:54:45.847] Applying update KSPCommunityFixes/MMPatches/StockTweaks/ManufacturerFixes/@PART[evaChute|parachuteSingle|parachuteRadial|radialDrogue|parachuteLarge|parachuteDrogue]:FOR[KSPCommunityFixes] to Squad/Parts/Cargo/Parachute/Parachute.cfg/PART[evaChute]
[LOG 20:54:45.847] Applying update KSPCommunityFixes/MMPatches/StockTweaks/ManufacturerFixes/@PART[evaChute|parachuteSingle|parachuteRadial|radialDrogue|parachuteLarge|parachuteDrogue]:FOR[KSPCommunityFixes] to Squad/Parts/Utility/parachuteMk1/parachuteMk1.cfg/PART[parachuteSingle]
[LOG 20:54:45.847] Applying update KSPCommunityFixes/MMPatches/StockTweaks/ManufacturerFixes/@PART[evaChute|parachuteSingle|parachuteRadial|radialDrogue|parachuteLarge|parachuteDrogue]:FOR[KSPCommunityFixes] to Squad/Parts/Utility/parachuteMk12-R/parachuteMk12-R.cfg/PART[radialDrogue]
[LOG 20:54:45.847] Applying update KSPCommunityFixes/MMPatches/StockTweaks/ManufacturerFixes/@PART[evaChute|parachuteSingle|parachuteRadial|radialDrogue|parachuteLarge|parachuteDrogue]:FOR[KSPCommunityFixes] to Squad/Parts/Utility/parachuteMk16-XL/parachuteMk16-XL.cfg/PART[parachuteLarge]
[LOG 20:54:45.847] Applying update KSPCommunityFixes/MMPatches/StockTweaks/ManufacturerFixes/@PART[evaChute|parachuteSingle|parachuteRadial|radialDrogue|parachuteLarge|parachuteDrogue]:FOR[KSPCommunityFixes] to Squad/Parts/Utility/parachuteMk2-R/parachuteMk2-R.cfg/PART[parachuteRadial]
[LOG 20:54:45.847] Applying update KSPCommunityFixes/MMPatches/StockTweaks/ManufacturerFixes/@PART[evaChute|parachuteSingle|parachuteRadial|radialDrogue|parachuteLarge|parachuteDrogue]:FOR[KSPCommunityFixes] to Squad/Parts/Utility/parachuteMk25/parachuteMk25.cfg/PART[parachuteDrogue]
[LOG 20:54:45.849] Applying update KSPCommunityFixes/MMPatches/StockTweaks/ManufacturerFixes/@PART[stackPoint1|dockingPort1|dockingPort2|dockingPort3|dockingPortLarge]:FOR[KSPCommunityFixes] to Squad/Parts/Utility/dockingPort/dockingPort.cfg/PART[dockingPort2]
[LOG 20:54:45.849] Applying update KSPCommunityFixes/MMPatches/StockTweaks/ManufacturerFixes/@PART[stackPoint1|dockingPort1|dockingPort2|dockingPort3|dockingPortLarge]:FOR[KSPCommunityFixes] to Squad/Parts/Utility/dockingPortJr/dockingPortJr.cfg/PART[dockingPort3]
[LOG 20:54:45.849] Applying update KSPCommunityFixes/MMPatches/StockTweaks/ManufacturerFixes/@PART[stackPoint1|dockingPort1|dockingPort2|dockingPort3|dockingPortLarge]:FOR[KSPCommunityFixes] to Squad/Parts/Utility/dockingPortShielded/dockingPortShielded.cfg/PART[dockingPort1]
[LOG 20:54:45.849] Applying update KSPCommunityFixes/MMPatches/StockTweaks/ManufacturerFixes/@PART[stackPoint1|dockingPort1|dockingPort2|dockingPort3|dockingPortLarge]:FOR[KSPCommunityFixes] to Squad/Parts/Utility/dockingPortSr/dockingPortSr.cfg/PART[dockingPortLarge]
[LOG 20:54:45.850] Applying update KSPCommunityFixes/MMPatches/StockTweaks/ManufacturerFixes/@PART[stackPoint1|dockingPort1|dockingPort2|dockingPort3|dockingPortLarge]:FOR[KSPCommunityFixes] to Squad/Parts/Utility/radialAttachmentPoint/radialAttachmentPoint.cfg/PART[stackPoint1]
[LOG 20:54:45.850] :AFTER[KSPCOMMUNITYFIXES] pass
[LOG 20:54:45.850] :BEFORE[KSPSTEAMCTRLR] pass
[LOG 20:54:45.850] :FOR[KSPSTEAMCTRLR] pass
[LOG 20:54:45.850] :AFTER[KSPSTEAMCTRLR] pass
[LOG 20:54:45.850] :BEFORE[MODULEMANAGER] pass
[LOG 20:54:45.850] :FOR[MODULEMANAGER] pass
[LOG 20:54:45.850] :AFTER[MODULEMANAGER] pass
[LOG 20:54:45.850] :BEFORE[SQUAD] pass
[LOG 20:54:45.850] :FOR[SQUAD] pass
[LOG 20:54:45.850] :AFTER[SQUAD] pass
[LOG 20:54:45.850] :BEFORE[SQUADEXPANSION] pass
[LOG 20:54:45.850] :FOR[SQUADEXPANSION] pass
[LOG 20:54:45.850] :AFTER[SQUADEXPANSION] pass
[LOG 20:54:45.850] :BEFORE[TERRAINPRECISIONFIXDIAG2MOD] pass
[LOG 20:54:45.850] :FOR[TERRAINPRECISIONFIXDIAG2MOD] pass
[LOG 20:54:45.850] :AFTER[TERRAINPRECISIONFIXDIAG2MOD] pass
[LOG 20:54:45.851] :LAST[999_KSP-RECALL] pass
[LOG 20:54:45.863] :FINAL pass
[LOG 20:54:45.863] Done patching
[LOG 20:54:45.863] Saving Cache
[LOG 20:54:45.913] Saving cache
[LOG 20:54:46.209] ModuleManager: 33 patches applied

[LOG 20:54:46.209] Ran in 0.908s
[LOG 20:54:46.231] Done!



#### END MODULEMANAGER LOG ####
[LOG 20:55:00.992] [ModuleManager] Running tests...
[LOG 20:55:00.993] [ModuleManager] tests complete.
[LOG 20:55:01.003] [ModuleManager] Reloading resources definitions
[LOG 20:55:01.004] Resource LiquidFuel added to database
[LOG 20:55:01.004] Resource Oxidizer added to database
[LOG 20:55:01.004] Resource SolidFuel added to database
[LOG 20:55:01.004] Resource MonoPropellant added to database
[LOG 20:55:01.004] Resource XenonGas added to database
[LOG 20:55:01.004] Resource ElectricCharge added to database
[LOG 20:55:01.004] Resource IntakeAir added to database
[LOG 20:55:01.004] Resource EVA Propellant added to database
[LOG 20:55:01.004] Resource Ore added to database
[LOG 20:55:01.004] Resource Ablator added to database
[LOG 20:55:01.004] [ModuleManager] Reloading Trait configs
[LOG 20:55:01.004] ExperienceSystemConfig: Added Effect 'DeployedSciencePowerSkill' to Trait 'Ingénieur'
[LOG 20:55:01.004] ExperienceSystemConfig: Added Effect 'DeployedScienceExpSkill' to Trait 'Scientifique'
[LOG 20:55:01.004] [ModuleManager] Reloading Part Upgrades
[LOG 20:55:01.005] [ModuleManager] Setting modded physics as the active one
[LOG 20:55:01.007] PhysicsGlobals: Loading database
[LOG 20:55:01.007] [ModuleManager] Running post patch callbacks
[LOG 20:55:01.016] [KSPCommunityFixes] Patch AutoStrutDrift applied.
[LOG 20:55:01.018] [KSPCommunityFixes] Patch EditorAnimatedPartsShipModified applied.
[LOG 20:55:01.022] [KSPCommunityFixes] Patch DragCubeLoadException applied.
[LOG 20:55:01.026] [KSPCommunityFixes] Patch DoubleCurvePreserveTangents applied.
[LOG 20:55:01.060] [KSPCommunityFixes] Patch DockingPortRotationDriftAndFixes applied.
[LOG 20:55:01.111] [KSPCommunityFixes] Patch DockingPortConserveMomentum applied.
[LOG 20:55:01.117] [KSPCommunityFixes] Patch DebugConsoleDontStealInput applied.
[LOG 20:55:01.123] [KSPCommunityFixes] Patch CorrectDragForFlags applied.
[LOG 20:55:01.128] [KSPCommunityFixes] Patch CometMiningNotRemovingMass applied.
[LOG 20:55:01.133] [KSPCommunityFixes] Patch ChutePhantomSymmetry applied.
[LOG 20:55:01.135] [KSPCommunityFixes] Patch CometSpawnerUniqueFlightId applied.
[LOG 20:55:01.137] [KSPCommunityFixes] Patch AsteroidSpawnerUniqueFlightId applied.
[LOG 20:55:01.138] [KSPCommunityFixes] Patch AsteroidInfiniteMining applied.
[LOG 20:55:01.159] [KSPCommunityFixes] Patch PersistentIConfigNode applied.
[LOG 20:55:01.159] [KSPCommunityFixes] Patch OnSymmetryFieldChanged not applied (not enabled in Settings.cfg)
[LOG 20:55:01.159] [KSPCommunityFixes] Patch ModUpgradePipeline not applied (not enabled in Settings.cfg)
[LOG 20:55:01.160] [KSPCommunityFixes] Patch KSPFieldEnumDesc not applied (not enabled in Settings.cfg)
[LOG 20:55:01.161] [KSPCommunityFixes] Patch EventProfilerMarkers not applied (not enabled in Settings.cfg)
[LOG 20:55:01.161] [KSPCommunityFixes] Patch DockingPortLockedEvents not applied (not enabled in Settings.cfg)
[LOG 20:55:01.162] [KSPCommunityFixes] Patch DepartmentHeadImage applied.
[LOG 20:55:01.171] [KSPCommunityFixes] Patch BaseFieldListUseFieldHost applied.
[LOG 20:55:01.201] [KSPCommunityFixes] Patch ResourceConverterPerf applied.
[LOG 20:55:01.207] [KSPCommunityFixes] Patch ProgressTrackingSpeedBoost applied.
[LOG 20:55:01.210] [KSPCommunityFixes] Patch PQSUpdateNoMemoryAlloc applied.
[LOG 20:55:01.210] [KSPCommunityFixes] Patch PQSOnlyStartOnce not applied (not enabled in Settings.cfg)
[LOG 20:55:01.219] [KSPCommunityFixes] Patch PQSCoroutineLeak applied.
[LOG 20:55:01.246] [KSPCommunityFixes] Patch PartSystemsFastUpdate applied.
[LOG 20:55:01.271] [KSPCommunityFixes] Patch PartParsingPerf applied.
[LOG 20:55:01.278] [KSPCommunityFixes] Patch EnginePlateAirstreamShieldedTopPart applied.
[LOG 20:55:01.293] [KSPCommunityFixes] Patch EVAConstructionMass applied.
[LOG 20:55:01.302] [KSPCommunityFixes] Patch EVAConstructionUninitializedInventory applied.
[LOG 20:55:01.308] [KSPCommunityFixes] Patch EVAKerbalRecovery applied.
[LOG 20:55:01.314] [KSPCommunityFixes] Patch TimeWarpOrbitShift applied.
[LOG 20:55:01.316] [KSPCommunityFixes] Patch TimeWarpBodyCollision applied.
[LOG 20:55:01.327] [KSPCommunityFixes] Patch ThumbnailSpotlight applied.
[LOG 20:55:01.331] [KSPCommunityFixes] Patch SymmetryReferenceOnDelete applied.
[LOG 20:55:01.332] [KSPCommunityFixes] Patch StrategyDuration not applied (not enabled in Settings.cfg)
[LOG 20:55:01.334] [KSPCommunityFixes] Patch StockAlarmDescPreserveLineBreak applied.
[LOG 20:55:01.356] [KSPCommunityFixes] Patch StickySplashedFixer applied.
[LOG 20:55:01.362] [KSPCommunityFixes] Patch ScatterDistribution applied.
[LOG 20:55:01.386] [KSPCommunityFixes] Patch RoboticsDrift applied.
[LOG 20:55:01.388] [KSPCommunityFixes] Patch RestoreMaxPhysicsDT applied.
[LOG 20:55:01.402] [KSPCommunityFixes] Patch RespawnDeadKerbals applied.
[LOG 20:55:01.405] [KSPCommunityFixes] Patch RescaledRoboticParts applied.
[LOG 20:55:01.411] [KSPCommunityFixes] Patch ReRootPreserveSurfaceAttach applied.
[LOG 20:55:01.438] [KSPCommunityFixes] Patch OptimizedModuleRaycasts applied.
[LOG 20:55:01.444] GetSubclassesOfParentClass: Found 1 types with ModuleInventoryPart parent in 8 assemblies.
[LOG 20:55:01.450] [KSPCommunityFixes] Patch RefundingOnRecovery applied.
[LOG 20:55:01.450] [KSPCommunityFixes] Patch PatchedConicEncounterFlickering applied.
[LOG 20:55:01.459] [KSPCommunityFixes] Patch PartListTooltipIconSpin applied.
[LOG 20:55:01.463] [KSPCommunityFixes] Patch PackedPartsRotation applied.
[LOG 20:55:01.476] [KSPCommunityFixes] Patch ModulePartVariantsNodePersistence applied.
[LOG 20:55:01.479] [KSPCommunityFixes] Patch ModuleAnimateGenericCrewModSpawnIVA applied.
[LOG 20:55:01.480] [KSPCommunityFixes] Patch ModuleActiveRadiatorNoParentException applied.
[LOG 20:55:01.483] [KSPCommunityFixes] Patch MapTargetBodyWithEncounter applied.
[LOG 20:55:01.485] [KSPCommunityFixes] Patch LostSoundAfterSceneSwitch applied.
[LOG 20:55:01.491] [KSPCommunityFixes] Patch LadderToggleableLight applied.
[LOG 20:55:01.502] [KSPCommunityFixes] Patch InventoryPartMass applied.
[LOG 20:55:01.507] [KSPCommunityFixes] Patch HarvesterECConsumption applied.
[LOG 20:55:01.509] [KSPCommunityFixes] Patch FixGetUnivseralTime applied.
[LOG 20:55:01.518] [KSPCommunityFixes] Patch ExtendedDeployableParts applied.
[LOG 20:55:01.520] [KSPCommunityFixes] Patch PropellantFlowDescription applied.
[LOG 20:55:01.538] [KSPCommunityFixes] Patch OptimisedVectorLines applied.
[LOG 20:55:01.544] [KSPCommunityFixes] Patch ModuleDockingNodeFindOtherNodesFaster applied.
[LOG 20:55:01.548] [KSPCommunityFixes] Patch ModuleColorChangerOptimization applied.
[LOG 20:55:01.553] [KSPCommunityFixes] Patch AutoSavedCraftNameAtLaunch applied.
[LOG 20:55:01.578] [KSPCommunityFixes] Patch PAWCollapsedInventories applied.
[LOG 20:55:01.586] [KSPCommunityFixes] Patch UIFloatEditNumericInput applied.
[LOG 20:55:01.606] [KSPCommunityFixes] Patch PAWStockGroups applied.
[LOG 20:55:01.614] [KSPCommunityFixes] Patch AltimeterHorizontalPosition applied.
[LOG 20:55:01.628] [KSPCommunityFixes] Patch SceneLoadSpeedBoost applied.
[LOG 20:55:01.657] [KSPCommunityFixes] Patch OnDemandPartBuoyancy applied.
[LOG 20:55:01.659] [KSPCommunityFixes] Patch ForceSyncSceneSwitch applied.
[LOG 20:55:01.659] [KSPCommunityFixes] Patch FewerSaves not applied (not enabled in Settings.cfg)
[LOG 20:55:01.660] [KSPCommunityFixes] Patch WheelInertiaLimit applied.
[LOG 20:55:01.660] [KSPCommunityFixes] Patch StockAlarmCustomFormatterDate isn't applicable to this KSP version.
[LOG 20:55:01.666] [KSPCommunityFixes] Patch ROCValidationOOR applied.
[LOG 20:55:01.669] [KSPCommunityFixes] Patch ZeroCostTechNodes applied.
[LOG 20:55:01.671] [KSPCommunityFixes] Patch ReactionWheelsPotentialTorque applied.
[LOG 20:55:01.674] [KSPCommunityFixes] Patch PAWGroupMemory applied.
[LOG 20:55:01.717] [KSPCommunityFixes] Patch PartStartStability applied.
[LOG 20:55:01.723] [KSPCommunityFixes] Patch PartBoundsIgnoreDisabledTransforms applied.
[LOG 20:55:01.757] [KSPCommunityFixes] Patch ModuleIndexingMismatch applied.
[LOG 20:55:01.761] [KSPCommunityFixes] Patch MapSOCorrectWrapping applied.
[LOG 20:55:01.762] [KSPCommunityFixes] Patch KerbalTooltipMaxSustainedG applied.
[LOG 20:55:01.764] [KSPCommunityFixes] Patch KerbalInventoryPersistence applied.
[LOG 20:55:01.764] [KSPCommunityFixes] Patch FlightSceneLoadKraken not applied (not enabled in Settings.cfg)
[LOG 20:55:01.766] [KSPCommunityFixes] Patch FIUpdateRadiation applied.
[LOG 20:55:01.768] [KSPCommunityFixes] Patch FastAndFixedEnumExtensions applied.
[LOG 20:55:01.799] [KSPCommunityFixes] Patch DeltaVHideWhenDisabled applied.
[LOG 20:55:01.802] [KSPCommunityFixes] Patch BlockMapViewPartClick applied.
[LOG 20:55:01.806] [KSPCommunityFixes] Patch PAWItemsOrder applied.
[LOG 20:55:01.859] [KSPCommunityFixes] Patch BetterEditorUndoRedo applied.
[LOG 20:55:01.868] [KSPCommunityFixes] Patch AutostrutActions applied.
[LOG 20:55:01.868] [KSPCommunityFixes] Patch DisableNewGameIntro not applied (not enabled in Settings.cfg)
[LOG 20:55:01.896] [KSPCommunityFixes] Patch MinorPerfTweaks applied.
[LOG 20:55:01.974] [KSPCommunityFixes] Patch MemoryLeaks applied.
[LOG 20:55:01.986] [KSPCommunityFixes] Patch LowerMinPhysicsDTPerFrame applied.
[LOG 20:55:01.989] [KSPCommunityFixes] Patch LocalizerPerf applied.
[LOG 20:55:01.991] [KSPCommunityFixes] Patch IMGUIOptimization applied.
[LOG 20:55:02.005] [KSPCommunityFixes] Patch FloatingOriginPerf applied.
[LOG 20:55:02.052] [KSPCommunityFixes] Patch FlightIntegratorPerf applied.
[LOG 20:55:02.057] [KSPCommunityFixes] Patch FasterPartFindTransform applied.
[LOG 20:55:02.067] [KSPCommunityFixes] Patch FasterEditorPartList applied.
[LOG 20:55:02.069] [KSPCommunityFixes] Patch ExpansionBundlePreload applied.
[LOG 20:55:02.080] [KSPCommunityFixes] Patch DragCubeGeneration applied.
[LOG 20:55:02.083] [KSPCommunityFixes] Patch DisableMapUpdateInFlight applied.
[LOG 20:55:02.085] [KSPCommunityFixes] Patch DisableHiddenPortraits applied.
[LOG 20:55:02.086] [KSPCommunityFixes] Patch DisableManeuverTool applied.
[LOG 20:55:02.118] [KSPCommunityFixes] Patch CraftBrowserOptimisations applied.
[LOG 20:55:02.121] [KSPCommunityFixes] Patch CommNetThrottling applied.
[LOG 20:55:02.130] [KSPCommunityFixes] Patch FairingMouseOverPersistence applied.
[LOG 20:55:02.146] [KSPCommunityFixes] Patch OptionalMakingHistoryDLCFeatures applied.
[LOG 20:55:02.157] [KSPCommunityFixes] Patch ResourceLockActions applied.
[LOG 20:55:02.163] [KSPCommunityFixes] Patch ShowContractFinishDates applied.
[LOG 20:55:02.169] [KSPCommunityFixes] Patch TargetParentBody applied.
[LOG 20:55:02.183] [KSPCommunityFixes] Patch ToolbarShowHide applied.
[LOG 20:55:02.186] [KSPCommunityFixes] Patch ContractProgressEnumCache applied.
[LOG 20:55:02.195] [KSPCommunityFixes] Patch ActiveRadiatorPerf applied.
[LOG 20:55:02.199] [KSPCommunityFixes] Patch CargoBayPerf applied.
[LOG 20:55:02.205] [KSPCommunityFixes] Patch CollisionEnhancerFastUpdate applied.
[LOG 20:55:02.209] [KSPCommunityFixes] Patch CollisionManagerFastUpdate applied.
[LOG 20:55:02.215] [KSPCommunityFixes] Patch AsteroidAndCometDrillCache applied.
[LOG 20:55:02.227] [KSPCommunityFixes] Patch TweakableWheelsAutostrut applied.
[LOG 20:55:02.252] [KSPCommunityFixes] Patch PatchSettings applied.
[LOG 20:55:02.300] [KSPCommunityFixes] Patch UpgradeBugs applied.
[LOG 20:55:02.300] [KSPCommunityFixes] Patch PartTooltipUpgradesApplyToSubstituteParts not applied (not enabled in Settings.cfg)
[LOG 20:55:02.371] [ModuleManager] Calling ConfigNodePerf.ModuleManagerPostLoad()
[LOG 20:55:02.372] [ModuleManager] Post patch ran in 1.385s
[LOG 20:55:02.396] PartLoader: Creating part database
[LOG 20:55:02.397] PartLoader: Compiling Part 'Squad/Parts/Aero/aerodynamicNoseCone/aerodynamicNoseCone/noseCone'
[LOG 20:55:02.414] EffectList: Created 15 effect types
[LOG 20:55:02.492] PartLoader: Part 'Squad/Parts/Aero/aerodynamicNoseCone/aerodynamicNoseCone/noseCone' has no database record. Creating.
[LOG 20:55:02.492] [DragCubeSystem]: Drag cubes not found or cannot be read for part Part. Generating New drag cubes.
[LOG 20:55:02.492] [KSPCF/DragCubeGeneration] Creating drag cubes for part 'noseCone'
[LOG 20:55:02.538] PartLoader: Compiling Part 'Squad/Parts/Aero/airbrake/Airbrake/airbrake1'
[LOG 20:55:02.585] PartLoader: Part 'Squad/Parts/Aero/airbrake/Airbrake/airbrake1' has no database record. Creating.
[LOG 20:55:02.585] [DragCubeSystem]: Drag cubes not found or cannot be read for part Part. Generating New drag cubes.
[LOG 20:55:02.586] [KSPCF/DragCubeGeneration] Creating drag cubes for part 'airbrake1'
[LOG 20:55:02.633] PartLoader: Compiling Part 'Squad/Parts/Aero/airIntakeRadialXM-G50/airIntakeRadialXM-G50/airScoop'
[LOG 20:55:02.649] PartLoader: Part 'Squad/Parts/Aero/airIntakeRadialXM-G50/airIntakeRadialXM-G50/airScoop' has no database record. Creating.
[LOG 20:55:02.649] [DragCubeSystem]: Drag cubes not found or cannot be read for part Part. Generating New drag cubes.
[LOG 20:55:02.649] [KSPCF/DragCubeGeneration] Creating drag cubes for part 'airScoop'
[LOG 20:55:02.662] PartLoader: Compiling Part 'Squad/Parts/Aero/airlinerWings/ControlSurface/airlinerCtrlSrf'
[LOG 20:55:02.670] PartLoader: Part 'Squad/Parts/Aero/airlinerWings/ControlSurface/airlinerCtrlSrf' has no database record. Creating.
[LOG 20:55:02.670] [DragCubeSystem]: Drag cubes not found or cannot be read for part Part. Generating New drag cubes.
[LOG 20:55:02.670] [KSPCF/DragCubeGeneration] Creating drag cubes for part 'airlinerCtrlSrf'
[LOG 20:55:02.702] PartLoader: Compiling Part 'Squad/Parts/Aero/airlinerWings/MainWing/airlinerMainWing'
[LOG 20:55:02.707] PartLoader: Part 'Squad/Parts/Aero/airlinerWings/MainWing/airlinerMainWing' has no database record. Creating.
[LOG 20:55:02.707] [DragCubeSystem]: Drag cubes not found or cannot be read for part Part. Generating New drag cubes.
[LOG 20:55:02.707] [KSPCF/DragCubeGeneration] Creating drag cubes for part 'airlinerMainWing'
[LOG 20:55:02.717] PartLoader: Compiling Part 'Squad/Parts/Aero/airlinerWings/TailFin/airlinerTailFin'
[LOG 20:55:02.724] PartLoader: Part 'Squad/Parts/Aero/airlinerWings/TailFin/airlinerTailFin' has no database record. Creating.
[LOG 20:55:02.724] [DragCubeSystem]: Drag cubes not found or cannot be read for part Part. Generating New drag cubes.
[LOG 20:55:02.724] [KSPCF/DragCubeGeneration] Creating drag cubes for part 'airlinerTailFin'
[LOG 20:55:02.752] PartLoader: Compiling Part 'Squad/Parts/Aero/airplaneFins/advancedCanard/AdvancedCanard'
[LOG 20:55:02.757] PartLoader: Part 'Squad/Parts/Aero/airplaneFins/advancedCanard/AdvancedCanard' has no database record. Creating.
[LOG 20:55:02.757] [DragCubeSystem]: Drag cubes not found or cannot be read for part Part. Generating New drag cubes.
[LOG 20:55:02.757] [KSPCF/DragCubeGeneration] Creating drag cubes for part 'AdvancedCanard'
[LOG 20:55:02.781] PartLoader: Compiling Part 'Squad/Parts/Aero/airplaneFins/standardCanard/CanardController'
[LOG 20:55:02.784] PartLoader: Part 'Squad/Parts/Aero/airplaneFins/standardCanard/CanardController' has no database record. Creating.
[LOG 20:55:02.784] [DragCubeSystem]: Drag cubes not found or cannot be read for part Part. Generating New drag cubes.
[LOG 20:55:02.784] [KSPCF/DragCubeGeneration] Creating drag cubes for part 'CanardController'
[LOG 20:55:02.812] PartLoader: Compiling Part 'Squad/Parts/Aero/airplaneFins/sweptWing/sweptWing'
[LOG 20:55:02.816] PartLoader: Part 'Squad/Parts/Aero/airplaneFins/sweptWing/sweptWing' has no database record. Creating.
[LOG 20:55:02.816] [DragCubeSystem]: Drag cubes not found or cannot be read for part Part. Generating New drag cubes.
[LOG 20:55:02.817] [KSPCF/DragCubeGeneration] Creating drag cubes for part 'sweptWing'
[LOG 20:55:02.826] PartLoader: Compiling Part 'Squad/Parts/Aero/airplaneFins/tailfin/tailfin'
[LOG 20:55:02.831] PartLoader: Part 'Squad/Parts/Aero/airplaneFins/tailfin/tailfin' has no database record. Creating.
[LOG 20:55:02.831] [DragCubeSystem]: Drag cubes not found or cannot be read for part Part. Generating New drag cubes.
[LOG 20:55:02.831] [KSPCF/DragCubeGeneration] Creating drag cubes for part 'tailfin'
[LOG 20:55:02.859] PartLoader: Compiling Part 'Squad/Parts/Aero/basicFin/basicFin/basicFin'
[LOG 20:55:02.861] PartLoader: Part 'Squad/Parts/Aero/basicFin/basicFin/basicFin' has no database record. Creating.
[LOG 20:55:02.861] [DragCubeSystem]: Drag cubes not found or cannot be read for part Part. Generating New drag cubes.
[LOG 20:55:02.861] [KSPCF/DragCubeGeneration] Creating drag cubes for part 'basicFin'
[LOG 20:55:02.868] PartLoader: Compiling Part 'Squad/Parts/Aero/circularIntake/circularIntake/CircularIntake'
[LOG 20:55:02.875] PartLoader: Part 'Squad/Parts/Aero/circularIntake/circularIntake/CircularIntake' has no database record. Creating.
[LOG 20:55:02.876] PartLoader: Compiling Part 'Squad/Parts/Aero/circularIntake/intakeShockCone/shockConeIntake'
[LOG 20:55:02.878] PartLoader: Part 'Squad/Parts/Aero/circularIntake/intakeShockCone/shockConeIntake' has no database record. Creating.
[LOG 20:55:02.879] PartLoader: Compiling Part 'Squad/Parts/Aero/cones/avionicsNoseCone/avionicsNoseCone'
[LOG 20:55:02.889] PartLoader: Part 'Squad/Parts/Aero/cones/avionicsNoseCone/avionicsNoseCone' has no database record. Creating.
[LOG 20:55:02.889] [DragCubeSystem]: Drag cubes not found or cannot be read for part Part. Generating New drag cubes.
[LOG 20:55:02.889] [KSPCF/DragCubeGeneration] Creating drag cubes for part 'avionicsNoseCone'
[LOG 20:55:02.897] PartLoader: Compiling Part 'Squad/Parts/Aero/cones/ConeA/pointyNoseConeA'
[LOG 20:55:02.900] PartLoader: Part 'Squad/Parts/Aero/cones/ConeA/pointyNoseConeA' has no database record. Creating.
[LOG 20:55:02.900] [DragCubeSystem]: Drag cubes not found or cannot be read for part Part. Generating New drag cubes.
[LOG 20:55:02.900] [KSPCF/DragCubeGeneration] Creating drag cubes for part 'pointyNoseConeA'
[LOG 20:55:02.907] PartLoader: Compiling Part 'Squad/Parts/Aero/cones/ConeB/pointyNoseConeB'
[LOG 20:55:02.909] PartLoader: Part 'Squad/Parts/Aero/cones/ConeB/pointyNoseConeB' has no database record. Creating.
[LOG 20:55:02.909] [DragCubeSystem]: Drag cubes not found or cannot be read for part Part. Generating New drag cubes.
[LOG 20:55:02.909] [KSPCF/DragCubeGeneration] Creating drag cubes for part 'pointyNoseConeB'
[LOG 20:55:02.914] PartLoader: Compiling Part 'Squad/Parts/Aero/cones/noseConeAdapter/noseConeAdapter'
[LOG 20:55:02.918] PartLoader: Part 'Squad/Parts/Aero/cones/noseConeAdapter/noseConeAdapter' has no database record. Creating.
[LOG 20:55:02.918] [DragCubeSystem]: Drag cubes not found or cannot be read for part Part. Generating New drag cubes.
[LOG 20:55:02.918] [KSPCF/DragCubeGeneration] Creating drag cubes for part 'noseConeAdapter'
[LOG 20:55:02.925] PartLoader: Compiling Part 'Squad/Parts/Aero/cones/protectiveRocketNoseMk7_v2/rocketNoseCone_v2'
[LOG 20:55:02.931] PartLoader: Part 'Squad/Parts/Aero/cones/protectiveRocketNoseMk7_v2/rocketNoseCone_v2' has no database record. Creating.
[LOG 20:55:02.931] [DragCubeSystem]: Drag cubes not found or cannot be read for part Part. Generating New drag cubes.
[LOG 20:55:02.931] [KSPCF/DragCubeGeneration] Creating drag cubes for part 'rocketNoseCone.v2'
[LOG 20:55:02.937] PartLoader: Compiling Part 'Squad/Parts/Aero/cones/protectiveRocketNoseMk7_v3/rocketNoseCone_v3'
[LOG 20:55:02.942] PartLoader: Part 'Squad/Parts/Aero/cones/protectiveRocketNoseMk7_v3/rocketNoseCone_v3' has no database record. Creating.
[LOG 20:55:02.942] [DragCubeSystem]: Drag cubes not found or cannot be read for part Part. Generating New drag cubes.
[LOG 20:55:02.942] [KSPCF/DragCubeGeneration] Creating drag cubes for part 'rocketNoseCone.v3'
[LOG 20:55:02.948] PartLoader: Compiling Part 'Squad/Parts/Aero/cones/rocketNoseCone_size3/rocketNoseConeSize3'
[LOG 20:55:02.951] PartLoader: Part 'Squad/Parts/Aero/cones/rocketNoseCone_size3/rocketNoseConeSize3' has no database record. Creating.
[LOG 20:55:02.951] [DragCubeSystem]: Drag cubes not found or cannot be read for part Part. Generating New drag cubes.
[LOG 20:55:02.951] [KSPCF/DragCubeGeneration] Creating drag cubes for part 'rocketNoseConeSize3'
[LOG 20:55:02.956] PartLoader: Compiling Part 'Squad/Parts/Aero/cones/smallNoseCone/standardNoseCone'
[LOG 20:55:02.958] PartLoader: Part 'Squad/Parts/Aero/cones/smallNoseCone/standardNoseCone' has no database record. Creating.
[LOG 20:55:02.958] [DragCubeSystem]: Drag cubes not found or cannot be read for part Part. Generating New drag cubes.
[LOG 20:55:02.958] [KSPCF/DragCubeGeneration] Creating drag cubes for part 'standardNoseCone'
[LOG 20:55:02.963] PartLoader: Compiling Part 'Squad/Parts/Aero/cones/tailConnectorA/airplaneTail'
[LOG 20:55:02.966] PartLoader: Part 'Squad/Parts/Aero/cones/tailConnectorA/airplaneTail' has no database record. Creating.
[LOG 20:55:02.966] [DragCubeSystem]: Drag cubes not found or cannot be read for part Part. Generating New drag cubes.
[LOG 20:55:02.966] [KSPCF/DragCubeGeneration] Creating drag cubes for part 'airplaneTail'
[LOG 20:55:02.971] PartLoader: Compiling Part 'Squad/Parts/Aero/cones/tailConnectorB/airplaneTailB'
[LOG 20:55:02.975] PartLoader: Part 'Squad/Parts/Aero/cones/tailConnectorB/airplaneTailB' has no database record. Creating.
[LOG 20:55:02.975] [DragCubeSystem]: Drag cubes not found or cannot be read for part Part. Generating New drag cubes.
[LOG 20:55:02.975] [KSPCF/DragCubeGeneration] Creating drag cubes for part 'airplaneTailB'
[LOG 20:55:02.981] PartLoader: Compiling Part 'Squad/Parts/Aero/fairings/fairingSize1/fairingSize1'
[LOG 20:55:03.014] PartLoader: Part 'Squad/Parts/Aero/fairings/fairingSize1/fairingSize1' has no database record. Creating.
[LOG 20:55:03.014] [DragCubeSystem]: Drag cubes not found or cannot be read for part Part. Generating New drag cubes.
[LOG 20:55:03.014] [KSPCF/DragCubeGeneration] Creating drag cubes for part 'fairingSize1'
[LOG 20:55:03.028] PartLoader: Compiling Part 'Squad/Parts/Aero/fairings/fairingSize2/fairingSize2'
[LOG 20:55:03.034] PartLoader: Part 'Squad/Parts/Aero/fairings/fairingSize2/fairingSize2' has no database record. Creating.
[LOG 20:55:03.034] [DragCubeSystem]: Drag cubes not found or cannot be read for part Part. Generating New drag cubes.
[LOG 20:55:03.034] [KSPCF/DragCubeGeneration] Creating drag cubes for part 'fairingSize2'
[LOG 20:55:03.042] PartLoader: Compiling Part 'Squad/Parts/Aero/fairings/fairingSize3/fairingSize3'
[LOG 20:55:03.053] PartLoader: Part 'Squad/Parts/Aero/fairings/fairingSize3/fairingSize3' has no database record. Creating.
[LOG 20:55:03.053] [DragCubeSystem]: Drag cubes not found or cannot be read for part Part. Generating New drag cubes.
[LOG 20:55:03.053] [KSPCF/DragCubeGeneration] Creating drag cubes for part 'fairingSize3'
[LOG 20:55:03.061] PartLoader: Compiling Part 'Squad/Parts/Aero/HeatShield/HeatShield0/HeatShield0'
[LOG 20:55:03.071] PartLoader: Part 'Squad/Parts/Aero/HeatShield/HeatShield0/HeatShield0' has no database record. Creating.
[LOG 20:55:03.071] [DragCubeSystem]: Drag cubes not found or cannot be read for part Part. Generating New drag cubes.
[LOG 20:55:03.071] [KSPCF/DragCubeGeneration] Creating drag cubes for part 'HeatShield0'
[LOG 20:55:03.080] PartLoader: Compiling Part 'Squad/Parts/Aero/HeatShield/HeatShield1/HeatShield1'
[LOG 20:55:03.091] PartLoader: Part 'Squad/Parts/Aero/HeatShield/HeatShield1/HeatShield1' has no database record. Creating.
[LOG 20:55:03.091] [DragCubeSystem]: Drag cubes not found or cannot be read for part Part. Generating New drag cubes.
[LOG 20:55:03.091] [KSPCF/DragCubeGeneration] Creating drag cubes for part 'HeatShield1'
[LOG 20:55:03.108] PartLoader: Compiling Part 'Squad/Parts/Aero/HeatShield/HeatShield2/HeatShield2'
[LOG 20:55:03.113] PartLoader: Part 'Squad/Parts/Aero/HeatShield/HeatShield2/HeatShield2' has no database record. Creating.
[LOG 20:55:03.113] [DragCubeSystem]: Drag cubes not found or cannot be read for part Part. Generating New drag cubes.
[LOG 20:55:03.113] [KSPCF/DragCubeGeneration] Creating drag cubes for part 'HeatShield2'
[LOG 20:55:03.132] PartLoader: Compiling Part 'Squad/Parts/Aero/HeatShield/HeatShield3/HeatShield3'
[LOG 20:55:03.137] PartLoader: Part 'Squad/Parts/Aero/HeatShield/HeatShield3/HeatShield3' has no database record. Creating.
[LOG 20:55:03.137] [DragCubeSystem]: Drag cubes not found or cannot be read for part Part. Generating New drag cubes.
[LOG 20:55:03.137] [KSPCF/DragCubeGeneration] Creating drag cubes for part 'HeatShield3'
[LOG 20:55:03.155] PartLoader: Compiling Part 'Squad/Parts/Aero/InflatableHeatShield/HeatShield/InflatableHeatShield'
[LOG 20:55:03.162] PartLoader: Part 'Squad/Parts/Aero/InflatableHeatShield/HeatShield/InflatableHeatShield' has no database record. Creating.
[LOG 20:55:03.162] [DragCubeSystem]: Drag cubes not found or cannot be read for part Part. Generating New drag cubes.
[LOG 20:55:03.162] [KSPCF/DragCubeGeneration] Creating drag cubes for part 'InflatableHeatShield'
[LOG 20:55:03.179] PartLoader: Compiling Part 'Squad/Parts/Aero/intakeRadialLong/intakeRadialLong/IntakeRadialLong'
[LOG 20:55:03.181] PartLoader: Part 'Squad/Parts/Aero/intakeRadialLong/intakeRadialLong/IntakeRadialLong' has no database record. Creating.
[LOG 20:55:03.181] [DragCubeSystem]: Drag cubes not found or cannot be read for part Part. Generating New drag cubes.
[LOG 20:55:03.181] [KSPCF/DragCubeGeneration] Creating drag cubes for part 'IntakeRadialLong'
[LOG 20:55:03.187] PartLoader: Compiling Part 'Squad/Parts/Aero/miniIntake/SmallIntake/miniIntake'
[LOG 20:55:03.190] PartLoader: Part 'Squad/Parts/Aero/miniIntake/SmallIntake/miniIntake' has no database record. Creating.
[LOG 20:55:03.190] PartLoader: Compiling Part 'Squad/Parts/Aero/ramAirIntake/ramAirIntake/ramAirIntake'
[LOG 20:55:03.192] PartLoader: Part 'Squad/Parts/Aero/ramAirIntake/ramAirIntake/ramAirIntake' has no database record. Creating.
[LOG 20:55:03.192] PartLoader: Compiling Part 'Squad/Parts/Aero/shuttleWings/delta/wingShuttleDelta'
[LOG 20:55:03.194] PartLoader: Part 'Squad/Parts/Aero/shuttleWings/delta/wingShuttleDelta' has no database record. Creating.
[LOG 20:55:03.194] [DragCubeSystem]: Drag cubes not found or cannot be read for part Part. Generating New drag cubes.
[LOG 20:55:03.194] [KSPCF/DragCubeGeneration] Creating drag cubes for part 'wingShuttleDelta'
[LOG 20:55:03.200] PartLoader: Compiling Part 'Squad/Parts/Aero/shuttleWings/elevon1/wingShuttleElevon1'
[LOG 20:55:03.202] PartLoader: Part 'Squad/Parts/Aero/shuttleWings/elevon1/wingShuttleElevon1' has no database record. Creating.
[LOG 20:55:03.202] [DragCubeSystem]: Drag cubes not found or cannot be read for part Part. Generating New drag cubes.
[LOG 20:55:03.202] [KSPCF/DragCubeGeneration] Creating drag cubes for part 'wingShuttleElevon1'
[LOG 20:55:03.226] PartLoader: Compiling Part 'Squad/Parts/Aero/shuttleWings/elevon2/wingShuttleElevon2'
[LOG 20:55:03.230] PartLoader: Part 'Squad/Parts/Aero/shuttleWings/elevon2/wingShuttleElevon2' has no database record. Creating.
[LOG 20:55:03.230] [DragCubeSystem]: Drag cubes not found or cannot be read for part Part. Generating New drag cubes.
[LOG 20:55:03.230] [KSPCF/DragCubeGeneration] Creating drag cubes for part 'wingShuttleElevon2'
[LOG 20:55:03.253] PartLoader: Compiling Part 'Squad/Parts/Aero/shuttleWings/rudder/wingShuttleRudder'
[LOG 20:55:03.257] PartLoader: Part 'Squad/Parts/Aero/shuttleWings/rudder/wingShuttleRudder' has no database record. Creating.
[LOG 20:55:03.257] [DragCubeSystem]: Drag cubes not found or cannot be read for part Part. Generating New drag cubes.
[LOG 20:55:03.257] [KSPCF/DragCubeGeneration] Creating drag cubes for part 'wingShuttleRudder'
[LOG 20:55:03.278] PartLoader: Compiling Part 'Squad/Parts/Aero/shuttleWings/strake/wingShuttleStrake'
[LOG 20:55:03.280] PartLoader: Part 'Squad/Parts/Aero/shuttleWings/strake/wingShuttleStrake' has no database record. Creating.
[LOG 20:55:03.280] [DragCubeSystem]: Drag cubes not found or cannot be read for part Part. Generating New drag cubes.
[LOG 20:55:03.280] [KSPCF/DragCubeGeneration] Creating drag cubes for part 'wingShuttleStrake'
[LOG 20:55:03.284] PartLoader: Compiling Part 'Squad/Parts/Aero/wingletAV-R8/wingletAV-R8/R8winglet'
[LOG 20:55:03.287] PartLoader: Part 'Squad/Parts/Aero/wingletAV-R8/wingletAV-R8/R8winglet' has no database record. Creating.
[LOG 20:55:03.287] [DragCubeSystem]: Drag cubes not found or cannot be read for part Part. Generating New drag cubes.
[LOG 20:55:03.287] [KSPCF/DragCubeGeneration] Creating drag cubes for part 'R8winglet'
[LOG 20:55:03.310] PartLoader: Compiling Part 'Squad/Parts/Aero/wingletAV-T1/wingletAV-T1/winglet'
[LOG 20:55:03.312] PartLoader: Part 'Squad/Parts/Aero/wingletAV-T1/wingletAV-T1/winglet' has no database record. Creating.
[LOG 20:55:03.312] [DragCubeSystem]: Drag cubes not found or cannot be read for part Part. Generating New drag cubes.
[LOG 20:55:03.312] [KSPCF/DragCubeGeneration] Creating drag cubes for part 'winglet'
[LOG 20:55:03.316] PartLoader: Compiling Part 'Squad/Parts/Aero/wingletDeltaDeluxe/wingletDeltaDeluxe/winglet3'
[LOG 20:55:03.319] PartLoader: Part 'Squad/Parts/Aero/wingletDeltaDeluxe/wingletDeltaDeluxe/winglet3' has no database record. Creating.
[LOG 20:55:03.319] [DragCubeSystem]: Drag cubes not found or cannot be read for part Part. Generating New drag cubes.
[LOG 20:55:03.319] [KSPCF/DragCubeGeneration] Creating drag cubes for part 'winglet3'
[LOG 20:55:03.342] PartLoader: Compiling Part 'Squad/Parts/Aero/wings/connector1/wingConnector'
[LOG 20:55:03.344] PartLoader: Part 'Squad/Parts/Aero/wings/connector1/wingConnector' has no database record. Creating.
[LOG 20:55:03.344] [DragCubeSystem]: Drag cubes not found or cannot be read for part Part. Generating New drag cubes.
[LOG 20:55:03.344] [KSPCF/DragCubeGeneration] Creating drag cubes for part 'wingConnector'
[LOG 20:55:03.348] PartLoader: Compiling Part 'Squad/Parts/Aero/wings/connector2/wingConnector2'
[LOG 20:55:03.351] PartLoader: Part 'Squad/Parts/Aero/wings/connector2/wingConnector2' has no database record. Creating.
[LOG 20:55:03.351] [DragCubeSystem]: Drag cubes not found or cannot be read for part Part. Generating New drag cubes.
[LOG 20:55:03.351] [KSPCF/DragCubeGeneration] Creating drag cubes for part 'wingConnector2'
[LOG 20:55:03.356] PartLoader: Compiling Part 'Squad/Parts/Aero/wings/connector3/wingConnector3'
[LOG 20:55:03.357] PartLoader: Part 'Squad/Parts/Aero/wings/connector3/wingConnector3' has no database record. Creating.
[LOG 20:55:03.357] [DragCubeSystem]: Drag cubes not found or cannot be read for part Part. Generating New drag cubes.
[LOG 20:55:03.357] [KSPCF/DragCubeGeneration] Creating drag cubes for part 'wingConnector3'
[LOG 20:55:03.362] PartLoader: Compiling Part 'Squad/Parts/Aero/wings/connector4/wingConnector4'
[LOG 20:55:03.364] PartLoader: Part 'Squad/Parts/Aero/wings/connector4/wingConnector4' has no database record. Creating.
[LOG 20:55:03.364] [DragCubeSystem]: Drag cubes not found or cannot be read for part Part. Generating New drag cubes.
[LOG 20:55:03.364] [KSPCF/DragCubeGeneration] Creating drag cubes for part 'wingConnector4'
[LOG 20:55:03.369] PartLoader: Compiling Part 'Squad/Parts/Aero/wings/connector5/wingConnector5'
[LOG 20:55:03.372] PartLoader: Part 'Squad/Parts/Aero/wings/connector5/wingConnector5' has no database record. Creating.
[LOG 20:55:03.372] [DragCubeSystem]: Drag cubes not found or cannot be read for part Part. Generating New drag cubes.
[LOG 20:55:03.372] [KSPCF/DragCubeGeneration] Creating drag cubes for part 'wingConnector5'
[LOG 20:55:03.376] PartLoader: Compiling Part 'Squad/Parts/Aero/wings/delta/deltaWing'
[LOG 20:55:03.379] PartLoader: Part 'Squad/Parts/Aero/wings/delta/deltaWing' has no database record. Creating.
[LOG 20:55:03.379] [DragCubeSystem]: Drag cubes not found or cannot be read for part Part. Generating New drag cubes.
[LOG 20:55:03.379] [KSPCF/DragCubeGeneration] Creating drag cubes for part 'deltaWing'
[LOG 20:55:03.383] PartLoader: Compiling Part 'Squad/Parts/Aero/wings/delta_small/delta_small'
[LOG 20:55:03.385] PartLoader: Part 'Squad/Parts/Aero/wings/delta_small/delta_small' has no database record. Creating.
[LOG 20:55:03.385] [DragCubeSystem]: Drag cubes not found or cannot be read for part Part. Generating New drag cubes.
[LOG 20:55:03.385] [KSPCF/DragCubeGeneration] Creating drag cubes for part 'delta.small'
[LOG 20:55:03.389] PartLoader: Compiling Part 'Squad/Parts/Aero/wings/elevon1/StandardCtrlSrf'
[LOG 20:55:03.392] PartLoader: Part 'Squad/Parts/Aero/wings/elevon1/StandardCtrlSrf' has no database record. Creating.
[LOG 20:55:03.392] [DragCubeSystem]: Drag cubes not found or cannot be read for part Part. Generating New drag cubes.
[LOG 20:55:03.392] [KSPCF/DragCubeGeneration] Creating drag cubes for part 'StandardCtrlSrf'
[LOG 20:55:03.411] PartLoader: Compiling Part 'Squad/Parts/Aero/wings/elevon2/elevon2'
[LOG 20:55:03.415] PartLoader: Part 'Squad/Parts/Aero/wings/elevon2/elevon2' has no database record. Creating.
[LOG 20:55:03.415] [DragCubeSystem]: Drag cubes not found or cannot be read for part Part. Generating New drag cubes.
[LOG 20:55:03.415] [KSPCF/DragCubeGeneration] Creating drag cubes for part 'elevon2'
[LOG 20:55:03.434] PartLoader: Compiling Part 'Squad/Parts/Aero/wings/elevon3/elevon3'
[LOG 20:55:03.437] PartLoader: Part 'Squad/Parts/Aero/wings/elevon3/elevon3' has no database record. Creating.
[LOG 20:55:03.437] [DragCubeSystem]: Drag cubes not found or cannot be read for part Part. Generating New drag cubes.
[LOG 20:55:03.437] [KSPCF/DragCubeGeneration] Creating drag cubes for part 'elevon3'
[LOG 20:55:03.458] PartLoader: Compiling Part 'Squad/Parts/Aero/wings/elevon4/smallCtrlSrf'
[LOG 20:55:03.461] PartLoader: Part 'Squad/Parts/Aero/wings/elevon4/smallCtrlSrf' has no database record. Creating.
[LOG 20:55:03.461] [DragCubeSystem]: Drag cubes not found or cannot be read for part Part. Generating New drag cubes.
[LOG 20:55:03.461] [KSPCF/DragCubeGeneration] Creating drag cubes for part 'smallCtrlSrf'
[LOG 20:55:03.482] PartLoader: Compiling Part 'Squad/Parts/Aero/wings/elevon5/elevon5'
[LOG 20:55:03.484] PartLoader: Part 'Squad/Parts/Aero/wings/elevon5/elevon5' has no database record. Creating.
[LOG 20:55:03.484] [DragCubeSystem]: Drag cubes not found or cannot be read for part Part. Generating New drag cubes.
[LOG 20:55:03.484] [KSPCF/DragCubeGeneration] Creating drag cubes for part 'elevon5'
[LOG 20:55:03.506] PartLoader: Compiling Part 'Squad/Parts/Aero/wings/strake/wingStrake'
[LOG 20:55:03.508] PartLoader: Part 'Squad/Parts/Aero/wings/strake/wingStrake' has no database record. Creating.
[LOG 20:55:03.508] [DragCubeSystem]: Drag cubes not found or cannot be read for part Part. Generating New drag cubes.
[LOG 20:55:03.508] [KSPCF/DragCubeGeneration] Creating drag cubes for part 'wingStrake'
[LOG 20:55:03.512] PartLoader: Compiling Part 'Squad/Parts/Aero/wings/structural1/structuralWing'
[LOG 20:55:03.514] PartLoader: Part 'Squad/Parts/Aero/wings/structural1/structuralWing' has no database record. Creating.
[LOG 20:55:03.514] [DragCubeSystem]: Drag cubes not found or cannot be read for part Part. Generating New drag cubes.
[LOG 20:55:03.514] [KSPCF/DragCubeGeneration] Creating drag cubes for part 'structuralWing'
[LOG 20:55:03.519] PartLoader: Compiling Part 'Squad/Parts/Aero/wings/structural2/structuralWing2'
[LOG 20:55:03.521] PartLoader: Part 'Squad/Parts/Aero/wings/structural2/structuralWing2' has no database record. Creating.
[LOG 20:55:03.521] [DragCubeSystem]: Drag cubes not found or cannot be read for part Part. Generating New drag cubes.
[LOG 20:55:03.521] [KSPCF/DragCubeGeneration] Creating drag cubes for part 'structuralWing2'
[LOG 20:55:03.527] PartLoader: Compiling Part 'Squad/Parts/Aero/wings/structural3/structuralWing3'
[LOG 20:55:03.531] PartLoader: Part 'Squad/Parts/Aero/wings/structural3/structuralWing3' has no database record. Creating.
[LOG 20:55:03.531] [DragCubeSystem]: Drag cubes not found or cannot be read for part Part. Generating New drag cubes.
[LOG 20:55:03.531] [KSPCF/DragCubeGeneration] Creating drag cubes for part 'structuralWing3'
[LOG 20:55:03.538] PartLoader: Compiling Part 'Squad/Parts/Aero/wings/structural4/structuralWing4'
[LOG 20:55:03.540] PartLoader: Part 'Squad/Parts/Aero/wings/structural4/structuralWing4' has no database record. Creating.
[LOG 20:55:03.540] [DragCubeSystem]: Drag cubes not found or cannot be read for part Part. Generating New drag cubes.
[LOG 20:55:03.540] [KSPCF/DragCubeGeneration] Creating drag cubes for part 'structuralWing4'
[LOG 20:55:03.547] PartLoader: Compiling Part 'Squad/Parts/Aero/wings/swept1/sweptWing1'
[LOG 20:55:03.549] PartLoader: Part 'Squad/Parts/Aero/wings/swept1/sweptWing1' has no database record. Creating.
[LOG 20:55:03.549] [DragCubeSystem]: Drag cubes not found or cannot be read for part Part. Generating New drag cubes.
[LOG 20:55:03.549] [KSPCF/DragCubeGeneration] Creating drag cubes for part 'sweptWing1'
[LOG 20:55:03.555] PartLoader: Compiling Part 'Squad/Parts/Aero/wings/swept2/sweptWing2'
[LOG 20:55:03.558] PartLoader: Part 'Squad/Parts/Aero/wings/swept2/sweptWing2' has no database record. Creating.
[LOG 20:55:03.558] [DragCubeSystem]: Drag cubes not found or cannot be read for part Part. Generating New drag cubes.
[LOG 20:55:03.558] [KSPCF/DragCubeGeneration] Creating drag cubes for part 'sweptWing2'
[LOG 20:55:03.563] PartLoader: Compiling Part 'Squad/Parts/Cargo/CargoContainers/cargoContainer/cargoContainer'
[WRN 20:55:03.564] [Part]: Cannot have ModuleCargoPart and ModuleInventoryPart on same Part [cargoContainer'. Removed ModuleCargoPart
[LOG 20:55:03.569] PartLoader: Part 'Squad/Parts/Cargo/CargoContainers/cargoContainer/cargoContainer' has no database record. Creating.
[LOG 20:55:03.569] [DragCubeSystem]: Drag cubes not found or cannot be read for part Part. Generating New drag cubes.
[LOG 20:55:03.570] [KSPCF/DragCubeGeneration] Creating drag cubes for part 'cargoContainer'
[LOG 20:55:03.579] PartLoader: Compiling Part 'Squad/Parts/Cargo/CargoContainers/smallCargoContainer/smallCargoContainer'
[WRN 20:55:03.580] [Part]: Cannot have ModuleCargoPart and ModuleInventoryPart on same Part [smallCargoContainer'. Removed ModuleCargoPart
[LOG 20:55:03.581] PartLoader: Part 'Squad/Parts/Cargo/CargoContainers/smallCargoContainer/smallCargoContainer' has no database record. Creating.
[LOG 20:55:03.581] [DragCubeSystem]: Drag cubes not found or cannot be read for part Part. Generating New drag cubes.
[LOG 20:55:03.582] [KSPCF/DragCubeGeneration] Creating drag cubes for part 'smallCargoContainer'
[LOG 20:55:03.587] PartLoader: Compiling Part 'Squad/Parts/Cargo/Cylinder/Cylinder/evaCylinder'
[LOG 20:55:03.590] PartLoader: Part 'Squad/Parts/Cargo/Cylinder/Cylinder/evaCylinder' has no database record. Creating.
[LOG 20:55:03.590] [DragCubeSystem]: Drag cubes not found or cannot be read for part Part. Generating New drag cubes.
[LOG 20:55:03.590] [KSPCF/DragCubeGeneration] Creating drag cubes for part 'evaCylinder'
[LOG 20:55:03.597] PartLoader: Compiling Part 'Squad/Parts/Cargo/GroundAnchor/groundAnchor/groundAnchor'
[LOG 20:55:03.616] PartLoader: Part 'Squad/Parts/Cargo/GroundAnchor/groundAnchor/groundAnchor' has no database record. Creating.
[LOG 20:55:03.616] [DragCubeSystem]: Drag cubes not found or cannot be read for part Part. Generating New drag cubes.
[LOG 20:55:03.616] [KSPCF/DragCubeGeneration] Creating drag cubes for part 'groundAnchor'
[LOG 20:55:03.633] PartLoader: Compiling Part 'Squad/Parts/Cargo/Jetpack/Jetpack/evaJetpack'
[LOG 20:55:03.636] PartLoader: Part 'Squad/Parts/Cargo/Jetpack/Jetpack/evaJetpack' has no database record. Creating.
[LOG 20:55:03.636] [DragCubeSystem]: Drag cubes not found or cannot be read for part Part. Generating New drag cubes.
[LOG 20:55:03.636] [KSPCF/DragCubeGeneration] Creating drag cubes for part 'evaJetpack'
[LOG 20:55:03.642] PartLoader: Compiling Part 'Squad/Parts/Cargo/Parachute/Parachute/evaChute'
[LOG 20:55:03.644] PartLoader: Part 'Squad/Parts/Cargo/Parachute/Parachute/evaChute' has no database record. Creating.
[LOG 20:55:03.644] [DragCubeSystem]: Drag cubes not found or cannot be read for part Part. Generating New drag cubes.
[LOG 20:55:03.644] [KSPCF/DragCubeGeneration] Creating drag cubes for part 'evaChute'
[LOG 20:55:03.650] PartLoader: Compiling Part 'Squad/Parts/Cargo/RepairKit/RepairKit/evaRepairKit'
[LOG 20:55:03.654] PartLoader: Part 'Squad/Parts/Cargo/RepairKit/RepairKit/evaRepairKit' has no database record. Creating.
[LOG 20:55:03.654] [DragCubeSystem]: Drag cubes not found or cannot be read for part Part. Generating New drag cubes.
[LOG 20:55:03.654] [KSPCF/DragCubeGeneration] Creating drag cubes for part 'evaRepairKit'
[LOG 20:55:03.662] PartLoader: Compiling Part 'Squad/Parts/Cargo/ScienceKit/evaScienceKit/evaScienceKit'
[LOG 20:55:03.664] PartLoader: Part 'Squad/Parts/Cargo/ScienceKit/evaScienceKit/evaScienceKit' has no database record. Creating.
[LOG 20:55:03.664] [DragCubeSystem]: Drag cubes not found or cannot be read for part Part. Generating New drag cubes.
[LOG 20:55:03.664] [KSPCF/DragCubeGeneration] Creating drag cubes for part 'evaScienceKit'
[LOG 20:55:03.669] PartLoader: Compiling Part 'Squad/Parts/Cargo/StorageUnits/CargoStorageUnit/CargoStorageUnit'
[WRN 20:55:03.670] [Part]: Cannot have ModuleCargoPart and ModuleInventoryPart on same Part [CargoStorageUnit'. Removed ModuleCargoPart
[LOG 20:55:03.671] PartLoader: Part 'Squad/Parts/Cargo/StorageUnits/CargoStorageUnit/CargoStorageUnit' has no database record. Creating.
[LOG 20:55:03.671] [DragCubeSystem]: Drag cubes not found or cannot be read for part Part. Generating New drag cubes.
[LOG 20:55:03.671] [KSPCF/DragCubeGeneration] Creating drag cubes for part 'CargoStorageUnit'
[LOG 20:55:03.677] PartLoader: Compiling Part 'Squad/Parts/Cargo/StorageUnits/ConformalStorageUnit/ConformalStorageUnit'
[WRN 20:55:03.678] [Part]: Cannot have ModuleCargoPart and ModuleInventoryPart on same Part [ConformalStorageUnit'. Removed ModuleCargoPart
[LOG 20:55:03.681] PartLoader: Part 'Squad/Parts/Cargo/StorageUnits/ConformalStorageUnit/ConformalStorageUnit' has no database record. Creating.
[LOG 20:55:03.681] [DragCubeSystem]: Drag cubes not found or cannot be read for part Part. Generating New drag cubes.
[LOG 20:55:03.682] [KSPCF/DragCubeGeneration] Creating drag cubes for part 'ConformalStorageUnit'
[LOG 20:55:03.687] PartLoader: Compiling Part 'Squad/Parts/Command/advancedSasModuleLarge/advSasModuleLarge/asasmodule1-2'
[LOG 20:55:03.692] PartLoader: Part 'Squad/Parts/Command/advancedSasModuleLarge/advSasModuleLarge/asasmodule1-2' has no database record. Creating.
[LOG 20:55:03.692] PartLoader: Compiling Part 'Squad/Parts/Command/cupola/cupola/cupola'
[LOG 20:55:03.710] PartLoader: Part 'Squad/Parts/Command/cupola/cupola/cupola' has no database record. Creating.
[LOG 20:55:03.711] [DragCubeSystem]: Drag cubes not found or cannot be read for part Part. Generating New drag cubes.
[LOG 20:55:03.711] [KSPCF/DragCubeGeneration] Creating drag cubes for part 'cupola'
[LOG 20:55:03.721] PartLoader: Compiling Part 'Squad/Parts/Command/externalCommandSeat/externalCommandSeat/seatExternalCmd'
[LOG 20:55:03.727] PartLoader: Part 'Squad/Parts/Command/externalCommandSeat/externalCommandSeat/seatExternalCmd' has no database record. Creating.
[LOG 20:55:03.731] [DragCubeSystem]: Drag cubes not found or cannot be read for part Part. Generating New drag cubes.
[LOG 20:55:03.731] [KSPCF/DragCubeGeneration] Creating drag cubes for part 'seatExternalCmd'
[LOG 20:55:03.737] PartLoader: Compiling Part 'Squad/Parts/Command/hitchhikerStorageContainer/hitchikerStorageContainer/crewCabin'
[LOG 20:55:03.740] PartLoader: Part 'Squad/Parts/Command/hitchhikerStorageContainer/hitchikerStorageContainer/crewCabin' has no database record. Creating.
[LOG 20:55:03.740] [DragCubeSystem]: Drag cubes not found or cannot be read for part Part. Generating New drag cubes.
[LOG 20:55:03.740] [KSPCF/DragCubeGeneration] Creating drag cubes for part 'crewCabin'
[LOG 20:55:03.748] PartLoader: Compiling Part 'Squad/Parts/Command/inlineAdvancedStabilizer/inlineAdvancedStabilizer/advSasModule'
[LOG 20:55:03.752] PartLoader: Part 'Squad/Parts/Command/inlineAdvancedStabilizer/inlineAdvancedStabilizer/advSasModule' has no database record. Creating.
[LOG 20:55:03.752] [DragCubeSystem]: Drag cubes not found or cannot be read for part Part. Generating New drag cubes.
[LOG 20:55:03.752] [KSPCF/DragCubeGeneration] Creating drag cubes for part 'advSasModule'
[LOG 20:55:03.757] PartLoader: Compiling Part 'Squad/Parts/Command/inlineReactionWheel/inlineReactionWheel/sasModule'
[LOG 20:55:03.759] PartLoader: Part 'Squad/Parts/Command/inlineReactionWheel/inlineReactionWheel/sasModule' has no database record. Creating.
[LOG 20:55:03.759] [DragCubeSystem]: Drag cubes not found or cannot be read for part Part. Generating New drag cubes.
[LOG 20:55:03.759] [KSPCF/DragCubeGeneration] Creating drag cubes for part 'sasModule'
[LOG 20:55:03.765] PartLoader: Compiling Part 'Squad/Parts/Command/Mk1-3Pod/mk1-3/mk1-3pod'
[LOG 20:55:03.785] PartLoader: Part 'Squad/Parts/Command/Mk1-3Pod/mk1-3/mk1-3pod' has no database record. Creating.
[LOG 20:55:03.785] [DragCubeSystem]: Drag cubes not found or cannot be read for part Part. Generating New drag cubes.
[LOG 20:55:03.785] [KSPCF/DragCubeGeneration] Creating drag cubes for part 'mk1-3pod'
[LOG 20:55:03.794] PartLoader: Compiling Part 'Squad/Parts/Command/mk1Cockpits/mk1Cockpit/Mark1Cockpit'
[WRN 20:55:03.796] [Part]: Cannot have ModuleCargoPart and ModuleInventoryPart on same Part [Mark1Cockpit'. Removed ModuleCargoPart
[LOG 20:55:03.799] PartLoader: Part 'Squad/Parts/Command/mk1Cockpits/mk1Cockpit/Mark1Cockpit' has no database record. Creating.
[LOG 20:55:03.799] [DragCubeSystem]: Drag cubes not found or cannot be read for part Part. Generating New drag cubes.
[LOG 20:55:03.799] [KSPCF/DragCubeGeneration] Creating drag cubes for part 'Mark1Cockpit'
[LOG 20:55:03.805] PartLoader: Compiling Part 'Squad/Parts/Command/mk1Cockpits/mk1CrewCabin/MK1CrewCabin'
[WRN 20:55:03.807] [Part]: Cannot have ModuleCargoPart and ModuleInventoryPart on same Part [MK1CrewCabin'. Removed ModuleCargoPart
[LOG 20:55:03.809] PartLoader: Part 'Squad/Parts/Command/mk1Cockpits/mk1CrewCabin/MK1CrewCabin' has no database record. Creating.
[LOG 20:55:03.809] [DragCubeSystem]: Drag cubes not found or cannot be read for part Part. Generating New drag cubes.
[LOG 20:55:03.809] [KSPCF/DragCubeGeneration] Creating drag cubes for part 'MK1CrewCabin'
[LOG 20:55:03.816] PartLoader: Compiling Part 'Squad/Parts/Command/mk1Cockpits/mk1InlineCockpit/Mark2Cockpit'
[WRN 20:55:03.820] [Part]: Cannot have ModuleCargoPart and ModuleInventoryPart on same Part [Mark2Cockpit'. Removed ModuleCargoPart
[LOG 20:55:03.827] PartLoader: Part 'Squad/Parts/Command/mk1Cockpits/mk1InlineCockpit/Mark2Cockpit' has no database record. Creating.
[LOG 20:55:03.827] [DragCubeSystem]: Drag cubes not found or cannot be read for part Part. Generating New drag cubes.
[LOG 20:55:03.827] [KSPCF/DragCubeGeneration] Creating drag cubes for part 'Mark2Cockpit'
[LOG 20:55:03.833] PartLoader: Compiling Part 'Squad/Parts/Command/mk1LanderCan/mk1LanderCan/landerCabinSmall'
[WRN 20:55:03.837] [Part]: Cannot have ModuleCargoPart and ModuleInventoryPart on same Part [landerCabinSmall'. Removed ModuleCargoPart
[LOG 20:55:03.840] PartLoader: Part 'Squad/Parts/Command/mk1LanderCan/mk1LanderCan/landerCabinSmall' has no database record. Creating.
[LOG 20:55:03.840] [DragCubeSystem]: Drag cubes not found or cannot be read for part Part. Generating New drag cubes.
[LOG 20:55:03.840] [KSPCF/DragCubeGeneration] Creating drag cubes for part 'landerCabinSmall'
[LOG 20:55:03.848] PartLoader: Compiling Part 'Squad/Parts/Command/mk1pod_v2/mk1Pod_v2/mk1pod_v2'
[WRN 20:55:03.851] [Part]: Cannot have ModuleCargoPart and ModuleInventoryPart on same Part [mk1pod.v2'. Removed ModuleCargoPart
[LOG 20:55:03.860] PartLoader: Part 'Squad/Parts/Command/mk1pod_v2/mk1Pod_v2/mk1pod_v2' has no database record. Creating.
[LOG 20:55:03.860] [DragCubeSystem]: Drag cubes not found or cannot be read for part Part. Generating New drag cubes.
[LOG 20:55:03.860] [KSPCF/DragCubeGeneration] Creating drag cubes for part 'mk1pod.v2'
[LOG 20:55:03.869] PartLoader: Compiling Part 'Squad/Parts/Command/mk2CockpitInline/mk2CockpitInline/mk2Cockpit_Inline'
[WRN 20:55:03.871] [Part]: Cannot have ModuleCargoPart and ModuleInventoryPart on same Part [mk2Cockpit.Inline'. Removed ModuleCargoPart
[LOG 20:55:03.873] PartLoader: Part 'Squad/Parts/Command/mk2CockpitInline/mk2CockpitInline/mk2Cockpit_Inline' has no database record. Creating.
[LOG 20:55:03.874] [DragCubeSystem]: Drag cubes not found or cannot be read for part Part. Generating New drag cubes.
[LOG 20:55:03.874] [KSPCF/DragCubeGeneration] Creating drag cubes for part 'mk2Cockpit.Inline'
[LOG 20:55:03.880] PartLoader: Compiling Part 'Squad/Parts/Command/mk2CockpitStandard/mk2CockpitStandard/mk2Cockpit_Standard'
[WRN 20:55:03.883] [Part]: Cannot have ModuleCargoPart and ModuleInventoryPart on same Part [mk2Cockpit.Standard'. Removed ModuleCargoPart
[LOG 20:55:03.886] PartLoader: Part 'Squad/Parts/Command/mk2CockpitStandard/mk2CockpitStandard/mk2Cockpit_Standard' has no database record. Creating.
[LOG 20:55:03.886] [DragCubeSystem]: Drag cubes not found or cannot be read for part Part. Generating New drag cubes.
[LOG 20:55:03.886] [KSPCF/DragCubeGeneration] Creating drag cubes for part 'mk2Cockpit.Standard'
[LOG 20:55:03.892] PartLoader: Compiling Part 'Squad/Parts/Command/mk2DroneCore/mk2Dronecore/mk2DroneCore'
[LOG 20:55:03.897] PartLoader: Part 'Squad/Parts/Command/mk2DroneCore/mk2Dronecore/mk2DroneCore' has no database record. Creating.
[LOG 20:55:03.897] PartLoader: Compiling Part 'Squad/Parts/Command/mk2LanderCan/mk2LanderCan/mk2LanderCabin'
[WRN 20:55:03.899] [Part]: Cannot have ModuleCargoPart and ModuleInventoryPart on same Part [mk2LanderCabin'. Removed ModuleCargoPart
[LOG 20:55:03.903] PartLoader: Part 'Squad/Parts/Command/mk2LanderCan/mk2LanderCan/mk2LanderCabin' has no database record. Creating.
[LOG 20:55:03.903] [DragCubeSystem]: Drag cubes not found or cannot be read for part Part. Generating New drag cubes.
[LOG 20:55:03.903] [KSPCF/DragCubeGeneration] Creating drag cubes for part 'mk2LanderCabin'
[LOG 20:55:03.910] PartLoader: Compiling Part 'Squad/Parts/Command/mk2LanderCan_v2/mk2LanderCan_v2/mk2LanderCabin_v2'
[WRN 20:55:03.914] [Part]: Cannot have ModuleCargoPart and ModuleInventoryPart on same Part [mk2LanderCabin.v2'. Removed ModuleCargoPart
[LOG 20:55:03.916] PartLoader: Part 'Squad/Parts/Command/mk2LanderCan_v2/mk2LanderCan_v2/mk2LanderCabin_v2' has no database record. Creating.
[LOG 20:55:03.916] [DragCubeSystem]: Drag cubes not found or cannot be read for part Part. Generating New drag cubes.
[LOG 20:55:03.916] [KSPCF/DragCubeGeneration] Creating drag cubes for part 'mk2LanderCabin.v2'
[LOG 20:55:03.925] PartLoader: Compiling Part 'Squad/Parts/Command/mk3CockpitShuttle/mk3CockpitShuttle/mk3Cockpit_Shuttle'
[LOG 20:55:03.929] PartLoader: Part 'Squad/Parts/Command/mk3CockpitShuttle/mk3CockpitShuttle/mk3Cockpit_Shuttle' has no database record. Creating.
[LOG 20:55:03.929] [DragCubeSystem]: Drag cubes not found or cannot be read for part Part. Generating New drag cubes.
[LOG 20:55:03.929] [KSPCF/DragCubeGeneration] Creating drag cubes for part 'mk3Cockpit.Shuttle'
[LOG 20:55:03.938] PartLoader: Compiling Part 'Squad/Parts/Command/MpoProbe/MpoProbe/MpoProbe'
[LOG 20:55:03.943] PartLoader: Part 'Squad/Parts/Command/MpoProbe/MpoProbe/MpoProbe' has no database record. Creating.
[LOG 20:55:03.943] [DragCubeSystem]: Drag cubes not found or cannot be read for part Part. Generating New drag cubes.
[LOG 20:55:03.943] [KSPCF/DragCubeGeneration] Creating drag cubes for part 'MpoProbe'
[LOG 20:55:03.948] PartLoader: Compiling Part 'Squad/Parts/Command/MtmStage/MTM_Stage/MtmStage'
[LOG 20:55:03.952] PartLoader: Part 'Squad/Parts/Command/MtmStage/MTM_Stage/MtmStage' has no database record. Creating.
[LOG 20:55:03.952] [DragCubeSystem]: Drag cubes not found or cannot be read for part Part. Generating New drag cubes.
[LOG 20:55:03.952] [KSPCF/DragCubeGeneration] Creating drag cubes for part 'MtmStage'
[LOG 20:55:03.959] PartLoader: Compiling Part 'Squad/Parts/Command/probeCoreCube/probeCoreCube/probeCoreCube'
[LOG 20:55:03.962] PartLoader: Part 'Squad/Parts/Command/probeCoreCube/probeCoreCube/probeCoreCube' has no database record. Creating.
[LOG 20:55:03.963] PartLoader: Compiling Part 'Squad/Parts/Command/probeCoreHex/probeCoreHex/probeCoreHex'
[LOG 20:55:03.965] PartLoader: Part 'Squad/Parts/Command/probeCoreHex/probeCoreHex/probeCoreHex' has no database record. Creating.
[LOG 20:55:03.965] [DragCubeSystem]: Drag cubes not found or cannot be read for part Part. Generating New drag cubes.
[LOG 20:55:03.965] [KSPCF/DragCubeGeneration] Creating drag cubes for part 'probeCoreHex'
[LOG 20:55:03.973] PartLoader: Compiling Part 'Squad/Parts/Command/probeCoreHex_v2/probeCoreHex_v2/probeCoreHex_v2'
[LOG 20:55:03.977] PartLoader: Part 'Squad/Parts/Command/probeCoreHex_v2/probeCoreHex_v2/probeCoreHex_v2' has no database record. Creating.
[LOG 20:55:03.977] [DragCubeSystem]: Drag cubes not found or cannot be read for part Part. Generating New drag cubes.
[LOG 20:55:03.977] [KSPCF/DragCubeGeneration] Creating drag cubes for part 'probeCoreHex.v2'
[LOG 20:55:03.983] PartLoader: Compiling Part 'Squad/Parts/Command/probeCoreOcto2_v2/probeCoreOcto2_v2/probeCoreOcto2_v2'
[LOG 20:55:03.988] PartLoader: Part 'Squad/Parts/Command/probeCoreOcto2_v2/probeCoreOcto2_v2/probeCoreOcto2_v2' has no database record. Creating.
[LOG 20:55:03.988] [DragCubeSystem]: Drag cubes not found or cannot be read for part Part. Generating New drag cubes.
[LOG 20:55:03.988] [KSPCF/DragCubeGeneration] Creating drag cubes for part 'probeCoreOcto2.v2'
[LOG 20:55:03.995] PartLoader: Compiling Part 'Squad/Parts/Command/probeCoreOcto_v2/probeCoreOcto_v2/probeCoreOcto_v2'
[LOG 20:55:03.998] PartLoader: Part 'Squad/Parts/Command/probeCoreOcto_v2/probeCoreOcto_v2/probeCoreOcto_v2' has no database record. Creating.
[LOG 20:55:03.998] [DragCubeSystem]: Drag cubes not found or cannot be read for part Part. Generating New drag cubes.
[LOG 20:55:03.998] [KSPCF/DragCubeGeneration] Creating drag cubes for part 'probeCoreOcto.v2'
[LOG 20:55:04.004] PartLoader: Compiling Part 'Squad/Parts/Command/probeRoverBody/probeRoverBody/roverBody'
[LOG 20:55:04.008] PartLoader: Part 'Squad/Parts/Command/probeRoverBody/probeRoverBody/roverBody' has no database record. Creating.
[LOG 20:55:04.008] [DragCubeSystem]: Drag cubes not found or cannot be read for part Part. Generating New drag cubes.
[LOG 20:55:04.008] [KSPCF/DragCubeGeneration] Creating drag cubes for part 'roverBody'
[LOG 20:55:04.016] PartLoader: Compiling Part 'Squad/Parts/Command/probeRoverBody_v2/probeRoverBody_v2/roverBody_v2'
[LOG 20:55:04.020] PartLoader: Part 'Squad/Parts/Command/probeRoverBody_v2/probeRoverBody_v2/roverBody_v2' has no database record. Creating.
[LOG 20:55:04.020] [DragCubeSystem]: Drag cubes not found or cannot be read for part Part. Generating New drag cubes.
[LOG 20:55:04.020] [KSPCF/DragCubeGeneration] Creating drag cubes for part 'roverBody.v2'
[LOG 20:55:04.045] PartLoader: Compiling Part 'Squad/Parts/Command/probeStackLarge/probeStackLarge/probeStackLarge'
[LOG 20:55:04.049] PartLoader: Part 'Squad/Parts/Command/probeStackLarge/probeStackLarge/probeStackLarge' has no database record. Creating.
[LOG 20:55:04.049] [DragCubeSystem]: Drag cubes not found or cannot be read for part Part. Generating New drag cubes.
[LOG 20:55:04.049] [KSPCF/DragCubeGeneration] Creating drag cubes for part 'probeStackLarge'
[LOG 20:55:04.057] PartLoader: Compiling Part 'Squad/Parts/Command/probeStackSmall/probeStackSmall/probeStackSmall'
[LOG 20:55:04.061] PartLoader: Part 'Squad/Parts/Command/probeStackSmall/probeStackSmall/probeStackSmall' has no database record. Creating.
[LOG 20:55:04.061] [DragCubeSystem]: Drag cubes not found or cannot be read for part Part. Generating New drag cubes.
[LOG 20:55:04.061] [KSPCF/DragCubeGeneration] Creating drag cubes for part 'probeStackSmall'
[LOG 20:55:04.067] PartLoader: Compiling Part 'Squad/Parts/Command/probeStackSphere_v2/probeStackSphere_v2/probeCoreSphere_v2'
[LOG 20:55:04.070] PartLoader: Part 'Squad/Parts/Command/probeStackSphere_v2/probeStackSphere_v2/probeCoreSphere_v2' has no database record. Creating.
[LOG 20:55:04.071] PartLoader: Compiling Part 'Squad/Parts/CompoundParts/FuelLine/fuelLine/fuelLine'
[LOG 20:55:04.086] PartLoader: Part 'Squad/Parts/CompoundParts/FuelLine/fuelLine/fuelLine' has no database record. Creating.
[LOG 20:55:04.086] [DragCubeSystem]: Drag cubes not found or cannot be read for part CompoundPart. Generating New drag cubes.
[LOG 20:55:04.086] [KSPCF/DragCubeGeneration] Creating drag cubes for part 'fuelLine'
[LOG 20:55:04.095] PartLoader: Compiling Part 'Squad/Parts/CompoundParts/strutConnector/strutConnector/strutConnector'
[LOG 20:55:04.100] PartLoader: Part 'Squad/Parts/CompoundParts/strutConnector/strutConnector/strutConnector' has no database record. Creating.
[LOG 20:55:04.100] [DragCubeSystem]: Drag cubes not found or cannot be read for part CompoundPart. Generating New drag cubes.
[LOG 20:55:04.100] [KSPCF/DragCubeGeneration] Creating drag cubes for part 'strutConnector'
[LOG 20:55:04.106] PartLoader: Compiling Part 'Squad/Parts/Coupling/Decoupler_0/Decoupler_0'
[LOG 20:55:04.111] PartLoader: Part 'Squad/Parts/Coupling/Decoupler_0/Decoupler_0' has no database record. Creating.
[LOG 20:55:04.111] PartLoader: Compiling Part 'Squad/Parts/Coupling/Decoupler_1/Decoupler_1'
[LOG 20:55:04.116] PartLoader: Part 'Squad/Parts/Coupling/Decoupler_1/Decoupler_1' has no database record. Creating.
[LOG 20:55:04.117] PartLoader: Compiling Part 'Squad/Parts/Coupling/Decoupler_2/Decoupler_2'
[LOG 20:55:04.120] PartLoader: Part 'Squad/Parts/Coupling/Decoupler_2/Decoupler_2' has no database record. Creating.
[LOG 20:55:04.120] PartLoader: Compiling Part 'Squad/Parts/Coupling/Decoupler_3/Decoupler_3'
[LOG 20:55:04.122] PartLoader: Part 'Squad/Parts/Coupling/Decoupler_3/Decoupler_3' has no database record. Creating.
[LOG 20:55:04.123] PartLoader: Compiling Part 'Squad/Parts/Coupling/Separator_0/Separator_0'
[LOG 20:55:04.125] PartLoader: Part 'Squad/Parts/Coupling/Separator_0/Separator_0' has no database record. Creating.
[LOG 20:55:04.125] PartLoader: Compiling Part 'Squad/Parts/Coupling/Separator_1/Separator_1'
[LOG 20:55:04.128] PartLoader: Part 'Squad/Parts/Coupling/Separator_1/Separator_1' has no database record. Creating.
[LOG 20:55:04.128] PartLoader: Compiling Part 'Squad/Parts/Coupling/Separator_2/Separator_2'
[LOG 20:55:04.132] PartLoader: Part 'Squad/Parts/Coupling/Separator_2/Separator_2' has no database record. Creating.
[LOG 20:55:04.132] PartLoader: Compiling Part 'Squad/Parts/Coupling/Separator_3/Separator_3'
[LOG 20:55:04.135] PartLoader: Part 'Squad/Parts/Coupling/Separator_3/Separator_3' has no database record. Creating.
[LOG 20:55:04.136] PartLoader: Compiling Part 'Squad/Parts/Electrical/10CSolarPanels/OX-10C/solarPanelOX10C'
[LOG 20:55:04.143] PartLoader: Part 'Squad/Parts/Electrical/10CSolarPanels/OX-10C/solarPanelOX10C' has no database record. Creating.
[LOG 20:55:04.143] [DragCubeSystem]: Drag cubes not found or cannot be read for part Part. Generating New drag cubes.
[LOG 20:55:04.143] [KSPCF/DragCubeGeneration] Creating drag cubes for part 'solarPanelOX10C'
[LOG 20:55:04.167] PartLoader: Compiling Part 'Squad/Parts/Electrical/10CSolarPanels/SP-10C/solarPanelSP10C'
[LOG 20:55:04.171] PartLoader: Part 'Squad/Parts/Electrical/10CSolarPanels/SP-10C/solarPanelSP10C' has no database record. Creating.
[LOG 20:55:04.171] [DragCubeSystem]: Drag cubes not found or cannot be read for part Part. Generating New drag cubes.
[LOG 20:55:04.171] [KSPCF/DragCubeGeneration] Creating drag cubes for part 'solarPanelSP10C'
[LOG 20:55:04.194] PartLoader: Compiling Part 'Squad/Parts/Electrical/10LSolarPanels/OX-10L/solarPanelOX10L'
[LOG 20:55:04.197] PartLoader: Part 'Squad/Parts/Electrical/10LSolarPanels/OX-10L/solarPanelOX10L' has no database record. Creating.
[LOG 20:55:04.197] [DragCubeSystem]: Drag cubes not found or cannot be read for part Part. Generating New drag cubes.
[LOG 20:55:04.198] [KSPCF/DragCubeGeneration] Creating drag cubes for part 'solarPanelOX10L'
[LOG 20:55:04.221] PartLoader: Compiling Part 'Squad/Parts/Electrical/10LSolarPanels/SP-10L/solarPanelSP10L'
[LOG 20:55:04.223] PartLoader: Part 'Squad/Parts/Electrical/10LSolarPanels/SP-10L/solarPanelSP10L' has no database record. Creating.
[LOG 20:55:04.224] [DragCubeSystem]: Drag cubes not found or cannot be read for part Part. Generating New drag cubes.
[LOG 20:55:04.224] [KSPCF/DragCubeGeneration] Creating drag cubes for part 'solarPanelSP10L'
[LOG 20:55:04.245] PartLoader: Compiling Part 'Squad/Parts/Electrical/1x6ShroudSolarPanels/1x6ShroudSolarPanels/solarPanels2'
[LOG 20:55:04.248] PartLoader: Part 'Squad/Parts/Electrical/1x6ShroudSolarPanels/1x6ShroudSolarPanels/solarPanels2' has no database record. Creating.
[LOG 20:55:04.248] [DragCubeSystem]: Drag cubes not found or cannot be read for part Part. Generating New drag cubes.
[LOG 20:55:04.248] [KSPCF/DragCubeGeneration] Creating drag cubes for part 'solarPanels2'
[LOG 20:55:04.269] PartLoader: Compiling Part 'Squad/Parts/Electrical/1x6SolarPanels/1x6SolarPanels/solarPanels4'
[LOG 20:55:04.272] PartLoader: Part 'Squad/Parts/Electrical/1x6SolarPanels/1x6SolarPanels/solarPanels4' has no database record. Creating.
[LOG 20:55:04.272] [DragCubeSystem]: Drag cubes not found or cannot be read for part Part. Generating New drag cubes.
[LOG 20:55:04.272] [KSPCF/DragCubeGeneration] Creating drag cubes for part 'solarPanels4'
[LOG 20:55:04.293] PartLoader: Compiling Part 'Squad/Parts/Electrical/3x2ShroudSolarPanels/3x2ShroudSolarPanels/solarPanels1'
[LOG 20:55:04.297] PartLoader: Part 'Squad/Parts/Electrical/3x2ShroudSolarPanels/3x2ShroudSolarPanels/solarPanels1' has no database record. Creating.
[LOG 20:55:04.297] [DragCubeSystem]: Drag cubes not found or cannot be read for part Part. Generating New drag cubes.
[LOG 20:55:04.297] [KSPCF/DragCubeGeneration] Creating drag cubes for part 'solarPanels1'
[LOG 20:55:04.318] PartLoader: Compiling Part 'Squad/Parts/Electrical/3x2SolarPanels/3x2SolarPanels/solarPanels3'
[LOG 20:55:04.321] PartLoader: Part 'Squad/Parts/Electrical/3x2SolarPanels/3x2SolarPanels/solarPanels3' has no database record. Creating.
[LOG 20:55:04.321] [DragCubeSystem]: Drag cubes not found or cannot be read for part Part. Generating New drag cubes.
[LOG 20:55:04.321] [KSPCF/DragCubeGeneration] Creating drag cubes for part 'solarPanels3'
[LOG 20:55:04.342] PartLoader: Compiling Part 'Squad/Parts/Electrical/gigantorXlSolarArray/gigantorXlSolarArray/largeSolarPanel'
[LOG 20:55:04.345] PartLoader: Part 'Squad/Parts/Electrical/gigantorXlSolarArray/gigantorXlSolarArray/largeSolarPanel' has no database record. Creating.
[LOG 20:55:04.345] [DragCubeSystem]: Drag cubes not found or cannot be read for part Part. Generating New drag cubes.
[LOG 20:55:04.345] [KSPCF/DragCubeGeneration] Creating drag cubes for part 'largeSolarPanel'
[LOG 20:55:04.366] PartLoader: Compiling Part 'Squad/Parts/Electrical/radialFlatSolarPanel/radialFlatSolarPanel/solarPanels5'
[LOG 20:55:04.368] PartLoader: Part 'Squad/Parts/Electrical/radialFlatSolarPanel/radialFlatSolarPanel/solarPanels5' has no database record. Creating.
[LOG 20:55:04.369] [DragCubeSystem]: Drag cubes not found or cannot be read for part Part. Generating New drag cubes.
[LOG 20:55:04.369] [KSPCF/DragCubeGeneration] Creating drag cubes for part 'solarPanels5'
[LOG 20:55:04.377] PartLoader: Compiling Part 'Squad/Parts/Electrical/RTG/RTG/rtg'
[LOG 20:55:04.385] PartLoader: Part 'Squad/Parts/Electrical/RTG/RTG/rtg' has no database record. Creating.
[LOG 20:55:04.385] [DragCubeSystem]: Drag cubes not found or cannot be read for part Part. Generating New drag cubes.
[LOG 20:55:04.385] [KSPCF/DragCubeGeneration] Creating drag cubes for part 'rtg'
[LOG 20:55:04.392] PartLoader: Compiling Part 'Squad/Parts/Electrical/z-100Battery/z-100Battery/batteryPack'
[LOG 20:55:04.394] PartLoader: Part 'Squad/Parts/Electrical/z-100Battery/z-100Battery/batteryPack' has no database record. Creating.
[LOG 20:55:04.394] [DragCubeSystem]: Drag cubes not found or cannot be read for part Part. Generating New drag cubes.
[LOG 20:55:04.394] [KSPCF/DragCubeGeneration] Creating drag cubes for part 'batteryPack'
[LOG 20:55:04.398] PartLoader: Compiling Part 'Squad/Parts/Electrical/z-1kBattery/z-1kBattery/batteryBank'
[LOG 20:55:04.400] PartLoader: Part 'Squad/Parts/Electrical/z-1kBattery/z-1kBattery/batteryBank' has no database record. Creating.
[LOG 20:55:04.400] [DragCubeSystem]: Drag cubes not found or cannot be read for part Part. Generating New drag cubes.
[LOG 20:55:04.400] [KSPCF/DragCubeGeneration] Creating drag cubes for part 'batteryBank'
[LOG 20:55:04.406] PartLoader: Compiling Part 'Squad/Parts/Electrical/z-200Battery/z-200Battery/batteryBankMini'
[LOG 20:55:04.409] PartLoader: Part 'Squad/Parts/Electrical/z-200Battery/z-200Battery/batteryBankMini' has no database record. Creating.
[LOG 20:55:04.409] [DragCubeSystem]: Drag cubes not found or cannot be read for part Part. Generating New drag cubes.
[LOG 20:55:04.409] [KSPCF/DragCubeGeneration] Creating drag cubes for part 'batteryBankMini'
[LOG 20:55:04.414] PartLoader: Compiling Part 'Squad/Parts/Electrical/z-400Battery/z-400Battery/ksp_r_largeBatteryPack'
[LOG 20:55:04.416] PartLoader: Part 'Squad/Parts/Electrical/z-400Battery/z-400Battery/ksp_r_largeBatteryPack' has no database record. Creating.
[LOG 20:55:04.416] [DragCubeSystem]: Drag cubes not found or cannot be read for part Part. Generating New drag cubes.
[LOG 20:55:04.416] [KSPCF/DragCubeGeneration] Creating drag cubes for part 'ksp.r.largeBatteryPack'
[LOG 20:55:04.421] PartLoader: Compiling Part 'Squad/Parts/Electrical/z-4kBattery/z-4kBattery/batteryBankLarge'
[LOG 20:55:04.422] PartLoader: Part 'Squad/Parts/Electrical/z-4kBattery/z-4kBattery/batteryBankLarge' has no database record. Creating.
[LOG 20:55:04.422] [DragCubeSystem]: Drag cubes not found or cannot be read for part Part. Generating New drag cubes.
[LOG 20:55:04.422] [KSPCF/DragCubeGeneration] Creating drag cubes for part 'batteryBankLarge'
[LOG 20:55:04.429] PartLoader: Compiling Part 'Squad/Parts/Engine/ionEngine/ionEngine/ionEngine'
[LOG 20:55:04.443] PartLoader: Part 'Squad/Parts/Engine/ionEngine/ionEngine/ionEngine' has no database record. Creating.
[LOG 20:55:04.443] [DragCubeSystem]: Drag cubes not found or cannot be read for part Part. Generating New drag cubes.
[LOG 20:55:04.443] [KSPCF/DragCubeGeneration] Creating drag cubes for part 'ionEngine'
[LOG 20:55:04.451] PartLoader: Compiling Part 'Squad/Parts/Engine/jetEngines/jetEngineAfterburning/turboJet'
[LOG 20:55:04.471] PartLoader: Part 'Squad/Parts/Engine/jetEngines/jetEngineAfterburning/turboJet' has no database record. Creating.
[LOG 20:55:04.471] [DragCubeSystem]: Drag cubes not found or cannot be read for part Part. Generating New drag cubes.
[LOG 20:55:04.471] [KSPCF/DragCubeGeneration] Creating drag cubes for part 'turboJet'
[LOG 20:55:04.481] PartLoader: Compiling Part 'Squad/Parts/Engine/jetEngines/jetEngineBasic/JetEngine'
[LOG 20:55:04.487] PartLoader: Part 'Squad/Parts/Engine/jetEngines/jetEngineBasic/JetEngine' has no database record. Creating.
[LOG 20:55:04.487] [DragCubeSystem]: Drag cubes not found or cannot be read for part Part. Generating New drag cubes.
[LOG 20:55:04.487] [KSPCF/DragCubeGeneration] Creating drag cubes for part 'JetEngine'
[LOG 20:55:04.503] PartLoader: Compiling Part 'Squad/Parts/Engine/jetEngines/jetEngineBig/turboFanSize2'
[LOG 20:55:04.510] PartLoader: Part 'Squad/Parts/Engine/jetEngines/jetEngineBig/turboFanSize2' has no database record. Creating.
[LOG 20:55:04.510] [DragCubeSystem]: Drag cubes not found or cannot be read for part Part. Generating New drag cubes.
[LOG 20:55:04.510] [KSPCF/DragCubeGeneration] Creating drag cubes for part 'turboFanSize2'
[LOG 20:55:04.526] PartLoader: Compiling Part 'Squad/Parts/Engine/jetEngines/jetEngineTurbo/turboFanEngine'
[LOG 20:55:04.532] PartLoader: Part 'Squad/Parts/Engine/jetEngines/jetEngineTurbo/turboFanEngine' has no database record. Creating.
[LOG 20:55:04.532] [DragCubeSystem]: Drag cubes not found or cannot be read for part Part. Generating New drag cubes.
[LOG 20:55:04.532] [KSPCF/DragCubeGeneration] Creating drag cubes for part 'turboFanEngine'
[LOG 20:55:04.538] PartLoader: Compiling Part 'Squad/Parts/Engine/liquidEngine24-77/liquidEngine24-77/smallRadialEngine'
[LOG 20:55:04.543] PartLoader: Part 'Squad/Parts/Engine/liquidEngine24-77/liquidEngine24-77/smallRadialEngine' has no database record. Creating.
[LOG 20:55:04.543] [DragCubeSystem]: Drag cubes not found or cannot be read for part Part. Generating New drag cubes.
[LOG 20:55:04.543] [KSPCF/DragCubeGeneration] Creating drag cubes for part 'smallRadialEngine'
[LOG 20:55:04.548] PartLoader: Compiling Part 'Squad/Parts/Engine/liquidEngine24-77_v2/liquidEngine24-77_v2/smallRadialEngine_v2'
[LOG 20:55:04.555] PartLoader: Part 'Squad/Parts/Engine/liquidEngine24-77_v2/liquidEngine24-77_v2/smallRadialEngine_v2' has no database record. Creating.
[LOG 20:55:04.555] [DragCubeSystem]: Drag cubes not found or cannot be read for part Part. Generating New drag cubes.
[LOG 20:55:04.555] [KSPCF/DragCubeGeneration] Creating drag cubes for part 'smallRadialEngine.v2'
[LOG 20:55:04.563] PartLoader: Compiling Part 'Squad/Parts/Engine/liquidEngine48-7S_v2/liquidEngine48-7S_v2/liquidEngineMini_v2'
[LOG 20:55:04.569] PartLoader: Part 'Squad/Parts/Engine/liquidEngine48-7S_v2/liquidEngine48-7S_v2/liquidEngineMini_v2' has no database record. Creating.
[LOG 20:55:04.569] [DragCubeSystem]: Drag cubes not found or cannot be read for part Part. Generating New drag cubes.
[LOG 20:55:04.569] [KSPCF/DragCubeGeneration] Creating drag cubes for part 'liquidEngineMini.v2'
[LOG 20:55:04.606] PartLoader: Compiling Part 'Squad/Parts/Engine/liquidEngineAerospike/liquidEngineAerospike/toroidalAerospike'
[LOG 20:55:04.623] PartLoader: Part 'Squad/Parts/Engine/liquidEngineAerospike/liquidEngineAerospike/toroidalAerospike' has no database record. Creating.
[LOG 20:55:04.623] [DragCubeSystem]: Drag cubes not found or cannot be read for part Part. Generating New drag cubes.
[LOG 20:55:04.623] [KSPCF/DragCubeGeneration] Creating drag cubes for part 'toroidalAerospike'
[LOG 20:55:04.643] PartLoader: Compiling Part 'Squad/Parts/Engine/liquidEngineLV-1_v2/liquidEngineLV-1R _v2/radialEngineMini_v2'
[LOG 20:55:04.649] PartLoader: Part 'Squad/Parts/Engine/liquidEngineLV-1_v2/liquidEngineLV-1R _v2/radialEngineMini_v2' has no database record. Creating.
[LOG 20:55:04.649] [DragCubeSystem]: Drag cubes not found or cannot be read for part Part. Generating New drag cubes.
[LOG 20:55:04.649] [KSPCF/DragCubeGeneration] Creating drag cubes for part 'radialEngineMini.v2'
[LOG 20:55:04.669] PartLoader: Compiling Part 'Squad/Parts/Engine/liquidEngineLV-1_v2/liquidEngineLV-1_v2/microEngine_v2'
[LOG 20:55:04.675] PartLoader: Part 'Squad/Parts/Engine/liquidEngineLV-1_v2/liquidEngineLV-1_v2/microEngine_v2' has no database record. Creating.
[LOG 20:55:04.675] [DragCubeSystem]: Drag cubes not found or cannot be read for part Part. Generating New drag cubes.
[LOG 20:55:04.675] [KSPCF/DragCubeGeneration] Creating drag cubes for part 'microEngine.v2'
[LOG 20:55:04.694] PartLoader: Compiling Part 'Squad/Parts/Engine/liquidEngineLV-909_v2/liquidEngineLV-909_v2/liquidEngine3_v2'
[LOG 20:55:04.701] PartLoader: Part 'Squad/Parts/Engine/liquidEngineLV-909_v2/liquidEngineLV-909_v2/liquidEngine3_v2' has no database record. Creating.
[LOG 20:55:04.701] [DragCubeSystem]: Drag cubes not found or cannot be read for part Part. Generating New drag cubes.
[LOG 20:55:04.701] [KSPCF/DragCubeGeneration] Creating drag cubes for part 'liquidEngine3.v2'
[LOG 20:55:04.739] PartLoader: Compiling Part 'Squad/Parts/Engine/liquidEngineLV-N/liquidEngineLV-N/nuclearEngine'
[LOG 20:55:04.747] PartLoader: Part 'Squad/Parts/Engine/liquidEngineLV-N/liquidEngineLV-N/nuclearEngine' has no database record. Creating.
[LOG 20:55:04.748] [DragCubeSystem]: Drag cubes not found or cannot be read for part Part. Generating New drag cubes.
[LOG 20:55:04.748] [KSPCF/DragCubeGeneration] Part 'nuclearEngine' has defined a procedural drag cube setup
[LOG 20:55:04.748] PartLoader: Compiling Part 'Squad/Parts/Engine/liquidEngineLV-T30/liquidEngineLV-T30/liquidEngine'
[LOG 20:55:04.753] PartLoader: Part 'Squad/Parts/Engine/liquidEngineLV-T30/liquidEngineLV-T30/liquidEngine' has no database record. Creating.
[LOG 20:55:04.753] [DragCubeSystem]: Drag cubes not found or cannot be read for part Part. Generating New drag cubes.
[LOG 20:55:04.753] [KSPCF/DragCubeGeneration] Creating drag cubes for part 'liquidEngine'
[LOG 20:55:04.773] PartLoader: Compiling Part 'Squad/Parts/Engine/liquidEngineLV-T30_v2/liquidEngineLV-T30_v2/liquidEngine_v2'
[LOG 20:55:04.779] PartLoader: Part 'Squad/Parts/Engine/liquidEngineLV-T30_v2/liquidEngineLV-T30_v2/liquidEngine_v2' has no database record. Creating.
[LOG 20:55:04.781] PartLoader: Compiling Part 'Squad/Parts/Engine/liquidEngineLV-T45/liquidEngineLV-T45/liquidEngine2'
[LOG 20:55:04.787] PartLoader: Part 'Squad/Parts/Engine/liquidEngineLV-T45/liquidEngineLV-T45/liquidEngine2' has no database record. Creating.
[LOG 20:55:04.788] [DragCubeSystem]: Drag cubes not found or cannot be read for part Part. Generating New drag cubes.
[LOG 20:55:04.788] [KSPCF/DragCubeGeneration] Creating drag cubes for part 'liquidEngine2'
[LOG 20:55:04.817] PartLoader: Compiling Part 'Squad/Parts/Engine/liquidEngineLV-T45_v2/liquidEngineLV-T45_v2/liquidEngine2_v2'
[LOG 20:55:04.827] PartLoader: Part 'Squad/Parts/Engine/liquidEngineLV-T45_v2/liquidEngineLV-T45_v2/liquidEngine2_v2' has no database record. Creating.
[LOG 20:55:04.828] PartLoader: Compiling Part 'Squad/Parts/Engine/liquidEngineMainsail_v2/liquidEngineMainsail_v2/liquidEngineMainsail_v2'
[LOG 20:55:04.838] PartLoader: Part 'Squad/Parts/Engine/liquidEngineMainsail_v2/liquidEngineMainsail_v2/liquidEngineMainsail_v2' has no database record. Creating.
[LOG 20:55:04.839] [DragCubeSystem]: Drag cubes not found or cannot be read for part Part. Generating New drag cubes.
[LOG 20:55:04.839] [KSPCF/DragCubeGeneration] Creating drag cubes for part 'liquidEngineMainsail.v2'
[LOG 20:55:04.882] PartLoader: Compiling Part 'Squad/Parts/Engine/liquidEngineMk55/liquidEngineMk55/radialLiquidEngine1-2'
[LOG 20:55:04.887] PartLoader: Part 'Squad/Parts/Engine/liquidEngineMk55/liquidEngineMk55/radialLiquidEngine1-2' has no database record. Creating.
[LOG 20:55:04.887] [DragCubeSystem]: Drag cubes not found or cannot be read for part Part. Generating New drag cubes.
[LOG 20:55:04.887] [KSPCF/DragCubeGeneration] Creating drag cubes for part 'radialLiquidEngine1-2'
[LOG 20:55:04.893] PartLoader: Compiling Part 'Squad/Parts/Engine/liquidEnginePoodle_v2/liquidEnginePoodle_v2/liquidEngine2-2_v2'
[LOG 20:55:04.900] PartLoader: Part 'Squad/Parts/Engine/liquidEnginePoodle_v2/liquidEnginePoodle_v2/liquidEngine2-2_v2' has no database record. Creating.
[LOG 20:55:04.901] PartLoader: Compiling Part 'Squad/Parts/Engine/liquidEngineSkipper_v2/skipperLiquidEngine_v2/engineLargeSkipper_v2'
[LOG 20:55:04.907] PartLoader: Part 'Squad/Parts/Engine/liquidEngineSkipper_v2/skipperLiquidEngine_v2/engineLargeSkipper_v2' has no database record. Creating.
[LOG 20:55:04.907] [DragCubeSystem]: Drag cubes not found or cannot be read for part Part. Generating New drag cubes.
[LOG 20:55:04.907] [KSPCF/DragCubeGeneration] Creating drag cubes for part 'engineLargeSkipper.v2'
[LOG 20:55:04.953] PartLoader: Compiling Part 'Squad/Parts/Engine/liquidEngineSSME/SSME/SSME'
[LOG 20:55:04.959] PartLoader: Part 'Squad/Parts/Engine/liquidEngineSSME/SSME/SSME' has no database record. Creating.
[LOG 20:55:04.959] [DragCubeSystem]: Drag cubes not found or cannot be read for part Part. Generating New drag cubes.
[LOG 20:55:04.959] [KSPCF/DragCubeGeneration] Creating drag cubes for part 'SSME'
[LOG 20:55:04.978] PartLoader: Compiling Part 'Squad/Parts/Engine/MassiveSRB/part/MassiveBooster'
[LOG 20:55:04.984] PartLoader: Part 'Squad/Parts/Engine/MassiveSRB/part/MassiveBooster' has no database record. Creating.
[LOG 20:55:04.984] [DragCubeSystem]: Drag cubes not found or cannot be read for part Part. Generating New drag cubes.
[LOG 20:55:04.984] [KSPCF/DragCubeGeneration] Creating drag cubes for part 'MassiveBooster'
[LOG 20:55:04.990] PartLoader: Compiling Part 'Squad/Parts/Engine/miniJet/SmallJetEngine/miniJetEngine'
[LOG 20:55:04.994] PartLoader: Part 'Squad/Parts/Engine/miniJet/SmallJetEngine/miniJetEngine' has no database record. Creating.
[LOG 20:55:04.994] [DragCubeSystem]: Drag cubes not found or cannot be read for part Part. Generating New drag cubes.
[LOG 20:55:04.994] [KSPCF/DragCubeGeneration] Creating drag cubes for part 'miniJetEngine'
[LOG 20:55:05.001] PartLoader: Compiling Part 'Squad/Parts/Engine/OMSEngine/omsEngine/omsEngine'
[LOG 20:55:05.007] PartLoader: Part 'Squad/Parts/Engine/OMSEngine/omsEngine/omsEngine' has no database record. Creating.
[LOG 20:55:05.007] [DragCubeSystem]: Drag cubes not found or cannot be read for part Part. Generating New drag cubes.
[LOG 20:55:05.007] [KSPCF/DragCubeGeneration] Creating drag cubes for part 'omsEngine'
[LOG 20:55:05.016] PartLoader: Compiling Part 'Squad/Parts/Engine/rapierEngine/rapierEngine/RAPIER'
[LOG 20:55:05.022] PartLoader: Part 'Squad/Parts/Engine/rapierEngine/rapierEngine/RAPIER' has no database record. Creating.
[LOG 20:55:05.022] [DragCubeSystem]: Drag cubes not found or cannot be read for part Part. Generating New drag cubes.
[LOG 20:55:05.022] [KSPCF/DragCubeGeneration] Creating drag cubes for part 'RAPIER'
[LOG 20:55:05.030] PartLoader: Compiling Part 'Squad/Parts/Engine/Size1_SRBs/solidBoosterRT-10_v2/solidBooster_v2'
[LOG 20:55:05.045] PartLoader: Part 'Squad/Parts/Engine/Size1_SRBs/solidBoosterRT-10_v2/solidBooster_v2' has no database record. Creating.
[LOG 20:55:05.045] [DragCubeSystem]: Drag cubes not found or cannot be read for part Part. Generating New drag cubes.
[LOG 20:55:05.045] [KSPCF/DragCubeGeneration] Creating drag cubes for part 'solidBooster.v2'
[LOG 20:55:05.062] PartLoader: Compiling Part 'Squad/Parts/Engine/Size1_SRBs/solidBoosterRT-5_v2/solidBooster_sm_v2'
[LOG 20:55:05.067] PartLoader: Part 'Squad/Parts/Engine/Size1_SRBs/solidBoosterRT-5_v2/solidBooster_sm_v2' has no database record. Creating.
[LOG 20:55:05.068] [DragCubeSystem]: Drag cubes not found or cannot be read for part Part. Generating New drag cubes.
[LOG 20:55:05.068] [KSPCF/DragCubeGeneration] Creating drag cubes for part 'solidBooster.sm.v2'
[LOG 20:55:05.085] PartLoader: Compiling Part 'Squad/Parts/Engine/Size2LFB/part/Size2LFB'
[LOG 20:55:05.091] PartLoader: Part 'Squad/Parts/Engine/Size2LFB/part/Size2LFB' has no database record. Creating.
[LOG 20:55:05.091] [DragCubeSystem]: Drag cubes not found or cannot be read for part Part. Generating New drag cubes.
[LOG 20:55:05.091] [KSPCF/DragCubeGeneration] Creating drag cubes for part 'Size2LFB'
[LOG 20:55:05.097] PartLoader: Compiling Part 'Squad/Parts/Engine/Size2LFB_v2/part/Size2LFB_v2'
[LOG 20:55:05.102] PartLoader: Part 'Squad/Parts/Engine/Size2LFB_v2/part/Size2LFB_v2' has no database record. Creating.
[LOG 20:55:05.102] [DragCubeSystem]: Drag cubes not found or cannot be read for part Part. Generating New drag cubes.
[LOG 20:55:05.102] [KSPCF/DragCubeGeneration] Creating drag cubes for part 'Size2LFB.v2'
[LOG 20:55:05.111] PartLoader: Compiling Part 'Squad/Parts/Engine/Size3AdvancedEngine/part/Size3AdvancedEngine'
[LOG 20:55:05.117] PartLoader: Part 'Squad/Parts/Engine/Size3AdvancedEngine/part/Size3AdvancedEngine' has no database record. Creating.
[LOG 20:55:05.117] [DragCubeSystem]: Drag cubes not found or cannot be read for part Part. Generating New drag cubes.
[LOG 20:55:05.117] [KSPCF/DragCubeGeneration] Creating drag cubes for part 'Size3AdvancedEngine'
[LOG 20:55:05.134] PartLoader: Compiling Part 'Squad/Parts/Engine/Size3EngineCluster/part/Size3EngineCluster'
[LOG 20:55:05.140] PartLoader: Part 'Squad/Parts/Engine/Size3EngineCluster/part/Size3EngineCluster' has no database record. Creating.
[LOG 20:55:05.140] [DragCubeSystem]: Drag cubes not found or cannot be read for part Part. Generating New drag cubes.
[LOG 20:55:05.140] [KSPCF/DragCubeGeneration] Creating drag cubes for part 'Size3EngineCluster'
[LOG 20:55:05.147] PartLoader: Compiling Part 'Squad/Parts/Engine/solidBoosterBACC/solidBoosterBACC/solidBooster1-1'
[LOG 20:55:05.153] PartLoader: Part 'Squad/Parts/Engine/solidBoosterBACC/solidBoosterBACC/solidBooster1-1' has no database record. Creating.
[LOG 20:55:05.153] [DragCubeSystem]: Drag cubes not found or cannot be read for part Part. Generating New drag cubes.
[LOG 20:55:05.153] [KSPCF/DragCubeGeneration] Creating drag cubes for part 'solidBooster1-1'
[LOG 20:55:05.162] PartLoader: Compiling Part 'Squad/Parts/Engine/solidBoosterS2-17/solidBoosterS2-17/Thoroughbred'
[LOG 20:55:05.176] PartLoader: Part 'Squad/Parts/Engine/solidBoosterS2-17/solidBoosterS2-17/Thoroughbred' has no database record. Creating.
[LOG 20:55:05.176] [DragCubeSystem]: Drag cubes not found or cannot be read for part Part. Generating New drag cubes.
[LOG 20:55:05.176] [KSPCF/DragCubeGeneration] Creating drag cubes for part 'Thoroughbred'
[LOG 20:55:05.183] PartLoader: Compiling Part 'Squad/Parts/Engine/solidBoosterS2-33/solidBoosterS2-33/Clydesdale'
[LOG 20:55:05.187] PartLoader: Part 'Squad/Parts/Engine/solidBoosterS2-33/solidBoosterS2-33/Clydesdale' has no database record. Creating.
[LOG 20:55:05.187] [DragCubeSystem]: Drag cubes not found or cannot be read for part Part. Generating New drag cubes.
[LOG 20:55:05.187] [KSPCF/DragCubeGeneration] Creating drag cubes for part 'Clydesdale'
[LOG 20:55:05.194] PartLoader: Compiling Part 'Squad/Parts/Engine/solidBoosterSep/solidBoosterSep/sepMotor1'
[LOG 20:55:05.196] [ModuleCargoPart]: Setting stackableQuantity to 1 as sepMotor1 contains resources
[LOG 20:55:05.199] PartLoader: Part 'Squad/Parts/Engine/solidBoosterSep/solidBoosterSep/sepMotor1' has no database record. Creating.
[LOG 20:55:05.199] [DragCubeSystem]: Drag cubes not found or cannot be read for part Part. Generating New drag cubes.
[LOG 20:55:05.199] [KSPCF/DragCubeGeneration] Creating drag cubes for part 'sepMotor1'
[LOG 20:55:05.206] PartLoader: Compiling Part 'Squad/Parts/Engine/SolidBoostersF/SolidBoosterF3S0/Shrimp'
[LOG 20:55:05.211] PartLoader: Part 'Squad/Parts/Engine/SolidBoostersF/SolidBoosterF3S0/Shrimp' has no database record. Creating.
[LOG 20:55:05.211] [DragCubeSystem]: Drag cubes not found or cannot be read for part Part. Generating New drag cubes.
[LOG 20:55:05.211] [KSPCF/DragCubeGeneration] Creating drag cubes for part 'Shrimp'
[LOG 20:55:05.219] PartLoader: Compiling Part 'Squad/Parts/Engine/SolidBoostersF/SolidBoosterFM1/Mite'
[LOG 20:55:05.223] PartLoader: Part 'Squad/Parts/Engine/SolidBoostersF/SolidBoosterFM1/Mite' has no database record. Creating.
[LOG 20:55:05.223] [DragCubeSystem]: Drag cubes not found or cannot be read for part Part. Generating New drag cubes.
[LOG 20:55:05.223] [KSPCF/DragCubeGeneration] Creating drag cubes for part 'Mite'
[LOG 20:55:05.231] PartLoader: Compiling Part 'Squad/Parts/FuelTank/adapterTanks/Mk3-Mk2/adapterMk3-Mk2'
[LOG 20:55:05.234] PartLoader: Part 'Squad/Parts/FuelTank/adapterTanks/Mk3-Mk2/adapterMk3-Mk2' has no database record. Creating.
[LOG 20:55:05.234] [DragCubeSystem]: Drag cubes not found or cannot be read for part Part. Generating New drag cubes.
[LOG 20:55:05.234] [KSPCF/DragCubeGeneration] Creating drag cubes for part 'adapterMk3-Mk2'
[LOG 20:55:05.242] PartLoader: Compiling Part 'Squad/Parts/FuelTank/adapterTanks/Mk3-ShuttleAdapter/adapterEngines'
[LOG 20:55:05.244] PartLoader: Part 'Squad/Parts/FuelTank/adapterTanks/Mk3-ShuttleAdapter/adapterEngines' has no database record. Creating.
[LOG 20:55:05.244] [DragCubeSystem]: Drag cubes not found or cannot be read for part Part. Generating New drag cubes.
[LOG 20:55:05.244] [KSPCF/DragCubeGeneration] Creating drag cubes for part 'adapterEngines'
[LOG 20:55:05.250] PartLoader: Compiling Part 'Squad/Parts/FuelTank/adapterTanks/Mk3-Size2/adapterMk3-Size2'
[LOG 20:55:05.252] PartLoader: Part 'Squad/Parts/FuelTank/adapterTanks/Mk3-Size2/adapterMk3-Size2' has no database record. Creating.
[LOG 20:55:05.252] [DragCubeSystem]: Drag cubes not found or cannot be read for part Part. Generating New drag cubes.
[LOG 20:55:05.252] [KSPCF/DragCubeGeneration] Creating drag cubes for part 'adapterMk3-Size2'
[LOG 20:55:05.259] PartLoader: Compiling Part 'Squad/Parts/FuelTank/adapterTanks/Mk3-Size2Slant/adapterMk3-Size2Slant'
[LOG 20:55:05.262] PartLoader: Part 'Squad/Parts/FuelTank/adapterTanks/Mk3-Size2Slant/adapterMk3-Size2Slant' has no database record. Creating.
[LOG 20:55:05.262] [DragCubeSystem]: Drag cubes not found or cannot be read for part Part. Generating New drag cubes.
[LOG 20:55:05.262] [KSPCF/DragCubeGeneration] Creating drag cubes for part 'adapterMk3-Size2Slant'
[LOG 20:55:05.268] PartLoader: Compiling Part 'Squad/Parts/FuelTank/adapterTanks/Size2-Mk2/adapterSize2-Mk2'
[LOG 20:55:05.270] PartLoader: Part 'Squad/Parts/FuelTank/adapterTanks/Size2-Mk2/adapterSize2-Mk2' has no database record. Creating.
[LOG 20:55:05.270] [DragCubeSystem]: Drag cubes not found or cannot be read for part Part. Generating New drag cubes.
[LOG 20:55:05.270] [KSPCF/DragCubeGeneration] Creating drag cubes for part 'adapterSize2-Mk2'
[LOG 20:55:05.277] PartLoader: Compiling Part 'Squad/Parts/FuelTank/adapterTanks/Size2-Size1/adapterSize2-Size1'
[LOG 20:55:05.279] PartLoader: Part 'Squad/Parts/FuelTank/adapterTanks/Size2-Size1/adapterSize2-Size1' has no database record. Creating.
[LOG 20:55:05.279] [DragCubeSystem]: Drag cubes not found or cannot be read for part Part. Generating New drag cubes.
[LOG 20:55:05.279] [KSPCF/DragCubeGeneration] Creating drag cubes for part 'adapterSize2-Size1'
[LOG 20:55:05.284] PartLoader: Compiling Part 'Squad/Parts/FuelTank/adapterTanks/Size2-Size1Slant/adapterSize2-Size1Slant'
[LOG 20:55:05.286] PartLoader: Part 'Squad/Parts/FuelTank/adapterTanks/Size2-Size1Slant/adapterSize2-Size1Slant' has no database record. Creating.
[LOG 20:55:05.286] [DragCubeSystem]: Drag cubes not found or cannot be read for part Part. Generating New drag cubes.
[LOG 20:55:05.286] [KSPCF/DragCubeGeneration] Creating drag cubes for part 'adapterSize2-Size1Slant'
[LOG 20:55:05.291] PartLoader: Compiling Part 'Squad/Parts/FuelTank/adapterTanks/Size3-Mk3/adapterSize3-Mk3'
[LOG 20:55:05.293] PartLoader: Part 'Squad/Parts/FuelTank/adapterTanks/Size3-Mk3/adapterSize3-Mk3' has no database record. Creating.
[LOG 20:55:05.293] [DragCubeSystem]: Drag cubes not found or cannot be read for part Part. Generating New drag cubes.
[LOG 20:55:05.293] [KSPCF/DragCubeGeneration] Creating drag cubes for part 'adapterSize3-Mk3'
[LOG 20:55:05.300] PartLoader: Compiling Part 'Squad/Parts/FuelTank/drainTankFTE-1/ReleaseValve/ReleaseValve'
[LOG 20:55:05.311] PartLoader: Part 'Squad/Parts/FuelTank/drainTankFTE-1/ReleaseValve/ReleaseValve' has no database record. Creating.
[LOG 20:55:05.311] [DragCubeSystem]: Drag cubes not found or cannot be read for part Part. Generating New drag cubes.
[LOG 20:55:05.311] [KSPCF/DragCubeGeneration] Creating drag cubes for part 'ReleaseValve'
[LOG 20:55:05.319] PartLoader: Compiling Part 'Squad/Parts/FuelTank/FoilTanks/RadialTank_Capsule/externalTankCapsule'
[LOG 20:55:05.322] PartLoader: Part 'Squad/Parts/FuelTank/FoilTanks/RadialTank_Capsule/externalTankCapsule' has no database record. Creating.
[LOG 20:55:05.322] [DragCubeSystem]: Drag cubes not found or cannot be read for part Part. Generating New drag cubes.
[LOG 20:55:05.322] [KSPCF/DragCubeGeneration] Creating drag cubes for part 'externalTankCapsule'
[LOG 20:55:05.328] PartLoader: Compiling Part 'Squad/Parts/FuelTank/FoilTanks/RadialTank_Round/externalTankRound'
[LOG 20:55:05.330] PartLoader: Part 'Squad/Parts/FuelTank/FoilTanks/RadialTank_Round/externalTankRound' has no database record. Creating.
[LOG 20:55:05.331] [DragCubeSystem]: Drag cubes not found or cannot be read for part Part. Generating New drag cubes.
[LOG 20:55:05.331] [KSPCF/DragCubeGeneration] Creating drag cubes for part 'externalTankRound'
[LOG 20:55:05.335] PartLoader: Compiling Part 'Squad/Parts/FuelTank/FoilTanks/ToroidTank/externalTankToroid'
[LOG 20:55:05.338] PartLoader: Part 'Squad/Parts/FuelTank/FoilTanks/ToroidTank/externalTankToroid' has no database record. Creating.
[LOG 20:55:05.338] [DragCubeSystem]: Drag cubes not found or cannot be read for part Part. Generating New drag cubes.
[LOG 20:55:05.338] [KSPCF/DragCubeGeneration] Creating drag cubes for part 'externalTankToroid'
[LOG 20:55:05.343] PartLoader: Compiling Part 'Squad/Parts/FuelTank/fuelTankOscarB/fuelTankOscarB/miniFuelTank'
[LOG 20:55:05.346] PartLoader: Part 'Squad/Parts/FuelTank/fuelTankOscarB/fuelTankOscarB/miniFuelTank' has no database record. Creating.
[LOG 20:55:05.346] [DragCubeSystem]: Drag cubes not found or cannot be read for part Part. Generating New drag cubes.
[LOG 20:55:05.346] [KSPCF/DragCubeGeneration] Creating drag cubes for part 'miniFuelTank'
[LOG 20:55:05.353] PartLoader: Compiling Part 'Squad/Parts/FuelTank/miniFuselage/miniFuselage/miniFuselage'
[LOG 20:55:05.355] PartLoader: Part 'Squad/Parts/FuelTank/miniFuselage/miniFuselage/miniFuselage' has no database record. Creating.
[LOG 20:55:05.356] [DragCubeSystem]: Drag cubes not found or cannot be read for part Part. Generating New drag cubes.
[LOG 20:55:05.356] [KSPCF/DragCubeGeneration] Creating drag cubes for part 'miniFuselage'
[LOG 20:55:05.361] PartLoader: Compiling Part 'Squad/Parts/FuelTank/mk2Adapters/bicoupler/mk2_1m_Bicoupler'
[LOG 20:55:05.363] PartLoader: Part 'Squad/Parts/FuelTank/mk2Adapters/bicoupler/mk2_1m_Bicoupler' has no database record. Creating.
[LOG 20:55:05.363] [DragCubeSystem]: Drag cubes not found or cannot be read for part Part. Generating New drag cubes.
[LOG 20:55:05.363] [KSPCF/DragCubeGeneration] Creating drag cubes for part 'mk2.1m.Bicoupler'
[LOG 20:55:05.368] PartLoader: Compiling Part 'Squad/Parts/FuelTank/mk2Adapters/long/mk2_1m_AdapterLong'
[LOG 20:55:05.370] PartLoader: Part 'Squad/Parts/FuelTank/mk2Adapters/long/mk2_1m_AdapterLong' has no database record. Creating.
[LOG 20:55:05.370] [DragCubeSystem]: Drag cubes not found or cannot be read for part Part. Generating New drag cubes.
[LOG 20:55:05.370] [KSPCF/DragCubeGeneration] Creating drag cubes for part 'mk2.1m.AdapterLong'
[LOG 20:55:05.375] PartLoader: Compiling Part 'Squad/Parts/FuelTank/mk2Adapters/standard/mk2SpacePlaneAdapter'
[LOG 20:55:05.377] PartLoader: Part 'Squad/Parts/FuelTank/mk2Adapters/standard/mk2SpacePlaneAdapter' has no database record. Creating.
[LOG 20:55:05.377] [DragCubeSystem]: Drag cubes not found or cannot be read for part Part. Generating New drag cubes.
[LOG 20:55:05.377] [KSPCF/DragCubeGeneration] Creating drag cubes for part 'mk2SpacePlaneAdapter'
[LOG 20:55:05.383] PartLoader: Compiling Part 'Squad/Parts/FuelTank/mk2FuselageLong/LFO_long/mk2FuselageLongLFO'
[LOG 20:55:05.385] PartLoader: Part 'Squad/Parts/FuelTank/mk2FuselageLong/LFO_long/mk2FuselageLongLFO' has no database record. Creating.
[LOG 20:55:05.385] [DragCubeSystem]: Drag cubes not found or cannot be read for part Part. Generating New drag cubes.
[LOG 20:55:05.386] [KSPCF/DragCubeGeneration] Creating drag cubes for part 'mk2FuselageLongLFO'
[LOG 20:55:05.391] PartLoader: Compiling Part 'Squad/Parts/FuelTank/mk2FuselageLong/L_long/mk2Fuselage'
[LOG 20:55:05.392] PartLoader: Part 'Squad/Parts/FuelTank/mk2FuselageLong/L_long/mk2Fuselage' has no database record. Creating.
[LOG 20:55:05.393] [DragCubeSystem]: Drag cubes not found or cannot be read for part Part. Generating New drag cubes.
[LOG 20:55:05.393] [KSPCF/DragCubeGeneration] Creating drag cubes for part 'mk2Fuselage'
[LOG 20:55:05.397] PartLoader: Compiling Part 'Squad/Parts/FuelTank/mk2FuselageShort/LFO_short/mk2FuselageShortLFO'
[LOG 20:55:05.399] PartLoader: Part 'Squad/Parts/FuelTank/mk2FuselageShort/LFO_short/mk2FuselageShortLFO' has no database record. Creating.
[LOG 20:55:05.399] [DragCubeSystem]: Drag cubes not found or cannot be read for part Part. Generating New drag cubes.
[LOG 20:55:05.399] [KSPCF/DragCubeGeneration] Creating drag cubes for part 'mk2FuselageShortLFO'
[LOG 20:55:05.405] PartLoader: Compiling Part 'Squad/Parts/FuelTank/mk2FuselageShort/L_short/mk2FuselageShortLiquid'
[LOG 20:55:05.407] PartLoader: Part 'Squad/Parts/FuelTank/mk2FuselageShort/L_short/mk2FuselageShortLiquid' has no database record. Creating.
[LOG 20:55:05.407] [DragCubeSystem]: Drag cubes not found or cannot be read for part Part. Generating New drag cubes.
[LOG 20:55:05.407] [KSPCF/DragCubeGeneration] Creating drag cubes for part 'mk2FuselageShortLiquid'
[LOG 20:55:05.412] PartLoader: Compiling Part 'Squad/Parts/FuelTank/mk2FuselageShort/Mono_short/mk2FuselageShortMono'
[LOG 20:55:05.414] PartLoader: Part 'Squad/Parts/FuelTank/mk2FuselageShort/Mono_short/mk2FuselageShortMono' has no database record. Creating.
[LOG 20:55:05.414] [DragCubeSystem]: Drag cubes not found or cannot be read for part Part. Generating New drag cubes.
[LOG 20:55:05.414] [KSPCF/DragCubeGeneration] Creating drag cubes for part 'mk2FuselageShortMono'
[LOG 20:55:05.420] PartLoader: Compiling Part 'Squad/Parts/FuelTank/mk3Fuselage/CREW/mk3CrewCabin'
[LOG 20:55:05.423] PartLoader: Part 'Squad/Parts/FuelTank/mk3Fuselage/CREW/mk3CrewCabin' has no database record. Creating.
[LOG 20:55:05.423] [DragCubeSystem]: Drag cubes not found or cannot be read for part Part. Generating New drag cubes.
[LOG 20:55:05.423] [KSPCF/DragCubeGeneration] Creating drag cubes for part 'mk3CrewCabin'
[LOG 20:55:05.428] PartLoader: Compiling Part 'Squad/Parts/FuelTank/mk3Fuselage/LFO_100/mk3FuselageLFO_100'
[LOG 20:55:05.430] PartLoader: Part 'Squad/Parts/FuelTank/mk3Fuselage/LFO_100/mk3FuselageLFO_100' has no database record. Creating.
[LOG 20:55:05.430] [DragCubeSystem]: Drag cubes not found or cannot be read for part Part. Generating New drag cubes.
[LOG 20:55:05.430] [KSPCF/DragCubeGeneration] Creating drag cubes for part 'mk3FuselageLFO.100'
[LOG 20:55:05.434] PartLoader: Compiling Part 'Squad/Parts/FuelTank/mk3Fuselage/LFO_25/mk3FuselageLFO_25'
[LOG 20:55:05.436] PartLoader: Part 'Squad/Parts/FuelTank/mk3Fuselage/LFO_25/mk3FuselageLFO_25' has no database record. Creating.
[LOG 20:55:05.436] [DragCubeSystem]: Drag cubes not found or cannot be read for part Part. Generating New drag cubes.
[LOG 20:55:05.436] [KSPCF/DragCubeGeneration] Creating drag cubes for part 'mk3FuselageLFO.25'
[LOG 20:55:05.441] PartLoader: Compiling Part 'Squad/Parts/FuelTank/mk3Fuselage/LFO_50/mk3FuselageLFO_50'
[LOG 20:55:05.443] PartLoader: Part 'Squad/Parts/FuelTank/mk3Fuselage/LFO_50/mk3FuselageLFO_50' has no database record. Creating.
[LOG 20:55:05.443] [DragCubeSystem]: Drag cubes not found or cannot be read for part Part. Generating New drag cubes.
[LOG 20:55:05.443] [KSPCF/DragCubeGeneration] Creating drag cubes for part 'mk3FuselageLFO.50'
[LOG 20:55:05.448] PartLoader: Compiling Part 'Squad/Parts/FuelTank/mk3Fuselage/LF_100/mk3FuselageLF_100'
[LOG 20:55:05.450] PartLoader: Part 'Squad/Parts/FuelTank/mk3Fuselage/LF_100/mk3FuselageLF_100' has no database record. Creating.
[LOG 20:55:05.450] [DragCubeSystem]: Drag cubes not found or cannot be read for part Part. Generating New drag cubes.
[LOG 20:55:05.450] [KSPCF/DragCubeGeneration] Creating drag cubes for part 'mk3FuselageLF.100'
[LOG 20:55:05.455] PartLoader: Compiling Part 'Squad/Parts/FuelTank/mk3Fuselage/LF_25/mk3FuselageLF_25'
[LOG 20:55:05.458] PartLoader: Part 'Squad/Parts/FuelTank/mk3Fuselage/LF_25/mk3FuselageLF_25' has no database record. Creating.
[LOG 20:55:05.458] [DragCubeSystem]: Drag cubes not found or cannot be read for part Part. Generating New drag cubes.
[LOG 20:55:05.458] [KSPCF/DragCubeGeneration] Creating drag cubes for part 'mk3FuselageLF.25'
[LOG 20:55:05.462] PartLoader: Compiling Part 'Squad/Parts/FuelTank/mk3Fuselage/LF_50/mk3FuselageLF_50'
[LOG 20:55:05.465] PartLoader: Part 'Squad/Parts/FuelTank/mk3Fuselage/LF_50/mk3FuselageLF_50' has no database record. Creating.
[LOG 20:55:05.465] [DragCubeSystem]: Drag cubes not found or cannot be read for part Part. Generating New drag cubes.
[LOG 20:55:05.465] [KSPCF/DragCubeGeneration] Creating drag cubes for part 'mk3FuselageLF.50'
[LOG 20:55:05.471] PartLoader: Compiling Part 'Squad/Parts/FuelTank/mk3Fuselage/MONO/mk3FuselageMONO'
[LOG 20:55:05.472] PartLoader: Part 'Squad/Parts/FuelTank/mk3Fuselage/MONO/mk3FuselageMONO' has no database record. Creating.
[LOG 20:55:05.473] [DragCubeSystem]: Drag cubes not found or cannot be read for part Part. Generating New drag cubes.
[LOG 20:55:05.473] [KSPCF/DragCubeGeneration] Creating drag cubes for part 'mk3FuselageMONO'
[LOG 20:55:05.477] PartLoader: Compiling Part 'Squad/Parts/FuelTank/RCSFuelTankR1/RCSFuelTankR1/RCSTank1-2'
[LOG 20:55:05.479] PartLoader: Part 'Squad/Parts/FuelTank/RCSFuelTankR1/RCSFuelTankR1/RCSTank1-2' has no database record. Creating.
[LOG 20:55:05.479] [DragCubeSystem]: Drag cubes not found or cannot be read for part Part. Generating New drag cubes.
[LOG 20:55:05.479] [KSPCF/DragCubeGeneration] Creating drag cubes for part 'RCSTank1-2'
[LOG 20:55:05.485] PartLoader: Compiling Part 'Squad/Parts/FuelTank/RCSFuelTankR10/RCSFuelTankR10/rcsTankMini'
[LOG 20:55:05.487] PartLoader: Part 'Squad/Parts/FuelTank/RCSFuelTankR10/RCSFuelTankR10/rcsTankMini' has no database record. Creating.
[LOG 20:55:05.487] [DragCubeSystem]: Drag cubes not found or cannot be read for part Part. Generating New drag cubes.
[LOG 20:55:05.487] [KSPCF/DragCubeGeneration] Creating drag cubes for part 'rcsTankMini'
[LOG 20:55:05.493] PartLoader: Compiling Part 'Squad/Parts/FuelTank/RCSFuelTankR25/RCSFuelTankR25/RCSFuelTank'
[LOG 20:55:05.495] PartLoader: Part 'Squad/Parts/FuelTank/RCSFuelTankR25/RCSFuelTankR25/RCSFuelTank' has no database record. Creating.
[LOG 20:55:05.495] [DragCubeSystem]: Drag cubes not found or cannot be read for part Part. Generating New drag cubes.
[LOG 20:55:05.495] [KSPCF/DragCubeGeneration] Creating drag cubes for part 'RCSFuelTank'
[LOG 20:55:05.501] PartLoader: Compiling Part 'Squad/Parts/FuelTank/RCSTankRadial/radialRCSTank/radialRCSTank'
[LOG 20:55:05.502] PartLoader: Part 'Squad/Parts/FuelTank/RCSTankRadial/radialRCSTank/radialRCSTank' has no database record. Creating.
[LOG 20:55:05.502] [DragCubeSystem]: Drag cubes not found or cannot be read for part Part. Generating New drag cubes.
[LOG 20:55:05.502] [KSPCF/DragCubeGeneration] Creating drag cubes for part 'radialRCSTank'
[LOG 20:55:05.508] PartLoader: Compiling Part 'Squad/Parts/FuelTank/RCStankRadialLong/RCSTankRadialLong/rcsTankRadialLong'
[LOG 20:55:05.510] PartLoader: Part 'Squad/Parts/FuelTank/RCStankRadialLong/RCSTankRadialLong/rcsTankRadialLong' has no database record. Creating.
[LOG 20:55:05.510] [DragCubeSystem]: Drag cubes not found or cannot be read for part Part. Generating New drag cubes.
[LOG 20:55:05.510] [KSPCF/DragCubeGeneration] Creating drag cubes for part 'rcsTankRadialLong'
[LOG 20:55:05.515] PartLoader: Compiling Part 'Squad/Parts/FuelTank/RockomaxTanks/Rockomax16/Rockomax16_BW'
[LOG 20:55:05.517] PartLoader: Part 'Squad/Parts/FuelTank/RockomaxTanks/Rockomax16/Rockomax16_BW' has no database record. Creating.
[LOG 20:55:05.517] [DragCubeSystem]: Drag cubes not found or cannot be read for part Part. Generating New drag cubes.
[LOG 20:55:05.517] [KSPCF/DragCubeGeneration] Creating drag cubes for part 'Rockomax16.BW'
[LOG 20:55:05.522] PartLoader: Compiling Part 'Squad/Parts/FuelTank/RockomaxTanks/Rockomax32/Rockomax32_BW'
[LOG 20:55:05.524] PartLoader: Part 'Squad/Parts/FuelTank/RockomaxTanks/Rockomax32/Rockomax32_BW' has no database record. Creating.
[LOG 20:55:05.524] [DragCubeSystem]: Drag cubes not found or cannot be read for part Part. Generating New drag cubes.
[LOG 20:55:05.524] [KSPCF/DragCubeGeneration] Creating drag cubes for part 'Rockomax32.BW'
[LOG 20:55:05.547] PartLoader: Compiling Part 'Squad/Parts/FuelTank/RockomaxTanks/Rockomax64/Rockomax64_BW'
[LOG 20:55:05.550] PartLoader: Part 'Squad/Parts/FuelTank/RockomaxTanks/Rockomax64/Rockomax64_BW' has no database record. Creating.
[LOG 20:55:05.550] [DragCubeSystem]: Drag cubes not found or cannot be read for part Part. Generating New drag cubes.
[LOG 20:55:05.550] [KSPCF/DragCubeGeneration] Creating drag cubes for part 'Rockomax64.BW'
[LOG 20:55:05.565] PartLoader: Compiling Part 'Squad/Parts/FuelTank/RockomaxTanks/Rockomax8/Rockomax8BW'
[LOG 20:55:05.567] PartLoader: Part 'Squad/Parts/FuelTank/RockomaxTanks/Rockomax8/Rockomax8BW' has no database record. Creating.
[LOG 20:55:05.568] [DragCubeSystem]: Drag cubes not found or cannot be read for part Part. Generating New drag cubes.
[LOG 20:55:05.568] [KSPCF/DragCubeGeneration] Creating drag cubes for part 'Rockomax8BW'
[LOG 20:55:05.584] PartLoader: Compiling Part 'Squad/Parts/FuelTank/Size1_Tanks/fuelTankT100/fuelTankSmallFlat'
[LOG 20:55:05.587] PartLoader: Part 'Squad/Parts/FuelTank/Size1_Tanks/fuelTankT100/fuelTankSmallFlat' has no database record. Creating.
[LOG 20:55:05.587] [DragCubeSystem]: Drag cubes not found or cannot be read for part Part. Generating New drag cubes.
[LOG 20:55:05.587] [KSPCF/DragCubeGeneration] Creating drag cubes for part 'fuelTankSmallFlat'
[LOG 20:55:05.593] PartLoader: Compiling Part 'Squad/Parts/FuelTank/Size1_Tanks/fuelTankT200/fuelTankSmall'
[LOG 20:55:05.597] PartLoader: Part 'Squad/Parts/FuelTank/Size1_Tanks/fuelTankT200/fuelTankSmall' has no database record. Creating.
[LOG 20:55:05.597] [DragCubeSystem]: Drag cubes not found or cannot be read for part Part. Generating New drag cubes.
[LOG 20:55:05.597] [KSPCF/DragCubeGeneration] Creating drag cubes for part 'fuelTankSmall'
[LOG 20:55:05.604] PartLoader: Compiling Part 'Squad/Parts/FuelTank/Size1_Tanks/fuelTankT400/fuelTank'
[LOG 20:55:05.607] PartLoader: Part 'Squad/Parts/FuelTank/Size1_Tanks/fuelTankT400/fuelTank' has no database record. Creating.
[LOG 20:55:05.607] [DragCubeSystem]: Drag cubes not found or cannot be read for part Part. Generating New drag cubes.
[LOG 20:55:05.607] [KSPCF/DragCubeGeneration] Creating drag cubes for part 'fuelTank'
[LOG 20:55:05.613] PartLoader: Compiling Part 'Squad/Parts/FuelTank/Size1_Tanks/fuelTankT800/fuelTank_long'
[LOG 20:55:05.616] PartLoader: Part 'Squad/Parts/FuelTank/Size1_Tanks/fuelTankT800/fuelTank_long' has no database record. Creating.
[LOG 20:55:05.616] [DragCubeSystem]: Drag cubes not found or cannot be read for part Part. Generating New drag cubes.
[LOG 20:55:05.616] [KSPCF/DragCubeGeneration] Creating drag cubes for part 'fuelTank.long'
[LOG 20:55:05.620] PartLoader: Compiling Part 'Squad/Parts/FuelTank/Size3Tanks/large/Size3LargeTank'
[LOG 20:55:05.623] PartLoader: Part 'Squad/Parts/FuelTank/Size3Tanks/large/Size3LargeTank' has no database record. Creating.
[LOG 20:55:05.623] [DragCubeSystem]: Drag cubes not found or cannot be read for part Part. Generating New drag cubes.
[LOG 20:55:05.623] [KSPCF/DragCubeGeneration] Creating drag cubes for part 'Size3LargeTank'
[LOG 20:55:05.629] PartLoader: Compiling Part 'Squad/Parts/FuelTank/Size3Tanks/medium/Size3MediumTank'
[LOG 20:55:05.632] PartLoader: Part 'Squad/Parts/FuelTank/Size3Tanks/medium/Size3MediumTank' has no database record. Creating.
[LOG 20:55:05.632] [DragCubeSystem]: Drag cubes not found or cannot be read for part Part. Generating New drag cubes.
[LOG 20:55:05.632] [KSPCF/DragCubeGeneration] Creating drag cubes for part 'Size3MediumTank'
[LOG 20:55:05.637] PartLoader: Compiling Part 'Squad/Parts/FuelTank/Size3Tanks/small/Size3SmallTank'
[LOG 20:55:05.640] PartLoader: Part 'Squad/Parts/FuelTank/Size3Tanks/small/Size3SmallTank' has no database record. Creating.
[LOG 20:55:05.640] [DragCubeSystem]: Drag cubes not found or cannot be read for part Part. Generating New drag cubes.
[LOG 20:55:05.640] [KSPCF/DragCubeGeneration] Creating drag cubes for part 'Size3SmallTank'
[LOG 20:55:05.646] PartLoader: Compiling Part 'Squad/Parts/FuelTank/xenonTank/xenonTank/xenonTank'
[LOG 20:55:05.649] PartLoader: Part 'Squad/Parts/FuelTank/xenonTank/xenonTank/xenonTank' has no database record. Creating.
[LOG 20:55:05.649] [DragCubeSystem]: Drag cubes not found or cannot be read for part Part. Generating New drag cubes.
[LOG 20:55:05.649] [KSPCF/DragCubeGeneration] Creating drag cubes for part 'xenonTank'
[LOG 20:55:05.653] PartLoader: Compiling Part 'Squad/Parts/FuelTank/xenonTankLarge/xenonTankLarge/xenonTankLarge'
[LOG 20:55:05.655] PartLoader: Part 'Squad/Parts/FuelTank/xenonTankLarge/xenonTankLarge/xenonTankLarge' has no database record. Creating.
[LOG 20:55:05.655] [DragCubeSystem]: Drag cubes not found or cannot be read for part Part. Generating New drag cubes.
[LOG 20:55:05.655] [KSPCF/DragCubeGeneration] Creating drag cubes for part 'xenonTankLarge'
[LOG 20:55:05.662] PartLoader: Compiling Part 'Squad/Parts/FuelTank/xenonTankRadial/xenonTankRadial/xenonTankRadial'
[LOG 20:55:05.664] PartLoader: Part 'Squad/Parts/FuelTank/xenonTankRadial/xenonTankRadial/xenonTankRadial' has no database record. Creating.
[LOG 20:55:05.664] [DragCubeSystem]: Drag cubes not found or cannot be read for part Part. Generating New drag cubes.
[LOG 20:55:05.664] [KSPCF/DragCubeGeneration] Creating drag cubes for part 'xenonTankRadial'
[LOG 20:55:05.670] PartLoader: Compiling Part 'Squad/Parts/Misc/AsteroidDay/CamSat/InfraredTelescope'
[LOG 20:55:05.675] PartLoader: Part 'Squad/Parts/Misc/AsteroidDay/CamSat/InfraredTelescope' has no database record. Creating.
[LOG 20:55:05.675] [DragCubeSystem]: Drag cubes not found or cannot be read for part Part. Generating New drag cubes.
[LOG 20:55:05.675] [KSPCF/DragCubeGeneration] Creating drag cubes for part 'InfraredTelescope'
[LOG 20:55:05.684] PartLoader: Compiling Part 'Squad/Parts/Misc/AsteroidDay/HECS2/HECS2_ProbeCore'
[LOG 20:55:05.688] PartLoader: Part 'Squad/Parts/Misc/AsteroidDay/HECS2/HECS2_ProbeCore' has no database record. Creating.
[LOG 20:55:05.688] [DragCubeSystem]: Drag cubes not found or cannot be read for part Part. Generating New drag cubes.
[LOG 20:55:05.688] [KSPCF/DragCubeGeneration] Creating drag cubes for part 'HECS2.ProbeCore'
[LOG 20:55:05.695] PartLoader: Compiling Part 'Squad/Parts/Misc/AsteroidDay/HighGainAntenna/HighGainAntenna'
[LOG 20:55:05.703] PartLoader: Part 'Squad/Parts/Misc/AsteroidDay/HighGainAntenna/HighGainAntenna' has no database record. Creating.
[LOG 20:55:05.703] [DragCubeSystem]: Drag cubes not found or cannot be read for part Part. Generating New drag cubes.
[LOG 20:55:05.703] [KSPCF/DragCubeGeneration] Creating drag cubes for part 'HighGainAntenna'
[LOG 20:55:05.723] PartLoader: Compiling Part 'Squad/Parts/Misc/AsteroidDay/LgRadialSolar/LgRadialSolarPanel'
[LOG 20:55:05.727] PartLoader: Part 'Squad/Parts/Misc/AsteroidDay/LgRadialSolar/LgRadialSolarPanel' has no database record. Creating.
[LOG 20:55:05.727] [DragCubeSystem]: Drag cubes not found or cannot be read for part Part. Generating New drag cubes.
[LOG 20:55:05.727] [KSPCF/DragCubeGeneration] Creating drag cubes for part 'LgRadialSolarPanel'
[LOG 20:55:05.736] PartLoader: Compiling Part 'Squad/Parts/Misc/PotatoComet/part/PotatoComet'
[LOG 20:55:05.745] PartLoader: Part 'Squad/Parts/Misc/PotatoComet/part/PotatoComet' has no database record. Creating.
[LOG 20:55:05.745] PartLoader: Compiling Part 'Squad/Parts/Misc/PotatoRoid/part/PotatoRoid'
[LOG 20:55:05.752] PartLoader: Part 'Squad/Parts/Misc/PotatoRoid/part/PotatoRoid' has no database record. Creating.
[LOG 20:55:05.752] PartLoader: Compiling Part 'Squad/Parts/Prebuilt/flag/flag'
[LOG 20:55:05.754] PartLoader: Compiling Part 'Squad/Parts/Prebuilt/kerbalEVA/kerbalEVA'
[LOG 20:55:05.767] PartLoader: Compiling Part 'Squad/Parts/Prebuilt/kerbalEVAfemale/kerbalEVAfemale'
[LOG 20:55:05.771] PartLoader: Compiling Part 'Squad/Parts/Prebuilt/kerbalEVASlimSuit/kerbalEVASlimSuit'
[LOG 20:55:05.776] PartLoader: Compiling Part 'Squad/Parts/Prebuilt/kerbalEVASlimSuitFemale/kerbalEVASlimSuitFemale'
[LOG 20:55:05.780] PartLoader: Compiling Part 'Squad/Parts/Resources/FuelCell/FuelCell/FuelCell'
[LOG 20:55:05.788] PartLoader: Part 'Squad/Parts/Resources/FuelCell/FuelCell/FuelCell' has no database record. Creating.
[LOG 20:55:05.788] [DragCubeSystem]: Drag cubes not found or cannot be read for part Part. Generating New drag cubes.
[LOG 20:55:05.788] [KSPCF/DragCubeGeneration] Creating drag cubes for part 'FuelCell'
[LOG 20:55:05.796] PartLoader: Compiling Part 'Squad/Parts/Resources/FuelCell/FuelCellArray/FuelCellArray'
[LOG 20:55:05.799] PartLoader: Part 'Squad/Parts/Resources/FuelCell/FuelCellArray/FuelCellArray' has no database record. Creating.
[LOG 20:55:05.799] [DragCubeSystem]: Drag cubes not found or cannot be read for part Part. Generating New drag cubes.
[LOG 20:55:05.799] [KSPCF/DragCubeGeneration] Creating drag cubes for part 'FuelCellArray'
[LOG 20:55:05.805] PartLoader: Compiling Part 'Squad/Parts/Resources/ISRU/ISRU/ISRU'
[LOG 20:55:05.811] PartLoader: Part 'Squad/Parts/Resources/ISRU/ISRU/ISRU' has no database record. Creating.
[LOG 20:55:05.811] [DragCubeSystem]: Drag cubes not found or cannot be read for part Part. Generating New drag cubes.
[LOG 20:55:05.811] [KSPCF/DragCubeGeneration] Creating drag cubes for part 'ISRU'
[LOG 20:55:05.830] PartLoader: Compiling Part 'Squad/Parts/Resources/LargeTank/LargeTank/LargeTank'
[LOG 20:55:05.833] PartLoader: Part 'Squad/Parts/Resources/LargeTank/LargeTank/LargeTank' has no database record. Creating.
[LOG 20:55:05.833] [DragCubeSystem]: Drag cubes not found or cannot be read for part Part. Generating New drag cubes.
[LOG 20:55:05.833] [KSPCF/DragCubeGeneration] Creating drag cubes for part 'LargeTank'
[LOG 20:55:05.838] PartLoader: Compiling Part 'Squad/Parts/Resources/MiniDrill/MiniDrill/MiniDrill'
[LOG 20:55:05.851] PartLoader: Part 'Squad/Parts/Resources/MiniDrill/MiniDrill/MiniDrill' has no database record. Creating.
[LOG 20:55:05.851] [DragCubeSystem]: Drag cubes not found or cannot be read for part Part. Generating New drag cubes.
[LOG 20:55:05.851] [KSPCF/DragCubeGeneration] Creating drag cubes for part 'MiniDrill'
[LOG 20:55:05.892] PartLoader: Compiling Part 'Squad/Parts/Resources/MiniISRU/MiniISRU/MiniISRU'
[LOG 20:55:05.898] PartLoader: Part 'Squad/Parts/Resources/MiniISRU/MiniISRU/MiniISRU' has no database record. Creating.
[LOG 20:55:05.898] [DragCubeSystem]: Drag cubes not found or cannot be read for part Part. Generating New drag cubes.
[LOG 20:55:05.898] [KSPCF/DragCubeGeneration] Creating drag cubes for part 'MiniISRU'
[LOG 20:55:05.904] PartLoader: Compiling Part 'Squad/Parts/Resources/OrbitalScanner/OrbitalScanner/OrbitalScanner'
[LOG 20:55:05.917] PartLoader: Part 'Squad/Parts/Resources/OrbitalScanner/OrbitalScanner/OrbitalScanner' has no database record. Creating.
[LOG 20:55:05.917] [DragCubeSystem]: Drag cubes not found or cannot be read for part Part. Generating New drag cubes.
[LOG 20:55:05.917] [KSPCF/DragCubeGeneration] Creating drag cubes for part 'OrbitalScanner'
[LOG 20:55:05.933] PartLoader: Compiling Part 'Squad/Parts/Resources/RadialDrill/RadialDrill/RadialDrill'
[LOG 20:55:05.938] PartLoader: Part 'Squad/Parts/Resources/RadialDrill/RadialDrill/RadialDrill' has no database record. Creating.
[LOG 20:55:05.938] [DragCubeSystem]: Drag cubes not found or cannot be read for part Part. Generating New drag cubes.
[LOG 20:55:05.939] [KSPCF/DragCubeGeneration] Creating drag cubes for part 'RadialDrill'
[LOG 20:55:05.971] PartLoader: Compiling Part 'Squad/Parts/Resources/RadialTank/RadialTank/RadialOreTank'
[LOG 20:55:05.974] PartLoader: Part 'Squad/Parts/Resources/RadialTank/RadialTank/RadialOreTank' has no database record. Creating.
[LOG 20:55:05.974] [DragCubeSystem]: Drag cubes not found or cannot be read for part Part. Generating New drag cubes.
[LOG 20:55:05.974] [KSPCF/DragCubeGeneration] Creating drag cubes for part 'RadialOreTank'
[LOG 20:55:05.979] PartLoader: Compiling Part 'Squad/Parts/Resources/SmallTank/SmallTank/SmallTank'
[LOG 20:55:05.981] PartLoader: Part 'Squad/Parts/Resources/SmallTank/SmallTank/SmallTank' has no database record. Creating.
[LOG 20:55:05.982] [DragCubeSystem]: Drag cubes not found or cannot be read for part Part. Generating New drag cubes.
[LOG 20:55:05.982] [KSPCF/DragCubeGeneration] Creating drag cubes for part 'SmallTank'
[LOG 20:55:05.987] PartLoader: Compiling Part 'Squad/Parts/Resources/SurfaceScanner/SurfaceScanner/SurfaceScanner'
[LOG 20:55:05.996] PartLoader: Part 'Squad/Parts/Resources/SurfaceScanner/SurfaceScanner/SurfaceScanner' has no database record. Creating.
[LOG 20:55:05.997] [DragCubeSystem]: Drag cubes not found or cannot be read for part Part. Generating New drag cubes.
[LOG 20:55:05.997] [KSPCF/DragCubeGeneration] Creating drag cubes for part 'SurfaceScanner'
[LOG 20:55:06.003] PartLoader: Compiling Part 'Squad/Parts/Resources/SurveyScanner/SurveyScanner/SurveyScanner'
[LOG 20:55:06.010] PartLoader: Part 'Squad/Parts/Resources/SurveyScanner/SurveyScanner/SurveyScanner' has no database record. Creating.
[LOG 20:55:06.010] [DragCubeSystem]: Drag cubes not found or cannot be read for part Part. Generating New drag cubes.
[LOG 20:55:06.010] [KSPCF/DragCubeGeneration] Creating drag cubes for part 'SurveyScanner'
[LOG 20:55:06.030] PartLoader: Compiling Part 'Squad/Parts/Science/AtmosphereSensor/sensorAtmosphere/sensorAtmosphere'
[LOG 20:55:06.033] PartLoader: Part 'Squad/Parts/Science/AtmosphereSensor/sensorAtmosphere/sensorAtmosphere' has no database record. Creating.
[LOG 20:55:06.033] [DragCubeSystem]: Drag cubes not found or cannot be read for part Part. Generating New drag cubes.
[LOG 20:55:06.033] [KSPCF/DragCubeGeneration] Creating drag cubes for part 'sensorAtmosphere'
[LOG 20:55:06.039] PartLoader: Compiling Part 'Squad/Parts/Science/GooExperiment/gooExperiment/GooExperiment'
[LOG 20:55:06.043] PartLoader: Part 'Squad/Parts/Science/GooExperiment/gooExperiment/GooExperiment' has no database record. Creating.
[LOG 20:55:06.043] [DragCubeSystem]: Drag cubes not found or cannot be read for part Part. Generating New drag cubes.
[LOG 20:55:06.043] [KSPCF/DragCubeGeneration] Creating drag cubes for part 'GooExperiment'
[LOG 20:55:06.060] PartLoader: Compiling Part 'Squad/Parts/Science/LargeCrewedLab/largeCrewedLab/Large_Crewed_Lab'
[LOG 20:55:06.071] PartLoader: Part 'Squad/Parts/Science/LargeCrewedLab/largeCrewedLab/Large_Crewed_Lab' has no database record. Creating.
[LOG 20:55:06.072] [DragCubeSystem]: Drag cubes not found or cannot be read for part Part. Generating New drag cubes.
[LOG 20:55:06.072] [KSPCF/DragCubeGeneration] Creating drag cubes for part 'Large.Crewed.Lab'
[LOG 20:55:06.081] PartLoader: Compiling Part 'Squad/Parts/Science/Magnetometer/Magnetometer/Magnetometer'
[LOG 20:55:06.089] PartLoader: Part 'Squad/Parts/Science/Magnetometer/Magnetometer/Magnetometer' has no database record. Creating.
[LOG 20:55:06.089] [DragCubeSystem]: Drag cubes not found or cannot be read for part Part. Generating New drag cubes.
[LOG 20:55:06.089] [KSPCF/DragCubeGeneration] Creating drag cubes for part 'Magnetometer'
[LOG 20:55:06.109] PartLoader: Compiling Part 'Squad/Parts/Science/MaterialBay/materialBay/science_module'
[LOG 20:55:06.113] PartLoader: Part 'Squad/Parts/Science/MaterialBay/materialBay/science_module' has no database record. Creating.
[LOG 20:55:06.113] [DragCubeSystem]: Drag cubes not found or cannot be read for part Part. Generating New drag cubes.
[LOG 20:55:06.113] [KSPCF/DragCubeGeneration] Creating drag cubes for part 'science.module'
[LOG 20:55:06.130] PartLoader: Compiling Part 'Squad/Parts/Science/ScienceBox/ScienceBox/ScienceBox'
[LOG 20:55:06.133] PartLoader: Part 'Squad/Parts/Science/ScienceBox/ScienceBox/ScienceBox' has no database record. Creating.
[LOG 20:55:06.133] [DragCubeSystem]: Drag cubes not found or cannot be read for part Part. Generating New drag cubes.
[LOG 20:55:06.133] [KSPCF/DragCubeGeneration] Creating drag cubes for part 'ScienceBox'
[LOG 20:55:06.139] PartLoader: Compiling Part 'Squad/Parts/Science/sensorAccelerometer/sensorAccelerometer/sensorAccelerometer'
[LOG 20:55:06.145] PartLoader: Part 'Squad/Parts/Science/sensorAccelerometer/sensorAccelerometer/sensorAccelerometer' has no database record. Creating.
[LOG 20:55:06.146] [DragCubeSystem]: Drag cubes not found or cannot be read for part Part. Generating New drag cubes.
[LOG 20:55:06.146] [KSPCF/DragCubeGeneration] Creating drag cubes for part 'sensorAccelerometer'
[LOG 20:55:06.153] PartLoader: Compiling Part 'Squad/Parts/Science/sensorBarometer/sensorBarometer/sensorBarometer'
[LOG 20:55:06.155] PartLoader: Part 'Squad/Parts/Science/sensorBarometer/sensorBarometer/sensorBarometer' has no database record. Creating.
[LOG 20:55:06.155] [DragCubeSystem]: Drag cubes not found or cannot be read for part Part. Generating New drag cubes.
[LOG 20:55:06.155] [KSPCF/DragCubeGeneration] Creating drag cubes for part 'sensorBarometer'
[LOG 20:55:06.161] PartLoader: Compiling Part 'Squad/Parts/Science/sensorGravimeter/sensorGravimeter/sensorGravimeter'
[LOG 20:55:06.165] PartLoader: Part 'Squad/Parts/Science/sensorGravimeter/sensorGravimeter/sensorGravimeter' has no database record. Creating.
[LOG 20:55:06.165] [DragCubeSystem]: Drag cubes not found or cannot be read for part Part. Generating New drag cubes.
[LOG 20:55:06.165] [KSPCF/DragCubeGeneration] Creating drag cubes for part 'sensorGravimeter'
[LOG 20:55:06.169] PartLoader: Compiling Part 'Squad/Parts/Science/sensorThermometer/sensorThermometer/sensorThermometer'
[LOG 20:55:06.172] PartLoader: Part 'Squad/Parts/Science/sensorThermometer/sensorThermometer/sensorThermometer' has no database record. Creating.
[LOG 20:55:06.172] [DragCubeSystem]: Drag cubes not found or cannot be read for part Part. Generating New drag cubes.
[LOG 20:55:06.172] [KSPCF/DragCubeGeneration] Creating drag cubes for part 'sensorThermometer'
[LOG 20:55:06.177] PartLoader: Compiling Part 'Squad/Parts/Structural/FLAdapters/adapterSmallMiniShort/adapterSmallMiniShort'
[LOG 20:55:06.180] PartLoader: Part 'Squad/Parts/Structural/FLAdapters/adapterSmallMiniShort/adapterSmallMiniShort' has no database record. Creating.
[LOG 20:55:06.180] [DragCubeSystem]: Drag cubes not found or cannot be read for part Part. Generating New drag cubes.
[LOG 20:55:06.180] [KSPCF/DragCubeGeneration] Creating drag cubes for part 'adapterSmallMiniShort'
[LOG 20:55:06.186] PartLoader: Compiling Part 'Squad/Parts/Structural/FLAdapters/adapterSmallMiniTall/adapterSmallMiniTall'
[LOG 20:55:06.188] PartLoader: Part 'Squad/Parts/Structural/FLAdapters/adapterSmallMiniTall/adapterSmallMiniTall' has no database record. Creating.
[LOG 20:55:06.188] [DragCubeSystem]: Drag cubes not found or cannot be read for part Part. Generating New drag cubes.
[LOG 20:55:06.188] [KSPCF/DragCubeGeneration] Creating drag cubes for part 'adapterSmallMiniTall'
[LOG 20:55:06.193] PartLoader: Compiling Part 'Squad/Parts/Structural/mk1Parts/engineBodyRadial/radialEngineBody'
[LOG 20:55:06.195] PartLoader: Part 'Squad/Parts/Structural/mk1Parts/engineBodyRadial/radialEngineBody' has no database record. Creating.
[LOG 20:55:06.195] [DragCubeSystem]: Drag cubes not found or cannot be read for part Part. Generating New drag cubes.
[LOG 20:55:06.195] [KSPCF/DragCubeGeneration] Creating drag cubes for part 'radialEngineBody'
[LOG 20:55:06.202] PartLoader: Compiling Part 'Squad/Parts/Structural/mk1Parts/engineNacelle/nacelleBody'
[LOG 20:55:06.205] PartLoader: Part 'Squad/Parts/Structural/mk1Parts/engineNacelle/nacelleBody' has no database record. Creating.
[LOG 20:55:06.205] [DragCubeSystem]: Drag cubes not found or cannot be read for part Part. Generating New drag cubes.
[LOG 20:55:06.205] [KSPCF/DragCubeGeneration] Creating drag cubes for part 'nacelleBody'
[LOG 20:55:06.210] PartLoader: Compiling Part 'Squad/Parts/Structural/mk1Parts/mk1Fuselage/MK1Fuselage'
[LOG 20:55:06.212] PartLoader: Part 'Squad/Parts/Structural/mk1Parts/mk1Fuselage/MK1Fuselage' has no database record. Creating.
[LOG 20:55:06.212] [DragCubeSystem]: Drag cubes not found or cannot be read for part Part. Generating New drag cubes.
[LOG 20:55:06.212] [KSPCF/DragCubeGeneration] Creating drag cubes for part 'MK1Fuselage'
[LOG 20:55:06.217] PartLoader: Compiling Part 'Squad/Parts/Structural/mk1Parts/mk1FuselageIntake/MK1IntakeFuselage'
[LOG 20:55:06.219] PartLoader: Part 'Squad/Parts/Structural/mk1Parts/mk1FuselageIntake/MK1IntakeFuselage' has no database record. Creating.
[LOG 20:55:06.219] [DragCubeSystem]: Drag cubes not found or cannot be read for part Part. Generating New drag cubes.
[LOG 20:55:06.219] [KSPCF/DragCubeGeneration] Creating drag cubes for part 'MK1IntakeFuselage'
[LOG 20:55:06.224] PartLoader: Compiling Part 'Squad/Parts/Structural/mk1Parts/mk1Structural/Mk1FuselageStructural'
[LOG 20:55:06.226] PartLoader: Part 'Squad/Parts/Structural/mk1Parts/mk1Structural/Mk1FuselageStructural' has no database record. Creating.
[LOG 20:55:06.226] PartLoader: Compiling Part 'Squad/Parts/Structural/Size3To2Adapter_v2/Size2to3_v2/Size3To2Adapter_v2'
[LOG 20:55:06.228] PartLoader: Part 'Squad/Parts/Structural/Size3To2Adapter_v2/Size2to3_v2/Size3To2Adapter_v2' has no database record. Creating.
[LOG 20:55:06.229] PartLoader: Compiling Part 'Squad/Parts/Structural/stackAdapters/adapterLargeSmallBi/adapterLargeSmallBi'
[LOG 20:55:06.232] PartLoader: Part 'Squad/Parts/Structural/stackAdapters/adapterLargeSmallBi/adapterLargeSmallBi' has no database record. Creating.
[LOG 20:55:06.232] [DragCubeSystem]: Drag cubes not found or cannot be read for part Part. Generating New drag cubes.
[LOG 20:55:06.232] [KSPCF/DragCubeGeneration] Creating drag cubes for part 'adapterLargeSmallBi'
[LOG 20:55:06.239] PartLoader: Compiling Part 'Squad/Parts/Structural/stackAdapters/adapterLargeSmallQuad/adapterLargeSmallQuad'
[LOG 20:55:06.242] PartLoader: Part 'Squad/Parts/Structural/stackAdapters/adapterLargeSmallQuad/adapterLargeSmallQuad' has no database record. Creating.
[LOG 20:55:06.242] [DragCubeSystem]: Drag cubes not found or cannot be read for part Part. Generating New drag cubes.
[LOG 20:55:06.242] [KSPCF/DragCubeGeneration] Creating drag cubes for part 'adapterLargeSmallQuad'
[LOG 20:55:06.248] PartLoader: Compiling Part 'Squad/Parts/Structural/stackAdapters/adapterLargeSmallTri/adapterLargeSmallTri'
[LOG 20:55:06.250] PartLoader: Part 'Squad/Parts/Structural/stackAdapters/adapterLargeSmallTri/adapterLargeSmallTri' has no database record. Creating.
[LOG 20:55:06.250] [DragCubeSystem]: Drag cubes not found or cannot be read for part Part. Generating New drag cubes.
[LOG 20:55:06.250] [KSPCF/DragCubeGeneration] Creating drag cubes for part 'adapterLargeSmallTri'
[LOG 20:55:06.256] PartLoader: Compiling Part 'Squad/Parts/Structural/stationHub/stationHub/stationHub'
[LOG 20:55:06.258] PartLoader: Part 'Squad/Parts/Structural/stationHub/stationHub/stationHub' has no database record. Creating.
[LOG 20:55:06.258] [DragCubeSystem]: Drag cubes not found or cannot be read for part Part. Generating New drag cubes.
[LOG 20:55:06.258] [KSPCF/DragCubeGeneration] Creating drag cubes for part 'stationHub'
[LOG 20:55:06.263] PartLoader: Compiling Part 'Squad/Parts/Structural/structuralIBeam200/structuralIBeam200/structuralIBeam2'
[LOG 20:55:06.265] PartLoader: Part 'Squad/Parts/Structural/structuralIBeam200/structuralIBeam200/structuralIBeam2' has no database record. Creating.
[LOG 20:55:06.265] [DragCubeSystem]: Drag cubes not found or cannot be read for part Part. Generating New drag cubes.
[LOG 20:55:06.265] [KSPCF/DragCubeGeneration] Creating drag cubes for part 'structuralIBeam2'
[LOG 20:55:06.271] PartLoader: Compiling Part 'Squad/Parts/Structural/structuralIBeam200Pocket/structuralIBeam200Pocket/structuralIBeam3'
[LOG 20:55:06.272] PartLoader: Part 'Squad/Parts/Structural/structuralIBeam200Pocket/structuralIBeam200Pocket/structuralIBeam3' has no database record. Creating.
[LOG 20:55:06.272] [DragCubeSystem]: Drag cubes not found or cannot be read for part Part. Generating New drag cubes.
[LOG 20:55:06.272] [KSPCF/DragCubeGeneration] Creating drag cubes for part 'structuralIBeam3'
[LOG 20:55:06.278] PartLoader: Compiling Part 'Squad/Parts/Structural/structuralIBeam650/structuralIBeam650/structuralIBeam1'
[LOG 20:55:06.280] PartLoader: Part 'Squad/Parts/Structural/structuralIBeam650/structuralIBeam650/structuralIBeam1' has no database record. Creating.
[LOG 20:55:06.280] [DragCubeSystem]: Drag cubes not found or cannot be read for part Part. Generating New drag cubes.
[LOG 20:55:06.280] [KSPCF/DragCubeGeneration] Creating drag cubes for part 'structuralIBeam1'
[LOG 20:55:06.284] PartLoader: Compiling Part 'Squad/Parts/Structural/structuralMicronode/structuralMicronode/structuralMiniNode'
[LOG 20:55:06.286] PartLoader: Part 'Squad/Parts/Structural/structuralMicronode/structuralMicronode/structuralMiniNode' has no database record. Creating.
[LOG 20:55:06.286] [DragCubeSystem]: Drag cubes not found or cannot be read for part Part. Generating New drag cubes.
[LOG 20:55:06.286] [KSPCF/DragCubeGeneration] Creating drag cubes for part 'structuralMiniNode'
[LOG 20:55:06.290] PartLoader: Compiling Part 'Squad/Parts/Structural/structuralPanel1x1/structuralPanel1x1/structuralPanel1'
[LOG 20:55:06.292] PartLoader: Part 'Squad/Parts/Structural/structuralPanel1x1/structuralPanel1x1/structuralPanel1' has no database record. Creating.
[LOG 20:55:06.292] [DragCubeSystem]: Drag cubes not found or cannot be read for part Part. Generating New drag cubes.
[LOG 20:55:06.292] [KSPCF/DragCubeGeneration] Creating drag cubes for part 'structuralPanel1'
[LOG 20:55:06.297] PartLoader: Compiling Part 'Squad/Parts/Structural/structuralPanel2x2/structuralPanel2x2/structuralPanel2'
[LOG 20:55:06.300] PartLoader: Part 'Squad/Parts/Structural/structuralPanel2x2/structuralPanel2x2/structuralPanel2' has no database record. Creating.
[LOG 20:55:06.300] [DragCubeSystem]: Drag cubes not found or cannot be read for part Part. Generating New drag cubes.
[LOG 20:55:06.300] [KSPCF/DragCubeGeneration] Creating drag cubes for part 'structuralPanel2'
[LOG 20:55:06.305] PartLoader: Compiling Part 'Squad/Parts/Structural/structuralPylons/smallHardpoint/smallHardpoint'
[LOG 20:55:06.308] PartLoader: Part 'Squad/Parts/Structural/structuralPylons/smallHardpoint/smallHardpoint' has no database record. Creating.
[LOG 20:55:06.308] [DragCubeSystem]: Drag cubes not found or cannot be read for part Part. Generating New drag cubes.
[LOG 20:55:06.308] [KSPCF/DragCubeGeneration] Creating drag cubes for part 'smallHardpoint'
[LOG 20:55:06.314] PartLoader: Compiling Part 'Squad/Parts/Structural/structuralPylons/structuralPylon/structuralPylon'
[LOG 20:55:06.317] PartLoader: Part 'Squad/Parts/Structural/structuralPylons/structuralPylon/structuralPylon' has no database record. Creating.
[LOG 20:55:06.317] [DragCubeSystem]: Drag cubes not found or cannot be read for part Part. Generating New drag cubes.
[LOG 20:55:06.317] [KSPCF/DragCubeGeneration] Creating drag cubes for part 'structuralPylon'
[LOG 20:55:06.321] PartLoader: Compiling Part 'Squad/Parts/Structural/strutCubicOcto/strutCubicOcto/strutCube'
[LOG 20:55:06.323] PartLoader: Part 'Squad/Parts/Structural/strutCubicOcto/strutCubicOcto/strutCube' has no database record. Creating.
[LOG 20:55:06.323] [DragCubeSystem]: Drag cubes not found or cannot be read for part Part. Generating New drag cubes.
[LOG 20:55:06.323] [KSPCF/DragCubeGeneration] Creating drag cubes for part 'strutCube'
[LOG 20:55:06.328] PartLoader: Compiling Part 'Squad/Parts/Structural/strutOcto/strutOcto/strutOcto'
[LOG 20:55:06.330] PartLoader: Part 'Squad/Parts/Structural/strutOcto/strutOcto/strutOcto' has no database record. Creating.
[LOG 20:55:06.330] [DragCubeSystem]: Drag cubes not found or cannot be read for part Part. Generating New drag cubes.
[LOG 20:55:06.330] [KSPCF/DragCubeGeneration] Creating drag cubes for part 'strutOcto'
[LOG 20:55:06.336] PartLoader: Compiling Part 'Squad/Parts/Structural/trussGirderAdapter/trussGirderAdapter/trussAdapter'
[LOG 20:55:06.338] PartLoader: Part 'Squad/Parts/Structural/trussGirderAdapter/trussGirderAdapter/trussAdapter' has no database record. Creating.
[LOG 20:55:06.338] [DragCubeSystem]: Drag cubes not found or cannot be read for part Part. Generating New drag cubes.
[LOG 20:55:06.338] [KSPCF/DragCubeGeneration] Creating drag cubes for part 'trussAdapter'
[LOG 20:55:06.343] PartLoader: Compiling Part 'Squad/Parts/Structural/trussGirderL/trussGirderL/trussPiece1x'
[LOG 20:55:06.345] PartLoader: Part 'Squad/Parts/Structural/trussGirderL/trussGirderL/trussPiece1x' has no database record. Creating.
[LOG 20:55:06.345] [DragCubeSystem]: Drag cubes not found or cannot be read for part Part. Generating New drag cubes.
[LOG 20:55:06.345] [KSPCF/DragCubeGeneration] Creating drag cubes for part 'trussPiece1x'
[LOG 20:55:06.350] PartLoader: Compiling Part 'Squad/Parts/Structural/trussGirderXL/trussGirderXL/trussPiece3x'
[LOG 20:55:06.352] PartLoader: Part 'Squad/Parts/Structural/trussGirderXL/trussGirderXL/trussPiece3x' has no database record. Creating.
[LOG 20:55:06.352] [DragCubeSystem]: Drag cubes not found or cannot be read for part Part. Generating New drag cubes.
[LOG 20:55:06.352] [KSPCF/DragCubeGeneration] Creating drag cubes for part 'trussPiece3x'
[LOG 20:55:06.356] PartLoader: Compiling Part 'Squad/Parts/Thermal/FoldingRadiators/foldingRadLarge/foldingRadLarge'
[LOG 20:55:06.365] PartLoader: Part 'Squad/Parts/Thermal/FoldingRadiators/foldingRadLarge/foldingRadLarge' has no database record. Creating.
[LOG 20:55:06.365] PartLoader: Compiling Part 'Squad/Parts/Thermal/FoldingRadiators/foldingRadMed/foldingRadMed'
[LOG 20:55:06.368] PartLoader: Part 'Squad/Parts/Thermal/FoldingRadiators/foldingRadMed/foldingRadMed' has no database record. Creating.
[LOG 20:55:06.369] PartLoader: Compiling Part 'Squad/Parts/Thermal/FoldingRadiators/foldingRadSmall/foldingRadSmall'
[LOG 20:55:06.372] PartLoader: Part 'Squad/Parts/Thermal/FoldingRadiators/foldingRadSmall/foldingRadSmall' has no database record. Creating.
[LOG 20:55:06.372] PartLoader: Compiling Part 'Squad/Parts/Thermal/RadiatorPanels/radPanelEdge/radPanelEdge'
[LOG 20:55:06.376] PartLoader: Part 'Squad/Parts/Thermal/RadiatorPanels/radPanelEdge/radPanelEdge' has no database record. Creating.
[LOG 20:55:06.376] [DragCubeSystem]: Drag cubes not found or cannot be read for part Part. Generating New drag cubes.
[LOG 20:55:06.376] [KSPCF/DragCubeGeneration] Creating drag cubes for part 'radPanelEdge'
[LOG 20:55:06.382] PartLoader: Compiling Part 'Squad/Parts/Thermal/RadiatorPanels/radPanelLg/radPanelLg'
[LOG 20:55:06.385] PartLoader: Part 'Squad/Parts/Thermal/RadiatorPanels/radPanelLg/radPanelLg' has no database record. Creating.
[LOG 20:55:06.386] [DragCubeSystem]: Drag cubes not found or cannot be read for part Part. Generating New drag cubes.
[LOG 20:55:06.386] [KSPCF/DragCubeGeneration] Creating drag cubes for part 'radPanelLg'
[LOG 20:55:06.391] PartLoader: Compiling Part 'Squad/Parts/Thermal/RadiatorPanels/radPanelSm/radPanelSm'
[LOG 20:55:06.393] PartLoader: Part 'Squad/Parts/Thermal/RadiatorPanels/radPanelSm/radPanelSm' has no database record. Creating.
[LOG 20:55:06.393] [DragCubeSystem]: Drag cubes not found or cannot be read for part Part. Generating New drag cubes.
[LOG 20:55:06.393] [KSPCF/DragCubeGeneration] Creating drag cubes for part 'radPanelSm'
[LOG 20:55:06.397] PartLoader: Compiling Part 'Squad/Parts/Utility/commDish88-88/commDish88-88/commDish'
[LOG 20:55:06.402] PartLoader: Part 'Squad/Parts/Utility/commDish88-88/commDish88-88/commDish' has no database record. Creating.
[LOG 20:55:06.402] [DragCubeSystem]: Drag cubes not found or cannot be read for part Part. Generating New drag cubes.
[LOG 20:55:06.402] [KSPCF/DragCubeGeneration] Creating drag cubes for part 'commDish'
[LOG 20:55:06.422] PartLoader: Compiling Part 'Squad/Parts/Utility/commsAntennaDTS-M1/commsAntennaDTS-M1/mediumDishAntenna'
[LOG 20:55:06.426] PartLoader: Part 'Squad/Parts/Utility/commsAntennaDTS-M1/commsAntennaDTS-M1/mediumDishAntenna' has no database record. Creating.
[LOG 20:55:06.426] [DragCubeSystem]: Drag cubes not found or cannot be read for part Part. Generating New drag cubes.
[LOG 20:55:06.426] [KSPCF/DragCubeGeneration] Creating drag cubes for part 'mediumDishAntenna'
[LOG 20:55:06.445] PartLoader: Compiling Part 'Squad/Parts/Utility/commsDish16/commsAntenna16/longAntenna'
[LOG 20:55:06.451] PartLoader: Part 'Squad/Parts/Utility/commsDish16/commsAntenna16/longAntenna' has no database record. Creating.
[LOG 20:55:06.451] [DragCubeSystem]: Drag cubes not found or cannot be read for part Part. Generating New drag cubes.
[LOG 20:55:06.451] [KSPCF/DragCubeGeneration] Creating drag cubes for part 'longAntenna'
[LOG 20:55:06.469] PartLoader: Compiling Part 'Squad/Parts/Utility/decouplerRadialHDM/decouplerRadialHDM/radialDecoupler1-2'
[LOG 20:55:06.473] PartLoader: Part 'Squad/Parts/Utility/decouplerRadialHDM/decouplerRadialHDM/radialDecoupler1-2' has no database record. Creating.
[LOG 20:55:06.473] [DragCubeSystem]: Drag cubes not found or cannot be read for part Part. Generating New drag cubes.
[LOG 20:55:06.473] [KSPCF/DragCubeGeneration] Creating drag cubes for part 'radialDecoupler1-2'
[LOG 20:55:06.480] PartLoader: Compiling Part 'Squad/Parts/Utility/decouplerRadialTT-38K/decouplerRadialTT-38K/radialDecoupler'
[LOG 20:55:06.483] PartLoader: Part 'Squad/Parts/Utility/decouplerRadialTT-38K/decouplerRadialTT-38K/radialDecoupler' has no database record. Creating.
[LOG 20:55:06.483] [DragCubeSystem]: Drag cubes not found or cannot be read for part Part. Generating New drag cubes.
[LOG 20:55:06.483] [KSPCF/DragCubeGeneration] Creating drag cubes for part 'radialDecoupler'
[LOG 20:55:06.489] PartLoader: Compiling Part 'Squad/Parts/Utility/decouplerRadialTT-70/decouplerRadialTT-70/radialDecoupler2'
[LOG 20:55:06.492] PartLoader: Part 'Squad/Parts/Utility/decouplerRadialTT-70/decouplerRadialTT-70/radialDecoupler2' has no database record. Creating.
[LOG 20:55:06.492] [DragCubeSystem]: Drag cubes not found or cannot be read for part Part. Generating New drag cubes.
[LOG 20:55:06.492] [KSPCF/DragCubeGeneration] Creating drag cubes for part 'radialDecoupler2'
[LOG 20:55:06.498] PartLoader: Compiling Part 'Squad/Parts/Utility/DirectAntennas/C16S/SurfAntenna'
[LOG 20:55:06.501] PartLoader: Part 'Squad/Parts/Utility/DirectAntennas/C16S/SurfAntenna' has no database record. Creating.
[LOG 20:55:06.502] [DragCubeSystem]: Drag cubes not found or cannot be read for part Part. Generating New drag cubes.
[LOG 20:55:06.502] [KSPCF/DragCubeGeneration] Creating drag cubes for part 'SurfAntenna'
[LOG 20:55:06.513] PartLoader: Compiling Part 'Squad/Parts/Utility/DirectAntennas/HG-5/HighGainAntenna5'
[LOG 20:55:06.515] PartLoader: Part 'Squad/Parts/Utility/DirectAntennas/HG-5/HighGainAntenna5' has no database record. Creating.
[LOG 20:55:06.515] [DragCubeSystem]: Drag cubes not found or cannot be read for part Part. Generating New drag cubes.
[LOG 20:55:06.515] [KSPCF/DragCubeGeneration] Creating drag cubes for part 'HighGainAntenna5'
[LOG 20:55:06.532] PartLoader: Compiling Part 'Squad/Parts/Utility/DirectAntennas/HG-5_v2/HighGainAntenna5_v2'
[LOG 20:55:06.535] PartLoader: Part 'Squad/Parts/Utility/DirectAntennas/HG-5_v2/HighGainAntenna5_v2' has no database record. Creating.
[LOG 20:55:06.535] [DragCubeSystem]: Drag cubes not found or cannot be read for part Part. Generating New drag cubes.
[LOG 20:55:06.535] [KSPCF/DragCubeGeneration] Creating drag cubes for part 'HighGainAntenna5.v2'
[LOG 20:55:06.551] PartLoader: Compiling Part 'Squad/Parts/Utility/dockingPort/dockingPort/dockingPort2'
[LOG 20:55:06.559] PartLoader: Part 'Squad/Parts/Utility/dockingPort/dockingPort/dockingPort2' has no database record. Creating.
[LOG 20:55:06.559] [DragCubeSystem]: Drag cubes not found or cannot be read for part Part. Generating New drag cubes.
[LOG 20:55:06.559] [KSPCF/DragCubeGeneration] Creating drag cubes for part 'dockingPort2'
[LOG 20:55:06.566] PartLoader: Compiling Part 'Squad/Parts/Utility/dockingPortInline/dockingPortInline/dockingPortLateral'
[LOG 20:55:06.570] PartLoader: Part 'Squad/Parts/Utility/dockingPortInline/dockingPortInline/dockingPortLateral' has no database record. Creating.
[LOG 20:55:06.570] [DragCubeSystem]: Drag cubes not found or cannot be read for part Part. Generating New drag cubes.
[LOG 20:55:06.570] [KSPCF/DragCubeGeneration] Creating drag cubes for part 'dockingPortLateral'
[LOG 20:55:06.586] PartLoader: Compiling Part 'Squad/Parts/Utility/dockingPortJr/dockingPortJr/dockingPort3'
[LOG 20:55:06.589] PartLoader: Part 'Squad/Parts/Utility/dockingPortJr/dockingPortJr/dockingPort3' has no database record. Creating.
[LOG 20:55:06.590] [DragCubeSystem]: Drag cubes not found or cannot be read for part Part. Generating New drag cubes.
[LOG 20:55:06.590] [KSPCF/DragCubeGeneration] Creating drag cubes for part 'dockingPort3'
[LOG 20:55:06.597] PartLoader: Compiling Part 'Squad/Parts/Utility/dockingPortShielded/dockingPortShielded/dockingPort1'
[LOG 20:55:06.601] PartLoader: Part 'Squad/Parts/Utility/dockingPortShielded/dockingPortShielded/dockingPort1' has no database record. Creating.
[LOG 20:55:06.601] [DragCubeSystem]: Drag cubes not found or cannot be read for part Part. Generating New drag cubes.
[LOG 20:55:06.601] [KSPCF/DragCubeGeneration] Creating drag cubes for part 'dockingPort1'
[LOG 20:55:06.617] PartLoader: Compiling Part 'Squad/Parts/Utility/dockingPortSr/dockingPortSr/dockingPortLarge'
[LOG 20:55:06.620] PartLoader: Part 'Squad/Parts/Utility/dockingPortSr/dockingPortSr/dockingPortLarge' has no database record. Creating.
[LOG 20:55:06.620] [DragCubeSystem]: Drag cubes not found or cannot be read for part Part. Generating New drag cubes.
[LOG 20:55:06.620] [KSPCF/DragCubeGeneration] Creating drag cubes for part 'dockingPortLarge'
[LOG 20:55:06.626] PartLoader: Compiling Part 'Squad/Parts/Utility/Fireworks/fireworksLauncherBig/fireworksLauncherBig'
[LOG 20:55:06.634] PartLoader: Part 'Squad/Parts/Utility/Fireworks/fireworksLauncherBig/fireworksLauncherBig' has no database record. Creating.
[LOG 20:55:06.634] [DragCubeSystem]: Drag cubes not found or cannot be read for part Part. Generating New drag cubes.
[LOG 20:55:06.634] [KSPCF/DragCubeGeneration] Creating drag cubes for part 'fireworksLauncherBig'
[LOG 20:55:06.640] PartLoader: Compiling Part 'Squad/Parts/Utility/Fireworks/fireworksLauncherSmall/fireworksLauncherSmall'
[LOG 20:55:06.646] PartLoader: Part 'Squad/Parts/Utility/Fireworks/fireworksLauncherSmall/fireworksLauncherSmall' has no database record. Creating.
[LOG 20:55:06.646] [DragCubeSystem]: Drag cubes not found or cannot be read for part Part. Generating New drag cubes.
[LOG 20:55:06.646] [KSPCF/DragCubeGeneration] Creating drag cubes for part 'fireworksLauncherSmall'
[LOG 20:55:06.653] PartLoader: Compiling Part 'Squad/Parts/Utility/flags/flagFlat/flagFlat/flagPartFlat'
[LOG 20:55:06.660] PartLoader: Part 'Squad/Parts/Utility/flags/flagFlat/flagFlat/flagPartFlat' has no database record. Creating.
[LOG 20:55:06.660] [DragCubeSystem]: Drag cubes not found or cannot be read for part Part. Generating New drag cubes.
[LOG 20:55:06.660] [KSPCF/DragCubeGeneration] Creating drag cubes for part 'flagPartFlat'
[LOG 20:55:06.666] PartLoader: Compiling Part 'Squad/Parts/Utility/flags/flagSize0/flagSize0/flagPartSize0'
[LOG 20:55:06.670] PartLoader: Part 'Squad/Parts/Utility/flags/flagSize0/flagSize0/flagPartSize0' has no database record. Creating.
[LOG 20:55:06.670] [DragCubeSystem]: Drag cubes not found or cannot be read for part Part. Generating New drag cubes.
[LOG 20:55:06.670] [KSPCF/DragCubeGeneration] Creating drag cubes for part 'flagPartSize0'
[LOG 20:55:06.676] PartLoader: Compiling Part 'Squad/Parts/Utility/flags/flagSize1/flagSize1/flagPartSize1'
[LOG 20:55:06.680] PartLoader: Part 'Squad/Parts/Utility/flags/flagSize1/flagSize1/flagPartSize1' has no database record. Creating.
[LOG 20:55:06.680] [DragCubeSystem]: Drag cubes not found or cannot be read for part Part. Generating New drag cubes.
[LOG 20:55:06.680] [KSPCF/DragCubeGeneration] Creating drag cubes for part 'flagPartSize1'
[LOG 20:55:06.688] PartLoader: Compiling Part 'Squad/Parts/Utility/flags/flagSize2/flagSize2/flagPartSize2'
[LOG 20:55:06.692] PartLoader: Part 'Squad/Parts/Utility/flags/flagSize2/flagSize2/flagPartSize2' has no database record. Creating.
[LOG 20:55:06.692] [DragCubeSystem]: Drag cubes not found or cannot be read for part Part. Generating New drag cubes.
[LOG 20:55:06.692] [KSPCF/DragCubeGeneration] Creating drag cubes for part 'flagPartSize2'
[LOG 20:55:06.696] PartLoader: Compiling Part 'Squad/Parts/Utility/flags/flagSize3/flagSize3/flagPartSize3'
[LOG 20:55:06.700] PartLoader: Part 'Squad/Parts/Utility/flags/flagSize3/flagSize3/flagPartSize3' has no database record. Creating.
[LOG 20:55:06.700] [DragCubeSystem]: Drag cubes not found or cannot be read for part Part. Generating New drag cubes.
[LOG 20:55:06.700] [KSPCF/DragCubeGeneration] Creating drag cubes for part 'flagPartSize3'
[LOG 20:55:06.705] PartLoader: Compiling Part 'Squad/Parts/Utility/GrapplingDevice/part/GrapplingDevice'
[LOG 20:55:06.713] PartLoader: Part 'Squad/Parts/Utility/GrapplingDevice/part/GrapplingDevice' has no database record. Creating.
[LOG 20:55:06.713] [DragCubeSystem]: Drag cubes not found or cannot be read for part Part. Generating New drag cubes.
[LOG 20:55:06.713] [KSPCF/DragCubeGeneration] Creating drag cubes for part 'GrapplingDevice'
[LOG 20:55:06.731] PartLoader: Compiling Part 'Squad/Parts/Utility/ladderRadial/ladderRadial/ladder1'
[LOG 20:55:06.733] PartLoader: Part 'Squad/Parts/Utility/ladderRadial/ladderRadial/ladder1' has no database record. Creating.
[LOG 20:55:06.733] [DragCubeSystem]: Drag cubes not found or cannot be read for part Part. Generating New drag cubes.
[LOG 20:55:06.733] [KSPCF/DragCubeGeneration] Creating drag cubes for part 'ladder1'
[LOG 20:55:06.737] PartLoader: Compiling Part 'Squad/Parts/Utility/ladderTelescopic/ladderTelescopic/telescopicLadder'
[LOG 20:55:06.742] PartLoader: Part 'Squad/Parts/Utility/ladderTelescopic/ladderTelescopic/telescopicLadder' has no database record. Creating.
[LOG 20:55:06.742] [DragCubeSystem]: Drag cubes not found or cannot be read for part Part. Generating New drag cubes.
[LOG 20:55:06.742] [KSPCF/DragCubeGeneration] Creating drag cubes for part 'telescopicLadder'
[LOG 20:55:06.758] PartLoader: Compiling Part 'Squad/Parts/Utility/ladderTelescopicBay/ladderTelescopicBay/telescopicLadderBay'
[LOG 20:55:06.769] PartLoader: Part 'Squad/Parts/Utility/ladderTelescopicBay/ladderTelescopicBay/telescopicLadderBay' has no database record. Creating.
[LOG 20:55:06.769] [DragCubeSystem]: Drag cubes not found or cannot be read for part Part. Generating New drag cubes.
[LOG 20:55:06.769] [KSPCF/DragCubeGeneration] Creating drag cubes for part 'telescopicLadderBay'
[LOG 20:55:06.786] PartLoader: Compiling Part 'Squad/Parts/Utility/landingLegLT-1/landingLegLT-1/landingLeg1'
[LOG 20:55:06.804] PartLoader: Part 'Squad/Parts/Utility/landingLegLT-1/landingLegLT-1/landingLeg1' has no database record. Creating.
[LOG 20:55:06.804] [DragCubeSystem]: Drag cubes not found or cannot be read for part Part. Generating New drag cubes.
[LOG 20:55:06.805] [KSPCF/DragCubeGeneration] Creating drag cubes for part 'landingLeg1'
[LOG 20:55:06.822] PartLoader: Compiling Part 'Squad/Parts/Utility/landingLegLT-2/landingLegLT-2/landingLeg1-2'
[LOG 20:55:06.827] PartLoader: Part 'Squad/Parts/Utility/landingLegLT-2/landingLegLT-2/landingLeg1-2' has no database record. Creating.
[LOG 20:55:06.828] [DragCubeSystem]: Drag cubes not found or cannot be read for part Part. Generating New drag cubes.
[LOG 20:55:06.828] [KSPCF/DragCubeGeneration] Creating drag cubes for part 'landingLeg1-2'
[LOG 20:55:06.846] PartLoader: Compiling Part 'Squad/Parts/Utility/landingLegLT-5/landingLegLT-5/miniLandingLeg'
[LOG 20:55:06.850] PartLoader: Part 'Squad/Parts/Utility/landingLegLT-5/landingLegLT-5/miniLandingLeg' has no database record. Creating.
[LOG 20:55:06.850] [DragCubeSystem]: Drag cubes not found or cannot be read for part Part. Generating New drag cubes.
[LOG 20:55:06.850] [KSPCF/DragCubeGeneration] Creating drag cubes for part 'miniLandingLeg'
[LOG 20:55:06.867] PartLoader: Compiling Part 'Squad/Parts/Utility/launchClamp1/launchClamp1/launchClamp1'
[LOG 20:55:06.875] PartLoader: Part 'Squad/Parts/Utility/launchClamp1/launchClamp1/launchClamp1' has no database record. Creating.
[LOG 20:55:06.875] [DragCubeSystem]: Drag cubes not found or cannot be read for part Part. Generating New drag cubes.
[LOG 20:55:06.875] [KSPCF/DragCubeGeneration] Creating drag cubes for part 'launchClamp1'
[LOG 20:55:06.883] PartLoader: Compiling Part 'Squad/Parts/Utility/launchEscapeSystem/part/LaunchEscapeSystem'
[LOG 20:55:06.887] PartLoader: Part 'Squad/Parts/Utility/launchEscapeSystem/part/LaunchEscapeSystem' has no database record. Creating.
[LOG 20:55:06.887] [DragCubeSystem]: Drag cubes not found or cannot be read for part Part. Generating New drag cubes.
[LOG 20:55:06.887] [KSPCF/DragCubeGeneration] Creating drag cubes for part 'LaunchEscapeSystem'
[LOG 20:55:06.894] PartLoader: Compiling Part 'Squad/Parts/Utility/Lights/domeLight1/domeLight1'
[LOG 20:55:06.898] PartLoader: Part 'Squad/Parts/Utility/Lights/domeLight1/domeLight1' has no database record. Creating.
[LOG 20:55:06.898] [DragCubeSystem]: Drag cubes not found or cannot be read for part Part. Generating New drag cubes.
[LOG 20:55:06.898] [KSPCF/DragCubeGeneration] Creating drag cubes for part 'domeLight1'
[LOG 20:55:06.905] PartLoader: Compiling Part 'Squad/Parts/Utility/Lights/groundLight1/groundLight1'
[LOG 20:55:06.907] PartLoader: Part 'Squad/Parts/Utility/Lights/groundLight1/groundLight1' has no database record. Creating.
[LOG 20:55:06.907] [DragCubeSystem]: Drag cubes not found or cannot be read for part Part. Generating New drag cubes.
[LOG 20:55:06.907] [KSPCF/DragCubeGeneration] Creating drag cubes for part 'groundLight1'
[LOG 20:55:06.913] PartLoader: Compiling Part 'Squad/Parts/Utility/Lights/groundLight2/groundLight2'
[LOG 20:55:06.916] PartLoader: Part 'Squad/Parts/Utility/Lights/groundLight2/groundLight2' has no database record. Creating.
[LOG 20:55:06.916] [DragCubeSystem]: Drag cubes not found or cannot be read for part Part. Generating New drag cubes.
[LOG 20:55:06.916] [KSPCF/DragCubeGeneration] Creating drag cubes for part 'groundLight2'
[LOG 20:55:06.921] PartLoader: Compiling Part 'Squad/Parts/Utility/Lights/navLight1/navLight1'
[LOG 20:55:06.924] PartLoader: Part 'Squad/Parts/Utility/Lights/navLight1/navLight1' has no database record. Creating.
[LOG 20:55:06.924] [DragCubeSystem]: Drag cubes not found or cannot be read for part Part. Generating New drag cubes.
[LOG 20:55:06.924] [KSPCF/DragCubeGeneration] Creating drag cubes for part 'navLight1'
[LOG 20:55:06.928] PartLoader: Compiling Part 'Squad/Parts/Utility/Lights/spotLight1/spotLight3'
[LOG 20:55:06.933] PartLoader: Part 'Squad/Parts/Utility/Lights/spotLight1/spotLight3' has no database record. Creating.
[LOG 20:55:06.933] [DragCubeSystem]: Drag cubes not found or cannot be read for part Part. Generating New drag cubes.
[LOG 20:55:06.933] [KSPCF/DragCubeGeneration] Creating drag cubes for part 'spotLight3'
[LOG 20:55:06.940] PartLoader: Compiling Part 'Squad/Parts/Utility/Lights/stripLight1/stripLight1'
[LOG 20:55:06.943] PartLoader: Part 'Squad/Parts/Utility/Lights/stripLight1/stripLight1' has no database record. Creating.
[LOG 20:55:06.943] [DragCubeSystem]: Drag cubes not found or cannot be read for part Part. Generating New drag cubes.
[LOG 20:55:06.943] [KSPCF/DragCubeGeneration] Creating drag cubes for part 'stripLight1'
[LOG 20:55:06.947] PartLoader: Compiling Part 'Squad/Parts/Utility/linearVernorRCS/linearRCS/linearRcs'
[LOG 20:55:06.952] PartLoader: Part 'Squad/Parts/Utility/linearVernorRCS/linearRCS/linearRcs' has no database record. Creating.
[LOG 20:55:06.952] [DragCubeSystem]: Drag cubes not found or cannot be read for part Part. Generating New drag cubes.
[LOG 20:55:06.952] [KSPCF/DragCubeGeneration] Creating drag cubes for part 'linearRcs'
[LOG 20:55:06.959] PartLoader: Compiling Part 'Squad/Parts/Utility/linearVernorRCS/vernorEngine/vernierEngine'
[LOG 20:55:06.962] PartLoader: Part 'Squad/Parts/Utility/linearVernorRCS/vernorEngine/vernierEngine' has no database record. Creating.
[LOG 20:55:06.962] [DragCubeSystem]: Drag cubes not found or cannot be read for part Part. Generating New drag cubes.
[LOG 20:55:06.962] [KSPCF/DragCubeGeneration] Creating drag cubes for part 'vernierEngine'
[LOG 20:55:06.967] PartLoader: Compiling Part 'Squad/Parts/Utility/mk2CargoBay/BayL/mk2CargoBayL'
[LOG 20:55:06.971] PartLoader: Part 'Squad/Parts/Utility/mk2CargoBay/BayL/mk2CargoBayL' has no database record. Creating.
[LOG 20:55:06.971] PartLoader: Compiling Part 'Squad/Parts/Utility/mk2CargoBay/BayS/mk2CargoBayS'
[LOG 20:55:06.973] PartLoader: Part 'Squad/Parts/Utility/mk2CargoBay/BayS/mk2CargoBayS' has no database record. Creating.
[LOG 20:55:06.973] PartLoader: Compiling Part 'Squad/Parts/Utility/mk2CrewCabin/mk2CrewCabin/mk2CrewCabin'
[WRN 20:55:06.975] [Part]: Cannot have ModuleCargoPart and ModuleInventoryPart on same Part [mk2CrewCabin'. Removed ModuleCargoPart
[LOG 20:55:06.977] PartLoader: Part 'Squad/Parts/Utility/mk2CrewCabin/mk2CrewCabin/mk2CrewCabin' has no database record. Creating.
[LOG 20:55:06.977] [DragCubeSystem]: Drag cubes not found or cannot be read for part Part. Generating New drag cubes.
[LOG 20:55:06.977] [KSPCF/DragCubeGeneration] Creating drag cubes for part 'mk2CrewCabin'
[LOG 20:55:06.983] PartLoader: Compiling Part 'Squad/Parts/Utility/mk2DockingPort/mk2DockingPort/mk2DockingPort'
[LOG 20:55:06.988] PartLoader: Part 'Squad/Parts/Utility/mk2DockingPort/mk2DockingPort/mk2DockingPort' has no database record. Creating.
[LOG 20:55:06.988] PartLoader: Compiling Part 'Squad/Parts/Utility/mk3CargoBay/long/mk3CargoBayL'
[LOG 20:55:06.990] PartLoader: Part 'Squad/Parts/Utility/mk3CargoBay/long/mk3CargoBayL' has no database record. Creating.
[LOG 20:55:06.991] PartLoader: Compiling Part 'Squad/Parts/Utility/mk3CargoBay/medium/mk3CargoBayM'
[LOG 20:55:06.995] PartLoader: Part 'Squad/Parts/Utility/mk3CargoBay/medium/mk3CargoBayM' has no database record. Creating.
[LOG 20:55:06.996] PartLoader: Compiling Part 'Squad/Parts/Utility/mk3CargoBay/ramp/mk3CargoRamp'
[LOG 20:55:06.998] PartLoader: Part 'Squad/Parts/Utility/mk3CargoBay/ramp/mk3CargoRamp' has no database record. Creating.
[LOG 20:55:06.999] PartLoader: Compiling Part 'Squad/Parts/Utility/mk3CargoBay/short/mk3CargoBayS'
[LOG 20:55:07.001] PartLoader: Part 'Squad/Parts/Utility/mk3CargoBay/short/mk3CargoBayS' has no database record. Creating.
[LOG 20:55:07.001] PartLoader: Compiling Part 'Squad/Parts/Utility/parachuteMk1/parachuteMk1/parachuteSingle'
[LOG 20:55:07.009] PartLoader: Part 'Squad/Parts/Utility/parachuteMk1/parachuteMk1/parachuteSingle' has no database record. Creating.
[LOG 20:55:07.009] [DragCubeSystem]: Drag cubes not found or cannot be read for part Part. Generating New drag cubes.
[LOG 20:55:07.009] [KSPCF/DragCubeGeneration] Creating drag cubes for part 'parachuteSingle'
[LOG 20:55:07.037] PartLoader: Compiling Part 'Squad/Parts/Utility/parachuteMk12-R/parachuteMk12-R/radialDrogue'
[LOG 20:55:07.041] PartLoader: Part 'Squad/Parts/Utility/parachuteMk12-R/parachuteMk12-R/radialDrogue' has no database record. Creating.
[LOG 20:55:07.041] [DragCubeSystem]: Drag cubes not found or cannot be read for part Part. Generating New drag cubes.
[LOG 20:55:07.041] [KSPCF/DragCubeGeneration] Creating drag cubes for part 'radialDrogue'
[LOG 20:55:07.066] PartLoader: Compiling Part 'Squad/Parts/Utility/parachuteMk16-XL/parachuteMk16-XL/parachuteLarge'
[LOG 20:55:07.069] PartLoader: Part 'Squad/Parts/Utility/parachuteMk16-XL/parachuteMk16-XL/parachuteLarge' has no database record. Creating.
[LOG 20:55:07.069] [DragCubeSystem]: Drag cubes not found or cannot be read for part Part. Generating New drag cubes.
[LOG 20:55:07.069] [KSPCF/DragCubeGeneration] Creating drag cubes for part 'parachuteLarge'
[LOG 20:55:07.092] PartLoader: Compiling Part 'Squad/Parts/Utility/parachuteMk2-R/parachuteMk2-R/parachuteRadial'
[LOG 20:55:07.095] PartLoader: Part 'Squad/Parts/Utility/parachuteMk2-R/parachuteMk2-R/parachuteRadial' has no database record. Creating.
[LOG 20:55:07.095] [DragCubeSystem]: Drag cubes not found or cannot be read for part Part. Generating New drag cubes.
[LOG 20:55:07.096] [KSPCF/DragCubeGeneration] Creating drag cubes for part 'parachuteRadial'
[LOG 20:55:07.117] PartLoader: Compiling Part 'Squad/Parts/Utility/parachuteMk25/parachuteMk25/parachuteDrogue'
[LOG 20:55:07.120] PartLoader: Part 'Squad/Parts/Utility/parachuteMk25/parachuteMk25/parachuteDrogue' has no database record. Creating.
[LOG 20:55:07.120] [DragCubeSystem]: Drag cubes not found or cannot be read for part Part. Generating New drag cubes.
[LOG 20:55:07.120] [KSPCF/DragCubeGeneration] Creating drag cubes for part 'parachuteDrogue'
[LOG 20:55:07.142] PartLoader: Compiling Part 'Squad/Parts/Utility/radialAttachmentPoint/radialAttachmentPoint/stackPoint1'
[LOG 20:55:07.143] PartLoader: Part 'Squad/Parts/Utility/radialAttachmentPoint/radialAttachmentPoint/stackPoint1' has no database record. Creating.
[LOG 20:55:07.143] [DragCubeSystem]: Drag cubes not found or cannot be read for part Part. Generating New drag cubes.
[LOG 20:55:07.143] [KSPCF/DragCubeGeneration] Creating drag cubes for part 'stackPoint1'
[LOG 20:55:07.148] PartLoader: Compiling Part 'Squad/Parts/Utility/rcsBlockRV-105_v2/rcsBlockRV-105/RCSBlock_v2'
[LOG 20:55:07.153] PartLoader: Part 'Squad/Parts/Utility/rcsBlockRV-105_v2/rcsBlockRV-105/RCSBlock_v2' has no database record. Creating.
[LOG 20:55:07.153] [DragCubeSystem]: Drag cubes not found or cannot be read for part Part. Generating New drag cubes.
[LOG 20:55:07.154] [KSPCF/DragCubeGeneration] Creating drag cubes for part 'RCSBlock.v2'
[LOG 20:55:07.189] PartLoader: Compiling Part 'Squad/Parts/Utility/rcsBlockRV-105_v2/RCSblock_01_small/RCSblock_01_small'
[LOG 20:55:07.194] PartLoader: Part 'Squad/Parts/Utility/rcsBlockRV-105_v2/RCSblock_01_small/RCSblock_01_small' has no database record. Creating.
[LOG 20:55:07.194] [DragCubeSystem]: Drag cubes not found or cannot be read for part Part. Generating New drag cubes.
[LOG 20:55:07.194] [KSPCF/DragCubeGeneration] Creating drag cubes for part 'RCSblock.01.small'
[LOG 20:55:07.230] PartLoader: Compiling Part 'Squad/Parts/Utility/rcsSmallLinear/RCSLinearSmall/RCSLinearSmall'
[LOG 20:55:07.234] PartLoader: Part 'Squad/Parts/Utility/rcsSmallLinear/RCSLinearSmall/RCSLinearSmall' has no database record. Creating.
[LOG 20:55:07.234] [DragCubeSystem]: Drag cubes not found or cannot be read for part Part. Generating New drag cubes.
[LOG 20:55:07.234] [KSPCF/DragCubeGeneration] Creating drag cubes for part 'RCSLinearSmall'
[LOG 20:55:07.251] PartLoader: Compiling Part 'Squad/Parts/Utility/RelayAntennas/RA-100/RelayAntenna100'
[LOG 20:55:07.253] PartLoader: Part 'Squad/Parts/Utility/RelayAntennas/RA-100/RelayAntenna100' has no database record. Creating.
[LOG 20:55:07.253] [DragCubeSystem]: Drag cubes not found or cannot be read for part Part. Generating New drag cubes.
[LOG 20:55:07.253] [KSPCF/DragCubeGeneration] Creating drag cubes for part 'RelayAntenna100'
[LOG 20:55:07.258] PartLoader: Compiling Part 'Squad/Parts/Utility/RelayAntennas/RA-5/RelayAntenna5'
[LOG 20:55:07.261] PartLoader: Part 'Squad/Parts/Utility/RelayAntennas/RA-5/RelayAntenna5' has no database record. Creating.
[LOG 20:55:07.261] [DragCubeSystem]: Drag cubes not found or cannot be read for part Part. Generating New drag cubes.
[LOG 20:55:07.261] [KSPCF/DragCubeGeneration] Creating drag cubes for part 'RelayAntenna5'
[LOG 20:55:07.266] PartLoader: Compiling Part 'Squad/Parts/Utility/RelayAntennas/RA-50/RelayAntenna50'
[LOG 20:55:07.269] PartLoader: Part 'Squad/Parts/Utility/RelayAntennas/RA-50/RelayAntenna50' has no database record. Creating.
[LOG 20:55:07.269] [DragCubeSystem]: Drag cubes not found or cannot be read for part Part. Generating New drag cubes.
[LOG 20:55:07.269] [KSPCF/DragCubeGeneration] Creating drag cubes for part 'RelayAntenna50'
[LOG 20:55:07.273] PartLoader: Compiling Part 'Squad/Parts/Utility/rockomaxAdapters/largeAdapter/largeAdapter'
[LOG 20:55:07.275] PartLoader: Part 'Squad/Parts/Utility/rockomaxAdapters/largeAdapter/largeAdapter' has no database record. Creating.
[LOG 20:55:07.275] [DragCubeSystem]: Drag cubes not found or cannot be read for part Part. Generating New drag cubes.
[LOG 20:55:07.275] [KSPCF/DragCubeGeneration] Creating drag cubes for part 'largeAdapter'
[LOG 20:55:07.280] PartLoader: Compiling Part 'Squad/Parts/Utility/rockomaxAdapters/largeAdapterShort/largeAdapter2'
[LOG 20:55:07.283] PartLoader: Part 'Squad/Parts/Utility/rockomaxAdapters/largeAdapterShort/largeAdapter2' has no database record. Creating.
[LOG 20:55:07.283] [DragCubeSystem]: Drag cubes not found or cannot be read for part Part. Generating New drag cubes.
[LOG 20:55:07.283] [KSPCF/DragCubeGeneration] Creating drag cubes for part 'largeAdapter2'
[LOG 20:55:07.288] PartLoader: Compiling Part 'Squad/Parts/Utility/ServiceBay_v2/ServiceBay_125_v2/ServiceBay_125_v2'
[LOG 20:55:07.291] PartLoader: Part 'Squad/Parts/Utility/ServiceBay_v2/ServiceBay_125_v2/ServiceBay_125_v2' has no database record. Creating.
[LOG 20:55:07.291] [DragCubeSystem]: Drag cubes not found or cannot be read for part Part. Generating New drag cubes.
[LOG 20:55:07.291] [KSPCF/DragCubeGeneration] Creating drag cubes for part 'ServiceBay.125.v2'
[LOG 20:55:07.307] PartLoader: Compiling Part 'Squad/Parts/Utility/ServiceBay_v2/ServiceBay_250_v2/ServiceBay_250_v2'
[LOG 20:55:07.310] PartLoader: Part 'Squad/Parts/Utility/ServiceBay_v2/ServiceBay_250_v2/ServiceBay_250_v2' has no database record. Creating.
[LOG 20:55:07.310] [DragCubeSystem]: Drag cubes not found or cannot be read for part Part. Generating New drag cubes.
[LOG 20:55:07.310] [KSPCF/DragCubeGeneration] Creating drag cubes for part 'ServiceBay.250.v2'
[LOG 20:55:07.325] PartLoader: Compiling Part 'Squad/Parts/Utility/smallClaw/smallClaw/smallClaw'
[LOG 20:55:07.332] PartLoader: Part 'Squad/Parts/Utility/smallClaw/smallClaw/smallClaw' has no database record. Creating.
[LOG 20:55:07.332] [DragCubeSystem]: Drag cubes not found or cannot be read for part Part. Generating New drag cubes.
[LOG 20:55:07.332] [KSPCF/DragCubeGeneration] Creating drag cubes for part 'smallClaw'
[LOG 20:55:07.351] PartLoader: Compiling Part 'Squad/Parts/Utility/spotLightMk1/spotLightMk1/spotLight1'
[LOG 20:55:07.354] PartLoader: Part 'Squad/Parts/Utility/spotLightMk1/spotLightMk1/spotLight1' has no database record. Creating.
[LOG 20:55:07.354] [DragCubeSystem]: Drag cubes not found or cannot be read for part Part. Generating New drag cubes.
[LOG 20:55:07.354] [KSPCF/DragCubeGeneration] Creating drag cubes for part 'spotLight1'
[LOG 20:55:07.359] PartLoader: Compiling Part 'Squad/Parts/Utility/spotLightMk1_v2/spotLightMk1_v2/spotLight1_v2'
[LOG 20:55:07.362] PartLoader: Part 'Squad/Parts/Utility/spotLightMk1_v2/spotLightMk1_v2/spotLight1_v2' has no database record. Creating.
[LOG 20:55:07.362] [DragCubeSystem]: Drag cubes not found or cannot be read for part Part. Generating New drag cubes.
[LOG 20:55:07.363] [KSPCF/DragCubeGeneration] Creating drag cubes for part 'spotLight1.v2'
[LOG 20:55:07.367] PartLoader: Compiling Part 'Squad/Parts/Utility/spotLightMk2/spotLightMk2/spotLight2'
[LOG 20:55:07.371] PartLoader: Part 'Squad/Parts/Utility/spotLightMk2/spotLightMk2/spotLight2' has no database record. Creating.
[LOG 20:55:07.371] [DragCubeSystem]: Drag cubes not found or cannot be read for part Part. Generating New drag cubes.
[LOG 20:55:07.371] [KSPCF/DragCubeGeneration] Creating drag cubes for part 'spotLight2'
[LOG 20:55:07.375] PartLoader: Compiling Part 'Squad/Parts/Utility/spotLightMk2_v2/spotLightMk2_v2/spotLight2_v2'
[LOG 20:55:07.379] PartLoader: Part 'Squad/Parts/Utility/spotLightMk2_v2/spotLightMk2_v2/spotLight2_v2' has no database record. Creating.
[LOG 20:55:07.379] [DragCubeSystem]: Drag cubes not found or cannot be read for part Part. Generating New drag cubes.
[LOG 20:55:07.379] [KSPCF/DragCubeGeneration] Creating drag cubes for part 'spotLight2.v2'
[LOG 20:55:07.385] PartLoader: Compiling Part 'Squad/Parts/Utility/stackCouplers/stackBiCoupler_v2/stackBiCoupler_v2'
[LOG 20:55:07.388] PartLoader: Part 'Squad/Parts/Utility/stackCouplers/stackBiCoupler_v2/stackBiCoupler_v2' has no database record. Creating.
[LOG 20:55:07.388] [DragCubeSystem]: Drag cubes not found or cannot be read for part Part. Generating New drag cubes.
[LOG 20:55:07.388] [KSPCF/DragCubeGeneration] Creating drag cubes for part 'stackBiCoupler.v2'
[LOG 20:55:07.393] PartLoader: Compiling Part 'Squad/Parts/Utility/stackCouplers/stackQuadCoupler/stackQuadCoupler'
[LOG 20:55:07.395] PartLoader: Part 'Squad/Parts/Utility/stackCouplers/stackQuadCoupler/stackQuadCoupler' has no database record. Creating.
[LOG 20:55:07.395] [DragCubeSystem]: Drag cubes not found or cannot be read for part Part. Generating New drag cubes.
[LOG 20:55:07.396] [KSPCF/DragCubeGeneration] Creating drag cubes for part 'stackQuadCoupler'
[LOG 20:55:07.400] PartLoader: Compiling Part 'Squad/Parts/Utility/stackCouplers/stackTriCoupler_v2/stackTriCoupler_v2'
[LOG 20:55:07.402] PartLoader: Part 'Squad/Parts/Utility/stackCouplers/stackTriCoupler_v2/stackTriCoupler_v2' has no database record. Creating.
[LOG 20:55:07.402] [DragCubeSystem]: Drag cubes not found or cannot be read for part Part. Generating New drag cubes.
[LOG 20:55:07.402] [KSPCF/DragCubeGeneration] Creating drag cubes for part 'stackTriCoupler.v2'
[LOG 20:55:07.406] PartLoader: Compiling Part 'Squad/Parts/Wheel/LandingGear/GearExtraLarge/GearLarge'
[LOG 20:55:07.418] PartLoader: Part 'Squad/Parts/Wheel/LandingGear/GearExtraLarge/GearLarge' has no database record. Creating.
[LOG 20:55:07.418] [DragCubeSystem]: Drag cubes not found or cannot be read for part Part. Generating New drag cubes.
[LOG 20:55:07.418] [KSPCF/DragCubeGeneration] Creating drag cubes for part 'GearLarge'
[LOG 20:55:07.435] PartLoader: Compiling Part 'Squad/Parts/Wheel/LandingGear/GearFixed/GearFixed'
[LOG 20:55:07.438] PartLoader: Part 'Squad/Parts/Wheel/LandingGear/GearFixed/GearFixed' has no database record. Creating.
[LOG 20:55:07.438] [DragCubeSystem]: Drag cubes not found or cannot be read for part Part. Generating New drag cubes.
[LOG 20:55:07.438] [KSPCF/DragCubeGeneration] Creating drag cubes for part 'GearFixed'
[LOG 20:55:07.443] PartLoader: Compiling Part 'Squad/Parts/Wheel/LandingGear/GearFree/GearFree'
[LOG 20:55:07.450] PartLoader: Part 'Squad/Parts/Wheel/LandingGear/GearFree/GearFree' has no database record. Creating.
[LOG 20:55:07.450] [DragCubeSystem]: Drag cubes not found or cannot be read for part Part. Generating New drag cubes.
[LOG 20:55:07.450] [KSPCF/DragCubeGeneration] Creating drag cubes for part 'GearFree'
[LOG 20:55:07.456] PartLoader: Compiling Part 'Squad/Parts/Wheel/LandingGear/GearLarge/GearMedium'
[LOG 20:55:07.464] PartLoader: Part 'Squad/Parts/Wheel/LandingGear/GearLarge/GearMedium' has no database record. Creating.
[LOG 20:55:07.464] [DragCubeSystem]: Drag cubes not found or cannot be read for part Part. Generating New drag cubes.
[LOG 20:55:07.464] [KSPCF/DragCubeGeneration] Creating drag cubes for part 'GearMedium'
[LOG 20:55:07.481] PartLoader: Compiling Part 'Squad/Parts/Wheel/LandingGear/GearMedium/GearSmall'
[LOG 20:55:07.489] PartLoader: Part 'Squad/Parts/Wheel/LandingGear/GearMedium/GearSmall' has no database record. Creating.
[LOG 20:55:07.489] [DragCubeSystem]: Drag cubes not found or cannot be read for part Part. Generating New drag cubes.
[LOG 20:55:07.489] [KSPCF/DragCubeGeneration] Creating drag cubes for part 'GearSmall'
[LOG 20:55:07.508] PartLoader: Compiling Part 'Squad/Parts/Wheel/LandingGear/GearSmall/SmallGearBay'
[LOG 20:55:07.516] PartLoader: Part 'Squad/Parts/Wheel/LandingGear/GearSmall/SmallGearBay' has no database record. Creating.
[LOG 20:55:07.516] [DragCubeSystem]: Drag cubes not found or cannot be read for part Part. Generating New drag cubes.
[LOG 20:55:07.516] [KSPCF/DragCubeGeneration] Creating drag cubes for part 'SmallGearBay'
[LOG 20:55:07.536] PartLoader: Compiling Part 'Squad/Parts/Wheel/roverWheelM1/roverWheelM1/roverWheel1'
[LOG 20:55:07.543] PartLoader: Part 'Squad/Parts/Wheel/roverWheelM1/roverWheelM1/roverWheel1' has no database record. Creating.
[LOG 20:55:07.543] [DragCubeSystem]: Drag cubes not found or cannot be read for part Part. Generating New drag cubes.
[LOG 20:55:07.543] [KSPCF/DragCubeGeneration] Creating drag cubes for part 'roverWheel1'
[LOG 20:55:07.551] PartLoader: Compiling Part 'Squad/Parts/Wheel/roverWheelS2/roverWheelS2/roverWheel2'
[LOG 20:55:07.557] PartLoader: Part 'Squad/Parts/Wheel/roverWheelS2/roverWheelS2/roverWheel2' has no database record. Creating.
[LOG 20:55:07.557] [DragCubeSystem]: Drag cubes not found or cannot be read for part Part. Generating New drag cubes.
[LOG 20:55:07.557] [KSPCF/DragCubeGeneration] Creating drag cubes for part 'roverWheel2'
[LOG 20:55:07.564] PartLoader: Compiling Part 'Squad/Parts/Wheel/roverWheelTR-2L/roverWheelTR-2L/wheelMed'
[LOG 20:55:07.570] PartLoader: Part 'Squad/Parts/Wheel/roverWheelTR-2L/roverWheelTR-2L/wheelMed' has no database record. Creating.
[LOG 20:55:07.570] [DragCubeSystem]: Drag cubes not found or cannot be read for part Part. Generating New drag cubes.
[LOG 20:55:07.570] [KSPCF/DragCubeGeneration] Creating drag cubes for part 'wheelMed'
[LOG 20:55:07.576] PartLoader: Compiling Part 'Squad/Parts/Wheel/roverWheelXL3/roverWheelXL3/roverWheel3'
[LOG 20:55:07.583] PartLoader: Part 'Squad/Parts/Wheel/roverWheelXL3/roverWheelXL3/roverWheel3' has no database record. Creating.
[LOG 20:55:07.583] [DragCubeSystem]: Drag cubes not found or cannot be read for part Part. Generating New drag cubes.
[LOG 20:55:07.583] [KSPCF/DragCubeGeneration] Creating drag cubes for part 'roverWheel3'
[LOG 20:55:07.590] PartLoader: Compiling Part 'SquadExpansion/MakingHistory/Parts/Aero/protectiveRocketNoseMk16/rocketNoseCone_size4/rocketNoseConeSize4'
[LOG 20:55:07.593] PartLoader: Part 'SquadExpansion/MakingHistory/Parts/Aero/protectiveRocketNoseMk16/rocketNoseCone_size4/rocketNoseConeSize4' has no database record. Creating.
[LOG 20:55:07.593] [DragCubeSystem]: Drag cubes not found or cannot be read for part Part. Generating New drag cubes.
[LOG 20:55:07.593] [KSPCF/DragCubeGeneration] Creating drag cubes for part 'rocketNoseConeSize4'
[LOG 20:55:07.599] PartLoader: Compiling Part 'SquadExpansion/MakingHistory/Parts/Aero/protectiveRocketNoseMk5A/Size_1_5_Cone/Size_1_5_Cone'
[LOG 20:55:07.603] PartLoader: Part 'SquadExpansion/MakingHistory/Parts/Aero/protectiveRocketNoseMk5A/Size_1_5_Cone/Size_1_5_Cone' has no database record. Creating.
[LOG 20:55:07.603] [DragCubeSystem]: Drag cubes not found or cannot be read for part Part. Generating New drag cubes.
[LOG 20:55:07.603] [KSPCF/DragCubeGeneration] Creating drag cubes for part 'Size.1.5.Cone'
[LOG 20:55:07.609] PartLoader: Compiling Part 'SquadExpansion/MakingHistory/Parts/Coupling/Decoupler_1p5/Decoupler_1p5'
[LOG 20:55:07.613] PartLoader: Part 'SquadExpansion/MakingHistory/Parts/Coupling/Decoupler_1p5/Decoupler_1p5' has no database record. Creating.
[LOG 20:55:07.613] PartLoader: Compiling Part 'SquadExpansion/MakingHistory/Parts/Coupling/Decoupler_4/Decoupler_4'
[LOG 20:55:07.616] PartLoader: Part 'SquadExpansion/MakingHistory/Parts/Coupling/Decoupler_4/Decoupler_4' has no database record. Creating.
[LOG 20:55:07.617] PartLoader: Compiling Part 'SquadExpansion/MakingHistory/Parts/Coupling/EnginePlate_1p5/EnginePlate1p5'
[LOG 20:55:07.626] PartLoader: Part 'SquadExpansion/MakingHistory/Parts/Coupling/EnginePlate_1p5/EnginePlate1p5' has no database record. Creating.
[LOG 20:55:07.626] [DragCubeSystem]: Drag cubes not found or cannot be read for part Part. Generating New drag cubes.
[LOG 20:55:07.626] [KSPCF/DragCubeGeneration] Part 'EnginePlate1p5' has defined a procedural drag cube setup
[LOG 20:55:07.626] PartLoader: Compiling Part 'SquadExpansion/MakingHistory/Parts/Coupling/EnginePlate_2/EnginePlate2'
[LOG 20:55:07.630] PartLoader: Part 'SquadExpansion/MakingHistory/Parts/Coupling/EnginePlate_2/EnginePlate2' has no database record. Creating.
[LOG 20:55:07.630] [DragCubeSystem]: Drag cubes not found or cannot be read for part Part. Generating New drag cubes.
[LOG 20:55:07.630] [KSPCF/DragCubeGeneration] Part 'EnginePlate2' has defined a procedural drag cube setup
[LOG 20:55:07.630] PartLoader: Compiling Part 'SquadExpansion/MakingHistory/Parts/Coupling/EnginePlate_3/EnginePlate3'
[LOG 20:55:07.636] PartLoader: Part 'SquadExpansion/MakingHistory/Parts/Coupling/EnginePlate_3/EnginePlate3' has no database record. Creating.
[LOG 20:55:07.636] [DragCubeSystem]: Drag cubes not found or cannot be read for part Part. Generating New drag cubes.
[LOG 20:55:07.636] [KSPCF/DragCubeGeneration] Part 'EnginePlate3' has defined a procedural drag cube setup
[LOG 20:55:07.636] PartLoader: Compiling Part 'SquadExpansion/MakingHistory/Parts/Coupling/EnginePlate_4/EnginePlate4'
[LOG 20:55:07.641] PartLoader: Part 'SquadExpansion/MakingHistory/Parts/Coupling/EnginePlate_4/EnginePlate4' has no database record. Creating.
[LOG 20:55:07.641] [DragCubeSystem]: Drag cubes not found or cannot be read for part Part. Generating New drag cubes.
[LOG 20:55:07.641] [KSPCF/DragCubeGeneration] Part 'EnginePlate4' has defined a procedural drag cube setup
[LOG 20:55:07.641] PartLoader: Compiling Part 'SquadExpansion/MakingHistory/Parts/Coupling/EnginePlate_5/EnginePlate5'
[LOG 20:55:07.644] PartLoader: Part 'SquadExpansion/MakingHistory/Parts/Coupling/EnginePlate_5/EnginePlate5' has no database record. Creating.
[LOG 20:55:07.644] [DragCubeSystem]: Drag cubes not found or cannot be read for part Part. Generating New drag cubes.
[LOG 20:55:07.644] [KSPCF/DragCubeGeneration] Part 'EnginePlate5' has defined a procedural drag cube setup
[LOG 20:55:07.645] PartLoader: Compiling Part 'SquadExpansion/MakingHistory/Parts/Coupling/InflatableAirlock/InflatableAirlock'
[LOG 20:55:07.648] PartLoader: Part 'SquadExpansion/MakingHistory/Parts/Coupling/InflatableAirlock/InflatableAirlock' has no database record. Creating.
[LOG 20:55:07.648] [DragCubeSystem]: Drag cubes not found or cannot be read for part Part. Generating New drag cubes.
[LOG 20:55:07.648] [KSPCF/DragCubeGeneration] Creating drag cubes for part 'InflatableAirlock'
[LOG 20:55:07.667] PartLoader: Compiling Part 'SquadExpansion/MakingHistory/Parts/Coupling/Separator_1p5/Separator_1p5'
[LOG 20:55:07.671] PartLoader: Part 'SquadExpansion/MakingHistory/Parts/Coupling/Separator_1p5/Separator_1p5' has no database record. Creating.
[LOG 20:55:07.671] PartLoader: Compiling Part 'SquadExpansion/MakingHistory/Parts/Coupling/Separator_4/Separator_4'
[LOG 20:55:07.675] PartLoader: Part 'SquadExpansion/MakingHistory/Parts/Coupling/Separator_4/Separator_4' has no database record. Creating.
[LOG 20:55:07.675] PartLoader: Compiling Part 'SquadExpansion/MakingHistory/Parts/Coupling/Size1p5_Strut_Decoupler/Size1p5_Strut_Decoupler'
[LOG 20:55:07.679] PartLoader: Part 'SquadExpansion/MakingHistory/Parts/Coupling/Size1p5_Strut_Decoupler/Size1p5_Strut_Decoupler' has no database record. Creating.
[LOG 20:55:07.679] PartLoader: Compiling Part 'SquadExpansion/MakingHistory/Parts/Engine/LiquidEngineKE-1/LiquidEngineKE-1'
[LOG 20:55:07.685] PartLoader: Part 'SquadExpansion/MakingHistory/Parts/Engine/LiquidEngineKE-1/LiquidEngineKE-1' has no database record. Creating.
[LOG 20:55:07.685] [DragCubeSystem]: Drag cubes not found or cannot be read for part Part. Generating New drag cubes.
[LOG 20:55:07.685] [KSPCF/DragCubeGeneration] Creating drag cubes for part 'LiquidEngineKE-1'
[LOG 20:55:07.731] PartLoader: Compiling Part 'SquadExpansion/MakingHistory/Parts/Engine/LiquidEngineLV-T91/LiquidEngineLV-T91'
[LOG 20:55:07.737] PartLoader: Part 'SquadExpansion/MakingHistory/Parts/Engine/LiquidEngineLV-T91/LiquidEngineLV-T91' has no database record. Creating.
[LOG 20:55:07.737] [DragCubeSystem]: Drag cubes not found or cannot be read for part Part. Generating New drag cubes.
[LOG 20:55:07.737] [KSPCF/DragCubeGeneration] Creating drag cubes for part 'LiquidEngineLV-T91'
[LOG 20:55:07.767] PartLoader: Compiling Part 'SquadExpansion/MakingHistory/Parts/Engine/LiquidEngineLV-TX87/LiquidEngineLV-TX87'
[LOG 20:55:07.781] PartLoader: Part 'SquadExpansion/MakingHistory/Parts/Engine/LiquidEngineLV-TX87/LiquidEngineLV-TX87' has no database record. Creating.
[LOG 20:55:07.781] [DragCubeSystem]: Drag cubes not found or cannot be read for part Part. Generating New drag cubes.
[LOG 20:55:07.782] [KSPCF/DragCubeGeneration] Creating drag cubes for part 'LiquidEngineLV-TX87'
[LOG 20:55:07.814] PartLoader: Compiling Part 'SquadExpansion/MakingHistory/Parts/Engine/LiquidEngineRE-I2/LiquidEngineRE-I2'
[LOG 20:55:07.820] PartLoader: Part 'SquadExpansion/MakingHistory/Parts/Engine/LiquidEngineRE-I2/LiquidEngineRE-I2' has no database record. Creating.
[LOG 20:55:07.820] [DragCubeSystem]: Drag cubes not found or cannot be read for part Part. Generating New drag cubes.
[LOG 20:55:07.820] [KSPCF/DragCubeGeneration] Creating drag cubes for part 'LiquidEngineRE-I2'
[LOG 20:55:07.850] PartLoader: Compiling Part 'SquadExpansion/MakingHistory/Parts/Engine/LiquidEngineRE-J10/LiquidEngineRE-J10'
[LOG 20:55:07.856] PartLoader: Part 'SquadExpansion/MakingHistory/Parts/Engine/LiquidEngineRE-J10/LiquidEngineRE-J10' has no database record. Creating.
[LOG 20:55:07.856] [DragCubeSystem]: Drag cubes not found or cannot be read for part Part. Generating New drag cubes.
[LOG 20:55:07.856] [KSPCF/DragCubeGeneration] Creating drag cubes for part 'LiquidEngineRE-J10'
[LOG 20:55:07.888] PartLoader: Compiling Part 'SquadExpansion/MakingHistory/Parts/Engine/LiquidEngineRK-7/LiquidEngineRK-7'
[LOG 20:55:07.895] PartLoader: Part 'SquadExpansion/MakingHistory/Parts/Engine/LiquidEngineRK-7/LiquidEngineRK-7' has no database record. Creating.
[LOG 20:55:07.895] [DragCubeSystem]: Drag cubes not found or cannot be read for part Part. Generating New drag cubes.
[LOG 20:55:07.895] [KSPCF/DragCubeGeneration] Creating drag cubes for part 'LiquidEngineRK-7'
[LOG 20:55:07.935] PartLoader: Compiling Part 'SquadExpansion/MakingHistory/Parts/Engine/LiquidEngineRV-1/LiquidEngineRV-1'
[LOG 20:55:07.939] PartLoader: Part 'SquadExpansion/MakingHistory/Parts/Engine/LiquidEngineRV-1/LiquidEngineRV-1' has no database record. Creating.
[LOG 20:55:07.939] [DragCubeSystem]: Drag cubes not found or cannot be read for part Part. Generating New drag cubes.
[LOG 20:55:07.939] [KSPCF/DragCubeGeneration] Creating drag cubes for part 'LiquidEngineRV-1'
[LOG 20:55:07.945] PartLoader: Compiling Part 'SquadExpansion/MakingHistory/Parts/Engine/solidBoosterTHK/solidBoosterTHK/Pollux'
[LOG 20:55:07.948] PartLoader: Part 'SquadExpansion/MakingHistory/Parts/Engine/solidBoosterTHK/solidBoosterTHK/Pollux' has no database record. Creating.
[LOG 20:55:07.948] [DragCubeSystem]: Drag cubes not found or cannot be read for part Part. Generating New drag cubes.
[LOG 20:55:07.948] [KSPCF/DragCubeGeneration] Creating drag cubes for part 'Pollux'
[LOG 20:55:07.953] PartLoader: Compiling Part 'SquadExpansion/MakingHistory/Parts/FuelTank/MonoPropMini/monopropMiniSphere'
[LOG 20:55:07.955] PartLoader: Part 'SquadExpansion/MakingHistory/Parts/FuelTank/MonoPropMini/monopropMiniSphere' has no database record. Creating.
[LOG 20:55:07.955] [DragCubeSystem]: Drag cubes not found or cannot be read for part Part. Generating New drag cubes.
[LOG 20:55:07.955] [KSPCF/DragCubeGeneration] Creating drag cubes for part 'monopropMiniSphere'
[LOG 20:55:07.959] PartLoader: Compiling Part 'SquadExpansion/MakingHistory/Parts/FuelTank/Size1p5_Monoprop/Size1p5_Monoprop'
[LOG 20:55:07.961] PartLoader: Part 'SquadExpansion/MakingHistory/Parts/FuelTank/Size1p5_Monoprop/Size1p5_Monoprop' has no database record. Creating.
[LOG 20:55:07.961] [DragCubeSystem]: Drag cubes not found or cannot be read for part Part. Generating New drag cubes.
[LOG 20:55:07.962] [KSPCF/DragCubeGeneration] Creating drag cubes for part 'Size1p5.Monoprop'
[LOG 20:55:07.968] PartLoader: Compiling Part 'SquadExpansion/MakingHistory/Parts/FuelTank/Size1p5_Size0_Adapter_01/Size1p5_Size0_Adapter_01'
[LOG 20:55:07.969] PartLoader: Part 'SquadExpansion/MakingHistory/Parts/FuelTank/Size1p5_Size0_Adapter_01/Size1p5_Size0_Adapter_01' has no database record. Creating.
[LOG 20:55:07.969] [DragCubeSystem]: Drag cubes not found or cannot be read for part Part. Generating New drag cubes.
[LOG 20:55:07.969] [KSPCF/DragCubeGeneration] Creating drag cubes for part 'Size1p5.Size0.Adapter.01'
[LOG 20:55:07.976] PartLoader: Compiling Part 'SquadExpansion/MakingHistory/Parts/FuelTank/Size1p5_Size1_Adapter_01/Size1p5_Size1_Adapter_01'
[LOG 20:55:07.978] PartLoader: Part 'SquadExpansion/MakingHistory/Parts/FuelTank/Size1p5_Size1_Adapter_01/Size1p5_Size1_Adapter_01' has no database record. Creating.
[LOG 20:55:07.978] [DragCubeSystem]: Drag cubes not found or cannot be read for part Part. Generating New drag cubes.
[LOG 20:55:07.978] [KSPCF/DragCubeGeneration] Creating drag cubes for part 'Size1p5.Size1.Adapter.01'
[LOG 20:55:07.983] PartLoader: Compiling Part 'SquadExpansion/MakingHistory/Parts/FuelTank/Size1p5_Size1_Adapter_02/Size1p5_Size1_Adapter_02'
[LOG 20:55:07.984] PartLoader: Part 'SquadExpansion/MakingHistory/Parts/FuelTank/Size1p5_Size1_Adapter_02/Size1p5_Size1_Adapter_02' has no database record. Creating.
[LOG 20:55:07.984] [DragCubeSystem]: Drag cubes not found or cannot be read for part Part. Generating New drag cubes.
[LOG 20:55:07.984] [KSPCF/DragCubeGeneration] Creating drag cubes for part 'Size1p5.Size1.Adapter.02'
[LOG 20:55:07.989] PartLoader: Compiling Part 'SquadExpansion/MakingHistory/Parts/FuelTank/Size1p5_Size2_Adapter_01/Size1p5_Size2_Adapter_01'
[LOG 20:55:07.991] PartLoader: Part 'SquadExpansion/MakingHistory/Parts/FuelTank/Size1p5_Size2_Adapter_01/Size1p5_Size2_Adapter_01' has no database record. Creating.
[LOG 20:55:07.991] [DragCubeSystem]: Drag cubes not found or cannot be read for part Part. Generating New drag cubes.
[LOG 20:55:07.991] [KSPCF/DragCubeGeneration] Creating drag cubes for part 'Size1p5.Size2.Adapter.01'
[LOG 20:55:07.998] PartLoader: Compiling Part 'SquadExpansion/MakingHistory/Parts/FuelTank/Size1p5_Tank_01/Size1p5_Tank_01'
[LOG 20:55:08.002] PartLoader: Part 'SquadExpansion/MakingHistory/Parts/FuelTank/Size1p5_Tank_01/Size1p5_Tank_01' has no database record. Creating.
[LOG 20:55:08.002] [DragCubeSystem]: Drag cubes not found or cannot be read for part Part. Generating New drag cubes.
[LOG 20:55:08.002] [KSPCF/DragCubeGeneration] Creating drag cubes for part 'Size1p5.Tank.01'
[LOG 20:55:08.007] PartLoader: Compiling Part 'SquadExpansion/MakingHistory/Parts/FuelTank/Size1p5_Tank_02/Size1p5_Tank_02'
[LOG 20:55:08.010] PartLoader: Part 'SquadExpansion/MakingHistory/Parts/FuelTank/Size1p5_Tank_02/Size1p5_Tank_02' has no database record. Creating.
[LOG 20:55:08.010] [DragCubeSystem]: Drag cubes not found or cannot be read for part Part. Generating New drag cubes.
[LOG 20:55:08.010] [KSPCF/DragCubeGeneration] Creating drag cubes for part 'Size1p5.Tank.02'
[LOG 20:55:08.015] PartLoader: Compiling Part 'SquadExpansion/MakingHistory/Parts/FuelTank/Size1p5_Tank_03/Size1p5_Tank_03'
[LOG 20:55:08.017] PartLoader: Part 'SquadExpansion/MakingHistory/Parts/FuelTank/Size1p5_Tank_03/Size1p5_Tank_03' has no database record. Creating.
[LOG 20:55:08.017] [DragCubeSystem]: Drag cubes not found or cannot be read for part Part. Generating New drag cubes.
[LOG 20:55:08.018] [KSPCF/DragCubeGeneration] Creating drag cubes for part 'Size1p5.Tank.03'
[LOG 20:55:08.023] PartLoader: Compiling Part 'SquadExpansion/MakingHistory/Parts/FuelTank/Size1p5_Tank_04/Size1p5_Tank_04'
[LOG 20:55:08.024] PartLoader: Part 'SquadExpansion/MakingHistory/Parts/FuelTank/Size1p5_Tank_04/Size1p5_Tank_04' has no database record. Creating.
[LOG 20:55:08.024] [DragCubeSystem]: Drag cubes not found or cannot be read for part Part. Generating New drag cubes.
[LOG 20:55:08.024] [KSPCF/DragCubeGeneration] Creating drag cubes for part 'Size1p5.Tank.04'
[LOG 20:55:08.031] PartLoader: Compiling Part 'SquadExpansion/MakingHistory/Parts/FuelTank/Size1p5_Tank_05/Size1p5_Tank_05'
[LOG 20:55:08.034] PartLoader: Part 'SquadExpansion/MakingHistory/Parts/FuelTank/Size1p5_Tank_05/Size1p5_Tank_05' has no database record. Creating.
[LOG 20:55:08.034] [DragCubeSystem]: Drag cubes not found or cannot be read for part Part. Generating New drag cubes.
[LOG 20:55:08.034] [KSPCF/DragCubeGeneration] Creating drag cubes for part 'Size1p5.Tank.05'
[LOG 20:55:08.040] PartLoader: Compiling Part 'SquadExpansion/MakingHistory/Parts/FuelTank/Size3_Size4_Adapter_01/Size3_Size4_Adapter_01'
[LOG 20:55:08.042] PartLoader: Part 'SquadExpansion/MakingHistory/Parts/FuelTank/Size3_Size4_Adapter_01/Size3_Size4_Adapter_01' has no database record. Creating.
[LOG 20:55:08.042] [DragCubeSystem]: Drag cubes not found or cannot be read for part Part. Generating New drag cubes.
[LOG 20:55:08.042] [KSPCF/DragCubeGeneration] Creating drag cubes for part 'Size3.Size4.Adapter.01'
[LOG 20:55:08.047] PartLoader: Compiling Part 'SquadExpansion/MakingHistory/Parts/FuelTank/Size4_EngineAdapter_01/Size4_EngineAdapter_01'
[LOG 20:55:08.048] PartLoader: Part 'SquadExpansion/MakingHistory/Parts/FuelTank/Size4_EngineAdapter_01/Size4_EngineAdapter_01' has no database record. Creating.
[LOG 20:55:08.048] [DragCubeSystem]: Drag cubes not found or cannot be read for part Part. Generating New drag cubes.
[LOG 20:55:08.048] [KSPCF/DragCubeGeneration] Creating drag cubes for part 'Size4.EngineAdapter.01'
[LOG 20:55:08.053] PartLoader: Compiling Part 'SquadExpansion/MakingHistory/Parts/FuelTank/Size4_Tank_01/Size4_Tank_01'
[LOG 20:55:08.054] PartLoader: Part 'SquadExpansion/MakingHistory/Parts/FuelTank/Size4_Tank_01/Size4_Tank_01' has no database record. Creating.
[LOG 20:55:08.054] [DragCubeSystem]: Drag cubes not found or cannot be read for part Part. Generating New drag cubes.
[LOG 20:55:08.054] [KSPCF/DragCubeGeneration] Creating drag cubes for part 'Size4.Tank.01'
[LOG 20:55:08.059] PartLoader: Compiling Part 'SquadExpansion/MakingHistory/Parts/FuelTank/Size4_Tank_02/Size4_Tank_02'
[LOG 20:55:08.061] PartLoader: Part 'SquadExpansion/MakingHistory/Parts/FuelTank/Size4_Tank_02/Size4_Tank_02' has no database record. Creating.
[LOG 20:55:08.061] [DragCubeSystem]: Drag cubes not found or cannot be read for part Part. Generating New drag cubes.
[LOG 20:55:08.061] [KSPCF/DragCubeGeneration] Creating drag cubes for part 'Size4.Tank.02'
[LOG 20:55:08.067] PartLoader: Compiling Part 'SquadExpansion/MakingHistory/Parts/FuelTank/Size4_Tank_03/Size4_Tank_03'
[LOG 20:55:08.069] PartLoader: Part 'SquadExpansion/MakingHistory/Parts/FuelTank/Size4_Tank_03/Size4_Tank_03' has no database record. Creating.
[LOG 20:55:08.069] [DragCubeSystem]: Drag cubes not found or cannot be read for part Part. Generating New drag cubes.
[LOG 20:55:08.069] [KSPCF/DragCubeGeneration] Creating drag cubes for part 'Size4.Tank.03'
[LOG 20:55:08.073] PartLoader: Compiling Part 'SquadExpansion/MakingHistory/Parts/FuelTank/Size4_Tank_04/Size4_Tank_04'
[LOG 20:55:08.074] PartLoader: Part 'SquadExpansion/MakingHistory/Parts/FuelTank/Size4_Tank_04/Size4_Tank_04' has no database record. Creating.
[LOG 20:55:08.074] [DragCubeSystem]: Drag cubes not found or cannot be read for part Part. Generating New drag cubes.
[LOG 20:55:08.074] [KSPCF/DragCubeGeneration] Creating drag cubes for part 'Size4.Tank.04'
[LOG 20:55:08.079] PartLoader: Compiling Part 'SquadExpansion/MakingHistory/Parts/Ground/RoverWheel/roverWheelM1-F'
[LOG 20:55:08.085] PartLoader: Part 'SquadExpansion/MakingHistory/Parts/Ground/RoverWheel/roverWheelM1-F' has no database record. Creating.
[LOG 20:55:08.085] [DragCubeSystem]: Drag cubes not found or cannot be read for part Part. Generating New drag cubes.
[LOG 20:55:08.085] [KSPCF/DragCubeGeneration] Creating drag cubes for part 'roverWheelM1-F'
[LOG 20:55:08.101] PartLoader: Compiling Part 'SquadExpansion/MakingHistory/Parts/Payload/fairingSize1p5/fairingSize1p5'
[LOG 20:55:08.109] PartLoader: Part 'SquadExpansion/MakingHistory/Parts/Payload/fairingSize1p5/fairingSize1p5' has no database record. Creating.
[LOG 20:55:08.109] [DragCubeSystem]: Drag cubes not found or cannot be read for part Part. Generating New drag cubes.
[LOG 20:55:08.109] [KSPCF/DragCubeGeneration] Creating drag cubes for part 'fairingSize1p5'
[LOG 20:55:08.114] PartLoader: Compiling Part 'SquadExpansion/MakingHistory/Parts/Payload/fairingSize4/fairingSize4'
[LOG 20:55:08.120] PartLoader: Part 'SquadExpansion/MakingHistory/Parts/Payload/fairingSize4/fairingSize4' has no database record. Creating.
[LOG 20:55:08.120] [DragCubeSystem]: Drag cubes not found or cannot be read for part Part. Generating New drag cubes.
[LOG 20:55:08.120] [KSPCF/DragCubeGeneration] Creating drag cubes for part 'fairingSize4'
[LOG 20:55:08.127] PartLoader: Compiling Part 'SquadExpansion/MakingHistory/Parts/Payload/Size1to0ServiceModule/Size1to0ServiceModule'
[LOG 20:55:08.133] PartLoader: Part 'SquadExpansion/MakingHistory/Parts/Payload/Size1to0ServiceModule/Size1to0ServiceModule' has no database record. Creating.
[LOG 20:55:08.133] [DragCubeSystem]: Drag cubes not found or cannot be read for part Part. Generating New drag cubes.
[LOG 20:55:08.133] [KSPCF/DragCubeGeneration] Part 'Size1to0ServiceModule' has defined a procedural drag cube setup
[LOG 20:55:08.133] PartLoader: Compiling Part 'SquadExpansion/MakingHistory/Parts/Payload/SM18/ServiceModule18'
[LOG 20:55:08.137] PartLoader: Part 'SquadExpansion/MakingHistory/Parts/Payload/SM18/ServiceModule18' has no database record. Creating.
[LOG 20:55:08.137] [DragCubeSystem]: Drag cubes not found or cannot be read for part Part. Generating New drag cubes.
[LOG 20:55:08.137] [KSPCF/DragCubeGeneration] Part 'ServiceModule18' has defined a procedural drag cube setup
[LOG 20:55:08.137] PartLoader: Compiling Part 'SquadExpansion/MakingHistory/Parts/Payload/SM25/ServiceModule25'
[LOG 20:55:08.140] PartLoader: Part 'SquadExpansion/MakingHistory/Parts/Payload/SM25/ServiceModule25' has no database record. Creating.
[LOG 20:55:08.140] [DragCubeSystem]: Drag cubes not found or cannot be read for part Part. Generating New drag cubes.
[LOG 20:55:08.141] [KSPCF/DragCubeGeneration] Part 'ServiceModule25' has defined a procedural drag cube setup
[LOG 20:55:08.141] PartLoader: Compiling Part 'SquadExpansion/MakingHistory/Parts/Pods/KV1Pod/kv1Pod'
[WRN 20:55:08.143] [Part]: Cannot have ModuleCargoPart and ModuleInventoryPart on same Part [kv1Pod'. Removed ModuleCargoPart
[LOG 20:55:08.145] PartLoader: Part 'SquadExpansion/MakingHistory/Parts/Pods/KV1Pod/kv1Pod' has no database record. Creating.
[LOG 20:55:08.146] PartLoader: Compiling Part 'SquadExpansion/MakingHistory/Parts/Pods/KV2Pod/kv2Pod'
[WRN 20:55:08.149] [Part]: Cannot have ModuleCargoPart and ModuleInventoryPart on same Part [kv2Pod'. Removed ModuleCargoPart
[LOG 20:55:08.152] PartLoader: Part 'SquadExpansion/MakingHistory/Parts/Pods/KV2Pod/kv2Pod' has no database record. Creating.
[LOG 20:55:08.152] PartLoader: Compiling Part 'SquadExpansion/MakingHistory/Parts/Pods/KV3Pod/kv3Pod'
[WRN 20:55:08.156] [Part]: Cannot have ModuleCargoPart and ModuleInventoryPart on same Part [kv3Pod'. Removed ModuleCargoPart
[LOG 20:55:08.158] PartLoader: Part 'SquadExpansion/MakingHistory/Parts/Pods/KV3Pod/kv3Pod' has no database record. Creating.
[LOG 20:55:08.160] PartLoader: Compiling Part 'SquadExpansion/MakingHistory/Parts/Pods/Mk2Pod/Mk2Pod'
[WRN 20:55:08.162] [Part]: Cannot have ModuleCargoPart and ModuleInventoryPart on same Part [Mk2Pod'. Removed ModuleCargoPart
[LOG 20:55:08.164] PartLoader: Part 'SquadExpansion/MakingHistory/Parts/Pods/Mk2Pod/Mk2Pod' has no database record. Creating.
[LOG 20:55:08.164] [DragCubeSystem]: Drag cubes not found or cannot be read for part Part. Generating New drag cubes.
[LOG 20:55:08.164] [KSPCF/DragCubeGeneration] Creating drag cubes for part 'Mk2Pod'
[LOG 20:55:08.172] PartLoader: Compiling Part 'SquadExpansion/MakingHistory/Parts/Pods/Size1_5_Lander/MEMLander'
[WRN 20:55:08.175] [Part]: Cannot add ModuleCargoPart as this Part 'MEMLander' already has a ModuleInventoryPart PartModule and they are mutually exclusive.
[LOG 20:55:08.178] PartLoader: Part 'SquadExpansion/MakingHistory/Parts/Pods/Size1_5_Lander/MEMLander' has no database record. Creating.
[LOG 20:55:08.178] [DragCubeSystem]: Drag cubes not found or cannot be read for part Part. Generating New drag cubes.
[LOG 20:55:08.178] [KSPCF/DragCubeGeneration] Creating drag cubes for part 'MEMLander'
[LOG 20:55:08.186] PartLoader: Compiling Part 'SquadExpansion/MakingHistory/Parts/Prebuilt/kerbalEVAfemaleVintage/kerbalEVAfemaleVintage'
[LOG 20:55:08.193] PartLoader: Compiling Part 'SquadExpansion/MakingHistory/Parts/Prebuilt/kerbalEVAVintage/kerbalEVAVintage'
[LOG 20:55:08.196] PartLoader: Compiling Part 'SquadExpansion/MakingHistory/Parts/Structural/EquiTriangle0/EquiTriangle0'
[LOG 20:55:08.201] PartLoader: Part 'SquadExpansion/MakingHistory/Parts/Structural/EquiTriangle0/EquiTriangle0' has no database record. Creating.
[LOG 20:55:08.201] [DragCubeSystem]: Drag cubes not found or cannot be read for part Part. Generating New drag cubes.
[LOG 20:55:08.201] [KSPCF/DragCubeGeneration] Creating drag cubes for part 'EquiTriangle0'
[LOG 20:55:08.209] PartLoader: Compiling Part 'SquadExpansion/MakingHistory/Parts/Structural/EquiTriangle1/EquiTriangle1'
[LOG 20:55:08.213] PartLoader: Part 'SquadExpansion/MakingHistory/Parts/Structural/EquiTriangle1/EquiTriangle1' has no database record. Creating.
[LOG 20:55:08.214] [DragCubeSystem]: Drag cubes not found or cannot be read for part Part. Generating New drag cubes.
[LOG 20:55:08.214] [KSPCF/DragCubeGeneration] Creating drag cubes for part 'EquiTriangle1'
[LOG 20:55:08.219] PartLoader: Compiling Part 'SquadExpansion/MakingHistory/Parts/Structural/EquiTriangle1p5/EquiTriangle1p5'
[LOG 20:55:08.222] PartLoader: Part 'SquadExpansion/MakingHistory/Parts/Structural/EquiTriangle1p5/EquiTriangle1p5' has no database record. Creating.
[LOG 20:55:08.222] [DragCubeSystem]: Drag cubes not found or cannot be read for part Part. Generating New drag cubes.
[LOG 20:55:08.222] [KSPCF/DragCubeGeneration] Creating drag cubes for part 'EquiTriangle1p5'
[LOG 20:55:08.227] PartLoader: Compiling Part 'SquadExpansion/MakingHistory/Parts/Structural/EquiTriangle2/EquiTriangle2'
[LOG 20:55:08.230] PartLoader: Part 'SquadExpansion/MakingHistory/Parts/Structural/EquiTriangle2/EquiTriangle2' has no database record. Creating.
[LOG 20:55:08.230] [DragCubeSystem]: Drag cubes not found or cannot be read for part Part. Generating New drag cubes.
[LOG 20:55:08.230] [KSPCF/DragCubeGeneration] Creating drag cubes for part 'EquiTriangle2'
[LOG 20:55:08.235] PartLoader: Compiling Part 'SquadExpansion/MakingHistory/Parts/Structural/Panel0/Panel0'
[LOG 20:55:08.238] PartLoader: Part 'SquadExpansion/MakingHistory/Parts/Structural/Panel0/Panel0' has no database record. Creating.
[LOG 20:55:08.238] [DragCubeSystem]: Drag cubes not found or cannot be read for part Part. Generating New drag cubes.
[LOG 20:55:08.238] [KSPCF/DragCubeGeneration] Creating drag cubes for part 'Panel0'
[LOG 20:55:08.246] PartLoader: Compiling Part 'SquadExpansion/MakingHistory/Parts/Structural/Panel1/Panel1'
[LOG 20:55:08.249] PartLoader: Part 'SquadExpansion/MakingHistory/Parts/Structural/Panel1/Panel1' has no database record. Creating.
[LOG 20:55:08.249] [DragCubeSystem]: Drag cubes not found or cannot be read for part Part. Generating New drag cubes.
[LOG 20:55:08.249] [KSPCF/DragCubeGeneration] Creating drag cubes for part 'Panel1'
[LOG 20:55:08.253] PartLoader: Compiling Part 'SquadExpansion/MakingHistory/Parts/Structural/Panel1p5/Panel1p5'
[LOG 20:55:08.257] PartLoader: Part 'SquadExpansion/MakingHistory/Parts/Structural/Panel1p5/Panel1p5' has no database record. Creating.
[LOG 20:55:08.257] [DragCubeSystem]: Drag cubes not found or cannot be read for part Part. Generating New drag cubes.
[LOG 20:55:08.257] [KSPCF/DragCubeGeneration] Creating drag cubes for part 'Panel1p5'
[LOG 20:55:08.262] PartLoader: Compiling Part 'SquadExpansion/MakingHistory/Parts/Structural/Panel2/Panel2'
[LOG 20:55:08.264] PartLoader: Part 'SquadExpansion/MakingHistory/Parts/Structural/Panel2/Panel2' has no database record. Creating.
[LOG 20:55:08.264] [DragCubeSystem]: Drag cubes not found or cannot be read for part Part. Generating New drag cubes.
[LOG 20:55:08.264] [KSPCF/DragCubeGeneration] Creating drag cubes for part 'Panel2'
[LOG 20:55:08.268] PartLoader: Compiling Part 'SquadExpansion/MakingHistory/Parts/Structural/Triangle0/Triangle0'
[LOG 20:55:08.271] PartLoader: Part 'SquadExpansion/MakingHistory/Parts/Structural/Triangle0/Triangle0' has no database record. Creating.
[LOG 20:55:08.272] [DragCubeSystem]: Drag cubes not found or cannot be read for part Part. Generating New drag cubes.
[LOG 20:55:08.272] [KSPCF/DragCubeGeneration] Creating drag cubes for part 'Triangle0'
[LOG 20:55:08.281] PartLoader: Compiling Part 'SquadExpansion/MakingHistory/Parts/Structural/Triangle1/Triangle1'
[LOG 20:55:08.288] PartLoader: Part 'SquadExpansion/MakingHistory/Parts/Structural/Triangle1/Triangle1' has no database record. Creating.
[LOG 20:55:08.288] [DragCubeSystem]: Drag cubes not found or cannot be read for part Part. Generating New drag cubes.
[LOG 20:55:08.288] [KSPCF/DragCubeGeneration] Creating drag cubes for part 'Triangle1'
[LOG 20:55:08.294] PartLoader: Compiling Part 'SquadExpansion/MakingHistory/Parts/Structural/Triangle1p5/Triangle1p5'
[LOG 20:55:08.297] PartLoader: Part 'SquadExpansion/MakingHistory/Parts/Structural/Triangle1p5/Triangle1p5' has no database record. Creating.
[LOG 20:55:08.297] [DragCubeSystem]: Drag cubes not found or cannot be read for part Part. Generating New drag cubes.
[LOG 20:55:08.297] [KSPCF/DragCubeGeneration] Creating drag cubes for part 'Triangle1p5'
[LOG 20:55:08.301] PartLoader: Compiling Part 'SquadExpansion/MakingHistory/Parts/Structural/Triangle2/Triangle2'
[LOG 20:55:08.304] PartLoader: Part 'SquadExpansion/MakingHistory/Parts/Structural/Triangle2/Triangle2' has no database record. Creating.
[LOG 20:55:08.304] [DragCubeSystem]: Drag cubes not found or cannot be read for part Part. Generating New drag cubes.
[LOG 20:55:08.304] [KSPCF/DragCubeGeneration] Creating drag cubes for part 'Triangle2'
[LOG 20:55:08.308] PartLoader: Compiling Part 'SquadExpansion/MakingHistory/Parts/Structural/Tube1/Tube1'
[LOG 20:55:08.311] PartLoader: Part 'SquadExpansion/MakingHistory/Parts/Structural/Tube1/Tube1' has no database record. Creating.
[LOG 20:55:08.311] PartLoader: Compiling Part 'SquadExpansion/MakingHistory/Parts/Structural/Tube1p5/Tube1p5'
[LOG 20:55:08.314] PartLoader: Part 'SquadExpansion/MakingHistory/Parts/Structural/Tube1p5/Tube1p5' has no database record. Creating.
[LOG 20:55:08.314] PartLoader: Compiling Part 'SquadExpansion/MakingHistory/Parts/Structural/Tube2/Tube2'
[LOG 20:55:08.317] PartLoader: Part 'SquadExpansion/MakingHistory/Parts/Structural/Tube2/Tube2' has no database record. Creating.
[LOG 20:55:08.317] PartLoader: Compiling Part 'SquadExpansion/MakingHistory/Parts/Structural/Tube3/Tube3'
[LOG 20:55:08.319] PartLoader: Part 'SquadExpansion/MakingHistory/Parts/Structural/Tube3/Tube3' has no database record. Creating.
[LOG 20:55:08.319] PartLoader: Compiling Part 'SquadExpansion/MakingHistory/Parts/Structural/Tube4/Tube4'
[LOG 20:55:08.321] PartLoader: Part 'SquadExpansion/MakingHistory/Parts/Structural/Tube4/Tube4' has no database record. Creating.
[LOG 20:55:08.321] PartLoader: Compiling Part 'SquadExpansion/MakingHistory/Parts/Thermal/HeatShield1p5/HeatShield1p5'
[LOG 20:55:08.326] PartLoader: Part 'SquadExpansion/MakingHistory/Parts/Thermal/HeatShield1p5/HeatShield1p5' has no database record. Creating.
[LOG 20:55:08.326] [DragCubeSystem]: Drag cubes not found or cannot be read for part Part. Generating New drag cubes.
[LOG 20:55:08.326] [KSPCF/DragCubeGeneration] Creating drag cubes for part 'HeatShield1p5'
[LOG 20:55:08.342] PartLoader: Compiling Part 'SquadExpansion/MakingHistory/Parts/Utility/flags/flagSize1p5/flagSize1p5/flagPartSize1p5'
[LOG 20:55:08.346] PartLoader: Part 'SquadExpansion/MakingHistory/Parts/Utility/flags/flagSize1p5/flagSize1p5/flagPartSize1p5' has no database record. Creating.
[LOG 20:55:08.346] [DragCubeSystem]: Drag cubes not found or cannot be read for part Part. Generating New drag cubes.
[LOG 20:55:08.346] [KSPCF/DragCubeGeneration] Creating drag cubes for part 'flagPartSize1p5'
[LOG 20:55:08.351] PartLoader: Compiling Part 'SquadExpansion/MakingHistory/Parts/Utility/flags/flagSize4/flagSize4/flagPartSize4'
[LOG 20:55:08.353] PartLoader: Part 'SquadExpansion/MakingHistory/Parts/Utility/flags/flagSize4/flagSize4/flagPartSize4' has no database record. Creating.
[LOG 20:55:08.354] [DragCubeSystem]: Drag cubes not found or cannot be read for part Part. Generating New drag cubes.
[LOG 20:55:08.354] [KSPCF/DragCubeGeneration] Creating drag cubes for part 'flagPartSize4'
[LOG 20:55:08.359] PartLoader: Compiling Part 'SquadExpansion/Serenity/Parts/Aero/FanShroud_01/FanShroud_01'
[LOG 20:55:08.361] PartLoader: Part 'SquadExpansion/Serenity/Parts/Aero/FanShroud_01/FanShroud_01' has no database record. Creating.
[LOG 20:55:08.361] [DragCubeSystem]: Drag cubes not found or cannot be read for part Part. Generating New drag cubes.
[LOG 20:55:08.361] [KSPCF/DragCubeGeneration] Creating drag cubes for part 'FanShroud.01'
[LOG 20:55:08.366] PartLoader: Compiling Part 'SquadExpansion/Serenity/Parts/Aero/FanShroud_02/FanShroud_02'
[LOG 20:55:08.369] PartLoader: Part 'SquadExpansion/Serenity/Parts/Aero/FanShroud_02/FanShroud_02' has no database record. Creating.
[LOG 20:55:08.369] [DragCubeSystem]: Drag cubes not found or cannot be read for part Part. Generating New drag cubes.
[LOG 20:55:08.369] [KSPCF/DragCubeGeneration] Creating drag cubes for part 'FanShroud.02'
[LOG 20:55:08.375] PartLoader: Compiling Part 'SquadExpansion/Serenity/Parts/Aero/FanShroud_03/FanShroud_03'
[LOG 20:55:08.377] PartLoader: Part 'SquadExpansion/Serenity/Parts/Aero/FanShroud_03/FanShroud_03' has no database record. Creating.
[LOG 20:55:08.377] [DragCubeSystem]: Drag cubes not found or cannot be read for part Part. Generating New drag cubes.
[LOG 20:55:08.377] [KSPCF/DragCubeGeneration] Creating drag cubes for part 'FanShroud.03'
[LOG 20:55:08.383] PartLoader: Compiling Part 'SquadExpansion/Serenity/Parts/Aero/noseconeTiny/noseconeTiny'
[LOG 20:55:08.385] PartLoader: Part 'SquadExpansion/Serenity/Parts/Aero/noseconeTiny/noseconeTiny' has no database record. Creating.
[LOG 20:55:08.385] [DragCubeSystem]: Drag cubes not found or cannot be read for part Part. Generating New drag cubes.
[LOG 20:55:08.385] [KSPCF/DragCubeGeneration] Creating drag cubes for part 'noseconeTiny'
[LOG 20:55:08.390] PartLoader: Compiling Part 'SquadExpansion/Serenity/Parts/Aero/noseconeVS/noseconeVS'
[LOG 20:55:08.391] PartLoader: Part 'SquadExpansion/Serenity/Parts/Aero/noseconeVS/noseconeVS' has no database record. Creating.
[LOG 20:55:08.392] [DragCubeSystem]: Drag cubes not found or cannot be read for part Part. Generating New drag cubes.
[LOG 20:55:08.392] [KSPCF/DragCubeGeneration] Creating drag cubes for part 'noseconeVS'
[LOG 20:55:08.397] PartLoader: Compiling Part 'SquadExpansion/Serenity/Parts/DeployedScience/centralStation/DeployedCentralStation'
[LOG 20:55:08.404] PartLoader: Part 'SquadExpansion/Serenity/Parts/DeployedScience/centralStation/DeployedCentralStation' has no database record. Creating.
[LOG 20:55:08.404] [DragCubeSystem]: Drag cubes not found or cannot be read for part Part. Generating New drag cubes.
[LOG 20:55:08.404] [KSPCF/DragCubeGeneration] Creating drag cubes for part 'DeployedCentralStation'
[LOG 20:55:08.446] PartLoader: Compiling Part 'SquadExpansion/Serenity/Parts/DeployedScience/gooObservation/DeployedGoExOb'
[LOG 20:55:08.454] PartLoader: Part 'SquadExpansion/Serenity/Parts/DeployedScience/gooObservation/DeployedGoExOb' has no database record. Creating.
[LOG 20:55:08.454] [DragCubeSystem]: Drag cubes not found or cannot be read for part Part. Generating New drag cubes.
[LOG 20:55:08.454] [KSPCF/DragCubeGeneration] Creating drag cubes for part 'DeployedGoExOb'
[LOG 20:55:08.487] PartLoader: Compiling Part 'SquadExpansion/Serenity/Parts/DeployedScience/ionCollector/DeployedIONExp'
[LOG 20:55:08.490] PartLoader: Part 'SquadExpansion/Serenity/Parts/DeployedScience/ionCollector/DeployedIONExp' has no database record. Creating.
[LOG 20:55:08.490] [DragCubeSystem]: Drag cubes not found or cannot be read for part Part. Generating New drag cubes.
[LOG 20:55:08.490] [KSPCF/DragCubeGeneration] Creating drag cubes for part 'DeployedIONExp'
[LOG 20:55:08.506] PartLoader: Compiling Part 'SquadExpansion/Serenity/Parts/DeployedScience/rtg/DeployedRTG'
[LOG 20:55:08.512] PartLoader: Part 'SquadExpansion/Serenity/Parts/DeployedScience/rtg/DeployedRTG' has no database record. Creating.
[LOG 20:55:08.512] [DragCubeSystem]: Drag cubes not found or cannot be read for part Part. Generating New drag cubes.
[LOG 20:55:08.512] [KSPCF/DragCubeGeneration] Creating drag cubes for part 'DeployedRTG'
[LOG 20:55:08.530] PartLoader: Compiling Part 'SquadExpansion/Serenity/Parts/DeployedScience/satDish/DeployedSatDish'
[LOG 20:55:08.536] PartLoader: Part 'SquadExpansion/Serenity/Parts/DeployedScience/satDish/DeployedSatDish' has no database record. Creating.
[LOG 20:55:08.536] [DragCubeSystem]: Drag cubes not found or cannot be read for part Part. Generating New drag cubes.
[LOG 20:55:08.536] [KSPCF/DragCubeGeneration] Creating drag cubes for part 'DeployedSatDish'
[LOG 20:55:08.554] PartLoader: Compiling Part 'SquadExpansion/Serenity/Parts/DeployedScience/seismicSensor/DeployedSeismicSensor'
[LOG 20:55:08.557] PartLoader: Part 'SquadExpansion/Serenity/Parts/DeployedScience/seismicSensor/DeployedSeismicSensor' has no database record. Creating.
[LOG 20:55:08.557] [DragCubeSystem]: Drag cubes not found or cannot be read for part Part. Generating New drag cubes.
[LOG 20:55:08.557] [KSPCF/DragCubeGeneration] Creating drag cubes for part 'DeployedSeismicSensor'
[LOG 20:55:08.575] PartLoader: Compiling Part 'SquadExpansion/Serenity/Parts/DeployedScience/solarPanel/DeployedSolarPanel'
[LOG 20:55:08.578] PartLoader: Part 'SquadExpansion/Serenity/Parts/DeployedScience/solarPanel/DeployedSolarPanel' has no database record. Creating.
[LOG 20:55:08.578] [DragCubeSystem]: Drag cubes not found or cannot be read for part Part. Generating New drag cubes.
[LOG 20:55:08.578] [KSPCF/DragCubeGeneration] Creating drag cubes for part 'DeployedSolarPanel'
[LOG 20:55:08.596] PartLoader: Compiling Part 'SquadExpansion/Serenity/Parts/DeployedScience/weatherStation/DeployedWeatherStn'
[LOG 20:55:08.600] PartLoader: Part 'SquadExpansion/Serenity/Parts/DeployedScience/weatherStation/DeployedWeatherStn' has no database record. Creating.
[LOG 20:55:08.600] [DragCubeSystem]: Drag cubes not found or cannot be read for part Part. Generating New drag cubes.
[LOG 20:55:08.600] [KSPCF/DragCubeGeneration] Creating drag cubes for part 'DeployedWeatherStn'
[LOG 20:55:08.629] PartLoader: Compiling Part 'SquadExpansion/Serenity/Parts/Prebuilt/kerbalEVA/kerbalEVA'
[LOG 20:55:08.630] PartLoader: Compiling Part 'SquadExpansion/Serenity/Parts/Prebuilt/kerbalEVAfemale/kerbalEVAfemale'
[LOG 20:55:08.632] PartLoader: Compiling Part 'SquadExpansion/Serenity/Parts/Prebuilt/kerbalEVAfemaleFuture/kerbalEVAfemaleFuture'
[LOG 20:55:08.637] PartLoader: Compiling Part 'SquadExpansion/Serenity/Parts/Prebuilt/kerbalEVAfemaleVintage/kerbalEVAfemaleVintage'
[LOG 20:55:08.638] PartLoader: Compiling Part 'SquadExpansion/Serenity/Parts/Prebuilt/kerbalEVAFuture/kerbalEVAFuture'
[LOG 20:55:08.642] PartLoader: Compiling Part 'SquadExpansion/Serenity/Parts/Prebuilt/kerbalEVASlimSuit/kerbalEVASlimSuit'
[LOG 20:55:08.643] PartLoader: Compiling Part 'SquadExpansion/Serenity/Parts/Prebuilt/kerbalEVASlimSuitFemale/kerbalEVASlimSuitFemale'
[LOG 20:55:08.644] PartLoader: Compiling Part 'SquadExpansion/Serenity/Parts/Prebuilt/kerbalEVAVintage/kerbalEVAVintage'
[LOG 20:55:08.645] PartLoader: Compiling Part 'SquadExpansion/Serenity/Parts/Propellers/largeFanBlade/largeFanBlade'
[LOG 20:55:08.648] PartLoader: Part 'SquadExpansion/Serenity/Parts/Propellers/largeFanBlade/largeFanBlade' has no database record. Creating.
[LOG 20:55:08.648] [DragCubeSystem]: Drag cubes not found or cannot be read for part Part. Generating New drag cubes.
[LOG 20:55:08.648] [KSPCF/DragCubeGeneration] Creating drag cubes for part 'largeFanBlade'
[LOG 20:55:08.671] PartLoader: Compiling Part 'SquadExpansion/Serenity/Parts/Propellers/largeHeliBlade/largeHeliBlade'
[LOG 20:55:08.675] PartLoader: Part 'SquadExpansion/Serenity/Parts/Propellers/largeHeliBlade/largeHeliBlade' has no database record. Creating.
[LOG 20:55:08.675] [DragCubeSystem]: Drag cubes not found or cannot be read for part Part. Generating New drag cubes.
[LOG 20:55:08.676] [KSPCF/DragCubeGeneration] Creating drag cubes for part 'largeHeliBlade'
[LOG 20:55:08.697] PartLoader: Compiling Part 'SquadExpansion/Serenity/Parts/Propellers/largePropeller/largePropeller'
[LOG 20:55:08.701] PartLoader: Part 'SquadExpansion/Serenity/Parts/Propellers/largePropeller/largePropeller' has no database record. Creating.
[LOG 20:55:08.701] [DragCubeSystem]: Drag cubes not found or cannot be read for part Part. Generating New drag cubes.
[LOG 20:55:08.701] [KSPCF/DragCubeGeneration] Creating drag cubes for part 'largePropeller'
[LOG 20:55:08.722] PartLoader: Compiling Part 'SquadExpansion/Serenity/Parts/Propellers/mediumFanBlade/mediumFanBlade'
[LOG 20:55:08.726] PartLoader: Part 'SquadExpansion/Serenity/Parts/Propellers/mediumFanBlade/mediumFanBlade' has no database record. Creating.
[LOG 20:55:08.726] [DragCubeSystem]: Drag cubes not found or cannot be read for part Part. Generating New drag cubes.
[LOG 20:55:08.726] [KSPCF/DragCubeGeneration] Creating drag cubes for part 'mediumFanBlade'
[LOG 20:55:08.746] PartLoader: Compiling Part 'SquadExpansion/Serenity/Parts/Propellers/mediumHeliBlade/mediumHeliBlade'
[LOG 20:55:08.750] PartLoader: Part 'SquadExpansion/Serenity/Parts/Propellers/mediumHeliBlade/mediumHeliBlade' has no database record. Creating.
[LOG 20:55:08.750] [DragCubeSystem]: Drag cubes not found or cannot be read for part Part. Generating New drag cubes.
[LOG 20:55:08.750] [KSPCF/DragCubeGeneration] Creating drag cubes for part 'mediumHeliBlade'
[LOG 20:55:08.772] PartLoader: Compiling Part 'SquadExpansion/Serenity/Parts/Propellers/mediumPropeller/mediumPropeller'
[LOG 20:55:08.776] PartLoader: Part 'SquadExpansion/Serenity/Parts/Propellers/mediumPropeller/mediumPropeller' has no database record. Creating.
[LOG 20:55:08.776] [DragCubeSystem]: Drag cubes not found or cannot be read for part Part. Generating New drag cubes.
[LOG 20:55:08.776] [KSPCF/DragCubeGeneration] Creating drag cubes for part 'mediumPropeller'
[LOG 20:55:08.798] PartLoader: Compiling Part 'SquadExpansion/Serenity/Parts/Propellers/smallFanBlade/smallFanBlade'
[LOG 20:55:08.801] PartLoader: Part 'SquadExpansion/Serenity/Parts/Propellers/smallFanBlade/smallFanBlade' has no database record. Creating.
[LOG 20:55:08.802] [DragCubeSystem]: Drag cubes not found or cannot be read for part Part. Generating New drag cubes.
[LOG 20:55:08.802] [KSPCF/DragCubeGeneration] Creating drag cubes for part 'smallFanBlade'
[LOG 20:55:08.823] PartLoader: Compiling Part 'SquadExpansion/Serenity/Parts/Propellers/smallHeliBlade/smallHeliBlade'
[LOG 20:55:08.826] PartLoader: Part 'SquadExpansion/Serenity/Parts/Propellers/smallHeliBlade/smallHeliBlade' has no database record. Creating.
[LOG 20:55:08.826] [DragCubeSystem]: Drag cubes not found or cannot be read for part Part. Generating New drag cubes.
[LOG 20:55:08.826] [KSPCF/DragCubeGeneration] Creating drag cubes for part 'smallHeliBlade'
[LOG 20:55:08.848] PartLoader: Compiling Part 'SquadExpansion/Serenity/Parts/Propellers/smallPropeller/smallPropeller'
[LOG 20:55:08.851] PartLoader: Part 'SquadExpansion/Serenity/Parts/Propellers/smallPropeller/smallPropeller' has no database record. Creating.
[LOG 20:55:08.851] [DragCubeSystem]: Drag cubes not found or cannot be read for part Part. Generating New drag cubes.
[LOG 20:55:08.851] [KSPCF/DragCubeGeneration] Creating drag cubes for part 'smallPropeller'
[LOG 20:55:08.872] PartLoader: Compiling Part 'SquadExpansion/Serenity/Parts/Robotics/hinge_01/hinge_01'
[LOG 20:55:08.884] PartLoader: Part 'SquadExpansion/Serenity/Parts/Robotics/hinge_01/hinge_01' has no database record. Creating.
[LOG 20:55:08.884] [DragCubeSystem]: Drag cubes not found or cannot be read for part Part. Generating New drag cubes.
[LOG 20:55:08.884] [KSPCF/DragCubeGeneration] Creating drag cubes for part 'hinge.01'
[LOG 20:55:08.890] PartLoader: Compiling Part 'SquadExpansion/Serenity/Parts/Robotics/hinge_01_s/hinge_01_s'
[LOG 20:55:08.896] PartLoader: Part 'SquadExpansion/Serenity/Parts/Robotics/hinge_01_s/hinge_01_s' has no database record. Creating.
[LOG 20:55:08.896] [DragCubeSystem]: Drag cubes not found or cannot be read for part Part. Generating New drag cubes.
[LOG 20:55:08.896] [KSPCF/DragCubeGeneration] Creating drag cubes for part 'hinge.01.s'
[LOG 20:55:08.903] PartLoader: Compiling Part 'SquadExpansion/Serenity/Parts/Robotics/hinge_03/hinge_03'
[LOG 20:55:08.908] PartLoader: Part 'SquadExpansion/Serenity/Parts/Robotics/hinge_03/hinge_03' has no database record. Creating.
[LOG 20:55:08.908] PartLoader: Compiling Part 'SquadExpansion/Serenity/Parts/Robotics/hinge_03_s/hinge_03_s'
[LOG 20:55:08.912] PartLoader: Part 'SquadExpansion/Serenity/Parts/Robotics/hinge_03_s/hinge_03_s' has no database record. Creating.
[LOG 20:55:08.913] PartLoader: Compiling Part 'SquadExpansion/Serenity/Parts/Robotics/hinge_04/hinge_04'
[LOG 20:55:08.917] PartLoader: Part 'SquadExpansion/Serenity/Parts/Robotics/hinge_04/hinge_04' has no database record. Creating.
[LOG 20:55:08.917] PartLoader: Compiling Part 'SquadExpansion/Serenity/Parts/Robotics/piston_01/piston_01'
[LOG 20:55:08.925] PartLoader: Part 'SquadExpansion/Serenity/Parts/Robotics/piston_01/piston_01' has no database record. Creating.
[LOG 20:55:08.926] PartLoader: Compiling Part 'SquadExpansion/Serenity/Parts/Robotics/piston_02/piston_02'
[LOG 20:55:08.929] PartLoader: Part 'SquadExpansion/Serenity/Parts/Robotics/piston_02/piston_02' has no database record. Creating.
[LOG 20:55:08.929] PartLoader: Compiling Part 'SquadExpansion/Serenity/Parts/Robotics/piston_03/piston_03'
[LOG 20:55:08.933] PartLoader: Part 'SquadExpansion/Serenity/Parts/Robotics/piston_03/piston_03' has no database record. Creating.
[LOG 20:55:08.933] PartLoader: Compiling Part 'SquadExpansion/Serenity/Parts/Robotics/piston_04/piston_04'
[LOG 20:55:08.938] PartLoader: Part 'SquadExpansion/Serenity/Parts/Robotics/piston_04/piston_04' has no database record. Creating.
[LOG 20:55:08.939] PartLoader: Compiling Part 'SquadExpansion/Serenity/Parts/Robotics/RotorEngine_02/RotorEngine_02'
[LOG 20:55:08.947] PartLoader: Part 'SquadExpansion/Serenity/Parts/Robotics/RotorEngine_02/RotorEngine_02' has no database record. Creating.
[LOG 20:55:08.947] [DragCubeSystem]: Drag cubes not found or cannot be read for part Part. Generating New drag cubes.
[LOG 20:55:08.947] [KSPCF/DragCubeGeneration] Creating drag cubes for part 'RotorEngine.02'
[LOG 20:55:08.953] PartLoader: Compiling Part 'SquadExpansion/Serenity/Parts/Robotics/RotorEngine_03/RotorEngine_03'
[LOG 20:55:08.957] PartLoader: Part 'SquadExpansion/Serenity/Parts/Robotics/RotorEngine_03/RotorEngine_03' has no database record. Creating.
[LOG 20:55:08.957] [DragCubeSystem]: Drag cubes not found or cannot be read for part Part. Generating New drag cubes.
[LOG 20:55:08.957] [KSPCF/DragCubeGeneration] Creating drag cubes for part 'RotorEngine.03'
[LOG 20:55:08.963] PartLoader: Compiling Part 'SquadExpansion/Serenity/Parts/Robotics/rotor_01/rotor_01'
[LOG 20:55:08.968] PartLoader: Part 'SquadExpansion/Serenity/Parts/Robotics/rotor_01/rotor_01' has no database record. Creating.
[LOG 20:55:08.968] [DragCubeSystem]: Drag cubes not found or cannot be read for part Part. Generating New drag cubes.
[LOG 20:55:08.968] [KSPCF/DragCubeGeneration] Creating drag cubes for part 'rotor.01'
[LOG 20:55:08.974] PartLoader: Compiling Part 'SquadExpansion/Serenity/Parts/Robotics/rotor_01s/rotor_01s'
[LOG 20:55:08.980] PartLoader: Part 'SquadExpansion/Serenity/Parts/Robotics/rotor_01s/rotor_01s' has no database record. Creating.
[LOG 20:55:08.980] [DragCubeSystem]: Drag cubes not found or cannot be read for part Part. Generating New drag cubes.
[LOG 20:55:08.980] [KSPCF/DragCubeGeneration] Creating drag cubes for part 'rotor.01s'
[LOG 20:55:08.984] PartLoader: Compiling Part 'SquadExpansion/Serenity/Parts/Robotics/rotor_02/rotor_02'
[LOG 20:55:08.989] PartLoader: Part 'SquadExpansion/Serenity/Parts/Robotics/rotor_02/rotor_02' has no database record. Creating.
[LOG 20:55:08.989] [DragCubeSystem]: Drag cubes not found or cannot be read for part Part. Generating New drag cubes.
[LOG 20:55:08.989] [KSPCF/DragCubeGeneration] Creating drag cubes for part 'rotor.02'
[LOG 20:55:08.995] PartLoader: Compiling Part 'SquadExpansion/Serenity/Parts/Robotics/rotor_02s/rotor_02s'
[LOG 20:55:08.999] PartLoader: Part 'SquadExpansion/Serenity/Parts/Robotics/rotor_02s/rotor_02s' has no database record. Creating.
[LOG 20:55:08.999] [DragCubeSystem]: Drag cubes not found or cannot be read for part Part. Generating New drag cubes.
[LOG 20:55:08.999] [KSPCF/DragCubeGeneration] Creating drag cubes for part 'rotor.02s'
[LOG 20:55:09.004] PartLoader: Compiling Part 'SquadExpansion/Serenity/Parts/Robotics/rotor_03/rotor_03'
[LOG 20:55:09.009] PartLoader: Part 'SquadExpansion/Serenity/Parts/Robotics/rotor_03/rotor_03' has no database record. Creating.
[LOG 20:55:09.009] [DragCubeSystem]: Drag cubes not found or cannot be read for part Part. Generating New drag cubes.
[LOG 20:55:09.010] [KSPCF/DragCubeGeneration] Creating drag cubes for part 'rotor.03'
[LOG 20:55:09.017] PartLoader: Compiling Part 'SquadExpansion/Serenity/Parts/Robotics/rotor_03s/rotor_03s'
[LOG 20:55:09.022] PartLoader: Part 'SquadExpansion/Serenity/Parts/Robotics/rotor_03s/rotor_03s' has no database record. Creating.
[LOG 20:55:09.022] [DragCubeSystem]: Drag cubes not found or cannot be read for part Part. Generating New drag cubes.
[LOG 20:55:09.022] [KSPCF/DragCubeGeneration] Creating drag cubes for part 'rotor.03s'
[LOG 20:55:09.027] PartLoader: Compiling Part 'SquadExpansion/Serenity/Parts/Robotics/rotoServo_00/rotoServo_00'
[LOG 20:55:09.035] PartLoader: Part 'SquadExpansion/Serenity/Parts/Robotics/rotoServo_00/rotoServo_00' has no database record. Creating.
[LOG 20:55:09.035] [DragCubeSystem]: Drag cubes not found or cannot be read for part Part. Generating New drag cubes.
[LOG 20:55:09.035] [KSPCF/DragCubeGeneration] Creating drag cubes for part 'rotoServo.00'
[LOG 20:55:09.042] PartLoader: Compiling Part 'SquadExpansion/Serenity/Parts/Robotics/rotoServo_02/rotoServo_02'
[LOG 20:55:09.047] PartLoader: Part 'SquadExpansion/Serenity/Parts/Robotics/rotoServo_02/rotoServo_02' has no database record. Creating.
[LOG 20:55:09.047] [DragCubeSystem]: Drag cubes not found or cannot be read for part Part. Generating New drag cubes.
[LOG 20:55:09.048] [KSPCF/DragCubeGeneration] Creating drag cubes for part 'rotoServo.02'
[LOG 20:55:09.055] PartLoader: Compiling Part 'SquadExpansion/Serenity/Parts/Robotics/rotoServo_03/rotoServo_03'
[LOG 20:55:09.059] PartLoader: Part 'SquadExpansion/Serenity/Parts/Robotics/rotoServo_03/rotoServo_03' has no database record. Creating.
[LOG 20:55:09.059] [DragCubeSystem]: Drag cubes not found or cannot be read for part Part. Generating New drag cubes.
[LOG 20:55:09.059] [KSPCF/DragCubeGeneration] Creating drag cubes for part 'rotoServo.03'
[LOG 20:55:09.065] PartLoader: Compiling Part 'SquadExpansion/Serenity/Parts/Robotics/rotoServo_04/rotoServo_04'
[LOG 20:55:09.069] PartLoader: Part 'SquadExpansion/Serenity/Parts/Robotics/rotoServo_04/rotoServo_04' has no database record. Creating.
[LOG 20:55:09.069] [DragCubeSystem]: Drag cubes not found or cannot be read for part Part. Generating New drag cubes.
[LOG 20:55:09.069] [KSPCF/DragCubeGeneration] Creating drag cubes for part 'rotoServo.04'
[LOG 20:55:09.075] PartLoader: Compiling Part 'SquadExpansion/Serenity/Parts/Robotics/Controllers/KAL1000/controller1000'
[LOG 20:55:09.085] PartLoader: Part 'SquadExpansion/Serenity/Parts/Robotics/Controllers/KAL1000/controller1000' has no database record. Creating.
[LOG 20:55:09.085] [DragCubeSystem]: Drag cubes not found or cannot be read for part Part. Generating New drag cubes.
[LOG 20:55:09.085] [KSPCF/DragCubeGeneration] Creating drag cubes for part 'controller1000'
[LOG 20:55:09.092] PartLoader: Compiling Part 'SquadExpansion/Serenity/Parts/Science/RobotArmScanner/RobotArmScanner_S1/RobotArmScanner_S1'
[LOG 20:55:09.101] PartLoader: Part 'SquadExpansion/Serenity/Parts/Science/RobotArmScanner/RobotArmScanner_S1/RobotArmScanner_S1' has no database record. Creating.
[LOG 20:55:09.101] [DragCubeSystem]: Drag cubes not found or cannot be read for part Part. Generating New drag cubes.
[LOG 20:55:09.101] [KSPCF/DragCubeGeneration] Creating drag cubes for part 'RobotArmScanner.S1'
[LOG 20:55:09.124] PartLoader: Compiling Part 'SquadExpansion/Serenity/Parts/Science/RobotArmScanner/RobotArmScanner_S2/RobotArmScanner_S2'
[LOG 20:55:09.129] PartLoader: Part 'SquadExpansion/Serenity/Parts/Science/RobotArmScanner/RobotArmScanner_S2/RobotArmScanner_S2' has no database record. Creating.
[LOG 20:55:09.129] [DragCubeSystem]: Drag cubes not found or cannot be read for part Part. Generating New drag cubes.
[LOG 20:55:09.129] [KSPCF/DragCubeGeneration] Creating drag cubes for part 'RobotArmScanner.S2'
[LOG 20:55:09.152] PartLoader: Compiling Part 'SquadExpansion/Serenity/Parts/Science/RobotArmScanner/RobotArmScanner_S3/RobotArmScanner_S3'
[LOG 20:55:09.157] PartLoader: Part 'SquadExpansion/Serenity/Parts/Science/RobotArmScanner/RobotArmScanner_S3/RobotArmScanner_S3' has no database record. Creating.
[LOG 20:55:09.157] [DragCubeSystem]: Drag cubes not found or cannot be read for part Part. Generating New drag cubes.
[LOG 20:55:09.157] [KSPCF/DragCubeGeneration] Creating drag cubes for part 'RobotArmScanner.S3'
[LOG 20:55:09.182] PartLoader: Compiling Part 'SquadExpansion/Serenity/Parts/Structural/gripPads/lGripPad/lGripPad'
[LOG 20:55:09.188] PartLoader: Part 'SquadExpansion/Serenity/Parts/Structural/gripPads/lGripPad/lGripPad' has no database record. Creating.
[LOG 20:55:09.188] [DragCubeSystem]: Drag cubes not found or cannot be read for part Part. Generating New drag cubes.
[LOG 20:55:09.188] [KSPCF/DragCubeGeneration] Creating drag cubes for part 'lGripPad'
[LOG 20:55:09.204] PartLoader: Compiling Part 'SquadExpansion/Serenity/Parts/Structural/gripPads/lGripStrip/lGripStrip'
[LOG 20:55:09.206] PartLoader: Part 'SquadExpansion/Serenity/Parts/Structural/gripPads/lGripStrip/lGripStrip' has no database record. Creating.
[LOG 20:55:09.206] [DragCubeSystem]: Drag cubes not found or cannot be read for part Part. Generating New drag cubes.
[LOG 20:55:09.206] [KSPCF/DragCubeGeneration] Creating drag cubes for part 'lGripStrip'
[LOG 20:55:09.210] PartLoader: Compiling Part 'SquadExpansion/Serenity/Parts/Structural/gripPads/mGripPad/mGripPad'
[LOG 20:55:09.214] PartLoader: Part 'SquadExpansion/Serenity/Parts/Structural/gripPads/mGripPad/mGripPad' has no database record. Creating.
[LOG 20:55:09.214] [DragCubeSystem]: Drag cubes not found or cannot be read for part Part. Generating New drag cubes.
[LOG 20:55:09.214] [KSPCF/DragCubeGeneration] Creating drag cubes for part 'mGripPad'
[LOG 20:55:09.228] PartLoader: Compiling Part 'SquadExpansion/Serenity/Parts/Structural/gripPads/sGripPad/sGripPad'
[LOG 20:55:09.231] PartLoader: Part 'SquadExpansion/Serenity/Parts/Structural/gripPads/sGripPad/sGripPad' has no database record. Creating.
[LOG 20:55:09.231] [DragCubeSystem]: Drag cubes not found or cannot be read for part Part. Generating New drag cubes.
[LOG 20:55:09.231] [KSPCF/DragCubeGeneration] Creating drag cubes for part 'sGripPad'
[LOG 20:55:09.246] PartLoader: Compiling Part 'SquadExpansion/Serenity/Parts/Structural/gripPads/sGripStrip/sGripStrip'
[LOG 20:55:09.248] PartLoader: Part 'SquadExpansion/Serenity/Parts/Structural/gripPads/sGripStrip/sGripStrip' has no database record. Creating.
[LOG 20:55:09.248] [DragCubeSystem]: Drag cubes not found or cannot be read for part Part. Generating New drag cubes.
[LOG 20:55:09.248] [KSPCF/DragCubeGeneration] Creating drag cubes for part 'sGripStrip'
[LOG 20:55:09.254] PartLoader: Compiling Internal Prop 'Squad/Props/AltimeterThreeHands/prop/AltimeterThreeHands'
[LOG 20:55:09.257] PartLoader: Compiling Internal Prop 'Squad/Props/AtmosphereDepth/prop/AtmosphereDepth'
[LOG 20:55:09.258] PartLoader: Compiling Internal Prop 'Squad/Props/AxisIndicator/pitchConfig/AxisIndicatorPitch'
[LOG 20:55:09.259] PartLoader: Compiling Internal Prop 'Squad/Props/AxisIndicator/rollConfig/AxisIndicatorRoll'
[LOG 20:55:09.260] PartLoader: Compiling Internal Prop 'Squad/Props/AxisIndicator/yawConfig/AxisIndicatorYaw'
[LOG 20:55:09.260] PartLoader: Compiling Internal Prop 'Squad/Props/buttonsGeneric/circularButton/genericCircularButton'
[LOG 20:55:09.261] PartLoader: Compiling Internal Prop 'Squad/Props/buttonsGeneric/clusterButtons/genericClusterButtons'
[LOG 20:55:09.261] PartLoader: Compiling Internal Prop 'Squad/Props/buttonsGeneric/clusterButtons2/genericClusterButtons2'
[LOG 20:55:09.262] PartLoader: Compiling Internal Prop 'Squad/Props/buttonsGeneric/clusterKnob/genericClusterKnobs'
[LOG 20:55:09.262] PartLoader: Compiling Internal Prop 'Squad/Props/buttonsGeneric/clusterKnob2/genericClusterKnobs2'
[LOG 20:55:09.262] PartLoader: Compiling Internal Prop 'Squad/Props/buttonsGeneric/clusterMixed/genericClusterMixed'
[LOG 20:55:09.263] PartLoader: Compiling Internal Prop 'Squad/Props/buttonsGeneric/clusterSwitches01/genericClusterSwitches01'
[LOG 20:55:09.263] PartLoader: Compiling Internal Prop 'Squad/Props/buttonsGeneric/clusterSwitches02/genericClusterSwitches02'
[LOG 20:55:09.263] PartLoader: Compiling Internal Prop 'Squad/Props/buttonsGeneric/clusterSwitches03/genericClusterSwitches03'
[LOG 20:55:09.263] PartLoader: Compiling Internal Prop 'Squad/Props/buttonsGeneric/clusterSwitches04/genericClusterSwitches04'
[LOG 20:55:09.264] PartLoader: Compiling Internal Prop 'Squad/Props/buttonsGeneric/clusterSwitches05/genericClusterSwitches05'
[LOG 20:55:09.264] PartLoader: Compiling Internal Prop 'Squad/Props/buttonsGeneric/clusterSwitches06/genericClusterSwitches06'
[LOG 20:55:09.264] PartLoader: Compiling Internal Prop 'Squad/Props/buttonsGeneric/clusterSwitches07/genericClusterSwitches07'
[LOG 20:55:09.264] PartLoader: Compiling Internal Prop 'Squad/Props/buttonsGeneric/directionalKnob/genericDirectionalKnob'
[LOG 20:55:09.264] PartLoader: Compiling Internal Prop 'Squad/Props/buttonsGeneric/directionalKnob2/genericDirectionalKnob2'
[LOG 20:55:09.264] PartLoader: Compiling Internal Prop 'Squad/Props/buttonsGeneric/pullSwitch/genericPullSwitch'
[LOG 20:55:09.265] PartLoader: Compiling Internal Prop 'Squad/Props/buttonsGeneric/squareButton/genericSquareButton'
[LOG 20:55:09.265] PartLoader: Compiling Internal Prop 'Squad/Props/buttonsGeneric/standingSwitch/genericStandingSwitch'
[LOG 20:55:09.265] PartLoader: Compiling Internal Prop 'Squad/Props/buttonsGeneric/switch/genericSwitch'
[LOG 20:55:09.265] PartLoader: Compiling Internal Prop 'Squad/Props/buttonsGeneric/switchWithGuards/genericSwitchWithGuards'
[LOG 20:55:09.266] PartLoader: Compiling Internal Prop 'Squad/Props/ButtonSquare/prop/ButtonSquare'
[LOG 20:55:09.267] PartLoader: Compiling Internal Prop 'Squad/Props/circularButton/prop/circularButton'
[LOG 20:55:09.267] PartLoader: Compiling Internal Prop 'Squad/Props/Compass/prop/Compass'
[LOG 20:55:09.268] PartLoader: Compiling Internal Prop 'Squad/Props/directionalKnob/prop/directionalKnob'
[LOG 20:55:09.268] PartLoader: Compiling Internal Prop 'Squad/Props/directionalKnob2/prop/directionalKnob2'
[LOG 20:55:09.269] PartLoader: Compiling Internal Prop 'Squad/Props/IndicatorPanel/prop/IndicatorPanel'
[LOG 20:55:09.270] PartLoader: Compiling Internal Prop 'Squad/Props/IVANavBall/prop/NavBall'
[LOG 20:55:09.272] PartLoader: Compiling Internal Prop 'Squad/Props/IVANavBallNoBase/prop/NavBallNoBase'
[LOG 20:55:09.272] PartLoader: Compiling Internal Prop 'Squad/Props/ledPanelSpeed/prop/ledPanelSpeed'
[LOG 20:55:09.275] PartLoader: Compiling Internal Prop 'Squad/Props/Monitor/DockingMode/MonitorDockingMode'
[LOG 20:55:09.275] PartLoader: Compiling Internal Prop 'Squad/Props/NavBall/prop/NavBall'
[LOG 20:55:09.276] PartLoader: Compiling Internal Prop 'Squad/Props/PropsGeneric/Button_DockingMode/Button_DockingMode'
[LOG 20:55:09.276] PartLoader: Compiling Internal Prop 'Squad/Props/PropsGeneric/CargoBagA/CargoBagA'
[LOG 20:55:09.277] PartLoader: Compiling Internal Prop 'Squad/Props/PropsGeneric/CargoBagB/CargoBagB'
[LOG 20:55:09.277] PartLoader: Compiling Internal Prop 'Squad/Props/PropsGeneric/CargoBagC/CargoBagC'
[LOG 20:55:09.277] PartLoader: Compiling Internal Prop 'Squad/Props/PropsGeneric/Hatch_Plane/Hatch_Plane'
[LOG 20:55:09.277] PartLoader: Compiling Internal Prop 'Squad/Props/PropsGeneric/Hatch_Plane_Curve90/Hatch_Plane_Curve90'
[LOG 20:55:09.278] PartLoader: Compiling Internal Prop 'Squad/Props/PropsGeneric/Hatch_Plane_Frame/Hatch_Plane_Frame'
[LOG 20:55:09.278] PartLoader: Compiling Internal Prop 'Squad/Props/PropsGeneric/Seat_Passenger/Seat_Passenger'
[LOG 20:55:09.278] PartLoader: Compiling Internal Prop 'Squad/Props/PropsGeneric/Seat_Pilot/Seat_Pilot'
[LOG 20:55:09.278] PartLoader: Compiling Internal Prop 'Squad/Props/PropsGeneric/Seat_Pilot_Helmet/Seat_Pilot_Helmet'
[LOG 20:55:09.279] PartLoader: Compiling Internal Prop 'Squad/Props/PropsGeneric/SideStick/SideStick'
[LOG 20:55:09.279] PartLoader: Compiling Internal Prop 'Squad/Props/pullSwitch/prop/pullSwitch'
[LOG 20:55:09.279] PartLoader: Compiling Internal Prop 'Squad/Props/radarAltitude/prop/RadarAltimeter'
[LOG 20:55:09.280] PartLoader: Compiling Internal Prop 'Squad/Props/squareButton/prop/squareButton'
[LOG 20:55:09.280] PartLoader: Compiling Internal Prop 'Squad/Props/standingSwitch/prop/standingSwitch'
[LOG 20:55:09.281] PartLoader: Compiling Internal Prop 'Squad/Props/switch/prop/switch'
[LOG 20:55:09.281] PartLoader: Compiling Internal Prop 'Squad/Props/switchGuard/prop/switchGuard'
[LOG 20:55:09.281] PartLoader: Compiling Internal Prop 'Squad/Props/switchWithGuards/prop/switchWithGuards'
[LOG 20:55:09.281] PartLoader: Compiling Internal Prop 'Squad/Props/throttle/prop/throttle'
[LOG 20:55:09.283] PartLoader: Compiling Internal Prop 'Squad/Props/VSI/prop/VSI'
[LOG 20:55:09.284] PartLoader: Compiling Internal Space 'Squad/Spaces/crewCabinInternals/internal/crewCabinInternals'
[LOG 20:55:09.290] PartLoader: Compiling Internal Space 'Squad/Spaces/cupolaInternal/internal/cupolaInternal'
[LOG 20:55:09.299] PartLoader: Compiling Internal Space 'Squad/Spaces/GenericSpace1/internal/GenericSpace1'
[LOG 20:55:09.300] PartLoader: Compiling Internal Space 'Squad/Spaces/GenericSpace3/internal/GenericSpace3'
[LOG 20:55:09.302] PartLoader: Compiling Internal Space 'Squad/Spaces/landerCabinInternals/internal/landerCabinInternals'
[LOG 20:55:09.304] PartLoader: Compiling Internal Space 'Squad/Spaces/landerCabinSmallInternal/internal/landerCabinSmallInternal'
[LOG 20:55:09.307] PartLoader: Compiling Internal Space 'Squad/Spaces/LargeCrewedLabInternals/internal/Mobile_Processing_Lab_Int'
[LOG 20:55:09.309] PartLoader: Compiling Internal Space 'Squad/Spaces/Mk1-3/internal/Mk1-3'
[LOG 20:55:09.315] PartLoader: Compiling Internal Space 'Squad/Spaces/mk1CabinInternal/internal/mk1CabinInternal'
[LOG 20:55:09.319] PartLoader: Compiling Internal Space 'Squad/Spaces/mk1CockpitInternal/internal/mk1CockpitInternal'
[LOG 20:55:09.324] PartLoader: Compiling Internal Space 'Squad/Spaces/mk1InlineInternal/internal/mk1InlineInternal'
[LOG 20:55:09.327] PartLoader: Compiling Internal Space 'Squad/Spaces/mk1PodCockpit/internal/mk1PodCockpit'
[LOG 20:55:09.329] PartLoader: Compiling Internal Space 'Squad/Spaces/mk1pod_IVA/mk1pod_Internal/mk1pod_IVA'
[LOG 20:55:09.333] PartLoader: Compiling Internal Space 'Squad/Spaces/mk2CockpitStandardInternal/internal/mk2CockpitStandardInternals'
[LOG 20:55:09.338] PartLoader: Compiling Internal Space 'Squad/Spaces/Mk2CrewCabinInternal/internal_MK2_CrewCab/MK2_CrewCab_Int'
[LOG 20:55:09.340] PartLoader: Compiling Internal Space 'Squad/Spaces/mk2InlineInternal/internal/mk2InlineInternal'
[LOG 20:55:09.347] PartLoader: Compiling Internal Space 'Squad/Spaces/mk2LanderCanInternal/internal/mk2LanderCanInternal'
[LOG 20:55:09.353] PartLoader: Compiling Internal Space 'Squad/Spaces/MK3CockpitInternal/internal_MK3/MK3_Cockpit_Int'
[LOG 20:55:09.362] PartLoader: Compiling Internal Space 'Squad/Spaces/MK3_CrewCab_Int/internal_MK3_CrewCab/MK3_CrewCab_Int'
[LOG 20:55:09.363] InternalSeat: Cannot find portraitCamera of name 'Camera_Left003'
[LOG 20:55:09.368] PartLoader: Compiling Internal Space 'Squad/Spaces/Placeholder/internal/Placeholder'
[LOG 20:55:09.374] PartLoader: Compiling Internal Space 'Squad/Spaces/PodCockpit/internal/PodCockpit'
[LOG 20:55:09.381] PartLoader: Compiling Internal Space 'SquadExpansion/MakingHistory/Spaces/KVPods/Airlock_Internal/Airlock_IVA'
[LOG 20:55:09.382] PartLoader: Compiling Internal Space 'SquadExpansion/MakingHistory/Spaces/KVPods/KV1_Internal/KV1_IVA'
[LOG 20:55:09.387] PartLoader: Compiling Internal Space 'SquadExpansion/MakingHistory/Spaces/KVPods/KV2_Internal/KV2_IVA'
[LOG 20:55:09.391] PartLoader: Compiling Internal Space 'SquadExpansion/MakingHistory/Spaces/KVPods/KV3_Internal/KV3_IVA'
[LOG 20:55:09.393] PartLoader: Compiling Internal Space 'SquadExpansion/MakingHistory/Spaces/MEM/MEM_IVA/MEM_IVA'
[LOG 20:55:09.398] PartLoader: Compiling Internal Space 'SquadExpansion/MakingHistory/Spaces/Mk2Pod/Mk2Pod_Internal/MK2POD_IVA'
[LOG 20:55:09.480] Assets:
[LOG 20:55:09.480] anim_missionsapp_idle.anim
[LOG 20:55:09.480] anim_missionsapp_idle_warning.anim
[LOG 20:55:09.480] anim_missionsapp_warning.anim
[LOG 20:55:09.480] anim_missionssapp.anim
[LOG 20:55:09.480] animcontroller_missionsappmaster.controller
[LOG 20:55:09.480] app_bg.tif
[LOG 20:55:09.480] app_bottom_gray.tif
[LOG 20:55:09.480] app_divider_pulldown_body.tif
[LOG 20:55:09.480] app_divider_pulldown_footer.tif
[LOG 20:55:09.480] app_divider_pulldown_header.tif
[LOG 20:55:09.480] app_divider_pulldown_header_over.tif
[LOG 20:55:09.480] app_header_gray.tif
[LOG 20:55:09.480] app_missions_icon_active.tif
[LOG 20:55:09.480] app_missions_icon_complete.tif
[LOG 20:55:09.480] app_missions_icon_failed.tif
[LOG 20:55:09.480] app_missions_icon_inactive.tif
[LOG 20:55:09.480] spritesheet_missionsapp.tif
[LOG 20:55:09.480] spritesheet_missionsappwarning.tif
[LOG 20:55:09.480] missionbriefingdialog.prefab
[LOG 20:55:09.480] missionbriefingtag.prefab
[LOG 20:55:09.480] awardwidget.prefab
[LOG 20:55:09.480] missionenddialog.prefab
[LOG 20:55:09.480] missionitemwidget.prefab
[LOG 20:55:09.480] missionplaybutton.prefab
[LOG 20:55:09.480] missionplaydialog.prefab
[LOG 20:55:09.480] missionsteamitemwidget.prefab
[LOG 20:55:09.480] missionvalidationdialog.prefab
[LOG 20:55:09.481] validationentry.prefab
[LOG 20:55:09.481] comettoken.fbx
[LOG 20:55:09.481] comettoken.jpg
[LOG 20:55:09.481] placementegizmo_comet.mat
[LOG 20:55:09.481] placementegizmo_comet_tail.mat
[LOG 20:55:09.481] femalevintagepreview.prefab
[LOG 20:55:09.481] malevintagepreview.prefab
[LOG 20:55:09.481] checkpointentrywidget.prefab
[LOG 20:55:09.481] crewmanagementdialog.prefab
[LOG 20:55:09.481] listitem_vesseltitle.prefab
[LOG 20:55:09.481] missionbrowser.prefab
[LOG 20:55:09.481] missioncheckpointbrowser.prefab
[LOG 20:55:09.481] missioncrewlistitem.prefab
[LOG 20:55:09.481] missionentrywidget.prefab
[LOG 20:55:09.481] missiontemplateentrywidget.prefab
[LOG 20:55:09.481] partcategorizerbutton.prefab
[LOG 20:55:09.481] partselectorbrowser.prefab
[LOG 20:55:09.481] partselectorentry.prefab
[LOG 20:55:09.481] gaputil_vesselframe.prefab
[LOG 20:55:09.481] meguiconnector.prefab
[LOG 20:55:09.481] meguinode.prefab
[LOG 20:55:09.481] meguinodecategorybutton.prefab
[LOG 20:55:09.481] meguinodeicon.prefab
[LOG 20:55:09.481] meguinodeicongroup.prefab
[LOG 20:55:09.481] meguiscrollviewitem.prefab
[LOG 20:55:09.481] meiconloaderbasicnode.prefab
[LOG 20:55:09.481] meiconloadergap.prefab
[LOG 20:55:09.481] meiconloadernodecategorizer.prefab
[LOG 20:55:09.481] menodecanvas.prefab
[LOG 20:55:09.481] missioneditorscreen.prefab
[LOG 20:55:09.481] nodelisttooltip.prefab
[LOG 20:55:09.481] nodelisttooltipextinfolistspacer.prefab
[LOG 20:55:09.481] orbitgizmo.prefab
[LOG 20:55:09.481] biomeshighlight.shader
[LOG 20:55:09.481] projector-surfacegizmo.shader
[LOG 20:55:09.481] scaledplanetbiomeshighlight.shader
[LOG 20:55:09.481] sprites-alwaysover.shader
[LOG 20:55:09.481] ui-unlit-infinite.shader
[LOG 20:55:09.481] ui-unlit-solid.shader
[LOG 20:55:09.481] assetgraph_connectionpoint_inputmark.png
[LOG 20:55:09.481] assetgraph_inputbg.png
[LOG 20:55:09.481] boldly.png
[LOG 20:55:09.482] carpool.png
[LOG 20:55:09.482] frugal.png
[LOG 20:55:09.482] homesick.png
[LOG 20:55:09.482] keys.png
[LOG 20:55:09.482] saint.png
[LOG 20:55:09.482] sinner.png
[LOG 20:55:09.482] thespot.png
[LOG 20:55:09.482] timekeeper.png
[LOG 20:55:09.482] helmetbronze.png
[LOG 20:55:09.482] helmetgold.png
[LOG 20:55:09.482] helmetsilver.png
[LOG 20:55:09.482] action-part-resource-drain.png
[LOG 20:55:09.482] change-part-resource-levels.png
[LOG 20:55:09.482] create-asteroid.png
[LOG 20:55:09.482] create-kerbal.png
[LOG 20:55:09.482] create-vessel.png
[LOG 20:55:09.482] crew-assignment.png
[LOG 20:55:09.482] dialog-message.png
[LOG 20:55:09.482] display-message.png
[LOG 20:55:09.482] fail-part.png
[LOG 20:55:09.482] fly-through.png
[LOG 20:55:09.482] funds-recovery.png
[LOG 20:55:09.482] generic-node.png
[LOG 20:55:09.482] go-to.png
[LOG 20:55:09.482] kerbal-boarded.png
[LOG 20:55:09.482] kerbal-recovery.png
[LOG 20:55:09.482] kerbal-rescue.png
[LOG 20:55:09.482] launch-site.png
[LOG 20:55:09.482] leave-soi.png
[LOG 20:55:09.482] orbit.png
[LOG 20:55:09.482] part-explode.png
[LOG 20:55:09.482] plant-flag.png
[LOG 20:55:09.482] reach-soi.png
[LOG 20:55:09.482] repair-part.png
[LOG 20:55:09.482] resource-amount.png
[LOG 20:55:09.482] resource-recovery.png
[LOG 20:55:09.483] science-experiment.png
[LOG 20:55:09.483] score.png
[LOG 20:55:09.483] take-tourist.png
[LOG 20:55:09.483] test-altitude.png
[LOG 20:55:09.483] test-eva.png
[LOG 20:55:09.483] test-grapple.png
[LOG 20:55:09.483] time-of-flight.png
[LOG 20:55:09.483] time-of-mission.png
[LOG 20:55:09.483] time-since-node.png
[LOG 20:55:09.483] vessel-crashed.png
[LOG 20:55:09.483] vessel-crew-count.png
[LOG 20:55:09.483] vessel-explode.png
[LOG 20:55:09.483] vessel-flying.png
[LOG 20:55:09.483] vessel-landed.png
[LOG 20:55:09.483] vessel-mass.png
[LOG 20:55:09.483] vessel-splashed.png
[LOG 20:55:09.483] vessel-stage-activated.png
[LOG 20:55:09.483] vessel-stage.png
[LOG 20:55:09.483] arrange-graph.png
[LOG 20:55:09.483] builderbuttons_briefing.png
[LOG 20:55:09.483] builderbuttons_reset.png
[LOG 20:55:09.483] builderbuttons_trackingstation.png
[LOG 20:55:09.483] frame-graph.png
[LOG 20:55:09.483] lock.png
[LOG 20:55:09.483] maximize.png
[LOG 20:55:09.483] minimize.png
[LOG 20:55:09.483] pin.png
[LOG 20:55:09.483] pin_down.png
[LOG 20:55:09.483] redo.png
[LOG 20:55:09.483] reset.png
[LOG 20:55:09.483] tracking-station.png
[LOG 20:55:09.483] undo.png
[LOG 20:55:09.483] visible-in-gap.png
[LOG 20:55:09.483] location.png
[LOG 20:55:09.483] logic.png
[LOG 20:55:09.483] science.png
[LOG 20:55:09.483] utility.png
[LOG 20:55:09.483] vessel.png
[LOG 20:55:09.483] eye.png
[LOG 20:55:09.483] iconmb.png
[LOG 20:55:09.483] me_btn_generic_normal.tif
[LOG 20:55:09.483] me_button_generic_normal.tif
[LOG 20:55:09.483] nodecat_bg.png
[LOG 20:55:09.483] nodecat_divider.tif
[LOG 20:55:09.484] nodecat_divider_bottom.tif
[LOG 20:55:09.484] pholderwarningicon.png
[LOG 20:55:09.484] reseticon.png
[LOG 20:55:09.484] validityindicator.controller
[LOG 20:55:09.484] validtyinidicatorpulse.anim
[LOG 20:55:09.484] broadorbittoggle button.png
[LOG 20:55:09.484] maneuvertoggle button.png
[LOG 20:55:09.484] orbitalgizmoicons.png
[LOG 20:55:09.484] reset orbit button.png
[LOG 20:55:09.484] nodelabel.prefab
[LOG 20:55:09.484] kerbaleva_female_exp.prefab
[LOG 20:55:09.484] kerbaleva_rd_exp.prefab
[LOG 20:55:09.484] missioneditorevabody.mat
[LOG 20:55:09.484] missioneditorevabodyalternate.mat
[LOG 20:55:09.484] missioneditorevabodybrown.mat
[LOG 20:55:09.484] missioneditorevaeyeballs.mat
[LOG 20:55:09.484] missioneditorevaeyes.mat
[LOG 20:55:09.484] missioneditorevahead.mat
[LOG 20:55:09.484] missioneditorevahelmet.mat
[LOG 20:55:09.484] missioneditorevahelmetred.mat
[LOG 20:55:09.484] missioneditorevajetpack.mat
[LOG 20:55:09.484] missioneditorevalight.mat
[LOG 20:55:09.484] kbevafemalevintage.prefab
[LOG 20:55:09.484] kbevavintage.prefab
[LOG 20:55:09.484] evalight.fbx
[LOG 20:55:09.484] kbeva@new.fbx
[LOG 20:55:09.484] kbeva@newfem.fbx
[LOG 20:55:09.484] mevahelmetlight.fbx
[LOG 20:55:09.484] evajetpackscondary.dds
[LOG 20:55:09.484] evajetpacksecondary_n.dds
[LOG 20:55:09.484] evalight.png
[LOG 20:55:09.484] kerbalmainnrm.dds
[LOG 20:55:09.484] me_suit_difuse_blue.dds
[LOG 20:55:09.484] me_suit_difuse_low_polybrown.dds
[LOG 20:55:09.484] me_suit_difuse_orange.dds
[LOG 20:55:09.484] kerbalfemalevintage.prefab
[LOG 20:55:09.484] kerbalmalevintage.prefab
[LOG 20:55:09.484] evahelmet.mat
[LOG 20:55:09.484] evatexture.mat
[LOG 20:55:09.484] kerbalgirl_06_basecolor.mat
[LOG 20:55:09.484] kerbalhead.mat
[LOG 20:55:09.484] lambert6.mat
[LOG 20:55:09.484] mat_eyeballs.mat
[LOG 20:55:09.484] mat_eyes01.mat
[LOG 20:55:09.484] material #4.mat
[LOG 20:55:09.484] mesh_female_kerbalastronaut01_kerbalgirl_export_15_lambert20.mat
[LOG 20:55:09.484] mesh_female_kerbalastronaut01_kerbalgirl_export_15_lambert21.mat
[LOG 20:55:09.484] kbfemale_iva_mecanim.fbx
[LOG 20:55:09.484] kbiva_mecanim.fbx
[LOG 20:55:09.484] kerbalicon_eva_female_vintage.tif
[LOG 20:55:09.484] kerbalicon_eva_vintage.tif
[LOG 20:55:09.484] kerbalicon_suit_female_vintage.tif
[LOG 20:55:09.484] kerbalicon_suit_orange_female_vintage.tif
[LOG 20:55:09.484] kerbalicon_suit_orange_vintage.tif
[LOG 20:55:09.484] kerbalicon_suit_vintage.tif
[LOG 20:55:09.484] gap_celestialbody_camerasetup.prefab
[LOG 20:55:09.484] gap_celestialbody_collisionsphere.prefab
[LOG 20:55:09.484] gap_celestialbody_surfacegizmo_area.prefab
[LOG 20:55:09.484] gap_celestialbody_surfacegizmo_basic.prefab
[LOG 20:55:09.484] gap_celestialbody_surfacegizmo_icon.prefab
[LOG 20:55:09.484] gap_celestialbody_surfacegizmo_vessel.prefab
[LOG 20:55:09.485] gap_celestialbody_surfacegizmo_volume.prefab
[LOG 20:55:09.485] gap_proceduralasteroid.prefab
[LOG 20:55:09.485] gap_proceduralcomet.prefab
[LOG 20:55:09.485] gapbuttonprefab.prefab
[LOG 20:55:09.485] gapkerbal_femaleveteran.prefab
[LOG 20:55:09.485] gapkerbal_femaleveteran_vintage.prefab
[LOG 20:55:09.485] gapkerbal_male_slimsuit.prefab
[LOG 20:55:09.485] gapkerbal_maleveteran.prefab
[LOG 20:55:09.485] gapkerbal_maleveteran_vintage.prefab
[LOG 20:55:09.485] gapscrollablesidebarbutton.prefab
[LOG 20:55:09.485] gapsidebarbutton.prefab
[LOG 20:55:09.485] gaptoggleprefab.prefab
[LOG 20:55:09.485] gaputil_biselector.prefab
[LOG 20:55:09.485] gaputil_celestialbody.prefab
[LOG 20:55:09.485] vesseldisplay_camerasetup.prefab
[LOG 20:55:09.485] desert_airfield.prefab
[LOG 20:55:09.485] desert_groundobjects.prefab
[LOG 20:55:09.485] desert_launch_site.prefab
[LOG 20:55:09.485] larkes.prefab
[LOG 20:55:09.485] floor bottom.mat
[LOG 20:55:09.485] floor top.mat
[LOG 20:55:09.485] legs.mat
[LOG 20:55:09.485] ramp.mat
[LOG 20:55:09.485] stairs grid lights pivot.mat
[LOG 20:55:09.485] supports 1.mat
[LOG 20:55:09.485] supports 2.mat
[LOG 20:55:09.485] tunnels.mat
[LOG 20:55:09.485] floor bottom.dds
[LOG 20:55:09.485] floor top.dds
[LOG 20:55:09.485] floor top_normal.dds
[LOG 20:55:09.485] legs.dds
[LOG 20:55:09.485] ramp.dds
[LOG 20:55:09.485] stairs grid lights pivot.dds
[LOG 20:55:09.485] supports 1.dds
[LOG 20:55:09.486] supports 2.dds
[LOG 20:55:09.486] tunnels.dds
[LOG 20:55:09.486] diffuse.mat
[LOG 20:55:09.486] floor bottom_base_color.mat
[LOG 20:55:09.486] floor top_base_color.mat
[LOG 20:55:09.486] legs_base_color.mat
[LOG 20:55:09.486] ramp_base_color.mat
[LOG 20:55:09.486] stairs grid lights pivot_base_colormodpsd.mat
[LOG 20:55:09.486] stairs_grid_lights_pivot_base_color.mat
[LOG 20:55:09.486] supports 1_base_color.mat
[LOG 20:55:09.486] supports 2_base_color.mat
[LOG 20:55:09.486] tunnels_base_color.mat
[LOG 20:55:09.486] mobilelaunchpad_19.fbx
[LOG 20:55:09.486] pontoons.fbx
[LOG 20:55:09.486] pontoons_diffuse.dds
[LOG 20:55:09.486] ramp_normal.png
[LOG 20:55:09.486] 1001_base_color.mat
[LOG 20:55:09.486] desert groundtransition.mat
[LOG 20:55:09.486] desert groundtransition_highquality.mat
[LOG 20:55:09.486] desert groundtransition_lowquality.mat
[LOG 20:55:09.486] desert groundtransition_mediumquality.mat
[LOG 20:55:09.486] desert groundtransition_ultraquality.mat
[LOG 20:55:09.486] desert runway sand.mat
[LOG 20:55:09.486] desert runway stone.mat
[LOG 20:55:09.486] mobilelaunchpad.prefab
[LOG 20:55:09.486] woomerang_groundobjects.prefab
[LOG 20:55:09.486] woomerang_launch_site.prefab
[LOG 20:55:09.487] Scenes:
[LOG 20:55:09.487] kspMissionEditor.unity
[LOG 20:55:16.282] Assets:
[LOG 20:55:16.282] appanim_missionsapp.prefab
[LOG 20:55:16.282] cascading_body_missionheader.prefab
[LOG 20:55:16.282] cascading_body_missioninfo.prefab
[LOG 20:55:16.282] cascading_body_missionobjective.prefab
[LOG 20:55:16.282] cascading_body_missionsvesselheader.prefab
[LOG 20:55:16.282] cascading_body_missionsvesselitem.prefab
[LOG 20:55:16.282] cascading_body_settingsbutton.prefab
[LOG 20:55:16.282] cascading_body_settingstoggle.prefab
[LOG 20:55:16.282] missionsapp.prefab
[LOG 20:55:16.282] axislimitline.prefab
[LOG 20:55:16.282] controlleraction.prefab
[LOG 20:55:16.282] controlleraxis.prefab
[LOG 20:55:16.282] controllerwindow.prefab
[LOG 20:55:16.283] curvepanelpoint.prefab
[LOG 20:55:16.283] curvepanelpointaction.prefab
[LOG 20:55:16.283] axis_align_ends.png
[LOG 20:55:16.283] axis_clamp_values.png
[LOG 20:55:16.283] axis_copy.png
[LOG 20:55:16.283] axis_flip_horizontal.png
[LOG 20:55:16.283] axis_flip_vertical.png
[LOG 20:55:16.283] axis_move_down-trackrow.png
[LOG 20:55:16.283] axis_move_down.png
[LOG 20:55:16.283] axis_move_up-trackrow.png
[LOG 20:55:16.283] axis_move_up.png
[LOG 20:55:16.283] axis_paste.png
[LOG 20:55:16.283] axis_preset_flat.png
[LOG 20:55:16.283] axis_preset_sawtooth.png
[LOG 20:55:16.283] axis_preset_sine.png
[LOG 20:55:16.283] axis_preset_square.png
[LOG 20:55:16.283] axis_preset_triangle.png
[LOG 20:55:16.283] axis_select_all.png
[LOG 20:55:16.283] background_squared_inset.png
[LOG 20:55:16.283] close.png
[LOG 20:55:16.283] direction_forward.png
[LOG 20:55:16.283] direction_reverse.png
[LOG 20:55:16.283] edit.png
[LOG 20:55:16.283] fieldlimitline.png
[LOG 20:55:16.283] keyframe_add.png
[LOG 20:55:16.283] keyframe_clamp_value.png
[LOG 20:55:16.283] keyframe_delete.png
[LOG 20:55:16.283] keyframe_linear.png
[LOG 20:55:16.283] keyframe_smooth.png
[LOG 20:55:16.283] keyframe_step_backward.png
[LOG 20:55:16.283] keyframe_step_forward.png
[LOG 20:55:16.283] line.png
[LOG 20:55:16.284] line_dashed.png
[LOG 20:55:16.284] loop_pingpong.png
[LOG 20:55:16.284] loop_playonce.png
[LOG 20:55:16.284] loop_repeat.png
[LOG 20:55:16.284] node.png
[LOG 20:55:16.284] node_circle.png
[LOG 20:55:16.284] node_square.png
[LOG 20:55:16.284] pause.png
[LOG 20:55:16.284] play.png
[LOG 20:55:16.284] pointer.png
[LOG 20:55:16.284] remove-axis.png
[LOG 20:55:16.284] remove_key.png
[LOG 20:55:16.284] resize_icon.png
[LOG 20:55:16.284] sequence_resize_button_states.png
[LOG 20:55:16.284] sequence_resize_maintain.png
[LOG 20:55:16.284] sequence_resize_scale.png
[LOG 20:55:16.284] sequence_speed.png
[LOG 20:55:16.284] tracking_editor_button_states.png
[LOG 20:55:16.284] femalefuturepreview.prefab
[LOG 20:55:16.284] malefuturepreview.prefab
[LOG 20:55:16.284] kbfemale@controlpanel_a.fbx
[LOG 20:55:16.284] kbfemale@controlpanel_b.fbx
[LOG 20:55:16.284] kbfemale@controlpanel_c.fbx
[LOG 20:55:16.284] kbfemale@rocksample.fbx
[LOG 20:55:16.284] hammerfemale.fbx
[LOG 20:55:16.284] hammermale.fbx
[LOG 20:55:16.284] kbeva@controlpanel_a.fbx
[LOG 20:55:16.284] kbeva@controlpanel_b.fbx
[LOG 20:55:16.284] kbeva@controlpanel_c.fbx
[LOG 20:55:16.284] kbeva@rocksample.fbx
[LOG 20:55:16.284] kerbaleva_female_future.prefab
[LOG 20:55:16.284] kerbaleva_rd_future.prefab
[LOG 20:55:16.284] futureevabody.mat
[LOG 20:55:16.284] futureevabodyalternate.mat
[LOG 20:55:16.284] futureevajetpack.mat
[LOG 20:55:16.284] futureevalight.mat
[LOG 20:55:16.284] futurehelmet.mat
[LOG 20:55:16.284] kbevafemalefuture.prefab
[LOG 20:55:16.284] kbevafuture.prefab
[LOG 20:55:16.284] kbeva@new.fbx
[LOG 20:55:16.284] kbeva@newfem.fbx
[LOG 20:55:16.284] mevahelmetlight.fbx
[LOG 20:55:16.284] serenityfemaleeva.fbx
[LOG 20:55:16.284] serenityflares.fbx
[LOG 20:55:16.284] serenitymaleeva.fbx
[LOG 20:55:16.284] evajetpacknrm.dds
[LOG 20:55:16.284] futuresuit_diffuse_orange.dds
[LOG 20:55:16.284] futuresuit_diffuse_whiteblue.dds
[LOG 20:55:16.284] futuresuit_diffuse_whiteorange.dds
[LOG 20:55:16.284] futuresuit_emissive.dds
[LOG 20:55:16.284] futuresuit_evalight.png
[LOG 20:55:16.284] futuresuitmainnrm.dds
[LOG 20:55:16.284] ksp_ig_jetpack_diffuse.jpg
[LOG 20:55:16.284] kerbalfemalefuture.prefab
[LOG 20:55:16.284] kerbalmalefuture.prefab
[LOG 20:55:16.284] futuresuit_diffuse.mat
[LOG 20:55:16.284] serenityfemaleiva.fbx
[LOG 20:55:16.284] serenitymaleiva.fbx
[LOG 20:55:16.284] kerbalicon_eva_female_future.tif
[LOG 20:55:16.284] kerbalicon_eva_future.tif
[LOG 20:55:16.284] kerbalicon_suit_female_future.tif
[LOG 20:55:16.284] kerbalicon_suit_future.tif
[LOG 20:55:16.285] kerbalicon_suit_orange_female_future.tif
[LOG 20:55:16.285] kerbalicon_suit_orange_future.tif
[LOG 20:55:16.285] bottom_emissor.mat
[LOG 20:55:16.285] burst_emissor.mat
[LOG 20:55:16.285] burstprojectiles_emissor.mat
[LOG 20:55:16.285] constantburst_emissor.mat
[LOG 20:55:16.285] snowflakes_emissor.mat
[LOG 20:55:16.285] vapor_emissor.mat
[LOG 20:55:16.285] base_0.mat
[LOG 20:55:16.285] base_1.mat
[LOG 20:55:16.285] base_2.mat
[LOG 20:55:16.285] base_3_1.mat
[LOG 20:55:16.285] base_3_2.mat
[LOG 20:55:16.285] vapor.mat
[LOG 20:55:16.285] burst.png
[LOG 20:55:16.285] cloud2.png
[LOG 20:55:16.285] v1.png
[LOG 20:55:16.285] v2.png
[LOG 20:55:16.285] v3.png
[LOG 20:55:16.285] v5.png
[LOG 20:55:16.285] gapkerbal_female_future.prefab
[LOG 20:55:16.285] gapkerbal_male_future.prefab
[LOG 20:55:16.285] hammerfemale.prefab
[LOG 20:55:16.285] hammermale.prefab
[LOG 20:55:16.285] bopgravelpile.prefab
[LOG 20:55:16.285] bopgravelpile.fbx
[LOG 20:55:16.285] bop_gravel pile_d.mat
[LOG 20:55:16.285] lambert1.mat
[LOG 20:55:16.285] bop_gravel pile_d.png
[LOG 20:55:16.285] bop_gravel pile_d.tga
[LOG 20:55:16.285] bop_gravel pile_n.png
[LOG 20:55:16.285] bop_gravel pile_s.png
[LOG 20:55:16.285] drescrater.prefab
[LOG 20:55:16.285] dresmeteorite.prefab
[LOG 20:55:16.285] drescrater.fbx
[LOG 20:55:16.285] dresmeteorite.fbx
[LOG 20:55:16.285] dres_crater_d.mat
[LOG 20:55:16.285] dres_meteorite_d.mat
[LOG 20:55:16.285] lambert1.mat
[LOG 20:55:16.285] dres_crater_d.tga
[LOG 20:55:16.285] dres_crater_n.png
[LOG 20:55:16.285] dres_meteorite_d.tga
[LOG 20:55:16.285] dres_meteorite_n.png
[LOG 20:55:16.286] dunablueberries.prefab
[LOG 20:55:16.286] dunadune.prefab
[LOG 20:55:16.286] dunameteorite.prefab
[LOG 20:55:16.286] dunastone.prefab
[LOG 20:55:16.286] dunaasteroid.fbx
[LOG 20:55:16.286] dunablueberries.fbx
[LOG 20:55:16.286] dunadune.fbx
[LOG 20:55:16.286] dunastone.fbx
[LOG 20:55:16.286] duna_asteroid_d.mat
[LOG 20:55:16.286] duna_dune_d.mat
[LOG 20:55:16.286] duna_stone_d.mat
[LOG 20:55:16.286] dune_blueberries_d.mat
[LOG 20:55:16.286] lambert1.mat
[LOG 20:55:16.286] duna_asteroid_d.tga
[LOG 20:55:16.286] duna_asteroid_n.png
[LOG 20:55:16.286] duna_dune_d.tga
[LOG 20:55:16.286] duna_dune_n.tga
[LOG 20:55:16.286] duna_stone_d.tga
[LOG 20:55:16.286] duna_stone_n.png
[LOG 20:55:16.286] dune_blueberries_d.tga
[LOG 20:55:16.286] dune_blueberries_n.png
[LOG 20:55:16.286] eelooberg.prefab
[LOG 20:55:16.286] eeloobrownboulder.prefab
[LOG 20:55:16.286] eelooicechunk.prefab
[LOG 20:55:16.286] eelooberg.fbx
[LOG 20:55:16.286] eelooboulder.fbx
[LOG 20:55:16.286] eelooicechunk.fbx
[LOG 20:55:16.286] eeloo_alien_glacier_d.mat
[LOG 20:55:16.286] eeloo_brown_ boulder_d.mat
[LOG 20:55:16.286] eeloo_ice chunk_d.mat
[LOG 20:55:16.286] lambert1.mat
[LOG 20:55:16.286] eeloo_alien_glacier_d.tga
[LOG 20:55:16.286] eeloo_alien_glacier_e.tga
[LOG 20:55:16.286] eeloo_alien_glacier_n.png
[LOG 20:55:16.286] eeloo_brown_ boulder_d.tga
[LOG 20:55:16.286] eeloo_brown_ boulder_n.png
[LOG 20:55:16.286] eeloo_ice chunk_d.tga
[LOG 20:55:16.286] eeloo_ice chunk_e.tga
[LOG 20:55:16.286] eeloo_ice chunk_n.png
[LOG 20:55:16.286] eeloo_ice chunk_s.tga
[LOG 20:55:16.286] evebasaltformation.prefab
[LOG 20:55:16.287] evepancakedome.prefab
[LOG 20:55:16.287] evevolcanicrock.prefab
[LOG 20:55:16.287] evebasaltformation.fbx
[LOG 20:55:16.287] evepancakeformation.fbx
[LOG 20:55:16.287] evevolcanicrock.fbx
[LOG 20:55:16.287] eve basalt formation_d.mat
[LOG 20:55:16.287] eve pancake formation_d.mat
[LOG 20:55:16.287] eve volcanic rock_d.mat
[LOG 20:55:16.287] lambert1.mat
[LOG 20:55:16.287] eve basalt formation_d.tga
[LOG 20:55:16.287] eve basalt formation_n.tga
[LOG 20:55:16.287] eve pancake formation_d.tga
[LOG 20:55:16.287] eve pancake formation_e.png
[LOG 20:55:16.287] eve pancake formation_n.png
[LOG 20:55:16.287] eve volcanic rock_d.tga
[LOG 20:55:16.287] eve volcanic rock_n.png
[LOG 20:55:16.287] gillyridgeline.fbx
[LOG 20:55:16.287] gilly ridegeline_d.mat
[LOG 20:55:16.287] lambert1.mat
[LOG 20:55:16.287] gillyridgeline.prefab
[LOG 20:55:16.287] gilly ridegeline_d.tga
[LOG 20:55:16.287] gilly ridegeline_n.png
[LOG 20:55:16.287] dunaejecta.prefab
[LOG 20:55:16.287] ikedunaejecta.fbx
[LOG 20:55:16.287] ike_duna_ejecta_mat.mat
[LOG 20:55:16.287] ike duna ejecta_d.tga
[LOG 20:55:16.287] ike duna ejecta_n.png
[LOG 20:55:16.287] kerbinbaobabtree.fbx
[LOG 20:55:16.287] kerbinquartz.fbx
[LOG 20:55:16.287] baobaptree.mat
[LOG 20:55:16.287] kerbin_baobab_tree_d.mat
[LOG 20:55:16.287] kerbin_boabob_tree_d.mat
[LOG 20:55:16.287] kerbin_giant_quartz_d.mat
[LOG 20:55:16.287] lambert1.mat
[LOG 20:55:16.287] lambert2.mat
[LOG 20:55:16.287] kerbinbaobabtree.prefab
[LOG 20:55:16.287] kerbinquartz.prefab
[LOG 20:55:16.287] kerbin_baobab_tree_alpha.png
[LOG 20:55:16.287] kerbin_baobab_tree_d.tga
[LOG 20:55:16.287] kerbin_baobab_tree_n.png
[LOG 20:55:16.287] kerbin_giant_quartz_d.tga
[LOG 20:55:16.287] kerbin_giant_quartz_e.tga
[LOG 20:55:16.287] kerbin_giant_quartz_n.tga
[LOG 20:55:16.288] kerbin_giant_quartz_s.tga
[LOG 20:55:16.288] laytheboulder.fbx
[LOG 20:55:16.288] laythegeyser.fbx
[LOG 20:55:16.288] laythestone.fbx
[LOG 20:55:16.288] lambert1.mat
[LOG 20:55:16.288] laythe_boulder_d.mat
[LOG 20:55:16.288] laythe_geyser_d.mat
[LOG 20:55:16.288] laythe_stone_d.mat
[LOG 20:55:16.288] laytheboulder.prefab
[LOG 20:55:16.288] laythegeyser.prefab
[LOG 20:55:16.288] laythestone.prefab
[LOG 20:55:16.288] laythe_boulder_d.tga
[LOG 20:55:16.288] laythe_boulder_n.png
[LOG 20:55:16.288] laythe_geyser_d.tga
[LOG 20:55:16.288] laythe_geyser_n.png
[LOG 20:55:16.288] laythe_stone_d.tga
[LOG 20:55:16.288] laythe_stone_n.png
[LOG 20:55:16.288] greensandstone.fbx
[LOG 20:55:16.288] lambert1.mat
[LOG 20:55:16.288] minmus_green_sandstone_d.mat
[LOG 20:55:16.288] minmus_olivine_formation_d.mat
[LOG 20:55:16.288] minmusolivineformation.fbx
[LOG 20:55:16.288] minmus_greensandstone.prefab
[LOG 20:55:16.288] minmus_olivineformation.prefab
[LOG 20:55:16.288] minmus_green_sandstone_d.tga
[LOG 20:55:16.288] minmus_green_sandstone_n.png
[LOG 20:55:16.288] minmus_olivine_formation_d.tga
[LOG 20:55:16.288] minmus_olivine_formation_n.png
[LOG 20:55:16.288] lambert1.mat
[LOG 20:55:16.288] moho wrinkleridge_d.mat
[LOG 20:55:16.288] moho_stone_d.mat
[LOG 20:55:16.288] mohostone.fbx
[LOG 20:55:16.288] mohowrinkleridge.fbx
[LOG 20:55:16.288] mohostone.prefab
[LOG 20:55:16.288] mohowrinkleridge.prefab
[LOG 20:55:16.288] moho wrinkleridge_d.tga
[LOG 20:55:16.288] moho wrinkleridge_e.png
[LOG 20:55:16.288] moho wrinkleridge_n.png
[LOG 20:55:16.288] moho_stone_d.tga
[LOG 20:55:16.288] moho_stone_n.png
[LOG 20:55:16.288] lambert1.mat
[LOG 20:55:16.288] mun_crater_d.mat
[LOG 20:55:16.288] mun_large_crater_d.mat
[LOG 20:55:16.288] mun_stone_d.mat
[LOG 20:55:16.288] muncrater.fbx
[LOG 20:55:16.288] munlargecrater.fbx
[LOG 20:55:16.288] munstone.fbx
[LOG 20:55:16.288] muncrater.prefab
[LOG 20:55:16.288] munlargecrater.prefab
[LOG 20:55:16.288] munstone.prefab
[LOG 20:55:16.288] mun_crater_d.tga
[LOG 20:55:16.288] mun_crater_n.png
[LOG 20:55:16.288] mun_large_crater_d.tga
[LOG 20:55:16.288] mun_large_crater_n.png
[LOG 20:55:16.288] mun_stone_d.tga
[LOG 20:55:16.288] mun_stone_n.png
[LOG 20:55:16.288] lambert1.mat
[LOG 20:55:16.288] pol_yellowstone_d.mat
[LOG 20:55:16.288] polyellowstone.fbx
[LOG 20:55:16.288] pol_yellowstones.prefab
[LOG 20:55:16.288] pol_yellowstone_d.png
[LOG 20:55:16.288] pol_yellowstone_n.png
[LOG 20:55:16.290] lambert1.mat
[LOG 20:55:16.290] tylo_checkerboard_d.mat
[LOG 20:55:16.290] tylo_dark boulder_d.mat
[LOG 20:55:16.290] tylo_light_d.mat
[LOG 20:55:16.290] tyloboulder.fbx
[LOG 20:55:16.290] tylocheckerboard.fbx
[LOG 20:55:16.290] tylolightstone.fbx
[LOG 20:55:16.290] tylo_ checkerboard_n.png
[LOG 20:55:16.290] tylo_checkerboard_d.png
[LOG 20:55:16.290] tylo_dark boulder_d.tga
[LOG 20:55:16.290] tylo_dark boulder_n.png
[LOG 20:55:16.290] tylo_light_d.tga
[LOG 20:55:16.290] tylo_light_n.png
[LOG 20:55:16.290] tylocheckerboard.prefab
[LOG 20:55:16.290] tylodarkboulder.prefab
[LOG 20:55:16.290] tylolightstone.prefab
[LOG 20:55:16.290] cryovolcano_d.mat
[LOG 20:55:16.290] lambert1.mat
[LOG 20:55:16.290] vallicechunk_d.mat
[LOG 20:55:16.290] vallstone_d.mat
[LOG 20:55:16.290] vall_cryovolcano.fbx
[LOG 20:55:16.290] vall_icechunk.fbx
[LOG 20:55:16.290] vall_stone.fbx
[LOG 20:55:16.290] cryovolcano_d.tga
[LOG 20:55:16.290] cryovolcano_e.png
[LOG 20:55:16.290] cryovolcano_n.jpg
[LOG 20:55:16.290] cryovolcano_s.jpg
[LOG 20:55:16.290] vallicechunk_d.jpg
[LOG 20:55:16.290] vallicechunk_e.jpg
[LOG 20:55:16.290] vallicechunk_n.jpg
[LOG 20:55:16.290] vallicechunk_s.jpg
[LOG 20:55:16.290] vallstone_d.jpg
[LOG 20:55:16.290] vallstone_e.jpg
[LOG 20:55:16.290] vallstone_n.jpg
[LOG 20:55:16.290] vallstone_s.jpg
[LOG 20:55:16.290] vallcryovolcano.prefab
[LOG 20:55:16.290] vallicechunk.prefab
[LOG 20:55:16.290] vallstone.prefab
[LOG 20:55:16.290] vfx_spark.mat
[LOG 20:55:16.290] vfx_welding_flare.mat
[LOG 20:55:16.290] cometdustmaterial.mat
[LOG 20:55:16.291] cometgeysermat.mat
[LOG 20:55:16.298] GetTypesOfModulesImplementingInterface2: Found 69 types with IPartModuleAdjuster interface in 8 assemblies.
[LOG 20:55:16.304] GetSubclassesOfParentClass: Found 0 types with ModuleActiveRadiator parent in 8 assemblies.
[LOG 20:55:16.310] GetSubclassesOfParentClass: Found 0 types with ModuleAlternator parent in 8 assemblies.
[LOG 20:55:16.316] GetSubclassesOfParentClass: Found 1 types with ModuleControlSurface parent in 8 assemblies.
[LOG 20:55:16.321] GetSubclassesOfParentClass: Found 0 types with ModuleDataTransmitter parent in 8 assemblies.
[LOG 20:55:16.326] GetSubclassesOfParentClass: Found 0 types with ModuleDeployableSolarPanel parent in 8 assemblies.
[LOG 20:55:16.331] GetSubclassesOfParentClass: Found 1 types with ModuleEngines parent in 8 assemblies.
[LOG 20:55:16.336] GetSubclassesOfParentClass: Found 0 types with ModuleGenerator parent in 8 assemblies.
[LOG 20:55:16.341] GetSubclassesOfParentClass: Found 0 types with ModuleGimbal parent in 8 assemblies.
[LOG 20:55:16.345] GetSubclassesOfParentClass: Found 2 types with ModuleLiftingSurface parent in 8 assemblies.
[LOG 20:55:16.350] GetSubclassesOfParentClass: Found 0 types with ModuleLight parent in 8 assemblies.
[LOG 20:55:16.355] GetSubclassesOfParentClass: Found 0 types with ModuleReactionWheel parent in 8 assemblies.
[LOG 20:55:16.359] GetSubclassesOfParentClass: Found 0 types with ModuleSAS parent in 8 assemblies.
[LOG 20:55:16.364] GetSubclassesOfParentClass: Found 0 types with ModuleWheelBrakes parent in 8 assemblies.
[LOG 20:55:16.369] GetSubclassesOfParentClass: Found 1 types with ModuleWheelMotor parent in 8 assemblies.
[LOG 20:55:16.369] GetSubclassesOfParentClass: Using cached results for ModuleActiveRadiator
[LOG 20:55:16.373] GetSubclassesOfParentClass: Found 0 types with ModuleAnchoredDecoupler parent in 8 assemblies.
[LOG 20:55:16.378] GetSubclassesOfParentClass: Found 0 types with ModuleCargoBay parent in 8 assemblies.
[LOG 20:55:16.378] GetSubclassesOfParentClass: Using cached results for ModuleControlSurface
[LOG 20:55:16.378] GetSubclassesOfParentClass: Using cached results for ModuleDataTransmitter
[LOG 20:55:16.383] GetSubclassesOfParentClass: Found 0 types with ModuleDecouple parent in 8 assemblies.
[LOG 20:55:16.388] GetSubclassesOfParentClass: Found 4 types with ModuleDeployablePart parent in 8 assemblies.
[LOG 20:55:16.394] GetSubclassesOfParentClass: Found 0 types with ModuleDockingNode parent in 8 assemblies.
[LOG 20:55:16.395] GetSubclassesOfParentClass: Using cached results for ModuleEngines
[LOG 20:55:16.400] GetSubclassesOfParentClass: Found 0 types with CModuleFuelLine parent in 8 assemblies.
[LOG 20:55:16.405] GetSubclassesOfParentClass: Found 0 types with ModuleGPS parent in 8 assemblies.
[LOG 20:55:16.410] GetSubclassesOfParentClass: Found 0 types with ModuleGrappleNode parent in 8 assemblies.
[LOG 20:55:16.410] GetSubclassesOfParentClass: Using cached results for ModuleGrappleNode
[LOG 20:55:16.415] GetSubclassesOfParentClass: Found 0 types with ModuleKerbNetAccess parent in 8 assemblies.
[LOG 20:55:16.415] GetSubclassesOfParentClass: Using cached results for ModuleLight
[LOG 20:55:16.415] GetSubclassesOfParentClass: Using cached results for ModuleLight
[LOG 20:55:16.419] GetSubclassesOfParentClass: Found 0 types with ModuleProbeControlPoint parent in 8 assemblies.
[LOG 20:55:16.423] GetSubclassesOfParentClass: Found 1 types with ModuleRCS parent in 8 assemblies.
[LOG 20:55:16.423] GetSubclassesOfParentClass: Using cached results for ModuleRCS
[LOG 20:55:16.423] GetSubclassesOfParentClass: Using cached results for ModuleReactionWheel
[LOG 20:55:16.424] GetSubclassesOfParentClass: Using cached results for ModuleReactionWheel
[LOG 20:55:16.428] GetSubclassesOfParentClass: Found 0 types with ModuleResourceIntake parent in 8 assemblies.
[LOG 20:55:16.433] GetSubclassesOfParentClass: Found 0 types with ModuleScienceExperiment parent in 8 assemblies.
[LOG 20:55:16.437] GetSubclassesOfParentClass: Found 0 types with ModuleToggleCrossfeed parent in 8 assemblies.
[LOG 20:55:16.441] GetSubclassesOfParentClass: Found 0 types with ModuleWheelDeployment parent in 8 assemblies.
[LOG 20:55:16.457] ExpansionsLoader: Expansions loaded in 6.983s
[LOG 20:55:16.457] Loading Systems: Elapsed time is 39.96988s
[LOG 20:55:19.763] [AddonLoader]: Instantiating addon 'KSPCFFastLoaderPSystemSetup' from assembly 'KSPCommunityFixes'
[LOG 20:55:20.025] [Agent]: Found 19 agent mentality types
[LOG 20:55:20.026] [AgentList]: 31 agents parsed and loaded.
[LOG 20:55:20.057] [UIMasterController]: HideUI
[LOG 20:55:20.129] [CelestialBody]: Kerbin's solar day length is 1d, 0h, 0m long. sidereal day length is 5h, 59m, 9s long
[LOG 20:55:24.550] [UIMasterController]: HideUI
[LOG 20:55:24.555] [HighLogic]: =========================== Scene Change : From LOADING to MAINMENU =====================
[LOG 20:55:25.016] [AddonLoader]: Instantiating addon 'ContractDefs' from assembly 'KSP'
[LOG 20:55:25.033] [AddonLoader]: Instantiating addon 'KSPCFFastLoaderReport' from assembly 'KSPCommunityFixes'
[LOG 20:55:25.051] [UIMasterController]: ShowUI
[LOG 20:55:25.233] [GameParameters]: Loaded custom parameter class CommNetParams.
[LOG 20:55:25.234] [GameParameters]: Loaded custom parameter class MissionParamsGeneral.
[LOG 20:55:25.234] [GameParameters]: Loaded custom parameter class MissionParamsFacilities.
[LOG 20:55:25.234] [GameParameters]: Loaded custom parameter class MissionParamsExtras.
[LOG 20:55:25.234] [GameParameters]: Loaded custom parameter class AdvancedParams.
[LOG 20:55:25.249] [ReflectionUtil]: Found 40 types with UpgradeModule attribute in 8 assemblies.
[LOG 20:55:25.260] [KSPCF:FastLoader] Intel(R) Core(TM) Ultra 7 155H | 32265 MB | Intel(R) Arc(TM) Pro Graphics (18391 MB)
Total loading time to main menu : 52.212s
- Configs and assemblies loaded in 10.680s
- Configs reload done in 1.034s
- Configs translated in 0.009s
- 2332 assets loaded in 15.347s :
  - 86 audio assets (79.689 MiB) in 0.456s, 174.593 MiB/s
  - 1619 texture assets (1.293 GiB) in 11.304s, 117.141 MiB/s
  - 626 model assets (64.41 MiB) in 3.585s, 17.966 MiB/s
- Asset bundles loaded in 0.415s
- GameDatabase (configs, resources, traits, upgrades...) loaded in 0.046s
- Built-in parts copied in 0.020s
- Part and internal configs extracted in 0.001s
- 483 parts and 1927 modules compiled in 6.858s
  - 4.0 modules/part, 14.199 ms/part, 3.559 ms/module
  - PartIcon compilation : 0.808s
- 27 internal spaces and 56 props compiled in 0.149s
- 2 DLC (Making History, Breaking Ground) loaded in 7.034s
- Planetary system loaded in 5.708s
[LOG 20:55:25.260] Texture queries : 1709, slow path : 1 (0.06 %)
[LOG 20:55:25.264] [ModuleManager] Total loading Time = 41.714s
[LOG 20:55:25.292] [ScenarioTypes]: List Created 23 scenario types loaded from 8 loaded assemblies.
[WRN 20:55:25.299] File 'C:/Users/lhervier/Perso/ksp-dev/KSP_x64_Data/../Missions/MissionScoreInfo.cfg' does not exist
[LOG 20:55:25.301] [ApplicationLauncher] Awake False
[LOG 20:55:25.301] [ApplicationLauncher] SpawnSimpleLayout: VerticalTopDown
[LOG 20:55:25.311] [UiApp] Awake: 
[LOG 20:55:25.312] [ApplicationLauncher] OnSceneLoadedGUIReady: scene MAINMENU ShouldBeVisible() True ShouldBeOnTop() True iIsPositionedAtTop True
[LOG 20:55:25.330] [UIApp] Adding  to Application Launcher
[LOG 20:55:25.333] [ApplicationLauncher] SetHidden: 
[LOG 20:55:25.338] [MessageSystem] OnAppInitialized
[LOG 20:55:25.339] [MessageSystem] Reposition 0.0381968 6280
[LOG 20:55:40.050] [KSPUpgradePipeline]: claude (1.12.5) is up to date.
[LOG 20:55:40.057] [ExperienceSystem]: Found 0 trait types
[LOG 20:55:40.062] [ExperienceSystem]: Found 20 effect types
[LOG 20:55:40.086] [ScenarioTypes]: List Created 23 scenario types loaded from 8 loaded assemblies.
[LOG 20:55:40.115] Game State Saved to saves/claude/persistent
[LOG 20:55:40.128] [MessageSystem] Load Messages
[LOG 20:55:40.131] [UIMasterController]: HideUI
[LOG 20:55:40.132] [HighLogic]: =========================== Scene Change : From MAINMENU to SPACECENTER =====================
[LOG 20:55:40.392] [AddonLoader]: Instantiating addon 'CustomConfigsManager' from assembly 'ModuleManager'
[LOG 20:55:42.287] [UIMasterController]: ShowUI
[LOG 20:55:42.500] [SceneLoadSpeedBoost] Save loaded from disk in 2ms
[LOG 20:55:42.510] GetSubclassesOfParentClass: Found 7 types with AlarmTypeBase parent in 8 assemblies.
[LOG 20:55:42.516] Loading Depletion Nodes
[LOG 20:55:42.516] DepNodeCount:  0
[LOG 20:55:42.516] Loading Biome Nodes
[LOG 20:55:42.516] BiomeNodeCount:  0
[LOG 20:55:42.516] Loading Planet Nodes
[LOG 20:55:42.516] PlanetNodeCount:  0
[LOG 20:55:42.527] [ScenarioDestructibles]: Loading... 0 objects registered
[LOG 20:55:42.631] [UiApp] Awake: KSPedia
[LOG 20:55:42.631] [UiApp] Awake: Missions App
[LOG 20:55:42.631] [UiApp] Awake: AlarmClock
[LOG 20:55:42.632] [GenericAppFrame] Reposition 0 9876
[LOG 20:55:42.632] [ApplicationLauncher] OnSceneLoadedGUIReady: scene SPACECENTER ShouldBeVisible() True ShouldBeOnTop() False iIsPositionedAtTop True
[LOG 20:55:42.632] [ApplicationLauncher] SpawnSimpleLayout: HorizontalRightLeft
[LOG 20:55:42.634] [ApplicationLauncher] SetVisible: 
[LOG 20:55:42.707] [UIApp] OnDestroy: Contracts
[LOG 20:55:43.268] [MessageSystem] Reposition 0.02 9877
[LOG 20:55:43.268] [GenericAppFrame] Reposition 0.02 9877
[LOG 20:55:43.268] [GenericAppFrame] Reposition 0.02 9877
[LOG 20:55:43.369] [UIApp] Adding AlarmClock to Application Launcher
[LOG 20:55:43.371] [UIApp] Adding Missions App to Application Launcher
[LOG 20:55:43.408] [GenericAppFrame] Reposition 0.1299869 9883
[LOG 20:55:43.411] [MissionsApp] OnAppStarted(): id: -382878
[LOG 20:55:43.411] MissionsApp does not execute in this game mode, destroying this instance
[LOG 20:55:43.411] [UIApp] OnDestroy: Missions App
[LOG 20:55:43.421] [UIApp] Adding KSPedia to Application Launcher
[LOG 20:55:51.182] Game Paused!
[LOG 20:55:51.182] [UIMasterController]: ShowUI
[LOG 20:55:53.219] [SceneLoadSpeedBoost] Save loaded from disk in 12ms
[LOG 20:55:57.971] [KSPUpgradePipeline]: claude (1.12.5) is up to date.
[LOG 20:55:57.979] [ScenarioTypes]: List Created 23 scenario types loaded from 8 loaded assemblies.
[LOG 20:55:57.979] [MessageSystem] Load Messages
[LOG 20:55:57.982] [UIMasterController]: HideUI
[LOG 20:55:57.989] [HighLogic]: =========================== Scene Change : From SPACECENTER to FLIGHT =====================
[LOG 20:55:57.998] Game Unpaused!
[LOG 20:55:58.232] [UIApp] OnDestroy: KSPedia
[LOG 20:55:58.232] [UIApp] OnDestroy: AlarmClock
[LOG 20:55:58.236] [KSPCF:MemoryLeaks] Removed a onPlanetariumTargetChange callback owned by a destroyed Assembly-CSharp:CommNetVessel instance
[LOG 20:55:58.240] [KSPCF:MemoryLeaks] Leaving scene "SpaceCenter", cleaned 5 memory leaks in 0.006s. GameEvents callbacks : 471. Allocated memory : 656.434 MiB (managed heap), 2.199 GiB (unmanaged)
[LOG 20:55:58.246] UICanvasPrefabSpawner FlightUI spawning Flight
[LOG 20:55:58.272] UICanvasPrefabSpawner FlightUI spawning VesselLabels
[LOG 20:55:58.272] [UiApp] Awake: ResourceDisplay
[LOG 20:55:58.324] [AddonLoader]: Instantiating addon 'AeroGUI' from assembly 'KSP'
[LOG 20:55:58.331] [AddonLoader]: Instantiating addon 'TerrainPrecisionFixDiag2Mod' from assembly 'TerrainPrecisionFixDiag2Mod'
[LOG 20:55:58.332] [PlanetariumCamera]: Focus: Kerbin
[LOG 20:55:58.334] [UIMasterController]: HideUI
[LOG 20:55:58.542] [UIMasterController]: HideUI
[LOG 20:55:58.542] ------------------- initializing flight mode... ------------------
[LOG 20:55:58.543] GetSubclassesOfParentClass: Using cached results for AlarmTypeBase
[LOG 20:55:58.544] Loading Depletion Nodes
[LOG 20:55:58.544] DepNodeCount:  0
[LOG 20:55:58.544] Loading Biome Nodes
[LOG 20:55:58.544] BiomeNodeCount:  0
[LOG 20:55:58.544] Loading Planet Nodes
[LOG 20:55:58.544] PlanetNodeCount:  0
[LOG 20:55:58.545] [ScenarioDestructibles]: Loading... 0 objects registered
[LOG 20:55:58.570] Target vessel index: 7  vessel count: 11
[LOG 20:55:58.570] [FLIGHT GLOBALS]: Switching To Vessel Diag3-Rover ---------------------- 
[LOG 20:55:58.571] setting new dominant body: Kerbin
FlightGlobals.mainBody: Kerbin
[LOG 20:55:58.572] Reference Frame: Rotating
[LOG 20:55:58.604] [Diag3-Rover]: landed - waiting for ground contact to resume physics...
[LOG 20:55:58.613] Camera Mode: AUTO
[LOG 20:56:00.322] all systems started
[LOG 20:56:00.519] [Vaisseau sans nom]: landed - waiting for ground contact to resume physics...
[LOG 20:56:00.578] [UiApp] Awake: CurrencyWidgetsApp
[LOG 20:56:00.578] [UiApp] Awake: ResourceDisplay
[LOG 20:56:00.579] [UiApp] Awake: KSPedia
[LOG 20:56:00.579] [UiApp] Awake: Missions App
[LOG 20:56:00.579] [UiApp] Awake: DeltaVApp
[LOG 20:56:00.579] [UiApp] Awake: ActionGroupsApp
[LOG 20:56:00.579] [UiApp] Awake: Construction
[LOG 20:56:00.579] [UiApp] Awake: Cargo
[LOG 20:56:00.579] [UiApp] Awake: AlarmClock
[LOG 20:56:00.579] [UiApp] Awake: ManeuverTool
[LOG 20:56:00.579] [ApplicationLauncher] OnSceneLoadedGUIReady: scene FLIGHT ShouldBeVisible() True ShouldBeOnTop() True iIsPositionedAtTop False
[LOG 20:56:00.579] [ApplicationLauncher] SpawnSimpleLayout: VerticalTopDown
[LOG 20:56:00.581] [KnowledgeBase] OnAppLauncherReady 10940
[LOG 20:56:00.593] [UIApp] OnDestroy: Contracts
[LOG 20:56:00.626] [FlightIntegrator]: Reloaded drag cube for zeroed cube root part trussPiece3x (Diag3-Rover) on vessel Diag3-Rover
[LOG 20:56:00.641] [MessageSystem] Reposition 0.02 10941
[LOG 20:56:00.641] [GenericAppFrame] Reposition 0.02 10941
[LOG 20:56:00.641] [GenericAppFrame] Reposition 0.02 10941
[LOG 20:56:00.719] [FlightIntegrator]: Reloaded drag cube for zeroed cube root part fuelTankSmallFlat (Vaisseau sans nom) on vessel Vaisseau sans nom
[LOG 20:56:00.724] [PlanetariumCamera]: Focus: Diag3-Rover
[LOG 20:56:00.742] [UIApp] Adding ResourceDisplay to Application Launcher
[LOG 20:56:00.743] [UIApp] Adding ResourceDisplay to Application Launcher
[LOG 20:56:00.752] [ResourceDisplay] OnAppStarted(): id: -406854
[LOG 20:56:00.752] [GenericAppFrame] Reposition 0.125971 10945
[LOG 20:56:00.753] [ResourceDisplay] OnAppStarted(): id: 264296
[LOG 20:56:00.753] ResourceDisplay already exist, destroying this instance
[LOG 20:56:00.753] [UIApp] OnDestroy: ResourceDisplay
[LOG 20:56:00.767] [UIApp] Adding AlarmClock to Application Launcher
[LOG 20:56:00.768] [UIApp] Adding ActionGroupsApp to Application Launcher
[LOG 20:56:00.769] [UIApp] Adding Missions App to Application Launcher
[LOG 20:56:00.770] CURRENCY WIDGET False False False
[LOG 20:56:00.772] [UIApp] OnDestroy: CurrencyWidgetsApp
[LOG 20:56:00.786] [GenericAppFrame] Reposition 0.1514836 10947
[LOG 20:56:00.789] [ActionGroupsApp] OnAppStarted(): id: -406878
[LOG 20:56:00.790] [GenericAppFrame] Reposition 0.1514836 10947
[LOG 20:56:00.791] [UIApp] Adding DeltaVApp to Application Launcher
[LOG 20:56:00.791] [MissionsApp] OnAppStarted(): id: -406866
[LOG 20:56:00.793] MissionsApp does not execute in this game mode, destroying this instance
[LOG 20:56:00.793] [UIApp] OnDestroy: Missions App
[LOG 20:56:00.803] [GenericAppFrame] Reposition 0.1745075 10948
[LOG 20:56:00.813] [UIApp] Adding Cargo to Application Launcher
[LOG 20:56:00.813] [UIApp] Adding Construction to Application Launcher
[LOG 20:56:00.815] [UIApp] Adding KSPedia to Application Launcher
[WRN 20:56:00.823] HighlightingSystem : Framebuffer depth data is not available and can't be used to occlude highlighting. Highlighting occluders enabled.
[LOG 20:56:00.849] [UIApp] Adding ManeuverTool to Application Launcher
[LOG 20:56:00.852] [ApplicationLauncher] SetHidden: 
[LOG 20:56:00.879] [GenericAppFrame] Reposition 0.2490147 10951
[LOG 20:56:00.887] [ManeuverTool]: Found 1 transfer types
[LOG 20:56:00.937] Flight State Captured
[LOG 20:56:00.941] Saving Achievements Tree...
[LOG 20:56:00.941] Saving Achievements Tree...
[LOG 20:56:00.943] [MessageSystem] Save Messages
[LOG 20:56:00.967] Game State Saved as persistent
[LOG 20:56:01.856] Unpacking Diag3-Rover
[LOG 20:56:01.889] [UIMasterController]: ShowUI
[LOG 20:56:18.466] [FLIGHT GLOBALS]: Switching To Vessel Vaisseau sans nom ---------------------- 
[LOG 20:56:18.467] Packing Diag3-Rover for orbit
[LOG 20:56:18.470] [PlanetariumCamera]: Focus: Vaisseau sans nom
[LOG 20:56:18.476] Camera Mode: AUTO
[LOG 20:56:18.592] Unpacking Vaisseau sans nom
[LOG 20:56:25.683] Game Paused!
[LOG 20:56:25.684] [UIMasterController]: ShowUI
[LOG 20:56:26.616] [SceneLoadSpeedBoost] Save loaded from disk in 15ms
[LOG 20:56:30.311] [KSPUpgradePipeline]: claude (1.12.5) is up to date.
[LOG 20:56:30.321] [ScenarioTypes]: List Created 23 scenario types loaded from 8 loaded assemblies.
[LOG 20:56:30.321] [MessageSystem] Load Messages
[LOG 20:56:30.323] [UIMasterController]: HideUI
[LOG 20:56:30.364] [HighLogic]: =========================== Scene Change : From FLIGHT to FLIGHT =====================
[LOG 20:56:30.366] Game Unpaused!
[LOG 20:56:30.490] KbApp.OnDestroy Planet Info
[LOG 20:56:30.490] [UIApp] OnDestroy: AlarmClock
[LOG 20:56:30.490] KbApp.OnDestroy Vessel Info
[LOG 20:56:30.490] [UIApp] OnDestroy: ResourceDisplay
[LOG 20:56:30.492] [UIApp] OnDestroy: Cargo
[LOG 20:56:30.492] [UIApp] OnDestroy: ManeuverTool
[LOG 20:56:30.493] [PlanetariumCamera]: Focus: Kerbin
[LOG 20:56:30.493] KbApp.OnDestroy NullName
[LOG 20:56:30.493] KbApp.OnDestroy Vessel Crew
[LOG 20:56:30.495] [UIApp] OnDestroy: DeltaVApp
[LOG 20:56:30.496] [UIApp] OnDestroy: Construction
[LOG 20:56:30.496] [UIApp] OnDestroy: KSPedia
[LOG 20:56:30.497] KbApp.OnDestroy Planet Parameters
[LOG 20:56:30.497] KbApp.OnDestroy Planet Resources
[LOG 20:56:30.498] KbApp.OnDestroy Unowned Info
[LOG 20:56:30.498] [UIApp] OnDestroy: ActionGroupsApp
[LOG 20:56:30.499] [KSPCF:MemoryLeaks] Removed a onVesselChange callback owned by a destroyed Assembly-CSharp:ModuleDeployableSolarPanel instance
[LOG 20:56:30.500] [KSPCF:MemoryLeaks] Removed a onVesselChange callback owned by a destroyed Assembly-CSharp:ModuleDeployableSolarPanel instance
[LOG 20:56:30.500] [KSPCF:MemoryLeaks] Removed a onVesselChange callback owned by a destroyed Assembly-CSharp:ModuleDeployableSolarPanel instance
[LOG 20:56:30.500] [KSPCF:MemoryLeaks] Removed a onVesselChange callback owned by a destroyed Assembly-CSharp:ModuleDeployableSolarPanel instance
[LOG 20:56:30.500] [KSPCF:MemoryLeaks] Removed a onVesselChange callback owned by a destroyed Assembly-CSharp:ModuleDeployableSolarPanel instance
[LOG 20:56:30.500] [KSPCF:MemoryLeaks] Removed a onVesselChange callback owned by a destroyed Assembly-CSharp:ModuleDeployableSolarPanel instance
[LOG 20:56:30.500] [KSPCF:MemoryLeaks] Removed a OnMapExited callback owned by a destroyed Assembly-CSharp:NavBallToggle instance
[LOG 20:56:30.500] [KSPCF:MemoryLeaks] Removed a OnGameSettingsApplied callback owned by a destroyed Assembly-CSharp:VesselAutopilotUI instance
[LOG 20:56:30.500] [KSPCF:MemoryLeaks] Removed a onPartActionUICreate callback owned by a destroyed Assembly-CSharp:ModuleInventoryPart instance
[LOG 20:56:30.501] [KSPCF:MemoryLeaks] Removed a onModuleInventoryChanged callback owned by a destroyed Assembly-CSharp:ModuleInventoryPart instance
[LOG 20:56:30.501] [KSPCF:MemoryLeaks] Removed a OnDestructibleLoaded callback owned by a destroyed Assembly-CSharp:RunwayCollisionHandler instance
[LOG 20:56:30.501] [KSPCF:MemoryLeaks] Removed a OnClick callback owned by a destroyed Assembly-CSharp:EVAConstructionModeEditor instance
[LOG 20:56:30.501] [KSPCF:MemoryLeaks] Removed a TimingManager.Instance.timing5.onLateUpdate callback owned by a destroyed Assembly-CSharp:MapView instance
[LOG 20:56:30.501] [KSPCF:MemoryLeaks] Leaving scene "Flight", cleaned 75 memory leaks in 0.002s. GameEvents callbacks : 528. Allocated memory : 708.391 MiB (managed heap), 2.195 GiB (unmanaged)
[LOG 20:56:30.507] UICanvasPrefabSpawner FlightUI spawning Flight
[LOG 20:56:30.519] UICanvasPrefabSpawner FlightUI spawning VesselLabels
[LOG 20:56:30.520] [UiApp] Awake: ResourceDisplay
[LOG 20:56:30.574] [AddonLoader]: Instantiating addon 'AeroGUI' from assembly 'KSP'
[LOG 20:56:30.583] [AddonLoader]: Instantiating addon 'TerrainPrecisionFixDiag2Mod' from assembly 'TerrainPrecisionFixDiag2Mod'
[LOG 20:56:30.583] [PlanetariumCamera]: Focus: Kerbin
[LOG 20:56:30.583] [UIMasterController]: HideUI
[LOG 20:56:30.803] [UIMasterController]: HideUI
[LOG 20:56:30.803] ------------------- initializing flight mode... ------------------
[LOG 20:56:30.803] GetSubclassesOfParentClass: Using cached results for AlarmTypeBase
[LOG 20:56:30.803] Loading Depletion Nodes
[LOG 20:56:30.804] DepNodeCount:  0
[LOG 20:56:30.804] Loading Biome Nodes
[LOG 20:56:30.804] BiomeNodeCount:  0
[LOG 20:56:30.804] Loading Planet Nodes
[LOG 20:56:30.804] PlanetNodeCount:  0
[LOG 20:56:30.805] [ScenarioDestructibles]: Loading... 0 objects registered
[LOG 20:56:30.829] Target vessel index: 7  vessel count: 11
[LOG 20:56:30.829] [FLIGHT GLOBALS]: Switching To Vessel Diag3-Rover ---------------------- 
[LOG 20:56:30.829] setting new dominant body: Kerbin
FlightGlobals.mainBody: Kerbin
[LOG 20:56:30.829] Reference Frame: Rotating
[LOG 20:56:30.851] [Diag3-Rover]: landed - waiting for ground contact to resume physics...
[LOG 20:56:30.852] Camera Mode: AUTO
[LOG 20:56:32.543] all systems started
[LOG 20:56:32.629] [Vaisseau sans nom]: landed - waiting for ground contact to resume physics...
[LOG 20:56:32.650] [UiApp] Awake: CurrencyWidgetsApp
[LOG 20:56:32.650] [UiApp] Awake: ResourceDisplay
[LOG 20:56:32.650] [UiApp] Awake: KSPedia
[LOG 20:56:32.650] [UiApp] Awake: Missions App
[LOG 20:56:32.650] [UiApp] Awake: DeltaVApp
[LOG 20:56:32.650] [UiApp] Awake: ActionGroupsApp
[LOG 20:56:32.650] [UiApp] Awake: Construction
[LOG 20:56:32.650] [UiApp] Awake: Cargo
[LOG 20:56:32.650] [UiApp] Awake: AlarmClock
[LOG 20:56:32.650] [UiApp] Awake: ManeuverTool
[LOG 20:56:32.650] [ApplicationLauncher] OnSceneLoadedGUIReady: scene FLIGHT ShouldBeVisible() True ShouldBeOnTop() True iIsPositionedAtTop True
[LOG 20:56:32.652] [KnowledgeBase] OnAppLauncherReady 13040
[LOG 20:56:32.661] [UIApp] OnDestroy: Contracts
[LOG 20:56:32.683] [FlightIntegrator]: Reloaded drag cube for zeroed cube root part trussPiece3x (Diag3-Rover) on vessel Diag3-Rover
[LOG 20:56:32.686] [MessageSystem] Reposition 0.02 13041
[LOG 20:56:32.686] [GenericAppFrame] Reposition 0.02 13041
[LOG 20:56:32.686] [GenericAppFrame] Reposition 0.02 13041
[LOG 20:56:32.740] [FlightIntegrator]: Reloaded drag cube for zeroed cube root part fuelTankSmallFlat (Vaisseau sans nom) on vessel Vaisseau sans nom
[LOG 20:56:32.743] [PlanetariumCamera]: Focus: Diag3-Rover
[LOG 20:56:32.756] [UIApp] Adding ResourceDisplay to Application Launcher
[LOG 20:56:32.757] [UIApp] Adding ResourceDisplay to Application Launcher
[LOG 20:56:32.765] [ResourceDisplay] OnAppStarted(): id: -451738
[LOG 20:56:32.765] [GenericAppFrame] Reposition 0.0998534 13045
[LOG 20:56:32.765] [ResourceDisplay] OnAppStarted(): id: 264428
[LOG 20:56:32.765] ResourceDisplay already exist, destroying this instance
[LOG 20:56:32.765] [UIApp] OnDestroy: ResourceDisplay
[LOG 20:56:32.776] [UIApp] Adding AlarmClock to Application Launcher
[LOG 20:56:32.777] [UIApp] Adding ActionGroupsApp to Application Launcher
[LOG 20:56:32.778] [UIApp] Adding Missions App to Application Launcher
[LOG 20:56:32.779] CURRENCY WIDGET False False False
[LOG 20:56:32.780] [UIApp] OnDestroy: CurrencyWidgetsApp
[LOG 20:56:32.800] [GenericAppFrame] Reposition 0.1239906 13047
[LOG 20:56:32.802] [ActionGroupsApp] OnAppStarted(): id: -451762
[LOG 20:56:32.802] [GenericAppFrame] Reposition 0.1239906 13047
[LOG 20:56:32.803] [UIApp] Adding DeltaVApp to Application Launcher
[LOG 20:56:32.803] [MissionsApp] OnAppStarted(): id: -451750
[LOG 20:56:32.803] MissionsApp does not execute in this game mode, destroying this instance
[LOG 20:56:32.803] [UIApp] OnDestroy: Missions App
[LOG 20:56:32.812] [GenericAppFrame] Reposition 0.1463501 13048
[LOG 20:56:32.821] [UIApp] Adding Cargo to Application Launcher
[LOG 20:56:32.821] [UIApp] Adding Construction to Application Launcher
[LOG 20:56:32.822] [UIApp] Adding KSPedia to Application Launcher
[LOG 20:56:32.832] [UIApp] Adding ManeuverTool to Application Launcher
[LOG 20:56:32.835] [ApplicationLauncher] SetHidden: 
[LOG 20:56:32.862] [GenericAppFrame] Reposition 0.192503 13051
[LOG 20:56:32.868] [ManeuverTool]: Found 1 transfer types
[LOG 20:56:32.908] Flight State Captured
[LOG 20:56:32.908] Saving Achievements Tree...
[LOG 20:56:32.908] Saving Achievements Tree...
[LOG 20:56:32.908] [MessageSystem] Save Messages
[LOG 20:56:32.932] Game State Saved as persistent
[LOG 20:56:33.812] Unpacking Diag3-Rover
[LOG 20:56:33.825] [UIMasterController]: ShowUI
[LOG 20:56:48.271] [FLIGHT GLOBALS]: Switching To Vessel Vaisseau sans nom ---------------------- 
[LOG 20:56:48.271] Packing Diag3-Rover for orbit
[LOG 20:56:48.272] [PlanetariumCamera]: Focus: Vaisseau sans nom
[LOG 20:56:48.276] Camera Mode: AUTO
[LOG 20:56:48.393] Unpacking Vaisseau sans nom
[LOG 20:56:54.324] Game Paused!
[LOG 20:56:54.324] [UIMasterController]: ShowUI
[LOG 20:56:55.704] [SceneLoadSpeedBoost] Save loaded from disk in 17ms
[LOG 20:56:58.802] [KSPUpgradePipeline]: claude (1.12.5) is up to date.
[LOG 20:56:58.809] [ScenarioTypes]: List Created 23 scenario types loaded from 8 loaded assemblies.
[LOG 20:56:58.809] [MessageSystem] Load Messages
[LOG 20:56:58.810] [UIMasterController]: HideUI
[LOG 20:56:58.852] [HighLogic]: =========================== Scene Change : From FLIGHT to FLIGHT =====================
[LOG 20:56:58.853] Game Unpaused!
[LOG 20:56:58.965] KbApp.OnDestroy Unowned Info
[LOG 20:56:58.966] [UIApp] OnDestroy: Construction
[LOG 20:56:58.968] KbApp.OnDestroy Planet Info
[LOG 20:56:58.968] [UIApp] OnDestroy: ResourceDisplay
[LOG 20:56:58.968] KbApp.OnDestroy NullName
[LOG 20:56:58.968] [UIApp] OnDestroy: AlarmClock
[LOG 20:56:58.968] [PlanetariumCamera]: Focus: Kerbin
[LOG 20:56:58.969] [UIApp] OnDestroy: Cargo
[LOG 20:56:58.969] [UIApp] OnDestroy: ActionGroupsApp
[LOG 20:56:58.969] KbApp.OnDestroy Planet Parameters
[LOG 20:56:58.969] [UIApp] OnDestroy: ManeuverTool
[LOG 20:56:58.970] [UIApp] OnDestroy: KSPedia
[LOG 20:56:58.970] [UIApp] OnDestroy: DeltaVApp
[LOG 20:56:58.970] KbApp.OnDestroy Planet Resources
[LOG 20:56:58.970] KbApp.OnDestroy Vessel Info
[LOG 20:56:58.970] KbApp.OnDestroy Vessel Crew
[LOG 20:56:58.971] [KSPCF:MemoryLeaks] Removed a onVesselChange callback owned by a destroyed Assembly-CSharp:ModuleDeployableSolarPanel instance
[LOG 20:56:58.971] [KSPCF:MemoryLeaks] Removed a onVesselChange callback owned by a destroyed Assembly-CSharp:ModuleDeployableSolarPanel instance
[LOG 20:56:58.971] [KSPCF:MemoryLeaks] Removed a onVesselChange callback owned by a destroyed Assembly-CSharp:ModuleDeployableSolarPanel instance
[LOG 20:56:58.971] [KSPCF:MemoryLeaks] Removed a onVesselChange callback owned by a destroyed Assembly-CSharp:ModuleDeployableSolarPanel instance
[LOG 20:56:58.972] [KSPCF:MemoryLeaks] Removed a onVesselChange callback owned by a destroyed Assembly-CSharp:ModuleDeployableSolarPanel instance
[LOG 20:56:58.972] [KSPCF:MemoryLeaks] Removed a onVesselChange callback owned by a destroyed Assembly-CSharp:ModuleDeployableSolarPanel instance
[LOG 20:56:58.972] [KSPCF:MemoryLeaks] Removed a OnMapExited callback owned by a destroyed Assembly-CSharp:NavBallToggle instance
[LOG 20:56:58.972] [KSPCF:MemoryLeaks] Removed a OnGameSettingsApplied callback owned by a destroyed Assembly-CSharp:VesselAutopilotUI instance
[LOG 20:56:58.972] [KSPCF:MemoryLeaks] Removed a onPartActionUICreate callback owned by a destroyed Assembly-CSharp:ModuleInventoryPart instance
[LOG 20:56:58.972] [KSPCF:MemoryLeaks] Removed a onModuleInventoryChanged callback owned by a destroyed Assembly-CSharp:ModuleInventoryPart instance
[LOG 20:56:58.973] [KSPCF:MemoryLeaks] Removed a OnDestructibleLoaded callback owned by a destroyed Assembly-CSharp:RunwayCollisionHandler instance
[LOG 20:56:58.973] [KSPCF:MemoryLeaks] Removed a OnClick callback owned by a destroyed Assembly-CSharp:EVAConstructionModeEditor instance
[LOG 20:56:58.973] [KSPCF:MemoryLeaks] Removed a TimingManager.Instance.timing5.onLateUpdate callback owned by a destroyed Assembly-CSharp:MapView instance
[LOG 20:56:58.973] [KSPCF:MemoryLeaks] Leaving scene "Flight", cleaned 75 memory leaks in 0.002s. GameEvents callbacks : 528. Allocated memory : 713.344 MiB (managed heap), 2.198 GiB (unmanaged)
[LOG 20:56:58.977] UICanvasPrefabSpawner FlightUI spawning Flight
[LOG 20:56:58.990] UICanvasPrefabSpawner FlightUI spawning VesselLabels
[LOG 20:56:58.990] [UiApp] Awake: ResourceDisplay
[LOG 20:56:59.045] [AddonLoader]: Instantiating addon 'AeroGUI' from assembly 'KSP'
[LOG 20:56:59.053] [AddonLoader]: Instantiating addon 'TerrainPrecisionFixDiag2Mod' from assembly 'TerrainPrecisionFixDiag2Mod'
[LOG 20:56:59.053] [PlanetariumCamera]: Focus: Kerbin
[LOG 20:56:59.053] [UIMasterController]: HideUI
[LOG 20:56:59.273] [UIMasterController]: HideUI
[LOG 20:56:59.273] ------------------- initializing flight mode... ------------------
[LOG 20:56:59.273] GetSubclassesOfParentClass: Using cached results for AlarmTypeBase
[LOG 20:56:59.274] Loading Depletion Nodes
[LOG 20:56:59.274] DepNodeCount:  0
[LOG 20:56:59.274] Loading Biome Nodes
[LOG 20:56:59.274] BiomeNodeCount:  0
[LOG 20:56:59.274] Loading Planet Nodes
[LOG 20:56:59.274] PlanetNodeCount:  0
[LOG 20:56:59.274] [ScenarioDestructibles]: Loading... 0 objects registered
[LOG 20:56:59.299] Target vessel index: 7  vessel count: 11
[LOG 20:56:59.299] [FLIGHT GLOBALS]: Switching To Vessel Diag3-Rover ---------------------- 
[LOG 20:56:59.299] setting new dominant body: Kerbin
FlightGlobals.mainBody: Kerbin
[LOG 20:56:59.299] Reference Frame: Rotating
[LOG 20:56:59.321] [Diag3-Rover]: landed - waiting for ground contact to resume physics...
[LOG 20:56:59.321] Camera Mode: AUTO
[LOG 20:57:01.033] all systems started
[LOG 20:57:01.120] [Vaisseau sans nom]: landed - waiting for ground contact to resume physics...
[LOG 20:57:01.141] [UiApp] Awake: CurrencyWidgetsApp
[LOG 20:57:01.141] [UiApp] Awake: ResourceDisplay
[LOG 20:57:01.141] [UiApp] Awake: KSPedia
[LOG 20:57:01.141] [UiApp] Awake: Missions App
[LOG 20:57:01.141] [UiApp] Awake: DeltaVApp
[LOG 20:57:01.141] [UiApp] Awake: ActionGroupsApp
[LOG 20:57:01.141] [UiApp] Awake: Construction
[LOG 20:57:01.141] [UiApp] Awake: Cargo
[LOG 20:57:01.142] [UiApp] Awake: AlarmClock
[LOG 20:57:01.142] [UiApp] Awake: ManeuverTool
[LOG 20:57:01.142] [ApplicationLauncher] OnSceneLoadedGUIReady: scene FLIGHT ShouldBeVisible() True ShouldBeOnTop() True iIsPositionedAtTop True
[LOG 20:57:01.144] [KnowledgeBase] OnAppLauncherReady 14963
[LOG 20:57:01.151] [UIApp] OnDestroy: Contracts
[LOG 20:57:01.174] [FlightIntegrator]: Reloaded drag cube for zeroed cube root part trussPiece3x (Diag3-Rover) on vessel Diag3-Rover
[LOG 20:57:01.177] [MessageSystem] Reposition 0.02 14964
[LOG 20:57:01.177] [GenericAppFrame] Reposition 0.02 14964
[LOG 20:57:01.177] [GenericAppFrame] Reposition 0.02 14964
[LOG 20:57:01.228] [FlightIntegrator]: Reloaded drag cube for zeroed cube root part fuelTankSmallFlat (Vaisseau sans nom) on vessel Vaisseau sans nom
[LOG 20:57:01.232] [PlanetariumCamera]: Focus: Diag3-Rover
[LOG 20:57:01.244] [UIApp] Adding ResourceDisplay to Application Launcher
[LOG 20:57:01.245] [UIApp] Adding ResourceDisplay to Application Launcher
[LOG 20:57:01.254] [ResourceDisplay] OnAppStarted(): id: -496336
[LOG 20:57:01.254] [GenericAppFrame] Reposition 0.0988445 14968
[LOG 20:57:01.255] [ResourceDisplay] OnAppStarted(): id: 264560
[LOG 20:57:01.255] ResourceDisplay already exist, destroying this instance
[LOG 20:57:01.255] [UIApp] OnDestroy: ResourceDisplay
[LOG 20:57:01.265] [UIApp] Adding AlarmClock to Application Launcher
[LOG 20:57:01.266] [UIApp] Adding ActionGroupsApp to Application Launcher
[LOG 20:57:01.266] [UIApp] Adding Missions App to Application Launcher
[LOG 20:57:01.267] CURRENCY WIDGET False False False
[LOG 20:57:01.269] [UIApp] OnDestroy: CurrencyWidgetsApp
[LOG 20:57:01.289] [GenericAppFrame] Reposition 0.1233166 14970
[LOG 20:57:01.291] [ActionGroupsApp] OnAppStarted(): id: -496360
[LOG 20:57:01.291] [GenericAppFrame] Reposition 0.1233166 14970
[LOG 20:57:01.291] [UIApp] Adding DeltaVApp to Application Launcher
[LOG 20:57:01.292] [MissionsApp] OnAppStarted(): id: -496348
[LOG 20:57:01.292] MissionsApp does not execute in this game mode, destroying this instance
[LOG 20:57:01.292] [UIApp] OnDestroy: Missions App
[LOG 20:57:01.300] [GenericAppFrame] Reposition 0.144554 14971
[LOG 20:57:01.309] [UIApp] Adding Cargo to Application Launcher
[LOG 20:57:01.310] [UIApp] Adding Construction to Application Launcher
[LOG 20:57:01.312] [UIApp] Adding KSPedia to Application Launcher
[LOG 20:57:01.323] [UIApp] Adding ManeuverTool to Application Launcher
[LOG 20:57:01.324] [ApplicationLauncher] SetHidden: 
[LOG 20:57:01.338] [GenericAppFrame] Reposition 0.1793944 14974
[LOG 20:57:01.345] [ManeuverTool]: Found 1 transfer types
[LOG 20:57:01.386] Flight State Captured
[LOG 20:57:01.387] Saving Achievements Tree...
[LOG 20:57:01.387] Saving Achievements Tree...
[LOG 20:57:01.387] [MessageSystem] Save Messages
[LOG 20:57:01.412] Game State Saved as persistent
[LOG 20:57:02.297] Unpacking Diag3-Rover
[LOG 20:57:02.312] [UIMasterController]: ShowUI
[LOG 20:57:14.125] [FLIGHT GLOBALS]: Switching To Vessel Vaisseau sans nom ---------------------- 
[LOG 20:57:14.125] Packing Diag3-Rover for orbit
[LOG 20:57:14.126] [PlanetariumCamera]: Focus: Vaisseau sans nom
[LOG 20:57:14.130] Camera Mode: AUTO
[LOG 20:57:14.243] Unpacking Vaisseau sans nom
[LOG 20:57:17.954] Game Paused!
[LOG 20:57:17.954] [UIMasterController]: ShowUI
[LOG 20:57:20.955] [SceneLoadSpeedBoost] Save loaded from disk in 20ms
[LOG 20:57:24.073] [KSPUpgradePipeline]: claude (1.12.5) is up to date.
[LOG 20:57:24.082] [ScenarioTypes]: List Created 23 scenario types loaded from 8 loaded assemblies.
[LOG 20:57:24.082] [MessageSystem] Load Messages
[LOG 20:57:24.083] [UIMasterController]: HideUI
[LOG 20:57:24.124] [HighLogic]: =========================== Scene Change : From FLIGHT to FLIGHT =====================
[LOG 20:57:24.124] Game Unpaused!
[LOG 20:57:24.238] KbApp.OnDestroy Unowned Info
[LOG 20:57:24.238] [UIApp] OnDestroy: Construction
[LOG 20:57:24.238] [PlanetariumCamera]: Focus: Kerbin
[LOG 20:57:24.239] [UIApp] OnDestroy: DeltaVApp
[LOG 20:57:24.239] KbApp.OnDestroy Vessel Info
[LOG 20:57:24.239] KbApp.OnDestroy Vessel Crew
[LOG 20:57:24.239] KbApp.OnDestroy Planet Resources
[LOG 20:57:24.239] [UIApp] OnDestroy: ResourceDisplay
[LOG 20:57:24.239] [UIApp] OnDestroy: KSPedia
[LOG 20:57:24.239] KbApp.OnDestroy Planet Parameters
[LOG 20:57:24.239] [UIApp] OnDestroy: Cargo
[LOG 20:57:24.241] [UIApp] OnDestroy: ManeuverTool
[LOG 20:57:24.241] [UIApp] OnDestroy: ActionGroupsApp
[LOG 20:57:24.241] KbApp.OnDestroy Planet Info
[LOG 20:57:24.242] [UIApp] OnDestroy: AlarmClock
[LOG 20:57:24.242] KbApp.OnDestroy NullName
[LOG 20:57:24.243] [KSPCF:MemoryLeaks] Removed a onVesselChange callback owned by a destroyed Assembly-CSharp:ModuleDeployableSolarPanel instance
[LOG 20:57:24.243] [KSPCF:MemoryLeaks] Removed a onVesselChange callback owned by a destroyed Assembly-CSharp:ModuleDeployableSolarPanel instance
[LOG 20:57:24.243] [KSPCF:MemoryLeaks] Removed a onVesselChange callback owned by a destroyed Assembly-CSharp:ModuleDeployableSolarPanel instance
[LOG 20:57:24.243] [KSPCF:MemoryLeaks] Removed a onVesselChange callback owned by a destroyed Assembly-CSharp:ModuleDeployableSolarPanel instance
[LOG 20:57:24.243] [KSPCF:MemoryLeaks] Removed a onVesselChange callback owned by a destroyed Assembly-CSharp:ModuleDeployableSolarPanel instance
[LOG 20:57:24.243] [KSPCF:MemoryLeaks] Removed a onVesselChange callback owned by a destroyed Assembly-CSharp:ModuleDeployableSolarPanel instance
[LOG 20:57:24.243] [KSPCF:MemoryLeaks] Removed a OnMapExited callback owned by a destroyed Assembly-CSharp:NavBallToggle instance
[LOG 20:57:24.243] [KSPCF:MemoryLeaks] Removed a OnGameSettingsApplied callback owned by a destroyed Assembly-CSharp:VesselAutopilotUI instance
[LOG 20:57:24.243] [KSPCF:MemoryLeaks] Removed a onPartActionUICreate callback owned by a destroyed Assembly-CSharp:ModuleInventoryPart instance
[LOG 20:57:24.243] [KSPCF:MemoryLeaks] Removed a onModuleInventoryChanged callback owned by a destroyed Assembly-CSharp:ModuleInventoryPart instance
[LOG 20:57:24.244] [KSPCF:MemoryLeaks] Removed a OnDestructibleLoaded callback owned by a destroyed Assembly-CSharp:RunwayCollisionHandler instance
[LOG 20:57:24.244] [KSPCF:MemoryLeaks] Removed a OnClick callback owned by a destroyed Assembly-CSharp:EVAConstructionModeEditor instance
[LOG 20:57:24.244] [KSPCF:MemoryLeaks] Removed a TimingManager.Instance.timing5.onLateUpdate callback owned by a destroyed Assembly-CSharp:MapView instance
[LOG 20:57:24.244] [KSPCF:MemoryLeaks] Leaving scene "Flight", cleaned 75 memory leaks in 0.002s. GameEvents callbacks : 528. Allocated memory : 720.004 MiB (managed heap), 2.2 GiB (unmanaged)
[LOG 20:57:24.249] UICanvasPrefabSpawner FlightUI spawning Flight
[LOG 20:57:24.263] UICanvasPrefabSpawner FlightUI spawning VesselLabels
[LOG 20:57:24.263] [UiApp] Awake: ResourceDisplay
[LOG 20:57:24.319] [AddonLoader]: Instantiating addon 'AeroGUI' from assembly 'KSP'
[LOG 20:57:24.326] [AddonLoader]: Instantiating addon 'TerrainPrecisionFixDiag2Mod' from assembly 'TerrainPrecisionFixDiag2Mod'
[LOG 20:57:24.327] [PlanetariumCamera]: Focus: Kerbin
[LOG 20:57:24.327] [UIMasterController]: HideUI
[LOG 20:57:24.540] [UIMasterController]: HideUI
[LOG 20:57:24.541] ------------------- initializing flight mode... ------------------
[LOG 20:57:24.541] GetSubclassesOfParentClass: Using cached results for AlarmTypeBase
[LOG 20:57:24.542] Loading Depletion Nodes
[LOG 20:57:24.542] DepNodeCount:  0
[LOG 20:57:24.542] Loading Biome Nodes
[LOG 20:57:24.542] BiomeNodeCount:  0
[LOG 20:57:24.542] Loading Planet Nodes
[LOG 20:57:24.542] PlanetNodeCount:  0
[LOG 20:57:24.542] [ScenarioDestructibles]: Loading... 0 objects registered
[LOG 20:57:24.568] Target vessel index: 7  vessel count: 11
[LOG 20:57:24.569] [FLIGHT GLOBALS]: Switching To Vessel Diag3-Rover ---------------------- 
[LOG 20:57:24.569] setting new dominant body: Kerbin
FlightGlobals.mainBody: Kerbin
[LOG 20:57:24.569] Reference Frame: Rotating
[LOG 20:57:24.591] [Diag3-Rover]: landed - waiting for ground contact to resume physics...
[LOG 20:57:24.591] Camera Mode: AUTO
[LOG 20:57:26.329] all systems started
[LOG 20:57:26.418] [Vaisseau sans nom]: landed - waiting for ground contact to resume physics...
[LOG 20:57:26.440] [UiApp] Awake: CurrencyWidgetsApp
[LOG 20:57:26.440] [UiApp] Awake: ResourceDisplay
[LOG 20:57:26.440] [UiApp] Awake: KSPedia
[LOG 20:57:26.440] [UiApp] Awake: Missions App
[LOG 20:57:26.440] [UiApp] Awake: DeltaVApp
[LOG 20:57:26.440] [UiApp] Awake: ActionGroupsApp
[LOG 20:57:26.440] [UiApp] Awake: Construction
[LOG 20:57:26.440] [UiApp] Awake: Cargo
[LOG 20:57:26.440] [UiApp] Awake: AlarmClock
[LOG 20:57:26.440] [UiApp] Awake: ManeuverTool
[LOG 20:57:26.440] [ApplicationLauncher] OnSceneLoadedGUIReady: scene FLIGHT ShouldBeVisible() True ShouldBeOnTop() True iIsPositionedAtTop True
[LOG 20:57:26.442] [KnowledgeBase] OnAppLauncherReady 16611
[LOG 20:57:26.449] [UIApp] OnDestroy: Contracts
[LOG 20:57:26.474] [FlightIntegrator]: Reloaded drag cube for zeroed cube root part trussPiece3x (Diag3-Rover) on vessel Diag3-Rover
[LOG 20:57:26.477] [MessageSystem] Reposition 0.02 16612
[LOG 20:57:26.477] [GenericAppFrame] Reposition 0.02 16612
[LOG 20:57:26.477] [GenericAppFrame] Reposition 0.02 16612
[LOG 20:57:26.531] [FlightIntegrator]: Reloaded drag cube for zeroed cube root part fuelTankSmallFlat (Vaisseau sans nom) on vessel Vaisseau sans nom
[LOG 20:57:26.535] [PlanetariumCamera]: Focus: Diag3-Rover
[LOG 20:57:26.549] [UIApp] Adding ResourceDisplay to Application Launcher
[LOG 20:57:26.550] [UIApp] Adding ResourceDisplay to Application Launcher
[LOG 20:57:26.559] [ResourceDisplay] OnAppStarted(): id: -540898
[LOG 20:57:26.559] [GenericAppFrame] Reposition 0.1030482 16616
[LOG 20:57:26.559] [ResourceDisplay] OnAppStarted(): id: 264692
[LOG 20:57:26.559] ResourceDisplay already exist, destroying this instance
[LOG 20:57:26.559] [UIApp] OnDestroy: ResourceDisplay
[LOG 20:57:26.571] [UIApp] Adding AlarmClock to Application Launcher
[LOG 20:57:26.572] [UIApp] Adding ActionGroupsApp to Application Launcher
[LOG 20:57:26.573] [UIApp] Adding Missions App to Application Launcher
[LOG 20:57:26.573] CURRENCY WIDGET False False False
[LOG 20:57:26.576] [UIApp] OnDestroy: CurrencyWidgetsApp
[LOG 20:57:26.591] [GenericAppFrame] Reposition 0.1255582 16618
[LOG 20:57:26.593] [ActionGroupsApp] OnAppStarted(): id: -540922
[LOG 20:57:26.594] [GenericAppFrame] Reposition 0.1255582 16618
[LOG 20:57:26.594] [UIApp] Adding DeltaVApp to Application Launcher
[LOG 20:57:26.595] [MissionsApp] OnAppStarted(): id: -540910
[LOG 20:57:26.595] MissionsApp does not execute in this game mode, destroying this instance
[LOG 20:57:26.595] [UIApp] OnDestroy: Missions App
[LOG 20:57:26.605] [GenericAppFrame] Reposition 0.1478315 16619
[LOG 20:57:26.613] [UIApp] Adding Cargo to Application Launcher
[LOG 20:57:26.615] [UIApp] Adding Construction to Application Launcher
[LOG 20:57:26.616] [UIApp] Adding KSPedia to Application Launcher
[LOG 20:57:26.629] [UIApp] Adding ManeuverTool to Application Launcher
[LOG 20:57:26.631] [ApplicationLauncher] SetHidden: 
[LOG 20:57:26.650] [GenericAppFrame] Reposition 0.190313 16622
[LOG 20:57:26.656] [ManeuverTool]: Found 1 transfer types
[LOG 20:57:26.696] Flight State Captured
[LOG 20:57:26.696] Saving Achievements Tree...
[LOG 20:57:26.696] Saving Achievements Tree...
[LOG 20:57:26.696] [MessageSystem] Save Messages
[LOG 20:57:26.722] Game State Saved as persistent
[LOG 20:57:27.636] Unpacking Diag3-Rover
[LOG 20:57:27.646] [UIMasterController]: ShowUI
[LOG 20:57:33.154] [FLIGHT GLOBALS]: Switching To Vessel Vaisseau sans nom ---------------------- 
[LOG 20:57:33.154] Packing Diag3-Rover for orbit
[LOG 20:57:33.155] [PlanetariumCamera]: Focus: Vaisseau sans nom
[LOG 20:57:33.160] Camera Mode: AUTO
[LOG 20:57:33.272] Unpacking Vaisseau sans nom
[LOG 20:57:41.864] Game Paused!
[LOG 20:57:41.864] [UIMasterController]: ShowUI
[LOG 20:57:42.772] [SceneLoadSpeedBoost] Save loaded from disk in 22ms
[LOG 20:57:45.497] [KSPUpgradePipeline]: claude (1.12.5) is up to date.
[LOG 20:57:45.505] [ScenarioTypes]: List Created 23 scenario types loaded from 8 loaded assemblies.
[LOG 20:57:45.505] [MessageSystem] Load Messages
[LOG 20:57:45.506] [UIMasterController]: HideUI
[LOG 20:57:45.548] [HighLogic]: =========================== Scene Change : From FLIGHT to FLIGHT =====================
[LOG 20:57:45.549] Game Unpaused!
[LOG 20:57:45.661] KbApp.OnDestroy Vessel Info
[LOG 20:57:45.662] KbApp.OnDestroy Unowned Info
[LOG 20:57:45.662] KbApp.OnDestroy Planet Resources
[LOG 20:57:45.662] [UIApp] OnDestroy: Cargo
[LOG 20:57:45.662] [UIApp] OnDestroy: ManeuverTool
[LOG 20:57:45.662] KbApp.OnDestroy NullName
[LOG 20:57:45.662] KbApp.OnDestroy Planet Info
[LOG 20:57:45.662] KbApp.OnDestroy Vessel Crew
[LOG 20:57:45.662] [PlanetariumCamera]: Focus: Kerbin
[LOG 20:57:45.664] [UIApp] OnDestroy: DeltaVApp
[LOG 20:57:45.664] [UIApp] OnDestroy: Construction
[LOG 20:57:45.664] [UIApp] OnDestroy: ResourceDisplay
[LOG 20:57:45.665] [UIApp] OnDestroy: AlarmClock
[LOG 20:57:45.665] [UIApp] OnDestroy: ActionGroupsApp
[LOG 20:57:45.665] KbApp.OnDestroy Planet Parameters
[LOG 20:57:45.665] [UIApp] OnDestroy: KSPedia
[LOG 20:57:45.666] [KSPCF:MemoryLeaks] Removed a onVesselChange callback owned by a destroyed Assembly-CSharp:ModuleDeployableSolarPanel instance
[LOG 20:57:45.666] [KSPCF:MemoryLeaks] Removed a onVesselChange callback owned by a destroyed Assembly-CSharp:ModuleDeployableSolarPanel instance
[LOG 20:57:45.666] [KSPCF:MemoryLeaks] Removed a onVesselChange callback owned by a destroyed Assembly-CSharp:ModuleDeployableSolarPanel instance
[LOG 20:57:45.666] [KSPCF:MemoryLeaks] Removed a onVesselChange callback owned by a destroyed Assembly-CSharp:ModuleDeployableSolarPanel instance
[LOG 20:57:45.666] [KSPCF:MemoryLeaks] Removed a onVesselChange callback owned by a destroyed Assembly-CSharp:ModuleDeployableSolarPanel instance
[LOG 20:57:45.666] [KSPCF:MemoryLeaks] Removed a onVesselChange callback owned by a destroyed Assembly-CSharp:ModuleDeployableSolarPanel instance
[LOG 20:57:45.667] [KSPCF:MemoryLeaks] Removed a OnMapExited callback owned by a destroyed Assembly-CSharp:NavBallToggle instance
[LOG 20:57:45.667] [KSPCF:MemoryLeaks] Removed a OnGameSettingsApplied callback owned by a destroyed Assembly-CSharp:VesselAutopilotUI instance
[LOG 20:57:45.667] [KSPCF:MemoryLeaks] Removed a onPartActionUICreate callback owned by a destroyed Assembly-CSharp:ModuleInventoryPart instance
[LOG 20:57:45.667] [KSPCF:MemoryLeaks] Removed a onModuleInventoryChanged callback owned by a destroyed Assembly-CSharp:ModuleInventoryPart instance
[LOG 20:57:45.667] [KSPCF:MemoryLeaks] Removed a OnDestructibleLoaded callback owned by a destroyed Assembly-CSharp:RunwayCollisionHandler instance
[LOG 20:57:45.667] [KSPCF:MemoryLeaks] Removed a OnClick callback owned by a destroyed Assembly-CSharp:EVAConstructionModeEditor instance
[LOG 20:57:45.667] [KSPCF:MemoryLeaks] Removed a TimingManager.Instance.timing5.onLateUpdate callback owned by a destroyed Assembly-CSharp:MapView instance
[LOG 20:57:45.667] [KSPCF:MemoryLeaks] Leaving scene "Flight", cleaned 75 memory leaks in 0.002s. GameEvents callbacks : 528. Allocated memory : 692.23 MiB (managed heap), 2.202 GiB (unmanaged)
[LOG 20:57:45.672] UICanvasPrefabSpawner FlightUI spawning Flight
[LOG 20:57:45.685] UICanvasPrefabSpawner FlightUI spawning VesselLabels
[LOG 20:57:45.685] [UiApp] Awake: ResourceDisplay
[LOG 20:57:45.739] [AddonLoader]: Instantiating addon 'AeroGUI' from assembly 'KSP'
[LOG 20:57:45.746] [AddonLoader]: Instantiating addon 'TerrainPrecisionFixDiag2Mod' from assembly 'TerrainPrecisionFixDiag2Mod'
[LOG 20:57:45.747] [PlanetariumCamera]: Focus: Kerbin
[LOG 20:57:45.747] [UIMasterController]: HideUI
[LOG 20:57:45.962] [UIMasterController]: HideUI
[LOG 20:57:45.962] ------------------- initializing flight mode... ------------------
[LOG 20:57:45.962] GetSubclassesOfParentClass: Using cached results for AlarmTypeBase
[LOG 20:57:45.963] Loading Depletion Nodes
[LOG 20:57:45.963] DepNodeCount:  0
[LOG 20:57:45.963] Loading Biome Nodes
[LOG 20:57:45.963] BiomeNodeCount:  0
[LOG 20:57:45.963] Loading Planet Nodes
[LOG 20:57:45.963] PlanetNodeCount:  0
[LOG 20:57:45.963] [ScenarioDestructibles]: Loading... 0 objects registered
[LOG 20:57:45.989] Target vessel index: 7  vessel count: 11
[LOG 20:57:45.989] [FLIGHT GLOBALS]: Switching To Vessel Diag3-Rover ---------------------- 
[LOG 20:57:45.989] setting new dominant body: Kerbin
FlightGlobals.mainBody: Kerbin
[LOG 20:57:45.989] Reference Frame: Rotating
[LOG 20:57:46.011] [Diag3-Rover]: landed - waiting for ground contact to resume physics...
[LOG 20:57:46.011] Camera Mode: AUTO
[LOG 20:57:47.718] all systems started
[LOG 20:57:47.806] [Vaisseau sans nom]: landed - waiting for ground contact to resume physics...
[LOG 20:57:47.828] [UiApp] Awake: CurrencyWidgetsApp
[LOG 20:57:47.828] [UiApp] Awake: ResourceDisplay
[LOG 20:57:47.828] [UiApp] Awake: KSPedia
[LOG 20:57:47.828] [UiApp] Awake: Missions App
[LOG 20:57:47.828] [UiApp] Awake: DeltaVApp
[LOG 20:57:47.828] [UiApp] Awake: ActionGroupsApp
[LOG 20:57:47.828] [UiApp] Awake: Construction
[LOG 20:57:47.828] [UiApp] Awake: Cargo
[LOG 20:57:47.828] [UiApp] Awake: AlarmClock
[LOG 20:57:47.828] [UiApp] Awake: ManeuverTool
[LOG 20:57:47.828] [ApplicationLauncher] OnSceneLoadedGUIReady: scene FLIGHT ShouldBeVisible() True ShouldBeOnTop() True iIsPositionedAtTop True
[LOG 20:57:47.830] [KnowledgeBase] OnAppLauncherReady 17987
[LOG 20:57:47.838] [UIApp] OnDestroy: Contracts
[LOG 20:57:47.861] [FlightIntegrator]: Reloaded drag cube for zeroed cube root part trussPiece3x (Diag3-Rover) on vessel Diag3-Rover
[LOG 20:57:47.864] [MessageSystem] Reposition 0.02 17988
[LOG 20:57:47.864] [GenericAppFrame] Reposition 0.02 17988
[LOG 20:57:47.864] [GenericAppFrame] Reposition 0.02 17988
[LOG 20:57:47.916] [FlightIntegrator]: Reloaded drag cube for zeroed cube root part fuelTankSmallFlat (Vaisseau sans nom) on vessel Vaisseau sans nom
[LOG 20:57:47.920] [PlanetariumCamera]: Focus: Diag3-Rover
[LOG 20:57:47.934] [UIApp] Adding ResourceDisplay to Application Launcher
[LOG 20:57:47.934] [UIApp] Adding ResourceDisplay to Application Launcher
[LOG 20:57:47.942] [ResourceDisplay] OnAppStarted(): id: -585448
[LOG 20:57:47.942] [GenericAppFrame] Reposition 0.1001619 17992
[LOG 20:57:47.942] [ResourceDisplay] OnAppStarted(): id: 264824
[LOG 20:57:47.942] ResourceDisplay already exist, destroying this instance
[LOG 20:57:47.942] [UIApp] OnDestroy: ResourceDisplay
[LOG 20:57:47.952] [UIApp] Adding AlarmClock to Application Launcher
[LOG 20:57:47.953] [UIApp] Adding ActionGroupsApp to Application Launcher
[LOG 20:57:47.954] [UIApp] Adding Missions App to Application Launcher
[LOG 20:57:47.954] CURRENCY WIDGET False False False
[LOG 20:57:47.956] [UIApp] OnDestroy: CurrencyWidgetsApp
[LOG 20:57:47.978] [GenericAppFrame] Reposition 0.124007 17994
[LOG 20:57:47.980] [ActionGroupsApp] OnAppStarted(): id: -585472
[LOG 20:57:47.980] [GenericAppFrame] Reposition 0.124007 17994
[LOG 20:57:47.981] [UIApp] Adding DeltaVApp to Application Launcher
[LOG 20:57:47.982] [MissionsApp] OnAppStarted(): id: -585460
[LOG 20:57:47.982] MissionsApp does not execute in this game mode, destroying this instance
[LOG 20:57:47.982] [UIApp] OnDestroy: Missions App
[LOG 20:57:47.991] [GenericAppFrame] Reposition 0.1480773 17995
[LOG 20:57:48.000] [UIApp] Adding Cargo to Application Launcher
[LOG 20:57:48.001] [UIApp] Adding Construction to Application Launcher
[LOG 20:57:48.002] [UIApp] Adding KSPedia to Application Launcher
[LOG 20:57:48.011] [UIApp] Adding ManeuverTool to Application Launcher
[LOG 20:57:48.012] [ApplicationLauncher] SetHidden: 
[LOG 20:57:48.031] [GenericAppFrame] Reposition 0.1853234 17998
[LOG 20:57:48.038] [ManeuverTool]: Found 1 transfer types
[LOG 20:57:48.077] Flight State Captured
[LOG 20:57:48.077] Saving Achievements Tree...
[LOG 20:57:48.077] Saving Achievements Tree...
[LOG 20:57:48.077] [MessageSystem] Save Messages
[LOG 20:57:48.093] Game State Saved as persistent
[LOG 20:57:48.990] Unpacking Diag3-Rover
[LOG 20:57:49.006] [UIMasterController]: ShowUI
[LOG 20:57:53.423] [FLIGHT GLOBALS]: Switching To Vessel Vaisseau sans nom ---------------------- 
[LOG 20:57:53.423] Packing Diag3-Rover for orbit
[LOG 20:57:53.424] [PlanetariumCamera]: Focus: Vaisseau sans nom
[LOG 20:57:53.429] Camera Mode: AUTO
[LOG 20:57:53.542] Unpacking Vaisseau sans nom
[LOG 20:58:08.043] Game Paused!
[LOG 20:58:08.043] [UIMasterController]: ShowUI
[LOG 20:58:08.726] [SceneLoadSpeedBoost] Save loaded from disk in 25ms
[LOG 20:58:11.119] [KSPUpgradePipeline]: claude (1.12.5) is up to date.
[LOG 20:58:11.127] [ScenarioTypes]: List Created 23 scenario types loaded from 8 loaded assemblies.
[LOG 20:58:11.127] [MessageSystem] Load Messages
[LOG 20:58:11.128] [UIMasterController]: HideUI
[LOG 20:58:11.171] [HighLogic]: =========================== Scene Change : From FLIGHT to FLIGHT =====================
[LOG 20:58:11.171] Game Unpaused!
[LOG 20:58:11.286] KbApp.OnDestroy Vessel Info
[LOG 20:58:11.286] KbApp.OnDestroy NullName
[LOG 20:58:11.286] KbApp.OnDestroy Planet Parameters
[LOG 20:58:11.286] KbApp.OnDestroy Planet Resources
[LOG 20:58:11.286] KbApp.OnDestroy Planet Info
[LOG 20:58:11.286] [UIApp] OnDestroy: ManeuverTool
[LOG 20:58:11.287] [UIApp] OnDestroy: Construction
[LOG 20:58:11.287] KbApp.OnDestroy Unowned Info
[LOG 20:58:11.287] [UIApp] OnDestroy: DeltaVApp
[LOG 20:58:11.287] [PlanetariumCamera]: Focus: Kerbin
[LOG 20:58:11.287] [UIApp] OnDestroy: ActionGroupsApp
[LOG 20:58:11.288] KbApp.OnDestroy Vessel Crew
[LOG 20:58:11.288] [UIApp] OnDestroy: AlarmClock
[LOG 20:58:11.288] [UIApp] OnDestroy: Cargo
[LOG 20:58:11.288] [UIApp] OnDestroy: ResourceDisplay
[LOG 20:58:11.289] [UIApp] OnDestroy: KSPedia
[LOG 20:58:11.290] [KSPCF:MemoryLeaks] Removed a onVesselChange callback owned by a destroyed Assembly-CSharp:ModuleDeployableSolarPanel instance
[LOG 20:58:11.290] [KSPCF:MemoryLeaks] Removed a onVesselChange callback owned by a destroyed Assembly-CSharp:ModuleDeployableSolarPanel instance
[LOG 20:58:11.290] [KSPCF:MemoryLeaks] Removed a onVesselChange callback owned by a destroyed Assembly-CSharp:ModuleDeployableSolarPanel instance
[LOG 20:58:11.290] [KSPCF:MemoryLeaks] Removed a onVesselChange callback owned by a destroyed Assembly-CSharp:ModuleDeployableSolarPanel instance
[LOG 20:58:11.290] [KSPCF:MemoryLeaks] Removed a onVesselChange callback owned by a destroyed Assembly-CSharp:ModuleDeployableSolarPanel instance
[LOG 20:58:11.290] [KSPCF:MemoryLeaks] Removed a onVesselChange callback owned by a destroyed Assembly-CSharp:ModuleDeployableSolarPanel instance
[LOG 20:58:11.290] [KSPCF:MemoryLeaks] Removed a OnMapExited callback owned by a destroyed Assembly-CSharp:NavBallToggle instance
[LOG 20:58:11.290] [KSPCF:MemoryLeaks] Removed a OnGameSettingsApplied callback owned by a destroyed Assembly-CSharp:VesselAutopilotUI instance
[LOG 20:58:11.290] [KSPCF:MemoryLeaks] Removed a onPartActionUICreate callback owned by a destroyed Assembly-CSharp:ModuleInventoryPart instance
[LOG 20:58:11.291] [KSPCF:MemoryLeaks] Removed a onModuleInventoryChanged callback owned by a destroyed Assembly-CSharp:ModuleInventoryPart instance
[LOG 20:58:11.291] [KSPCF:MemoryLeaks] Removed a OnDestructibleLoaded callback owned by a destroyed Assembly-CSharp:RunwayCollisionHandler instance
[LOG 20:58:11.291] [KSPCF:MemoryLeaks] Removed a OnClick callback owned by a destroyed Assembly-CSharp:EVAConstructionModeEditor instance
[LOG 20:58:11.291] [KSPCF:MemoryLeaks] Removed a TimingManager.Instance.timing5.onLateUpdate callback owned by a destroyed Assembly-CSharp:MapView instance
[LOG 20:58:11.291] [KSPCF:MemoryLeaks] Leaving scene "Flight", cleaned 75 memory leaks in 0.002s. GameEvents callbacks : 528. Allocated memory : 696.309 MiB (managed heap), 2.203 GiB (unmanaged)
[LOG 20:58:11.296] UICanvasPrefabSpawner FlightUI spawning Flight
[LOG 20:58:11.309] UICanvasPrefabSpawner FlightUI spawning VesselLabels
[LOG 20:58:11.309] [UiApp] Awake: ResourceDisplay
[LOG 20:58:11.365] [AddonLoader]: Instantiating addon 'AeroGUI' from assembly 'KSP'
[LOG 20:58:11.374] [AddonLoader]: Instantiating addon 'TerrainPrecisionFixDiag2Mod' from assembly 'TerrainPrecisionFixDiag2Mod'
[LOG 20:58:11.374] [PlanetariumCamera]: Focus: Kerbin
[LOG 20:58:11.374] [UIMasterController]: HideUI
[LOG 20:58:11.589] [UIMasterController]: HideUI
[LOG 20:58:11.589] ------------------- initializing flight mode... ------------------
[LOG 20:58:11.590] GetSubclassesOfParentClass: Using cached results for AlarmTypeBase
[LOG 20:58:11.590] Loading Depletion Nodes
[LOG 20:58:11.590] DepNodeCount:  0
[LOG 20:58:11.590] Loading Biome Nodes
[LOG 20:58:11.590] BiomeNodeCount:  0
[LOG 20:58:11.590] Loading Planet Nodes
[LOG 20:58:11.590] PlanetNodeCount:  0
[LOG 20:58:11.591] [ScenarioDestructibles]: Loading... 0 objects registered
[LOG 20:58:11.627] Target vessel index: 7  vessel count: 11
[LOG 20:58:11.627] [FLIGHT GLOBALS]: Switching To Vessel Diag3-Rover ---------------------- 
[LOG 20:58:11.627] setting new dominant body: Kerbin
FlightGlobals.mainBody: Kerbin
[LOG 20:58:11.627] Reference Frame: Rotating
[LOG 20:58:11.649] [Diag3-Rover]: landed - waiting for ground contact to resume physics...
[LOG 20:58:11.650] Camera Mode: AUTO
[LOG 20:58:13.345] all systems started
[LOG 20:58:13.434] [Vaisseau sans nom]: landed - waiting for ground contact to resume physics...
[LOG 20:58:13.456] [UiApp] Awake: CurrencyWidgetsApp
[LOG 20:58:13.456] [UiApp] Awake: ResourceDisplay
[LOG 20:58:13.456] [UiApp] Awake: KSPedia
[LOG 20:58:13.456] [UiApp] Awake: Missions App
[LOG 20:58:13.456] [UiApp] Awake: DeltaVApp
[LOG 20:58:13.456] [UiApp] Awake: ActionGroupsApp
[LOG 20:58:13.456] [UiApp] Awake: Construction
[LOG 20:58:13.456] [UiApp] Awake: Cargo
[LOG 20:58:13.456] [UiApp] Awake: AlarmClock
[LOG 20:58:13.456] [UiApp] Awake: ManeuverTool
[LOG 20:58:13.456] [ApplicationLauncher] OnSceneLoadedGUIReady: scene FLIGHT ShouldBeVisible() True ShouldBeOnTop() True iIsPositionedAtTop True
[LOG 20:58:13.458] [KnowledgeBase] OnAppLauncherReady 19772
[LOG 20:58:13.464] [UIApp] OnDestroy: Contracts
[LOG 20:58:13.490] [FlightIntegrator]: Reloaded drag cube for zeroed cube root part trussPiece3x (Diag3-Rover) on vessel Diag3-Rover
[LOG 20:58:13.492] [MessageSystem] Reposition 0.02 19773
[LOG 20:58:13.493] [GenericAppFrame] Reposition 0.02 19773
[LOG 20:58:13.493] [GenericAppFrame] Reposition 0.02 19773
[LOG 20:58:13.548] [FlightIntegrator]: Reloaded drag cube for zeroed cube root part fuelTankSmallFlat (Vaisseau sans nom) on vessel Vaisseau sans nom
[LOG 20:58:13.551] [PlanetariumCamera]: Focus: Diag3-Rover
[LOG 20:58:13.566] [UIApp] Adding ResourceDisplay to Application Launcher
[LOG 20:58:13.566] [UIApp] Adding ResourceDisplay to Application Launcher
[LOG 20:58:13.576] [ResourceDisplay] OnAppStarted(): id: -629960
[LOG 20:58:13.576] [GenericAppFrame] Reposition 0.1009058 19777
[LOG 20:58:13.577] [ResourceDisplay] OnAppStarted(): id: 264956
[LOG 20:58:13.577] ResourceDisplay already exist, destroying this instance
[LOG 20:58:13.577] [UIApp] OnDestroy: ResourceDisplay
[LOG 20:58:13.588] [UIApp] Adding AlarmClock to Application Launcher
[LOG 20:58:13.589] [UIApp] Adding ActionGroupsApp to Application Launcher
[LOG 20:58:13.590] [UIApp] Adding Missions App to Application Launcher
[LOG 20:58:13.590] CURRENCY WIDGET False False False
[LOG 20:58:13.592] [UIApp] OnDestroy: CurrencyWidgetsApp
[LOG 20:58:13.610] [GenericAppFrame] Reposition 0.125095 19779
[LOG 20:58:13.611] [ActionGroupsApp] OnAppStarted(): id: -629984
[LOG 20:58:13.612] [GenericAppFrame] Reposition 0.125095 19779
[LOG 20:58:13.612] [UIApp] Adding DeltaVApp to Application Launcher
[LOG 20:58:13.612] [MissionsApp] OnAppStarted(): id: -629972
[LOG 20:58:13.614] MissionsApp does not execute in this game mode, destroying this instance
[LOG 20:58:13.614] [UIApp] OnDestroy: Missions App
[LOG 20:58:13.624] [GenericAppFrame] Reposition 0.1484263 19780
[LOG 20:58:13.633] [UIApp] Adding Cargo to Application Launcher
[LOG 20:58:13.634] [UIApp] Adding Construction to Application Launcher
[LOG 20:58:13.635] [UIApp] Adding KSPedia to Application Launcher
[LOG 20:58:13.646] [UIApp] Adding ManeuverTool to Application Launcher
[LOG 20:58:13.648] [ApplicationLauncher] SetHidden: 
[LOG 20:58:13.674] [GenericAppFrame] Reposition 0.19604 19783
[LOG 20:58:13.682] [ManeuverTool]: Found 1 transfer types
[LOG 20:58:13.721] Flight State Captured
[LOG 20:58:13.721] Saving Achievements Tree...
[LOG 20:58:13.722] Saving Achievements Tree...
[LOG 20:58:13.722] [MessageSystem] Save Messages
[LOG 20:58:13.746] Game State Saved as persistent
[LOG 20:58:14.648] Unpacking Diag3-Rover
[LOG 20:58:14.657] [UIMasterController]: ShowUI
[LOG 20:58:18.126] [FLIGHT GLOBALS]: Switching To Vessel Vaisseau sans nom ---------------------- 
[LOG 20:58:18.126] Packing Diag3-Rover for orbit
[LOG 20:58:18.127] [PlanetariumCamera]: Focus: Vaisseau sans nom
[LOG 20:58:18.133] Camera Mode: AUTO
[LOG 20:58:18.247] Unpacking Vaisseau sans nom
[LOG 20:58:46.002] Game Paused!
[LOG 20:58:46.002] [UIMasterController]: ShowUI
[LOG 20:58:46.920] Flight State Captured
[LOG 20:58:46.920] Saving Achievements Tree...
[LOG 20:58:46.920] Saving Achievements Tree...
[LOG 20:58:46.921] [MessageSystem] Save Messages
[LOG 20:58:46.941] Game State Saved to saves/claude/persistent
[LOG 20:58:46.952] [UIMasterController]: HideUI
[LOG 20:58:46.962] [HighLogic]: =========================== Scene Change : From FLIGHT to MAINMENU =====================
[LOG 20:58:47.314] KbApp.OnDestroy Planet Parameters
[LOG 20:58:47.314] KbApp.OnDestroy NullName
[LOG 20:58:47.314] KbApp.OnDestroy Vessel Info
[LOG 20:58:47.315] KbApp.OnDestroy Vessel Crew
[LOG 20:58:47.315] KbApp.OnDestroy Unowned Info
[LOG 20:58:47.315] KbApp.OnDestroy Planet Resources
[LOG 20:58:47.315] [UIApp] OnDestroy: KSPedia
[LOG 20:58:47.315] [UIApp] OnDestroy: AlarmClock
[LOG 20:58:47.316] [UIApp] OnDestroy: Cargo
[LOG 20:58:47.316] KbApp.OnDestroy Planet Info
[LOG 20:58:47.316] [UIApp] OnDestroy: DeltaVApp
[LOG 20:58:47.317] [UIApp] OnDestroy: Construction
[LOG 20:58:47.317] [UIApp] OnDestroy: ManeuverTool
[LOG 20:58:47.317] [UIApp] OnDestroy: ResourceDisplay
[LOG 20:58:47.317] [UIApp] OnDestroy: ActionGroupsApp
[LOG 20:58:47.318] [KSPCF:MemoryLeaks] Removed a onVesselChange callback owned by a destroyed Assembly-CSharp:ModuleDeployableSolarPanel instance
[LOG 20:58:47.318] [KSPCF:MemoryLeaks] Removed a onVesselChange callback owned by a destroyed Assembly-CSharp:ModuleDeployableSolarPanel instance
[LOG 20:58:47.318] [KSPCF:MemoryLeaks] Removed a onVesselChange callback owned by a destroyed Assembly-CSharp:ModuleDeployableSolarPanel instance
[LOG 20:58:47.318] [KSPCF:MemoryLeaks] Removed a onVesselChange callback owned by a destroyed Assembly-CSharp:ModuleDeployableSolarPanel instance
[LOG 20:58:47.318] [KSPCF:MemoryLeaks] Removed a onVesselChange callback owned by a destroyed Assembly-CSharp:ModuleDeployableSolarPanel instance
[LOG 20:58:47.319] [KSPCF:MemoryLeaks] Removed a onVesselChange callback owned by a destroyed Assembly-CSharp:ModuleDeployableSolarPanel instance
[LOG 20:58:47.319] [KSPCF:MemoryLeaks] Removed a OnMapExited callback owned by a destroyed Assembly-CSharp:NavBallToggle instance
[LOG 20:58:47.319] [KSPCF:MemoryLeaks] Removed a OnGameSettingsApplied callback owned by a destroyed Assembly-CSharp:VesselAutopilotUI instance
[LOG 20:58:47.319] [KSPCF:MemoryLeaks] Removed a onPartActionUICreate callback owned by a destroyed Assembly-CSharp:ModuleInventoryPart instance
[LOG 20:58:47.319] [KSPCF:MemoryLeaks] Removed a onModuleInventoryChanged callback owned by a destroyed Assembly-CSharp:ModuleInventoryPart instance
[LOG 20:58:47.319] [KSPCF:MemoryLeaks] Removed a OnDestructibleLoaded callback owned by a destroyed Assembly-CSharp:RunwayCollisionHandler instance
[LOG 20:58:47.320] [KSPCF:MemoryLeaks] Removed a OnClick callback owned by a destroyed Assembly-CSharp:EVAConstructionModeEditor instance
[LOG 20:58:47.320] [KSPCF:MemoryLeaks] Removed a TimingManager.Instance.timing5.onLateUpdate callback owned by a destroyed Assembly-CSharp:MapView instance
[LOG 20:58:47.320] [KSPCF:MemoryLeaks] Leaving scene "Flight", cleaned 75 memory leaks in 0.002s. GameEvents callbacks : 362. Allocated memory : 726.199 MiB (managed heap), 2.286 GiB (unmanaged)
[LOG 20:58:47.400] [UIMasterController]: ShowUI
[LOG 20:58:47.640] [ScenarioTypes]: List Created 23 scenario types loaded from 8 loaded assemblies.
[WRN 20:58:47.645] File 'C:/Users/lhervier/Perso/ksp-dev/KSP_x64_Data/../Missions/MissionScoreInfo.cfg' does not exist
[LOG 20:58:47.645] [ApplicationLauncher] OnSceneLoadedGUIReady: scene MAINMENU ShouldBeVisible() True ShouldBeOnTop() True iIsPositionedAtTop True
[LOG 20:58:47.645] [ApplicationLauncher] SetHidden: 
[LOG 20:58:47.720] [MessageSystem] Reposition 0.02 22240
[LOG 20:58:47.720] [GenericAppFrame] Reposition 0.02 22240
[LOG 20:58:47.720] [GenericAppFrame] Reposition 0.02 22240
